genome	Clade1	type	Subclade	Family	Genus	Species	original_Subclade	original_Subgroup	original_Family	original_Genus	original_Species	Subclade_assignment_source	Family_assignment_source	Genus_assignment_source	Species_assignment_source	Subclade_assignment_confidence	Family_assignment_confidence	Genus_assignment_confidence	Species_assignment_confidence	Family_bac120_crown_node	Family_SAR11_165_crown_node	Subclade_bac120_crown_node	Subclade_SAR11_165_crown_node	Genus_bac120_crown_node	Genus_SAR11_165_crown_node	Family_bac120_crown_support	Family_SAR11_165_crown_support	Subclade_bac120_crown_support	Subclade_SAR11_165_crown_support	Genus_bac120_crown_support	Genus_SAR11_165_crown_support	Family_dual_tree_support	Subclade_dual_tree_support	Genus_dual_tree_support	species_reference_genome	ANI_to_species_reference	AAI_to_species_reference
HTCC1002	I	isolate	Ia.1.I	Pelagibacteraceae	Pelagibacter	ubiqueversans	Ia.1	Ia1.I	Pelagibacteraceae	Pelagibacter	NA	Freel et al. 2025 used genome	Freel et al. 2025 used genome	Freel et al. 2025 used genome	Freel et al. 2025 used genome	direct_literature	direct_literature	direct_literature	direct_literature	NA	NA	NA	NA	NA	NA	NA	NA	NA	NA	NA	NA	NA	NA	NA	NA	NA	NA
HIMB122	I	isolate	Ia.3.VI	Pelagibacteraceae	Undatipelagibacter	huakaii	Ia.3	Ia3.VI	Pelagibacteraceae	Proprepelagibacter	NA	Freel et al. 2025 used genome	Freel et al. 2025 used genome	Freel et al. 2025 used genome	Freel et al. 2025 used genome	direct_literature	direct_literature	direct_literature	direct_literature	NA	NA	NA	NA	NA	NA	NA	NA	NA	NA	NA	NA	NA	NA	NA	NA	NA	NA
ETNP2013_S02_SV82_300m_MAG_01	II	MAG	IIa.A	Cosmipelagibacteraceae	Anoxypelagibacter	denitrificans	IIa.A	IIa.A.1	Cosmipelagibacteraceae	Anoxipelagibacter	denitrificans	Freel et al. 2025 IIa.A/IIa.B classification	Freel et al. 2025 Type Strains	Freel et al. 2025 Type Strains	Freel et al. 2025 Type Strains	direct_literature	direct_literature	direct_literature	direct_literature	NA	NA	NA	NA	NA	NA	NA	NA	NA	NA	NA	NA	NA	NA	NA	NA	NA	NA
HTCC1016	I	isolate	Ia.1.I	Pelagibacteraceae	Pelagibacter	ubiqueversans	Ia.1	Ia.1.I	Pelagibacteraceae	Pelagibacter	NA	Freel et al. 2025 used genome	Freel et al. 2025 used genome	Freel et al. 2025 used genome	Freel et al. 2025 used genome	direct_literature	direct_literature	direct_literature	direct_literature	NA	NA	NA	NA	NA	NA	NA	NA	NA	NA	NA	NA	NA	NA	NA	NA	NA	NA
HTCC1013	I	isolate	Ia.1.I	Pelagibacteraceae	Pelagibacter	ubiqueversans	Ia.1	Ia.1.I	Pelagibacteraceae	Pelagibacter	NA	Freel et al. 2025 used genome	Freel et al. 2025 used genome	Freel et al. 2025 used genome	Freel et al. 2025 used genome	direct_literature	direct_literature	direct_literature	direct_literature	NA	NA	NA	NA	NA	NA	NA	NA	NA	NA	NA	NA	NA	NA	NA	NA	NA	NA
HTCC1062	I	isolate	Ia.1.I	Pelagibacteraceae	Pelagibacter	ubiqueversans	Ia.1	Ia.1.I	Pelagibacteraceae	Pelagibacter	ubiqueversans	Freel et al. 2025 Type Strains	Freel et al. 2025 Type Strains	Freel et al. 2025 Type Strains	Freel et al. 2025 Type Strains	direct_literature	direct_literature	direct_literature	direct_literature	NA	NA	NA	NA	NA	NA	NA	NA	NA	NA	NA	NA	NA	NA	NA	NA	NA	NA
HTCC1040	I	isolate	Ia.1.I	Pelagibacteraceae	Pelagibacter	ubiqueversans	Ia.1	Ia.1.I	Pelagibacteraceae	Pelagibacter	NA	Freel et al. 2025 used genome	Freel et al. 2025 used genome	Freel et al. 2025 used genome	Freel et al. 2025 used genome	direct_literature	direct_literature	direct_literature	direct_literature	NA	NA	NA	NA	NA	NA	NA	NA	NA	NA	NA	NA	NA	NA	NA	NA	NA	NA
NP1	I	isolate	Ia.1.I	Pelagibacteraceae	Pelagibacter	giovannonii	Ia.1	Ia.1.I	Pelagibacteraceae	Pelagibacter	giovannonii	Freel et al. 2025 Type Strains	Freel et al. 2025 Type Strains	Freel et al. 2025 Type Strains	Freel et al. 2025 Type Strains	direct_literature	direct_literature	direct_literature	direct_literature	NA	NA	NA	NA	NA	NA	NA	NA	NA	NA	NA	NA	NA	NA	NA	NA	NA	NA
Uisw_137	I	isolate	Ia.1.I	Pelagibacteraceae	Pelagibacter	NA	Ia.1	Ia.1.I	Pelagibacteraceae	Pelagibacter	NA	Dual-tree crown interpolation (high confidence)	Dual-tree crown interpolation (high confidence)	Dual-tree crown interpolation (high confidence)	NA	topology_high	topology_high	topology_high	NA	821	822	821	822	821	822	1	0.97	1	0.97	1	0.97	0.97	0.97	0.97	NA	NA	NA
RIS-SAG-41	I	SAG	Ia.1.I	Pelagibacteraceae	Pelagibacter	NA	Ia.1	Ia.1.I	Pelagibacteraceae	Pelagibacter	NA	Dual-tree crown interpolation (high confidence)	Dual-tree crown interpolation (high confidence)	Dual-tree crown interpolation (high confidence)	NA	topology_high	topology_high	topology_high	NA	821	822	821	822	821	822	1	0.97	1	0.97	1	0.97	0.97	0.97	0.97	NA	NA	NA
Uisw_101	I	isolate	Ia.1.I	Pelagibacteraceae	Pelagibacter	NA	Ia.1	Ia.1.I	Pelagibacteraceae	Pelagibacter	NA	Dual-tree crown interpolation (high confidence)	Dual-tree crown interpolation (high confidence)	Dual-tree crown interpolation (high confidence)	NA	topology_high	topology_high	topology_high	NA	821	822	821	822	821	822	1	0.97	1	0.97	1	0.97	0.97	0.97	0.97	NA	NA	NA
Uisw_104	I	isolate	Ia.1.I	Pelagibacteraceae	Pelagibacter	NA	Ia.1	Ia.1.I	Pelagibacteraceae	Pelagibacter	NA	Dual-tree crown interpolation (high confidence)	Dual-tree crown interpolation (high confidence)	Dual-tree crown interpolation (high confidence)	NA	topology_high	topology_high	topology_high	NA	821	822	821	822	821	822	1	0.97	1	0.97	1	0.97	0.97	0.97	0.97	NA	NA	NA
Uisw_106	I	isolate	Ia.1.I	Pelagibacteraceae	Pelagibacter	NA	Ia.1	Ia.1.I	Pelagibacteraceae	Pelagibacter	NA	Dual-tree crown interpolation (high confidence)	Dual-tree crown interpolation (high confidence)	Dual-tree crown interpolation (high confidence)	NA	topology_high	topology_high	topology_high	NA	821	822	821	822	821	822	1	0.97	1	0.97	1	0.97	0.97	0.97	0.97	NA	NA	NA
Uisw_094	I	isolate	Ia.1.I	Pelagibacteraceae	Pelagibacter	NA	Ia.1	Ia.1.I	Pelagibacteraceae	Pelagibacter	NA	Dual-tree crown interpolation (high confidence)	Dual-tree crown interpolation (high confidence)	Dual-tree crown interpolation (high confidence)	NA	topology_high	topology_high	topology_high	NA	821	822	821	822	821	822	1	0.97	1	0.97	1	0.97	0.97	0.97	0.97	NA	NA	NA
Uisw_136	I	isolate	Ia.1.I	Pelagibacteraceae	Pelagibacter	NA	Ia.1	Ia.1.I	Pelagibacteraceae	Pelagibacter	NA	Dual-tree crown interpolation (high confidence)	Dual-tree crown interpolation (high confidence)	Dual-tree crown interpolation (high confidence)	NA	topology_high	topology_high	topology_high	NA	821	822	821	822	821	822	1	0.97	1	0.97	1	0.97	0.97	0.97	0.97	NA	NA	NA
Uisw_113	I	isolate	Ia.1.I	Pelagibacteraceae	Pelagibacter	NA	Ia.1	Ia.1.I	Pelagibacteraceae	Pelagibacter	NA	Dual-tree crown interpolation (high confidence)	Dual-tree crown interpolation (high confidence)	Dual-tree crown interpolation (high confidence)	NA	topology_high	topology_high	topology_high	NA	821	822	821	822	821	822	1	0.97	1	0.97	1	0.97	0.97	0.97	0.97	NA	NA	NA
Uisw_116	I	isolate	Ia.1.I	Pelagibacteraceae	Pelagibacter	NA	Ia.1	Ia.1.I	Pelagibacteraceae	Pelagibacter	NA	Dual-tree crown interpolation (high confidence)	Dual-tree crown interpolation (high confidence)	Dual-tree crown interpolation (high confidence)	NA	topology_high	topology_high	topology_high	NA	821	822	821	822	821	822	1	0.97	1	0.97	1	0.97	0.97	0.97	0.97	NA	NA	NA
Uisw_121	I	isolate	Ia.1.I	Pelagibacteraceae	Pelagibacter	NA	Ia.1	Ia.1.I	Pelagibacteraceae	Pelagibacter	NA	Dual-tree crown interpolation (high confidence)	Dual-tree crown interpolation (high confidence)	Dual-tree crown interpolation (high confidence)	NA	topology_high	topology_high	topology_high	NA	821	822	821	822	821	822	1	0.97	1	0.97	1	0.97	0.97	0.97	0.97	NA	NA	NA
Uisw_114	I	isolate	Ia.1.I	Pelagibacteraceae	Pelagibacter	NA	Ia.1	Ia.1.I	Pelagibacteraceae	Pelagibacter	NA	Dual-tree crown interpolation (high confidence)	Dual-tree crown interpolation (high confidence)	Dual-tree crown interpolation (high confidence)	NA	topology_high	topology_high	topology_high	NA	821	822	821	822	821	822	1	0.97	1	0.97	1	0.97	0.97	0.97	0.97	NA	NA	NA
Uisw_130	I	isolate	Ia.1.I	Pelagibacteraceae	Pelagibacter	NA	Ia.1	Ia.1.I	Pelagibacteraceae	Pelagibacter	NA	Dual-tree crown interpolation (high confidence)	Dual-tree crown interpolation (high confidence)	Dual-tree crown interpolation (high confidence)	NA	topology_high	topology_high	topology_high	NA	821	822	821	822	821	822	1	0.97	1	0.97	1	0.97	0.97	0.97	0.97	NA	NA	NA
Uisw_092	I	isolate	Ia.1.I	Pelagibacteraceae	Pelagibacter	NA	Ia.1	Ia.1.I	Pelagibacteraceae	Pelagibacter	NA	Dual-tree crown interpolation (high confidence)	Dual-tree crown interpolation (high confidence)	Dual-tree crown interpolation (high confidence)	NA	topology_high	topology_high	topology_high	NA	821	822	821	822	821	822	1	0.97	1	0.97	1	0.97	0.97	0.97	0.97	NA	NA	NA
Uisw_090	I	isolate	Ia.1.I	Pelagibacteraceae	Pelagibacter	NA	Ia.1	Ia.1.I	Pelagibacteraceae	Pelagibacter	NA	Dual-tree crown interpolation (high confidence)	Dual-tree crown interpolation (high confidence)	Dual-tree crown interpolation (high confidence)	NA	topology_high	topology_high	topology_high	NA	821	822	821	822	821	822	1	0.97	1	0.97	1	0.97	0.97	0.97	0.97	NA	NA	NA
Uisw_127	I	isolate	Ia.1.I	Pelagibacteraceae	Pelagibacter	NA	Ia.1	Ia.1.I	Pelagibacteraceae	Pelagibacter	NA	Dual-tree crown interpolation (high confidence)	Dual-tree crown interpolation (high confidence)	Dual-tree crown interpolation (high confidence)	NA	topology_high	topology_high	topology_high	NA	821	822	821	822	821	822	1	0.97	1	0.97	1	0.97	0.97	0.97	0.97	NA	NA	NA
Uisw_099_02	I	isolate	Ia.1.I	Pelagibacteraceae	Pelagibacter	NA	Ia.1	Ia.1.I	Pelagibacteraceae	Pelagibacter	NA	Dual-tree crown interpolation (high confidence)	Dual-tree crown interpolation (high confidence)	Dual-tree crown interpolation (high confidence)	NA	topology_high	topology_high	topology_high	NA	821	822	821	822	821	822	1	0.97	1	0.97	1	0.97	0.97	0.97	0.97	NA	NA	NA
HTCC9565	I	isolate	Ia.1.I	Pelagibacteraceae	Pelagibacter	yakuwasiensis	Ia.1	Ia.1.I	Pelagibacteraceae	Pelagibacter	yakuwasiensis	Freel et al. 2025 Type Strains	Freel et al. 2025 Type Strains	Freel et al. 2025 Type Strains	Freel et al. 2025 Type Strains	direct_literature	direct_literature	direct_literature	direct_literature	NA	NA	NA	NA	NA	NA	NA	NA	NA	NA	NA	NA	NA	NA	NA	NA	NA	NA
Uisw_134_02	I	isolate	NA	Pelagibacteraceae	NA	NA	Ia.1	Ia.1.I	Pelagibacteraceae	Pelagibacter	NA	NA	Dual-tree crown interpolation (high confidence)	NA	NA	NA	topology_high	NA	NA	821	551	NA	NA	NA	NA	1	1	NA	NA	NA	NA	1	NA	NA	NA	NA	NA
AG-447-M05	I	SAG	Ia.3.I	Pelagibacteraceae	Atlantikopelagibacter	NA	Ia.3.I	Ia.3.I	Pelagibacteraceae	Atlantikopelagibacter	NA	Freel et al. 2025 used genome	Freel et al. 2025 used genome	Freel et al. 2025 used genome	NA	direct_literature	direct_literature	direct_literature	NA	NA	NA	NA	NA	NA	NA	NA	NA	NA	NA	NA	NA	NA	NA	NA	NA	NA	NA
HTCC7211	I	isolate	Ia.3.I	Pelagibacteraceae	Atlantikopelagibacter	sargassoseensis	Ia.3.I	Ia.3.I	Pelagibacteraceae	Atlantikopelagibacter	sargassoseensis	Freel et al. 2025 Type Strains	Freel et al. 2025 Type Strains	Freel et al. 2025 Type Strains	Freel et al. 2025 Type Strains	direct_literature	direct_literature	direct_literature	direct_literature	NA	NA	NA	NA	NA	NA	NA	NA	NA	NA	NA	NA	NA	NA	NA	NA	NA	NA
HTCC7214	I	isolate	Ia.3.I	Pelagibacteraceae	Atlantikopelagibacter	NA	Ia.3.I	Ia.3.I	Pelagibacteraceae	Atlantikopelagibacter	NA	Freel et al. 2025 used genome	Freel et al. 2025 used genome	Freel et al. 2025 used genome	NA	direct_literature	direct_literature	direct_literature	NA	NA	NA	NA	NA	NA	NA	NA	NA	NA	NA	NA	NA	NA	NA	NA	NA	NA	NA
HTCC7217	I	isolate	Ia.3.I	Pelagibacteraceae	Atlantikopelagibacter	sargassoseensis	Ia.3.I	Ia.3.I	Pelagibacteraceae	Atlantikopelagibacter	NA	Freel et al. 2025 used genome	Freel et al. 2025 used genome	Freel et al. 2025 used genome	Freel et al. 2025 used genome	direct_literature	direct_literature	direct_literature	direct_literature	NA	NA	NA	NA	NA	NA	NA	NA	NA	NA	NA	NA	NA	NA	NA	NA	NA	NA
HIMB1412	I	isolate	Ia.3.II	Pelagibacteraceae	Coralipelagibacter	kukahii	Ia.3.II	Ia.3.II	Pelagibacteraceae	Coralipelagibacter	kukahii	Freel et al. 2025 Type Strains	Freel et al. 2025 Type Strains	Freel et al. 2025 Type Strains	Freel et al. 2025 Type Strains	direct_literature	direct_literature	direct_literature	direct_literature	NA	NA	NA	NA	NA	NA	NA	NA	NA	NA	NA	NA	NA	NA	NA	NA	NA	NA
HIMB1420	I	isolate	Ia.3.II	Pelagibacteraceae	Coralipelagibacter	NA	Ia.3.II	Ia.3.II	Pelagibacteraceae	Coralipelagibacter	NA	Freel et al. 2025 used genome	Freel et al. 2025 used genome	Freel et al. 2025 used genome	NA	direct_literature	direct_literature	direct_literature	NA	NA	NA	NA	NA	NA	NA	NA	NA	NA	NA	NA	NA	NA	NA	NA	NA	NA	NA
HIMB1427	I	isolate	Ia.3.II	Pelagibacteraceae	Coralipelagibacter	NA	Ia.3.II	Ia.3.II	Pelagibacteraceae	Coralipelagibacter	NA	Freel et al. 2025 used genome	Freel et al. 2025 used genome	Freel et al. 2025 used genome	NA	direct_literature	direct_literature	direct_literature	NA	NA	NA	NA	NA	NA	NA	NA	NA	NA	NA	NA	NA	NA	NA	NA	NA	NA	NA
HIMB1463	I	isolate	Ia.3.II	Pelagibacteraceae	Coralipelagibacter	NA	Ia.3.II	Ia.3.II	Pelagibacteraceae	Coralipelagibacter	NA	Freel et al. 2025 used genome	Freel et al. 2025 used genome	Freel et al. 2025 used genome	NA	direct_literature	direct_literature	direct_literature	NA	NA	NA	NA	NA	NA	NA	NA	NA	NA	NA	NA	NA	NA	NA	NA	NA	NA	NA
HIMB1564	I	isolate	Ia.3.II	Pelagibacteraceae	Coralipelagibacter	NA	Ia.3.II	Ia.3.II	Pelagibacteraceae	Coralipelagibacter	NA	Freel et al. 2025 used genome	Freel et al. 2025 used genome	Freel et al. 2025 used genome	NA	direct_literature	direct_literature	direct_literature	NA	NA	NA	NA	NA	NA	NA	NA	NA	NA	NA	NA	NA	NA	NA	NA	NA	NA	NA
HIMB1520	I	isolate	Ia.3.II	Pelagibacteraceae	Coralipelagibacter	NA	Ia.3.II	Ia.3.II	Pelagibacteraceae	Coralipelagibacter	NA	Freel et al. 2025 used genome	Freel et al. 2025 used genome	Freel et al. 2025 used genome	NA	direct_literature	direct_literature	direct_literature	NA	NA	NA	NA	NA	NA	NA	NA	NA	NA	NA	NA	NA	NA	NA	NA	NA	NA	NA
HIMB5	I	isolate	Ia.3.II	Pelagibacteraceae	Coralipelagibacter	heeiaensis	Ia.3.II	Ia.3.II	Pelagibacteraceae	Coralipelagibacter	heeiaensis	Freel et al. 2025 Type Strains	Freel et al. 2025 Type Strains	Freel et al. 2025 Type Strains	Freel et al. 2025 Type Strains	direct_literature	direct_literature	direct_literature	direct_literature	NA	NA	NA	NA	NA	NA	NA	NA	NA	NA	NA	NA	NA	NA	NA	NA	NA	NA
HIMB1321	I	isolate	Ia.3.III	Pelagibacteraceae	Litoralipelagibacter	koolauensis	Ia.3.III	Ia.3.III	Pelagibacteraceae	Littoralipelagibacter	NA	Freel et al. 2025 used genome	Freel et al. 2025 used genome	Freel et al. 2025 used genome	Freel et al. 2025 used genome	direct_literature	direct_literature	direct_literature	direct_literature	NA	NA	NA	NA	NA	NA	NA	NA	NA	NA	NA	NA	NA	NA	NA	NA	NA	NA
HIMB1527	I	isolate	Ia.3.III	Pelagibacteraceae	Litoralipelagibacter	koolauensis	Ia.3.III	Ia.3.III	Pelagibacteraceae	Littoralipelagibacter	NA	Freel et al. 2025 used genome	Freel et al. 2025 used genome	Freel et al. 2025 used genome	Freel et al. 2025 used genome	direct_literature	direct_literature	direct_literature	direct_literature	NA	NA	NA	NA	NA	NA	NA	NA	NA	NA	NA	NA	NA	NA	NA	NA	NA	NA
HIMB1505	I	isolate	Ia.3.III	Pelagibacteraceae	Litoralipelagibacter	koolauensis	Ia.3.III	Ia.3.III	Pelagibacteraceae	Littoralipelagibacter	NA	Freel et al. 2025 used genome	Freel et al. 2025 used genome	Freel et al. 2025 used genome	Freel et al. 2025 used genome	direct_literature	direct_literature	direct_literature	direct_literature	NA	NA	NA	NA	NA	NA	NA	NA	NA	NA	NA	NA	NA	NA	NA	NA	NA	NA
HIMB1549	I	isolate	Ia.3.III	Pelagibacteraceae	Litoralipelagibacter	koolauensis	Ia.3.III	Ia.3.III	Pelagibacteraceae	Littoralipelagibacter	NA	Freel et al. 2025 used genome	Freel et al. 2025 used genome	Freel et al. 2025 used genome	Freel et al. 2025 used genome	direct_literature	direct_literature	direct_literature	direct_literature	NA	NA	NA	NA	NA	NA	NA	NA	NA	NA	NA	NA	NA	NA	NA	NA	NA	NA
HIMB4	I	isolate	Ia.3.III	Pelagibacteraceae	Litoralipelagibacter	koolauensis	Ia.3.III	Ia.3.III	Pelagibacteraceae	Littoralipelagibacter	koolauensis	Freel et al. 2025 Type Strains	Freel et al. 2025 Type Strains	Freel et al. 2025 Type Strains	Freel et al. 2025 Type Strains	direct_literature	direct_literature	direct_literature	direct_literature	NA	NA	NA	NA	NA	NA	NA	NA	NA	NA	NA	NA	NA	NA	NA	NA	NA	NA
AG-390-G11	I	SAG	Ia.3.IV	Pelagibacteraceae	Accedentipelagibacter	NA	Ia.3.IV	Ia.3.IV	Pelagibacteraceae	Proprepelagibacter	NA	Dual-tree crown interpolation (high confidence)	Dual-tree crown interpolation (high confidence)	Dual-tree crown interpolation (high confidence)	NA	topology_high	topology_high	topology_high	NA	698	698	698	698	698	698	1	1	1	1	1	1	1	1	1	NA	NA	NA
AG-390-L03	I	SAG	Ia.3.IV	Pelagibacteraceae	Accedentipelagibacter	NA	Ia.3.IV	Ia.3.IV	Pelagibacteraceae	Proprepelagibacter	NA	Freel et al. 2025 used genome	Freel et al. 2025 used genome	Freel et al. 2025 used genome	NA	direct_literature	direct_literature	direct_literature	NA	NA	NA	NA	NA	NA	NA	NA	NA	NA	NA	NA	NA	NA	NA	NA	NA	NA	NA
SAG-MED06	I	SAG	Ia.3.IV	Pelagibacteraceae	Accedentipelagibacter	NA	Ia.3.IV	Ia.3.IV	Pelagibacteraceae	Proprepelagibacter	NA	Dual-tree crown interpolation (high confidence)	Dual-tree crown interpolation (high confidence)	Dual-tree crown interpolation (high confidence)	NA	topology_high	topology_high	topology_high	NA	698	698	698	698	698	698	1	1	1	1	1	1	1	1	1	NA	NA	NA
SAG-MED50	I	SAG	Ia.3.IV	Pelagibacteraceae	Accedentipelagibacter	NA	Ia.3.IV	Ia.3.IV	Pelagibacteraceae	Proprepelagibacter	NA	Freel et al. 2025 used genome	Freel et al. 2025 used genome	Freel et al. 2025 used genome	NA	direct_literature	direct_literature	direct_literature	NA	NA	NA	NA	NA	NA	NA	NA	NA	NA	NA	NA	NA	NA	NA	NA	NA	NA	NA
HTCC8051	I	isolate	Ia.3.IV	Pelagibacteraceae	Accedentipelagibacter	yaqonii	Ia.3.IV	Ia.3.IV	Pelagibacteraceae	Proprepelagibacter	yaqonii	Freel et al. 2025 Type Strains	Freel et al. 2025 Type Strains	Freel et al. 2025 Type Strains	Freel et al. 2025 Type Strains	direct_literature	direct_literature	direct_literature	direct_literature	NA	NA	NA	NA	NA	NA	NA	NA	NA	NA	NA	NA	NA	NA	NA	NA	NA	NA
HTCC9022	I	isolate	Ia.3.IV	Pelagibacteraceae	Accedentipelagibacter	NA	Ia.3.IV	Ia.3.IV	Pelagibacteraceae	Proprepelagibacter	NA	Freel et al. 2025 used genome	Freel et al. 2025 used genome	Freel et al. 2025 used genome	NA	direct_literature	direct_literature	direct_literature	NA	NA	NA	NA	NA	NA	NA	NA	NA	NA	NA	NA	NA	NA	NA	NA	NA	NA	NA
SAG-MED49	I	SAG	NA	Pelagibacteraceae	NA	NA	Ia.3.IV	Ia.3.IV	Pelagibacteraceae	Proprepelagibacter	NA	NA	Dual-tree crown interpolation (high confidence)	NA	NA	NA	topology_high	NA	NA	694	694	NA	NA	NA	NA	1	1	NA	NA	NA	NA	1	NA	NA	NA	NA	NA
AAA795-A20	I	SAG	Ia.3.V	Pelagibacteraceae	Xanthinipelagibacter	aumoanae	Ia.3.V	Ia.3.V	Pelagibacteraceae	Xanthipelagibacter	NA	Freel et al. 2025 used genome	Freel et al. 2025 used genome	Freel et al. 2025 used genome	Freel et al. 2025 used genome	direct_literature	direct_literature	direct_literature	direct_literature	NA	NA	NA	NA	NA	NA	NA	NA	NA	NA	NA	NA	NA	NA	NA	NA	NA	NA
AG-333-A04	I	SAG	NA	Pelagibacteraceae	NA	NA	Ia.3.V	Ia.3.V	Pelagibacteraceae	Xanthipelagibacter	NA	NA	Dual-tree crown interpolation (high confidence)	NA	NA	NA	topology_high	NA	NA	557	557	NA	NA	NA	NA	1	1	NA	NA	NA	NA	1	NA	NA	NA	NA	NA
AG-447-M10	I	SAG	Ia.3.V	Pelagibacteraceae	Xanthinipelagibacter	NA	Ia.3.V	Ia.3.V	Pelagibacteraceae	Xanthipelagibacter	NA	Dual-tree crown interpolation (provisional)	Dual-tree crown interpolation (provisional)	Dual-tree crown interpolation (provisional)	NA	topology_provisional	topology_provisional	topology_provisional	NA	607	568	607	568	607	568	0.98	0.84	0.98	0.84	0.98	0.84	0.84	0.84	0.84	NA	NA	NA
AH-324-N03	I	SAG	Ia.3.V	Pelagibacteraceae	Xanthinipelagibacter	NA	Ia.3.V	Ia.3.V	Pelagibacteraceae	Xanthipelagibacter	NA	Freel et al. 2025 used genome	Freel et al. 2025 used genome	Freel et al. 2025 used genome	NA	direct_literature	direct_literature	direct_literature	NA	NA	NA	NA	NA	NA	NA	NA	NA	NA	NA	NA	NA	NA	NA	NA	NA	NA	NA
AH-287-B07	I	SAG	Ia.3.V	Pelagibacteraceae	Xanthinipelagibacter	NA	Ia.3.V	Ia.3.V	Pelagibacteraceae	Xanthipelagibacter	NA	Freel et al. 2025 used genome	Freel et al. 2025 used genome	Freel et al. 2025 used genome	NA	direct_literature	direct_literature	direct_literature	NA	NA	NA	NA	NA	NA	NA	NA	NA	NA	NA	NA	NA	NA	NA	NA	NA	NA	NA
AH-324-F03	I	SAG	Ia.3.V	Pelagibacteraceae	Xanthinipelagibacter	NA	Ia.3.V	Ia.3.V	Pelagibacteraceae	Xanthipelagibacter	NA	Freel et al. 2025 used genome	Freel et al. 2025 used genome	Freel et al. 2025 used genome	NA	direct_literature	direct_literature	direct_literature	NA	NA	NA	NA	NA	NA	NA	NA	NA	NA	NA	NA	NA	NA	NA	NA	NA	NA	NA
AH-287-E17	I	SAG	Ia.3.V	Pelagibacteraceae	Xanthinipelagibacter	NA	Ia.3.V	Ia.3.V	Pelagibacteraceae	Xanthipelagibacter	NA	Dual-tree crown interpolation (high confidence)	Dual-tree crown interpolation (high confidence)	Dual-tree crown interpolation (high confidence)	NA	topology_high	topology_high	topology_high	NA	583	608	583	608	583	608	0.99	0.99	0.99	0.99	0.99	0.99	0.99	0.99	0.99	NA	NA	NA
AH-321-A17	I	SAG	Ia.3.V	Pelagibacteraceae	Xanthinipelagibacter	NA	Ia.3.V	Ia.3.V	Pelagibacteraceae	Xanthipelagibacter	NA	Dual-tree crown interpolation (high confidence)	Dual-tree crown interpolation (high confidence)	Dual-tree crown interpolation (high confidence)	NA	topology_high	topology_high	topology_high	NA	583	605	583	605	583	605	0.99	0.99	0.99	0.99	0.99	0.99	0.99	0.99	0.99	NA	NA	NA
AH-324-J07	I	SAG	Ia.3.V	Pelagibacteraceae	Xanthinipelagibacter	NA	Ia.3.V	Ia.3.V	Pelagibacteraceae	Xanthipelagibacter	NA	Freel et al. 2025 used genome	Freel et al. 2025 used genome	Freel et al. 2025 used genome	NA	direct_literature	direct_literature	direct_literature	NA	NA	NA	NA	NA	NA	NA	NA	NA	NA	NA	NA	NA	NA	NA	NA	NA	NA	NA
AG-349-L17	I	SAG	Ia.3.V	Pelagibacteraceae	Xanthinipelagibacter	NA	Ia.3.V	Ia.3.V	Pelagibacteraceae	Xanthipelagibacter	NA	Freel et al. 2025 used genome	Freel et al. 2025 used genome	Freel et al. 2025 used genome	NA	direct_literature	direct_literature	direct_literature	NA	NA	NA	NA	NA	NA	NA	NA	NA	NA	NA	NA	NA	NA	NA	NA	NA	NA	NA
AG-422-G03	I	SAG	Ia.3.V	Pelagibacteraceae	Xanthinipelagibacter	NA	Ia.3.V	Ia.3.V	Pelagibacteraceae	Xanthipelagibacter	NA	Freel et al. 2025 used genome	Freel et al. 2025 used genome	Freel et al. 2025 used genome	NA	direct_literature	direct_literature	direct_literature	NA	NA	NA	NA	NA	NA	NA	NA	NA	NA	NA	NA	NA	NA	NA	NA	NA	NA	NA
AG-912-L11	I	SAG	Ia.3.V	Pelagibacteraceae	Xanthinipelagibacter	NA	Ia.3.V	Ia.3.V	Pelagibacteraceae	Xanthipelagibacter	NA	Dual-tree crown interpolation (provisional)	Dual-tree crown interpolation (provisional)	Dual-tree crown interpolation (provisional)	NA	topology_provisional	topology_provisional	topology_provisional	NA	606	565	606	565	606	565	0.98	0.88	0.98	0.88	0.98	0.88	0.88	0.88	0.88	NA	NA	NA
HIMB1456	I	isolate	Ia.3.V	Pelagibacteraceae	Xanthinipelagibacter	NA	Ia.3.V	Ia.3.V	Pelagibacteraceae	Xanthipelagibacter	NA	Freel et al. 2025 used genome	Freel et al. 2025 used genome	Freel et al. 2025 used genome	NA	direct_literature	direct_literature	direct_literature	NA	NA	NA	NA	NA	NA	NA	NA	NA	NA	NA	NA	NA	NA	NA	NA	NA	NA	NA
AG-422-C20	I	SAG	Ia.3.V	Pelagibacteraceae	Xanthinipelagibacter	NA	Ia.3.V	Ia.3.V	Pelagibacteraceae	Xanthipelagibacter	NA	Freel et al. 2025 used genome	Freel et al. 2025 used genome	Freel et al. 2025 used genome	NA	direct_literature	direct_literature	direct_literature	NA	NA	NA	NA	NA	NA	NA	NA	NA	NA	NA	NA	NA	NA	NA	NA	NA	NA	NA
AG-447-P03	I	SAG	Ia.3.V	Pelagibacteraceae	Xanthinipelagibacter	NA	Ia.3.V	Ia.3.V	Pelagibacteraceae	Xanthipelagibacter	NA	Dual-tree crown interpolation (provisional)	Dual-tree crown interpolation (provisional)	Dual-tree crown interpolation (provisional)	NA	topology_provisional	topology_provisional	topology_provisional	NA	560	593	560	593	560	593	0.94	1	0.94	1	0.94	1	0.94	0.94	0.94	NA	NA	NA
AG-917-J06	I	SAG	Ia.3.V	Pelagibacteraceae	Xanthinipelagibacter	NA	Ia.3.V	Ia.3.V	Pelagibacteraceae	Xanthipelagibacter	NA	Dual-tree crown interpolation (provisional)	Dual-tree crown interpolation (provisional)	Dual-tree crown interpolation (provisional)	NA	topology_provisional	topology_provisional	topology_provisional	NA	560	565	560	565	560	565	0.94	0.88	0.94	0.88	0.94	0.88	0.88	0.88	0.88	NA	NA	NA
AG-447-E19	I	SAG	Ia.3.V	Pelagibacteraceae	Xanthinipelagibacter	NA	Ia.3.V	Ia.3.V	Pelagibacteraceae	Xanthipelagibacter	NA	Freel et al. 2025 used genome	Freel et al. 2025 used genome	Freel et al. 2025 used genome	NA	direct_literature	direct_literature	direct_literature	NA	NA	NA	NA	NA	NA	NA	NA	NA	NA	NA	NA	NA	NA	NA	NA	NA	NA	NA
AG-913-F03	I	SAG	Ia.3.V	Pelagibacteraceae	Xanthinipelagibacter	NA	Ia.3.V	Ia.3.V	Pelagibacteraceae	Xanthipelagibacter	NA	Dual-tree crown interpolation (provisional)	Dual-tree crown interpolation (provisional)	Dual-tree crown interpolation (provisional)	NA	topology_provisional	topology_provisional	topology_provisional	NA	602	580	602	580	602	580	0.98	0.86	0.98	0.86	0.98	0.86	0.86	0.86	0.86	NA	NA	NA
AG-896-O18	I	SAG	Ia.3.V	Pelagibacteraceae	Xanthinipelagibacter	NA	Ia.3.V	Ia.3.V	Pelagibacteraceae	Xanthipelagibacter	NA	Freel et al. 2025 used genome	Freel et al. 2025 used genome	Freel et al. 2025 used genome	NA	direct_literature	direct_literature	direct_literature	NA	NA	NA	NA	NA	NA	NA	NA	NA	NA	NA	NA	NA	NA	NA	NA	NA	NA	NA
AG-894-P23	I	SAG	Ia.3.V	Pelagibacteraceae	Xanthinipelagibacter	NA	Ia.3.V	Ia.3.V	Pelagibacteraceae	Xanthipelagibacter	NA	Freel et al. 2025 used genome	Freel et al. 2025 used genome	Freel et al. 2025 used genome	NA	direct_literature	direct_literature	direct_literature	NA	NA	NA	NA	NA	NA	NA	NA	NA	NA	NA	NA	NA	NA	NA	NA	NA	NA	NA
AG-422-D23	I	SAG	Ia.3.V	Pelagibacteraceae	Xanthinipelagibacter	NA	Ia.3.V	Ia.3.V	Pelagibacteraceae	Xanthipelagibacter	NA	Freel et al. 2025 used genome	Freel et al. 2025 used genome	Freel et al. 2025 used genome	NA	direct_literature	direct_literature	direct_literature	NA	NA	NA	NA	NA	NA	NA	NA	NA	NA	NA	NA	NA	NA	NA	NA	NA	NA	NA
AG-895-F17	I	SAG	Ia.3.V	Pelagibacteraceae	Xanthinipelagibacter	NA	Ia.3.V	Ia.3.V	Pelagibacteraceae	Xanthipelagibacter	NA	Freel et al. 2025 used genome	Freel et al. 2025 used genome	Freel et al. 2025 used genome	NA	direct_literature	direct_literature	direct_literature	NA	NA	NA	NA	NA	NA	NA	NA	NA	NA	NA	NA	NA	NA	NA	NA	NA	NA	NA
AG-891-I18	I	SAG	Ia.3.V	Pelagibacteraceae	Xanthinipelagibacter	NA	Ia.3.V	Ia.3.V	Pelagibacteraceae	Xanthipelagibacter	NA	Freel et al. 2025 used genome	Freel et al. 2025 used genome	Freel et al. 2025 used genome	NA	direct_literature	direct_literature	direct_literature	NA	NA	NA	NA	NA	NA	NA	NA	NA	NA	NA	NA	NA	NA	NA	NA	NA	NA	NA
AG-894-O09	I	SAG	Ia.3.V	Pelagibacteraceae	Xanthinipelagibacter	NA	Ia.3.V	Ia.3.V	Pelagibacteraceae	Xanthipelagibacter	NA	Freel et al. 2025 used genome	Freel et al. 2025 used genome	Freel et al. 2025 used genome	NA	direct_literature	direct_literature	direct_literature	NA	NA	NA	NA	NA	NA	NA	NA	NA	NA	NA	NA	NA	NA	NA	NA	NA	NA	NA
AG-916-N14	I	SAG	Ia.3.V	Pelagibacteraceae	Xanthinipelagibacter	NA	Ia.3.V	Ia.3.V	Pelagibacteraceae	Xanthipelagibacter	NA	Freel et al. 2025 used genome	Freel et al. 2025 used genome	Freel et al. 2025 used genome	NA	direct_literature	direct_literature	direct_literature	NA	NA	NA	NA	NA	NA	NA	NA	NA	NA	NA	NA	NA	NA	NA	NA	NA	NA	NA
AG-447-L10	I	SAG	Ia.3.V	Pelagibacteraceae	Xanthinipelagibacter	NA	Ia.3.V	Ia.3.V	Pelagibacteraceae	Xanthipelagibacter	NA	Dual-tree crown interpolation (high confidence)	Dual-tree crown interpolation (high confidence)	Dual-tree crown interpolation (high confidence)	NA	topology_high	topology_high	topology_high	NA	595	599	595	599	595	599	0.96	0.99	0.96	0.99	0.96	0.99	0.96	0.96	0.96	NA	NA	NA
HIMB2201	I	isolate	Ia.3.V	Pelagibacteraceae	Xanthinipelagibacter	NA	Ia.3.V	Ia.3.V	Pelagibacteraceae	Xanthipelagibacter	NA	Freel et al. 2025 used genome	Freel et al. 2025 used genome	Freel et al. 2025 used genome	NA	direct_literature	direct_literature	direct_literature	NA	NA	NA	NA	NA	NA	NA	NA	NA	NA	NA	NA	NA	NA	NA	NA	NA	NA	NA
AG-920-D05	I	SAG	Ia.3.V	Pelagibacteraceae	Xanthinipelagibacter	NA	Ia.3.V	Ia.3.V	Pelagibacteraceae	Xanthipelagibacter	NA	Freel et al. 2025 used genome	Freel et al. 2025 used genome	Freel et al. 2025 used genome	NA	direct_literature	direct_literature	direct_literature	NA	NA	NA	NA	NA	NA	NA	NA	NA	NA	NA	NA	NA	NA	NA	NA	NA	NA	NA
AG-349-O05	I	SAG	Ia.3.V	Pelagibacteraceae	Xanthinipelagibacter	NA	Ia.3.V	Ia.3.V	Pelagibacteraceae	Xanthipelagibacter	NA	Freel et al. 2025 used genome	Freel et al. 2025 used genome	Freel et al. 2025 used genome	NA	direct_literature	direct_literature	direct_literature	NA	NA	NA	NA	NA	NA	NA	NA	NA	NA	NA	NA	NA	NA	NA	NA	NA	NA	NA
AG-390-G23	I	SAG	Ia.3.V	Pelagibacteraceae	Xanthinipelagibacter	NA	Ia.3.V	Ia.3.V	Pelagibacteraceae	Xanthipelagibacter	NA	Freel et al. 2025 used genome	Freel et al. 2025 used genome	Freel et al. 2025 used genome	NA	direct_literature	direct_literature	direct_literature	NA	NA	NA	NA	NA	NA	NA	NA	NA	NA	NA	NA	NA	NA	NA	NA	NA	NA	NA
HIMB123	I	isolate	Ia.3.V	Pelagibacteraceae	Xanthinipelagibacter	NA	Ia.3.V	Ia.3.V	Pelagibacteraceae	Xanthipelagibacter	NA	Freel et al. 2025 used genome	Freel et al. 2025 used genome	Freel et al. 2025 used genome	NA	direct_literature	direct_literature	direct_literature	NA	NA	NA	NA	NA	NA	NA	NA	NA	NA	NA	NA	NA	NA	NA	NA	NA	NA	NA
AG-447-C08	I	SAG	Ia.3.V	Pelagibacteraceae	Xanthinipelagibacter	NA	Ia.3.V	Ia.3.V	Pelagibacteraceae	Xanthipelagibacter	NA	Freel et al. 2025 used genome	Freel et al. 2025 used genome	Freel et al. 2025 used genome	NA	direct_literature	direct_literature	direct_literature	NA	NA	NA	NA	NA	NA	NA	NA	NA	NA	NA	NA	NA	NA	NA	NA	NA	NA	NA
AG-892-A22	I	SAG	Ia.3.V	Pelagibacteraceae	Xanthinipelagibacter	NA	Ia.3.V	Ia.3.V	Pelagibacteraceae	Xanthipelagibacter	NA	Freel et al. 2025 used genome	Freel et al. 2025 used genome	Freel et al. 2025 used genome	NA	direct_literature	direct_literature	direct_literature	NA	NA	NA	NA	NA	NA	NA	NA	NA	NA	NA	NA	NA	NA	NA	NA	NA	NA	NA
AG-410-O02	I	SAG	Ia.3.V	Pelagibacteraceae	Xanthinipelagibacter	NA	Ia.3.V	Ia.3.V	Pelagibacteraceae	Xanthipelagibacter	NA	Freel et al. 2025 used genome	Freel et al. 2025 used genome	Freel et al. 2025 used genome	NA	direct_literature	direct_literature	direct_literature	NA	NA	NA	NA	NA	NA	NA	NA	NA	NA	NA	NA	NA	NA	NA	NA	NA	NA	NA
HIMB1444	I	isolate	Ia.3.V	Pelagibacteraceae	Xanthinipelagibacter	NA	Ia.3.V	Ia.3.V	Pelagibacteraceae	Xanthipelagibacter	NA	Freel et al. 2025 used genome	Freel et al. 2025 used genome	Freel et al. 2025 used genome	NA	direct_literature	direct_literature	direct_literature	NA	NA	NA	NA	NA	NA	NA	NA	NA	NA	NA	NA	NA	NA	NA	NA	NA	NA	NA
AG-422-E09	I	SAG	Ia.3.V	Pelagibacteraceae	Xanthinipelagibacter	NA	Ia.3.V	Ia.3.V	Pelagibacteraceae	Xanthipelagibacter	NA	Dual-tree crown interpolation (provisional)	Dual-tree crown interpolation (provisional)	Dual-tree crown interpolation (provisional)	NA	topology_provisional	topology_provisional	topology_provisional	NA	599	583	599	583	599	583	0.71	0.89	0.71	0.89	0.71	0.89	0.71	0.71	0.71	NA	NA	NA
AG-891-A05	I	SAG	Ia.3.V	Pelagibacteraceae	Xanthinipelagibacter	NA	Ia.3.V	Ia.3.V	Pelagibacteraceae	Xanthipelagibacter	NA	Freel et al. 2025 used genome	Freel et al. 2025 used genome	Freel et al. 2025 used genome	NA	direct_literature	direct_literature	direct_literature	NA	NA	NA	NA	NA	NA	NA	NA	NA	NA	NA	NA	NA	NA	NA	NA	NA	NA	NA
AG-913-L03	I	SAG	Ia.3.V	Pelagibacteraceae	Xanthinipelagibacter	NA	Ia.3.V	Ia.3.V	Pelagibacteraceae	Xanthipelagibacter	NA	Freel et al. 2025 used genome	Freel et al. 2025 used genome	Freel et al. 2025 used genome	NA	direct_literature	direct_literature	direct_literature	NA	NA	NA	NA	NA	NA	NA	NA	NA	NA	NA	NA	NA	NA	NA	NA	NA	NA	NA
AG-914-B14	I	SAG	Ia.3.V	Pelagibacteraceae	Xanthinipelagibacter	NA	Ia.3.V	Ia.3.V	Pelagibacteraceae	Xanthipelagibacter	NA	Freel et al. 2025 used genome	Freel et al. 2025 used genome	Freel et al. 2025 used genome	NA	direct_literature	direct_literature	direct_literature	NA	NA	NA	NA	NA	NA	NA	NA	NA	NA	NA	NA	NA	NA	NA	NA	NA	NA	NA
AG-426-M05	I	SAG	Ia.3.V	Pelagibacteraceae	Xanthinipelagibacter	NA	Ia.3.V	Ia.3.V	Pelagibacteraceae	Xanthipelagibacter	NA	Freel et al. 2025 used genome	Freel et al. 2025 used genome	Freel et al. 2025 used genome	NA	direct_literature	direct_literature	direct_literature	NA	NA	NA	NA	NA	NA	NA	NA	NA	NA	NA	NA	NA	NA	NA	NA	NA	NA	NA
HIMB2304	I	isolate	Ia.3.V	Pelagibacteraceae	Xanthinipelagibacter	NA	Ia.3.V	Ia.3.V	Pelagibacteraceae	Xanthipelagibacter	NA	Freel et al. 2025 used genome	Freel et al. 2025 used genome	Freel et al. 2025 used genome	NA	direct_literature	direct_literature	direct_literature	NA	NA	NA	NA	NA	NA	NA	NA	NA	NA	NA	NA	NA	NA	NA	NA	NA	NA	NA
AG-908-C18	I	SAG	Ia.3.V	Pelagibacteraceae	Xanthinipelagibacter	NA	Ia.3.V	Ia.3.V	Pelagibacteraceae	Xanthipelagibacter	NA	Dual-tree crown interpolation (high confidence)	Dual-tree crown interpolation (high confidence)	Dual-tree crown interpolation (high confidence)	NA	topology_high	topology_high	topology_high	NA	592	585	592	585	592	585	1	1	1	1	1	1	1	1	1	NA	NA	NA
HIMB1409	I	isolate	Ia.3.V	Pelagibacteraceae	Xanthinipelagibacter	NA	Ia.3.V	Ia.3.V	Pelagibacteraceae	Xanthipelagibacter	NA	Freel et al. 2025 used genome	Freel et al. 2025 used genome	Freel et al. 2025 used genome	NA	direct_literature	direct_literature	direct_literature	NA	NA	NA	NA	NA	NA	NA	NA	NA	NA	NA	NA	NA	NA	NA	NA	NA	NA	NA
HIMB1413	I	isolate	Ia.3.V	Pelagibacteraceae	Xanthinipelagibacter	NA	Ia.3.V	Ia.3.V	Pelagibacteraceae	Xanthipelagibacter	NA	Freel et al. 2025 used genome	Freel et al. 2025 used genome	Freel et al. 2025 used genome	NA	direct_literature	direct_literature	direct_literature	NA	NA	NA	NA	NA	NA	NA	NA	NA	NA	NA	NA	NA	NA	NA	NA	NA	NA	NA
HIMB2250	I	isolate	Ia.3.V	Pelagibacteraceae	Xanthinipelagibacter	NA	Ia.3.V	Ia.3.V	Pelagibacteraceae	Xanthipelagibacter	NA	Freel et al. 2025 used genome	Freel et al. 2025 used genome	Freel et al. 2025 used genome	NA	direct_literature	direct_literature	direct_literature	NA	NA	NA	NA	NA	NA	NA	NA	NA	NA	NA	NA	NA	NA	NA	NA	NA	NA	NA
AG-913-M13	I	SAG	Ia.3.V	Pelagibacteraceae	Xanthinipelagibacter	NA	Ia.3.V	Ia.3.V	Pelagibacteraceae	Xanthipelagibacter	NA	Dual-tree crown interpolation (provisional)	Dual-tree crown interpolation (provisional)	Dual-tree crown interpolation (provisional)	NA	topology_provisional	topology_provisional	topology_provisional	NA	578	562	578	562	578	562	0.82	0.88	0.82	0.88	0.82	0.88	0.82	0.82	0.82	NA	NA	NA
AG-422-B22	I	SAG	Ia.3.V	Pelagibacteraceae	Xanthinipelagibacter	NA	Ia.3.V	Ia.3.V	Pelagibacteraceae	Xanthipelagibacter	NA	Freel et al. 2025 used genome	Freel et al. 2025 used genome	Freel et al. 2025 used genome	NA	direct_literature	direct_literature	direct_literature	NA	NA	NA	NA	NA	NA	NA	NA	NA	NA	NA	NA	NA	NA	NA	NA	NA	NA	NA
AG-447-L03	I	SAG	Ia.3.V	Pelagibacteraceae	Xanthinipelagibacter	NA	Ia.3.V	Ia.3.V	Pelagibacteraceae	Xanthipelagibacter	NA	Dual-tree crown interpolation (provisional)	Dual-tree crown interpolation (provisional)	Dual-tree crown interpolation (provisional)	NA	topology_provisional	topology_provisional	topology_provisional	NA	565	562	565	562	565	562	0.67	0.88	0.67	0.88	0.67	0.88	0.67	0.67	0.67	NA	NA	NA
AG-892-F02	I	SAG	Ia.3.V	Pelagibacteraceae	Xanthinipelagibacter	NA	Ia.3.V	Ia.3.V	Pelagibacteraceae	Xanthipelagibacter	NA	Dual-tree crown interpolation (provisional)	Dual-tree crown interpolation (provisional)	Dual-tree crown interpolation (provisional)	NA	topology_provisional	topology_provisional	topology_provisional	NA	564	593	564	593	564	593	0.58	1	0.58	1	0.58	1	0.58	0.58	0.58	NA	NA	NA
AG-390-M14	I	SAG	Ia.3.V	Pelagibacteraceae	Xanthinipelagibacter	NA	Ia.3.V	Ia.3.V	Pelagibacteraceae	Xanthipelagibacter	NA	Freel et al. 2025 used genome	Freel et al. 2025 used genome	Freel et al. 2025 used genome	NA	direct_literature	direct_literature	direct_literature	NA	NA	NA	NA	NA	NA	NA	NA	NA	NA	NA	NA	NA	NA	NA	NA	NA	NA	NA
FZCC0015	I	isolate	Ia.3.V	Pelagibacteraceae	Xanthinipelagibacter	NA	Ia.3.V	Ia.3.V	Pelagibacteraceae	Xanthipelagibacter	NA	Freel et al. 2025 used genome	Freel et al. 2025 used genome	Freel et al. 2025 used genome	NA	direct_literature	direct_literature	direct_literature	NA	NA	NA	NA	NA	NA	NA	NA	NA	NA	NA	NA	NA	NA	NA	NA	NA	NA	NA
AG-892-L17	I	SAG	Ia.3.V	Pelagibacteraceae	Xanthinipelagibacter	NA	Ia.3.V	Ia.3.V	Pelagibacteraceae	Xanthipelagibacter	NA	Dual-tree crown interpolation (high confidence)	Dual-tree crown interpolation (high confidence)	Dual-tree crown interpolation (high confidence)	NA	topology_high	topology_high	topology_high	NA	567	593	567	593	567	593	1	1	1	1	1	1	1	1	1	NA	NA	NA
HIMB083	I	isolate	Ia.3.V	Pelagibacteraceae	Xanthinipelagibacter	aumoanae	Ia.3.V	Ia.3.V	Pelagibacteraceae	Xanthipelagibacter	aumoanae	Freel et al. 2025 Type Strains	Freel et al. 2025 Type Strains	Freel et al. 2025 Type Strains	Freel et al. 2025 Type Strains	direct_literature	direct_literature	direct_literature	direct_literature	NA	NA	NA	NA	NA	NA	NA	NA	NA	NA	NA	NA	NA	NA	NA	NA	NA	NA
AG-390-C17	I	SAG	Ia.3.VI	Pelagibacteraceae	Undatipelagibacter	NA	Ia.3.VI	Ia.3.VI	Pelagibacteraceae	Ampluspelagibacter	NA	Freel et al. 2025 used genome	Freel et al. 2025 used genome	Freel et al. 2025 used genome	NA	direct_literature	direct_literature	direct_literature	NA	NA	NA	NA	NA	NA	NA	NA	NA	NA	NA	NA	NA	NA	NA	NA	NA	NA	NA
AG-447-K11	I	SAG	Ia.3.VI	Pelagibacteraceae	Undatipelagibacter	NA	Ia.3.VI	Ia.3.VI	Pelagibacteraceae	Ampluspelagibacter	NA	Freel et al. 2025 used genome	Freel et al. 2025 used genome	Freel et al. 2025 used genome	NA	direct_literature	direct_literature	direct_literature	NA	NA	NA	NA	NA	NA	NA	NA	NA	NA	NA	NA	NA	NA	NA	NA	NA	NA	NA
HIMB1685	I	isolate	Ia.3.VI	Pelagibacteraceae	Undatipelagibacter	NA	Ia.3.VI	Ia.3.VI	Pelagibacteraceae	Ampluspelagibacter	NA	Freel et al. 2025 used genome	Freel et al. 2025 used genome	Freel et al. 2025 used genome	NA	direct_literature	direct_literature	direct_literature	NA	NA	NA	NA	NA	NA	NA	NA	NA	NA	NA	NA	NA	NA	NA	NA	NA	NA	NA
HIMB1559	I	isolate	Ia.3.VI	Pelagibacteraceae	Undatipelagibacter	huakaii	Ia.3.VI	Ia.3.VI	Pelagibacteraceae	Ampluspelagibacter	NA	Freel et al. 2025 used genome	Freel et al. 2025 used genome	Freel et al. 2025 used genome	Freel et al. 2025 used genome	direct_literature	direct_literature	direct_literature	direct_literature	NA	NA	NA	NA	NA	NA	NA	NA	NA	NA	NA	NA	NA	NA	NA	NA	NA	NA
HIMB1597	I	isolate	Ia.3.VI	Pelagibacteraceae	Undatipelagibacter	huakaii	Ia.3.VI	Ia.3.VI	Pelagibacteraceae	Ampluspelagibacter	NA	Freel et al. 2025 used genome	Freel et al. 2025 used genome	Freel et al. 2025 used genome	Freel et al. 2025 used genome	direct_literature	direct_literature	direct_literature	direct_literature	NA	NA	NA	NA	NA	NA	NA	NA	NA	NA	NA	NA	NA	NA	NA	NA	NA	NA
HIMB1587	I	isolate	Ia.3.VI	Pelagibacteraceae	Undatipelagibacter	huakaii	Ia.3.VI	Ia.3.VI	Pelagibacteraceae	Ampluspelagibacter	NA	Freel et al. 2025 used genome	Freel et al. 2025 used genome	Freel et al. 2025 used genome	Freel et al. 2025 used genome	direct_literature	direct_literature	direct_literature	direct_literature	NA	NA	NA	NA	NA	NA	NA	NA	NA	NA	NA	NA	NA	NA	NA	NA	NA	NA
HIMB1573	I	isolate	Ia.3.VI	Pelagibacteraceae	Undatipelagibacter	huakaii	Ia.3.VI	Ia.3.VI	Pelagibacteraceae	Ampluspelagibacter	NA	Freel et al. 2025 used genome	Freel et al. 2025 used genome	Freel et al. 2025 used genome	Freel et al. 2025 used genome	direct_literature	direct_literature	direct_literature	direct_literature	NA	NA	NA	NA	NA	NA	NA	NA	NA	NA	NA	NA	NA	NA	NA	NA	NA	NA
HIMB1490	I	isolate	Ia.3.VI	Pelagibacteraceae	Undatipelagibacter	huakaii	Ia.3.VI	Ia.3.VI	Pelagibacteraceae	Ampluspelagibacter	NA	Freel et al. 2025 used genome	Freel et al. 2025 used genome	Freel et al. 2025 used genome	Freel et al. 2025 used genome	direct_literature	direct_literature	direct_literature	direct_literature	NA	NA	NA	NA	NA	NA	NA	NA	NA	NA	NA	NA	NA	NA	NA	NA	NA	NA
HIMB1491	I	isolate	Ia.3.VI	Pelagibacteraceae	Undatipelagibacter	huakaii	Ia.3.VI	Ia.3.VI	Pelagibacteraceae	Ampluspelagibacter	NA	Freel et al. 2025 used genome	Freel et al. 2025 used genome	Freel et al. 2025 used genome	Freel et al. 2025 used genome	direct_literature	direct_literature	direct_literature	direct_literature	NA	NA	NA	NA	NA	NA	NA	NA	NA	NA	NA	NA	NA	NA	NA	NA	NA	NA
HIMB1765	I	isolate	Ia.3.VI	Pelagibacteraceae	Undatipelagibacter	huakaii	Ia.3.VI	Ia.3.VI	Pelagibacteraceae	Ampluspelagibacter	NA	Freel et al. 2025 used genome	Freel et al. 2025 used genome	Freel et al. 2025 used genome	Freel et al. 2025 used genome	direct_literature	direct_literature	direct_literature	direct_literature	NA	NA	NA	NA	NA	NA	NA	NA	NA	NA	NA	NA	NA	NA	NA	NA	NA	NA
HIMB1494	I	isolate	Ia.3.VI	Pelagibacteraceae	Undatipelagibacter	huakaii	Ia.3.VI	Ia.3.VI	Pelagibacteraceae	Ampluspelagibacter	NA	Freel et al. 2025 used genome	Freel et al. 2025 used genome	Freel et al. 2025 used genome	Freel et al. 2025 used genome	direct_literature	direct_literature	direct_literature	direct_literature	NA	NA	NA	NA	NA	NA	NA	NA	NA	NA	NA	NA	NA	NA	NA	NA	NA	NA
HIMB1495	I	isolate	Ia.3.VI	Pelagibacteraceae	Undatipelagibacter	huakaii	Ia.3.VI	Ia.3.VI	Pelagibacteraceae	Ampluspelagibacter	NA	Freel et al. 2025 used genome	Freel et al. 2025 used genome	Freel et al. 2025 used genome	Freel et al. 2025 used genome	direct_literature	direct_literature	direct_literature	direct_literature	NA	NA	NA	NA	NA	NA	NA	NA	NA	NA	NA	NA	NA	NA	NA	NA	NA	NA
HIMB1593	I	isolate	Ia.3.VI	Pelagibacteraceae	Undatipelagibacter	huakaii	Ia.3.VI	Ia.3.VI	Pelagibacteraceae	Ampluspelagibacter	NA	Freel et al. 2025 used genome	Freel et al. 2025 used genome	Freel et al. 2025 used genome	Freel et al. 2025 used genome	direct_literature	direct_literature	direct_literature	direct_literature	NA	NA	NA	NA	NA	NA	NA	NA	NA	NA	NA	NA	NA	NA	NA	NA	NA	NA
HIMB1509	I	isolate	Ia.3.VI	Pelagibacteraceae	Undatipelagibacter	huakaii	Ia.3.VI	Ia.3.VI	Pelagibacteraceae	Ampluspelagibacter	NA	Freel et al. 2025 used genome	Freel et al. 2025 used genome	Freel et al. 2025 used genome	Freel et al. 2025 used genome	direct_literature	direct_literature	direct_literature	direct_literature	NA	NA	NA	NA	NA	NA	NA	NA	NA	NA	NA	NA	NA	NA	NA	NA	NA	NA
AG-898-C07	I	SAG	Ia.3.VI	Pelagibacteraceae	Undatipelagibacter	NA	Ia.3.VI	Ia.3.VI	Pelagibacteraceae	Ampluspelagibacter	NA	Freel et al. 2025 used genome	Freel et al. 2025 used genome	Freel et al. 2025 used genome	NA	direct_literature	direct_literature	direct_literature	NA	NA	NA	NA	NA	NA	NA	NA	NA	NA	NA	NA	NA	NA	NA	NA	NA	NA	NA
HIMB1485	I	isolate	Ia.3.VI	Pelagibacteraceae	Undatipelagibacter	huakaii	Ia.3.VI	Ia.3.VI	Pelagibacteraceae	Ampluspelagibacter	NA	Freel et al. 2025 used genome	Freel et al. 2025 used genome	Freel et al. 2025 used genome	Freel et al. 2025 used genome	direct_literature	direct_literature	direct_literature	direct_literature	NA	NA	NA	NA	NA	NA	NA	NA	NA	NA	NA	NA	NA	NA	NA	NA	NA	NA
HIMB1492	I	isolate	Ia.3.VI	Pelagibacteraceae	Undatipelagibacter	huakaii	Ia.3.VI	Ia.3.VI	Pelagibacteraceae	Ampluspelagibacter	NA	Freel et al. 2025 used genome	Freel et al. 2025 used genome	Freel et al. 2025 used genome	Freel et al. 2025 used genome	direct_literature	direct_literature	direct_literature	direct_literature	NA	NA	NA	NA	NA	NA	NA	NA	NA	NA	NA	NA	NA	NA	NA	NA	NA	NA
HIMB1493	I	isolate	Ia.3.VI	Pelagibacteraceae	Undatipelagibacter	huakaii	Ia.3.VI	Ia.3.VI	Pelagibacteraceae	Ampluspelagibacter	NA	Freel et al. 2025 used genome	Freel et al. 2025 used genome	Freel et al. 2025 used genome	Freel et al. 2025 used genome	direct_literature	direct_literature	direct_literature	direct_literature	NA	NA	NA	NA	NA	NA	NA	NA	NA	NA	NA	NA	NA	NA	NA	NA	NA	NA
HIMB1518	I	isolate	Ia.3.VI	Pelagibacteraceae	Undatipelagibacter	huakaii	Ia.3.VI	Ia.3.VI	Pelagibacteraceae	Ampluspelagibacter	NA	Freel et al. 2025 used genome	Freel et al. 2025 used genome	Freel et al. 2025 used genome	Freel et al. 2025 used genome	direct_literature	direct_literature	direct_literature	direct_literature	NA	NA	NA	NA	NA	NA	NA	NA	NA	NA	NA	NA	NA	NA	NA	NA	NA	NA
HIMB1770	I	isolate	Ia.3.VI	Pelagibacteraceae	Undatipelagibacter	huakaii	Ia.3.VI	Ia.3.VI	Pelagibacteraceae	Ampluspelagibacter	NA	Freel et al. 2025 used genome	Freel et al. 2025 used genome	Freel et al. 2025 used genome	Freel et al. 2025 used genome	direct_literature	direct_literature	direct_literature	direct_literature	NA	NA	NA	NA	NA	NA	NA	NA	NA	NA	NA	NA	NA	NA	NA	NA	NA	NA
HIMB1507	I	isolate	Ia.3.VI	Pelagibacteraceae	Undatipelagibacter	huakaii	Ia.3.VI	Ia.3.VI	Pelagibacteraceae	Ampluspelagibacter	NA	Freel et al. 2025 used genome	Freel et al. 2025 used genome	Freel et al. 2025 used genome	Freel et al. 2025 used genome	direct_literature	direct_literature	direct_literature	direct_literature	NA	NA	NA	NA	NA	NA	NA	NA	NA	NA	NA	NA	NA	NA	NA	NA	NA	NA
HIMB1526	I	isolate	Ia.3.VI	Pelagibacteraceae	Undatipelagibacter	huakaii	Ia.3.VI	Ia.3.VI	Pelagibacteraceae	Ampluspelagibacter	NA	Freel et al. 2025 used genome	Freel et al. 2025 used genome	Freel et al. 2025 used genome	Freel et al. 2025 used genome	direct_literature	direct_literature	direct_literature	direct_literature	NA	NA	NA	NA	NA	NA	NA	NA	NA	NA	NA	NA	NA	NA	NA	NA	NA	NA
HIMB1552	I	isolate	Ia.3.VI	Pelagibacteraceae	Undatipelagibacter	huakaii	Ia.3.VI	Ia.3.VI	Pelagibacteraceae	Ampluspelagibacter	NA	Freel et al. 2025 used genome	Freel et al. 2025 used genome	Freel et al. 2025 used genome	Freel et al. 2025 used genome	direct_literature	direct_literature	direct_literature	direct_literature	NA	NA	NA	NA	NA	NA	NA	NA	NA	NA	NA	NA	NA	NA	NA	NA	NA	NA
HIMB1641	I	isolate	Ia.3.VI	Pelagibacteraceae	Undatipelagibacter	huakaii	Ia.3.VI	Ia.3.VI	Pelagibacteraceae	Ampluspelagibacter	NA	Freel et al. 2025 used genome	Freel et al. 2025 used genome	Freel et al. 2025 used genome	Freel et al. 2025 used genome	direct_literature	direct_literature	direct_literature	direct_literature	NA	NA	NA	NA	NA	NA	NA	NA	NA	NA	NA	NA	NA	NA	NA	NA	NA	NA
HIMB1636	I	isolate	Ia.3.VI	Pelagibacteraceae	Undatipelagibacter	huakaii	Ia.3.VI	Ia.3.VI	Pelagibacteraceae	Ampluspelagibacter	NA	Freel et al. 2025 used genome	Freel et al. 2025 used genome	Freel et al. 2025 used genome	Freel et al. 2025 used genome	direct_literature	direct_literature	direct_literature	direct_literature	NA	NA	NA	NA	NA	NA	NA	NA	NA	NA	NA	NA	NA	NA	NA	NA	NA	NA
HIMB1702	I	isolate	Ia.3.VI	Pelagibacteraceae	Undatipelagibacter	huakaii	Ia.3.VI	Ia.3.VI	Pelagibacteraceae	Ampluspelagibacter	NA	Freel et al. 2025 used genome	Freel et al. 2025 used genome	Freel et al. 2025 used genome	Freel et al. 2025 used genome	direct_literature	direct_literature	direct_literature	direct_literature	NA	NA	NA	NA	NA	NA	NA	NA	NA	NA	NA	NA	NA	NA	NA	NA	NA	NA
HIMB1710	I	isolate	Ia.3.VI	Pelagibacteraceae	Undatipelagibacter	huakaii	Ia.3.VI	Ia.3.VI	Pelagibacteraceae	Ampluspelagibacter	NA	Freel et al. 2025 used genome	Freel et al. 2025 used genome	Freel et al. 2025 used genome	Freel et al. 2025 used genome	direct_literature	direct_literature	direct_literature	direct_literature	NA	NA	NA	NA	NA	NA	NA	NA	NA	NA	NA	NA	NA	NA	NA	NA	NA	NA
HIMB1556	I	isolate	Ia.3.VI	Pelagibacteraceae	Undatipelagibacter	huakaii	Ia.3.VI	Ia.3.VI	Pelagibacteraceae	Ampluspelagibacter	huakaii	Freel et al. 2025 Type Strains	Freel et al. 2025 Type Strains	Freel et al. 2025 Type Strains	Freel et al. 2025 Type Strains	direct_literature	direct_literature	direct_literature	direct_literature	NA	NA	NA	NA	NA	NA	NA	NA	NA	NA	NA	NA	NA	NA	NA	NA	NA	NA
HIMB1748	I	isolate	Ia.3.VI	Pelagibacteraceae	Undatipelagibacter	huakaii	Ia.3.VI	Ia.3.VI	Pelagibacteraceae	Ampluspelagibacter	NA	Freel et al. 2025 used genome	Freel et al. 2025 used genome	Freel et al. 2025 used genome	Freel et al. 2025 used genome	direct_literature	direct_literature	direct_literature	direct_literature	NA	NA	NA	NA	NA	NA	NA	NA	NA	NA	NA	NA	NA	NA	NA	NA	NA	NA
HIMB1662	I	isolate	Ia.3.VI	Pelagibacteraceae	Undatipelagibacter	huakaii	Ia.3.VI	Ia.3.VI	Pelagibacteraceae	Ampluspelagibacter	NA	Freel et al. 2025 used genome	Freel et al. 2025 used genome	Freel et al. 2025 used genome	Freel et al. 2025 used genome	direct_literature	direct_literature	direct_literature	direct_literature	NA	NA	NA	NA	NA	NA	NA	NA	NA	NA	NA	NA	NA	NA	NA	NA	NA	NA
HIMB1723	I	isolate	Ia.3.VI	Pelagibacteraceae	Undatipelagibacter	huakaii	Ia.3.VI	Ia.3.VI	Pelagibacteraceae	Ampluspelagibacter	NA	Freel et al. 2025 used genome	Freel et al. 2025 used genome	Freel et al. 2025 used genome	Freel et al. 2025 used genome	direct_literature	direct_literature	direct_literature	direct_literature	NA	NA	NA	NA	NA	NA	NA	NA	NA	NA	NA	NA	NA	NA	NA	NA	NA	NA
HIMB140	I	isolate	Ia.3.VI	Pelagibacteraceae	Undatipelagibacter	huakaii	Ia.3.VI	Ia.3.VI	Pelagibacteraceae	Ampluspelagibacter	NA	Freel et al. 2025 used genome	Freel et al. 2025 used genome	Freel et al. 2025 used genome	Freel et al. 2025 used genome	direct_literature	direct_literature	direct_literature	direct_literature	NA	NA	NA	NA	NA	NA	NA	NA	NA	NA	NA	NA	NA	NA	NA	NA	NA	NA
HIMB1513	I	isolate	Ia.3.VI	Pelagibacteraceae	Undatipelagibacter	huakaii	Ia.3.VI	Ia.3.VI	Pelagibacteraceae	Ampluspelagibacter	NA	Freel et al. 2025 used genome	Freel et al. 2025 used genome	Freel et al. 2025 used genome	Freel et al. 2025 used genome	direct_literature	direct_literature	direct_literature	direct_literature	NA	NA	NA	NA	NA	NA	NA	NA	NA	NA	NA	NA	NA	NA	NA	NA	NA	NA
HIMB1521	I	isolate	Ia.3.VI	Pelagibacteraceae	Undatipelagibacter	huakaii	Ia.3.VI	Ia.3.VI	Pelagibacteraceae	Ampluspelagibacter	NA	Freel et al. 2025 used genome	Freel et al. 2025 used genome	Freel et al. 2025 used genome	Freel et al. 2025 used genome	direct_literature	direct_literature	direct_literature	direct_literature	NA	NA	NA	NA	NA	NA	NA	NA	NA	NA	NA	NA	NA	NA	NA	NA	NA	NA
HIMB1430	I	isolate	Ia.3.VI	Pelagibacteraceae	Undatipelagibacter	huakaii	Ia.3.VI	Ia.3.VI	Pelagibacteraceae	Ampluspelagibacter	NA	Freel et al. 2025 used genome	Freel et al. 2025 used genome	Freel et al. 2025 used genome	Freel et al. 2025 used genome	direct_literature	direct_literature	direct_literature	direct_literature	NA	NA	NA	NA	NA	NA	NA	NA	NA	NA	NA	NA	NA	NA	NA	NA	NA	NA
HIMB1611	I	isolate	Ia.3.VI	Pelagibacteraceae	Undatipelagibacter	huakaii	Ia.3.VI	Ia.3.VI	Pelagibacteraceae	Ampluspelagibacter	NA	Freel et al. 2025 used genome	Freel et al. 2025 used genome	Freel et al. 2025 used genome	Freel et al. 2025 used genome	direct_literature	direct_literature	direct_literature	direct_literature	NA	NA	NA	NA	NA	NA	NA	NA	NA	NA	NA	NA	NA	NA	NA	NA	NA	NA
HIMB1758	I	isolate	Ia.3.VI	Pelagibacteraceae	Undatipelagibacter	huakaii	Ia.3.VI	Ia.3.VI	Pelagibacteraceae	Ampluspelagibacter	NA	Freel et al. 2025 used genome	Freel et al. 2025 used genome	Freel et al. 2025 used genome	Freel et al. 2025 used genome	direct_literature	direct_literature	direct_literature	direct_literature	NA	NA	NA	NA	NA	NA	NA	NA	NA	NA	NA	NA	NA	NA	NA	NA	NA	NA
HIMB1488	I	isolate	Ia.3.VI	Pelagibacteraceae	Undatipelagibacter	huakaii	Ia.3.VI	Ia.3.VI	Pelagibacteraceae	Ampluspelagibacter	NA	Freel et al. 2025 used genome	Freel et al. 2025 used genome	Freel et al. 2025 used genome	Freel et al. 2025 used genome	direct_literature	direct_literature	direct_literature	direct_literature	NA	NA	NA	NA	NA	NA	NA	NA	NA	NA	NA	NA	NA	NA	NA	NA	NA	NA
HIMB1506	I	isolate	Ia.3.VI	Pelagibacteraceae	Undatipelagibacter	huakaii	Ia.3.VI	Ia.3.VI	Pelagibacteraceae	Ampluspelagibacter	NA	Freel et al. 2025 used genome	Freel et al. 2025 used genome	Freel et al. 2025 used genome	Freel et al. 2025 used genome	direct_literature	direct_literature	direct_literature	direct_literature	NA	NA	NA	NA	NA	NA	NA	NA	NA	NA	NA	NA	NA	NA	NA	NA	NA	NA
HIMB2211	I	isolate	Ia.3.VI	Pelagibacteraceae	Undatipelagibacter	huakaii	Ia.3.VI	Ia.3.VI	Pelagibacteraceae	Ampluspelagibacter	NA	Freel et al. 2025 used genome	Freel et al. 2025 used genome	Freel et al. 2025 used genome	Freel et al. 2025 used genome	direct_literature	direct_literature	direct_literature	direct_literature	NA	NA	NA	NA	NA	NA	NA	NA	NA	NA	NA	NA	NA	NA	NA	NA	NA	NA
HIMB1746	I	isolate	Ia.3.VI	Pelagibacteraceae	Undatipelagibacter	huakaii	Ia.3.VI	Ia.3.VI	Pelagibacteraceae	Ampluspelagibacter	NA	Freel et al. 2025 used genome	Freel et al. 2025 used genome	Freel et al. 2025 used genome	Freel et al. 2025 used genome	direct_literature	direct_literature	direct_literature	direct_literature	NA	NA	NA	NA	NA	NA	NA	NA	NA	NA	NA	NA	NA	NA	NA	NA	NA	NA
HIMB1542	I	isolate	Ia.3.VI	Pelagibacteraceae	Undatipelagibacter	huakaii	Ia.3.VI	Ia.3.VI	Pelagibacteraceae	Ampluspelagibacter	NA	Freel et al. 2025 used genome	Freel et al. 2025 used genome	Freel et al. 2025 used genome	Freel et al. 2025 used genome	direct_literature	direct_literature	direct_literature	direct_literature	NA	NA	NA	NA	NA	NA	NA	NA	NA	NA	NA	NA	NA	NA	NA	NA	NA	NA
HIMB1695	I	isolate	Ia.3.VI	Pelagibacteraceae	Undatipelagibacter	NA	Ia.3.VI	Ia.3.VI	Pelagibacteraceae	Ampluspelagibacter	NA	Freel et al. 2025 used genome	Freel et al. 2025 used genome	Freel et al. 2025 used genome	NA	direct_literature	direct_literature	direct_literature	NA	NA	NA	NA	NA	NA	NA	NA	NA	NA	NA	NA	NA	NA	NA	NA	NA	NA	NA
HIMB1577	I	isolate	Ia.3.VI	Pelagibacteraceae	Undatipelagibacter	huakaii	Ia.3.VI	Ia.3.VI	Pelagibacteraceae	Ampluspelagibacter	NA	Freel et al. 2025 used genome	Freel et al. 2025 used genome	Freel et al. 2025 used genome	Freel et al. 2025 used genome	direct_literature	direct_literature	direct_literature	direct_literature	NA	NA	NA	NA	NA	NA	NA	NA	NA	NA	NA	NA	NA	NA	NA	NA	NA	NA
HIMB1631	I	isolate	Ia.3.VI	Pelagibacteraceae	Undatipelagibacter	huakaii	Ia.3.VI	Ia.3.VI	Pelagibacteraceae	Ampluspelagibacter	NA	Freel et al. 2025 used genome	Freel et al. 2025 used genome	Freel et al. 2025 used genome	Freel et al. 2025 used genome	direct_literature	direct_literature	direct_literature	direct_literature	NA	NA	NA	NA	NA	NA	NA	NA	NA	NA	NA	NA	NA	NA	NA	NA	NA	NA
HIMB1715	I	isolate	Ia.3.VI	Pelagibacteraceae	Undatipelagibacter	huakaii	Ia.3.VI	Ia.3.VI	Pelagibacteraceae	Ampluspelagibacter	NA	Freel et al. 2025 used genome	Freel et al. 2025 used genome	Freel et al. 2025 used genome	Freel et al. 2025 used genome	direct_literature	direct_literature	direct_literature	direct_literature	NA	NA	NA	NA	NA	NA	NA	NA	NA	NA	NA	NA	NA	NA	NA	NA	NA	NA
HIMB1701	I	isolate	Ia.3.VI	Pelagibacteraceae	Undatipelagibacter	huakaii	Ia.3.VI	Ia.3.VI	Pelagibacteraceae	Ampluspelagibacter	NA	Freel et al. 2025 used genome	Freel et al. 2025 used genome	Freel et al. 2025 used genome	Freel et al. 2025 used genome	direct_literature	direct_literature	direct_literature	direct_literature	NA	NA	NA	NA	NA	NA	NA	NA	NA	NA	NA	NA	NA	NA	NA	NA	NA	NA
HIMB1782	I	isolate	Ia.3.VI	Pelagibacteraceae	Undatipelagibacter	huakaii	Ia.3.VI	Ia.3.VI	Pelagibacteraceae	Ampluspelagibacter	NA	Freel et al. 2025 used genome	Freel et al. 2025 used genome	Freel et al. 2025 used genome	Freel et al. 2025 used genome	direct_literature	direct_literature	direct_literature	direct_literature	NA	NA	NA	NA	NA	NA	NA	NA	NA	NA	NA	NA	NA	NA	NA	NA	NA	NA
HIMB1602	I	isolate	Ia.3.VI	Pelagibacteraceae	Undatipelagibacter	huakaii	Ia.3.VI	Ia.3.VI	Pelagibacteraceae	Ampluspelagibacter	NA	Freel et al. 2025 used genome	Freel et al. 2025 used genome	Freel et al. 2025 used genome	Freel et al. 2025 used genome	direct_literature	direct_literature	direct_literature	direct_literature	NA	NA	NA	NA	NA	NA	NA	NA	NA	NA	NA	NA	NA	NA	NA	NA	NA	NA
AG-891-G02	I	SAG	Ia.3.VI	Pelagibacteraceae	Undatipelagibacter	NA	Ia.3.VI	Ia.3.VI	Pelagibacteraceae	Ampluspelagibacter	NA	Dual-tree crown interpolation (high confidence)	Dual-tree crown interpolation (high confidence)	Dual-tree crown interpolation (high confidence)	NA	topology_high	topology_high	topology_high	NA	610	612	610	612	610	612	1	0.99	1	0.99	1	0.99	0.99	0.99	0.99	NA	NA	NA
HIMB1623	I	isolate	Ia.3.VI	Pelagibacteraceae	Undatipelagibacter	NA	Ia.3.VI	Ia.3.VI	Pelagibacteraceae	Ampluspelagibacter	NA	Freel et al. 2025 used genome	Freel et al. 2025 used genome	Freel et al. 2025 used genome	NA	direct_literature	direct_literature	direct_literature	NA	NA	NA	NA	NA	NA	NA	NA	NA	NA	NA	NA	NA	NA	NA	NA	NA	NA	NA
HIMB1709	I	isolate	Ia.3.VI	Pelagibacteraceae	Undatipelagibacter	NA	Ia.3.VI	Ia.3.VI	Pelagibacteraceae	Ampluspelagibacter	NA	Freel et al. 2025 used genome	Freel et al. 2025 used genome	Freel et al. 2025 used genome	NA	direct_literature	direct_literature	direct_literature	NA	NA	NA	NA	NA	NA	NA	NA	NA	NA	NA	NA	NA	NA	NA	NA	NA	NA	NA
AG-359-C09	I	SAG	Ia.3.VII	Pelagibacteraceae	Angustipelagibacter	atlanticus	Ia.3.VII	Ia.3.VII	Pelagibacteraceae	Angustipelagibacter	NA	Freel et al. 2025 used genome	Freel et al. 2025 used genome	Freel et al. 2025 used genome	Freel et al. 2025 used genome	direct_literature	direct_literature	direct_literature	direct_literature	NA	NA	NA	NA	NA	NA	NA	NA	NA	NA	NA	NA	NA	NA	NA	NA	NA	NA
AG-359-M21	I	SAG	Ia.3.VII	Pelagibacteraceae	Angustipelagibacter	atlanticus	Ia.3.VII	Ia.3.VII	Pelagibacteraceae	Angustipelagibacter	NA	Freel et al. 2025 used genome	Freel et al. 2025 used genome	Freel et al. 2025 used genome	Freel et al. 2025 used genome	direct_literature	direct_literature	direct_literature	direct_literature	NA	NA	NA	NA	NA	NA	NA	NA	NA	NA	NA	NA	NA	NA	NA	NA	NA	NA
AG-920-J04	I	SAG	Ia.3.VII	Pelagibacteraceae	Angustipelagibacter	atlanticus	Ia.3.VII	Ia.3.VII	Pelagibacteraceae	Angustipelagibacter	NA	Freel et al. 2025 used genome	Freel et al. 2025 used genome	Freel et al. 2025 used genome	Freel et al. 2025 used genome	direct_literature	direct_literature	direct_literature	direct_literature	NA	NA	NA	NA	NA	NA	NA	NA	NA	NA	NA	NA	NA	NA	NA	NA	NA	NA
AG-904-F17	I	SAG	Ia.3.VII	Pelagibacteraceae	Angustipelagibacter	atlanticus	Ia.3.VII	Ia.3.VII	Pelagibacteraceae	Angustipelagibacter	NA	Freel et al. 2025 used genome	Freel et al. 2025 used genome	Freel et al. 2025 used genome	Freel et al. 2025 used genome	direct_literature	direct_literature	direct_literature	direct_literature	NA	NA	NA	NA	NA	NA	NA	NA	NA	NA	NA	NA	NA	NA	NA	NA	NA	NA
AG-915-K13	I	SAG	Ia.3.VII	Pelagibacteraceae	Angustipelagibacter	atlanticus	Ia.3.VII	Ia.3.VII	Pelagibacteraceae	Angustipelagibacter	NA	Freel et al. 2025 used genome	Freel et al. 2025 used genome	Freel et al. 2025 used genome	Freel et al. 2025 used genome	direct_literature	direct_literature	direct_literature	direct_literature	NA	NA	NA	NA	NA	NA	NA	NA	NA	NA	NA	NA	NA	NA	NA	NA	NA	NA
AG-892-E08	I	SAG	Ia.3.VII	Pelagibacteraceae	Angustipelagibacter	atlanticus	Ia.3.VII	Ia.3.VII	Pelagibacteraceae	Angustipelagibacter	NA	ANI>=95% and AAI>=95% with AG-899-N21	ANI>=95% and AAI>=95% with AG-899-N21	ANI>=95% and AAI>=95% with AG-899-N21	ANI>=95% and AAI>=95% with AG-899-N21	ANI95_AAI95	ANI95_AAI95	ANI95_AAI95	ANI95_AAI95	NA	NA	NA	NA	NA	NA	NA	NA	NA	NA	NA	NA	NA	NA	NA	AG-899-N21	97.8451	97.31
AG-899-N21	I	SAG	Ia.3.VII	Pelagibacteraceae	Angustipelagibacter	atlanticus	Ia.3.VII	Ia.3.VII	Pelagibacteraceae	Angustipelagibacter	NA	Freel et al. 2025 used genome	Freel et al. 2025 used genome	Freel et al. 2025 used genome	Freel et al. 2025 used genome	direct_literature	direct_literature	direct_literature	direct_literature	NA	NA	NA	NA	NA	NA	NA	NA	NA	NA	NA	NA	NA	NA	NA	NA	NA	NA
AG-914-P23	I	SAG	Ia.3.VII	Pelagibacteraceae	Angustipelagibacter	atlanticus	Ia.3.VII	Ia.3.VII	Pelagibacteraceae	Angustipelagibacter	NA	ANI>=95% and AAI>=95% with AG-359-M21	ANI>=95% and AAI>=95% with AG-359-M21	ANI>=95% and AAI>=95% with AG-359-M21	ANI>=95% and AAI>=95% with AG-359-M21	ANI95_AAI95	ANI95_AAI95	ANI95_AAI95	ANI95_AAI95	NA	NA	NA	NA	NA	NA	NA	NA	NA	NA	NA	NA	NA	NA	NA	AG-359-M21	96.95975	96.9
AG-917-M22	I	SAG	Ia.3.VII	Pelagibacteraceae	Angustipelagibacter	atlanticus	Ia.3.VII	Ia.3.VII	Pelagibacteraceae	Angustipelagibacter	NA	Freel et al. 2025 used genome	Freel et al. 2025 used genome	Freel et al. 2025 used genome	Freel et al. 2025 used genome	direct_literature	direct_literature	direct_literature	direct_literature	NA	NA	NA	NA	NA	NA	NA	NA	NA	NA	NA	NA	NA	NA	NA	NA	NA	NA
AG-414-O11	I	SAG	Ia.3.VII	Pelagibacteraceae	Angustipelagibacter	atlanticus	Ia.3.VII	Ia.3.VII	Pelagibacteraceae	Angustipelagibacter	NA	Freel et al. 2025 used genome	Freel et al. 2025 used genome	Freel et al. 2025 used genome	Freel et al. 2025 used genome	direct_literature	direct_literature	direct_literature	direct_literature	NA	NA	NA	NA	NA	NA	NA	NA	NA	NA	NA	NA	NA	NA	NA	NA	NA	NA
AG-913-C03	I	SAG	Ia.3.VII	Pelagibacteraceae	Angustipelagibacter	atlanticus	Ia.3.VII	Ia.3.VII	Pelagibacteraceae	Angustipelagibacter	NA	Freel et al. 2025 used genome	Freel et al. 2025 used genome	Freel et al. 2025 used genome	Freel et al. 2025 used genome	direct_literature	direct_literature	direct_literature	direct_literature	NA	NA	NA	NA	NA	NA	NA	NA	NA	NA	NA	NA	NA	NA	NA	NA	NA	NA
AG-917-C08	I	SAG	Ia.3.VII	Pelagibacteraceae	Angustipelagibacter	atlanticus	Ia.3.VII	Ia.3.VII	Pelagibacteraceae	Angustipelagibacter	NA	Freel et al. 2025 used genome	Freel et al. 2025 used genome	Freel et al. 2025 used genome	Freel et al. 2025 used genome	direct_literature	direct_literature	direct_literature	direct_literature	NA	NA	NA	NA	NA	NA	NA	NA	NA	NA	NA	NA	NA	NA	NA	NA	NA	NA
AG-917-C11	I	SAG	Ia.3.VII	Pelagibacteraceae	Angustipelagibacter	atlanticus	Ia.3.VII	Ia.3.VII	Pelagibacteraceae	Angustipelagibacter	NA	ANI>=95% and AAI>=95% with AG-917-P07	ANI>=95% and AAI>=95% with AG-917-P07	ANI>=95% and AAI>=95% with AG-917-P07	ANI>=95% and AAI>=95% with AG-917-P07	ANI95_AAI95	ANI95_AAI95	ANI95_AAI95	ANI95_AAI95	NA	NA	NA	NA	NA	NA	NA	NA	NA	NA	NA	NA	NA	NA	NA	AG-917-P07	99.7288	99.83
AG-917-P07	I	SAG	Ia.3.VII	Pelagibacteraceae	Angustipelagibacter	atlanticus	Ia.3.VII	Ia.3.VII	Pelagibacteraceae	Angustipelagibacter	NA	Freel et al. 2025 used genome	Freel et al. 2025 used genome	Freel et al. 2025 used genome	Freel et al. 2025 used genome	direct_literature	direct_literature	direct_literature	direct_literature	NA	NA	NA	NA	NA	NA	NA	NA	NA	NA	NA	NA	NA	NA	NA	NA	NA	NA
AG-913-A04	I	SAG	Ia.3.VII	Pelagibacteraceae	Angustipelagibacter	atlanticus	Ia.3.VII	Ia.3.VII	Pelagibacteraceae	Angustipelagibacter	NA	Freel et al. 2025 used genome	Freel et al. 2025 used genome	Freel et al. 2025 used genome	Freel et al. 2025 used genome	direct_literature	direct_literature	direct_literature	direct_literature	NA	NA	NA	NA	NA	NA	NA	NA	NA	NA	NA	NA	NA	NA	NA	NA	NA	NA
AG-918-L07	I	SAG	Ia.3.VII	Pelagibacteraceae	Angustipelagibacter	atlanticus	Ia.3.VII	Ia.3.VII	Pelagibacteraceae	Angustipelagibacter	NA	Freel et al. 2025 used genome	Freel et al. 2025 used genome	Freel et al. 2025 used genome	Freel et al. 2025 used genome	direct_literature	direct_literature	direct_literature	direct_literature	NA	NA	NA	NA	NA	NA	NA	NA	NA	NA	NA	NA	NA	NA	NA	NA	NA	NA
AG-911-G03	I	SAG	Ia.3.VII	Pelagibacteraceae	Angustipelagibacter	atlanticus	Ia.3.VII	Ia.3.VII	Pelagibacteraceae	Angustipelagibacter	NA	ANI>=95% and AAI>=95% with AG-917-P07	ANI>=95% and AAI>=95% with AG-917-P07	ANI>=95% and AAI>=95% with AG-917-P07	ANI>=95% and AAI>=95% with AG-917-P07	ANI95_AAI95	ANI95_AAI95	ANI95_AAI95	ANI95_AAI95	NA	NA	NA	NA	NA	NA	NA	NA	NA	NA	NA	NA	NA	NA	NA	AG-917-P07	96.46755	96.46
AG-430-E20	I	SAG	Ia.3.VII	Pelagibacteraceae	Angustipelagibacter	atlanticus	Ia.3.VII	Ia.3.VII	Pelagibacteraceae	Angustipelagibacter	atlanticus	Freel et al. 2025 Type Strains	Freel et al. 2025 Type Strains	Freel et al. 2025 Type Strains	Freel et al. 2025 Type Strains	direct_literature	direct_literature	direct_literature	direct_literature	NA	NA	NA	NA	NA	NA	NA	NA	NA	NA	NA	NA	NA	NA	NA	NA	NA	NA
SAG-MED08	I	SAG	Ia.3.VII	Pelagibacteraceae	Angustipelagibacter	atlanticus	Ia.3.VII	Ia.3.VII	Pelagibacteraceae	Angustipelagibacter	NA	Freel et al. 2025 used genome	Freel et al. 2025 used genome	Freel et al. 2025 used genome	Freel et al. 2025 used genome	direct_literature	direct_literature	direct_literature	direct_literature	NA	NA	NA	NA	NA	NA	NA	NA	NA	NA	NA	NA	NA	NA	NA	NA	NA	NA
AG-912-F16	I	SAG	Ia.3.VII	Pelagibacteraceae	Angustipelagibacter	atlanticus	Ia.3.VII	Ia.3.VII	Pelagibacteraceae	Angustipelagibacter	NA	Freel et al. 2025 used genome	Freel et al. 2025 used genome	Freel et al. 2025 used genome	Freel et al. 2025 used genome	direct_literature	direct_literature	direct_literature	direct_literature	NA	NA	NA	NA	NA	NA	NA	NA	NA	NA	NA	NA	NA	NA	NA	NA	NA	NA
AG-903-D02	I	SAG	Ia.3.VII	Pelagibacteraceae	Angustipelagibacter	atlanticus	Ia.3.VII	Ia.3.VII	Pelagibacteraceae	Angustipelagibacter	NA	Freel et al. 2025 used genome	Freel et al. 2025 used genome	Freel et al. 2025 used genome	Freel et al. 2025 used genome	direct_literature	direct_literature	direct_literature	direct_literature	NA	NA	NA	NA	NA	NA	NA	NA	NA	NA	NA	NA	NA	NA	NA	NA	NA	NA
AG-894-C14	I	SAG	Ia.3.VII	Pelagibacteraceae	Angustipelagibacter	atlanticus	Ia.3.VII	Ia.3.VII	Pelagibacteraceae	Angustipelagibacter	NA	Freel et al. 2025 used genome	Freel et al. 2025 used genome	Freel et al. 2025 used genome	Freel et al. 2025 used genome	direct_literature	direct_literature	direct_literature	direct_literature	NA	NA	NA	NA	NA	NA	NA	NA	NA	NA	NA	NA	NA	NA	NA	NA	NA	NA
AG-918-L21	I	SAG	Ia.3.VII	Pelagibacteraceae	Angustipelagibacter	atlanticus	Ia.3.VII	Ia.3.VII	Pelagibacteraceae	Angustipelagibacter	NA	Freel et al. 2025 used genome	Freel et al. 2025 used genome	Freel et al. 2025 used genome	Freel et al. 2025 used genome	direct_literature	direct_literature	direct_literature	direct_literature	NA	NA	NA	NA	NA	NA	NA	NA	NA	NA	NA	NA	NA	NA	NA	NA	NA	NA
AG-916-M15	I	SAG	Ia.3.VII	Pelagibacteraceae	Angustipelagibacter	atlanticus	Ia.3.VII	Ia.3.VII	Pelagibacteraceae	Angustipelagibacter	NA	Freel et al. 2025 used genome	Freel et al. 2025 used genome	Freel et al. 2025 used genome	Freel et al. 2025 used genome	direct_literature	direct_literature	direct_literature	direct_literature	NA	NA	NA	NA	NA	NA	NA	NA	NA	NA	NA	NA	NA	NA	NA	NA	NA	NA
AG-917-I17	I	SAG	Ia.3.VII	Pelagibacteraceae	Angustipelagibacter	atlanticus	Ia.3.VII	Ia.3.VII	Pelagibacteraceae	Angustipelagibacter	NA	Freel et al. 2025 used genome	Freel et al. 2025 used genome	Freel et al. 2025 used genome	Freel et al. 2025 used genome	direct_literature	direct_literature	direct_literature	direct_literature	NA	NA	NA	NA	NA	NA	NA	NA	NA	NA	NA	NA	NA	NA	NA	NA	NA	NA
AG-918-K09	I	SAG	Ia.3.VII	Pelagibacteraceae	Angustipelagibacter	atlanticus	Ia.3.VII	Ia.3.VII	Pelagibacteraceae	Angustipelagibacter	NA	Freel et al. 2025 used genome	Freel et al. 2025 used genome	Freel et al. 2025 used genome	Freel et al. 2025 used genome	direct_literature	direct_literature	direct_literature	direct_literature	NA	NA	NA	NA	NA	NA	NA	NA	NA	NA	NA	NA	NA	NA	NA	NA	NA	NA
AG-390-I15	I	SAG	Ia.3.VII	Pelagibacteraceae	Angustipelagibacter	NA	Ia.3.VII	Ia.3.VII	Pelagibacteraceae	Angustipelagibacter	NA	Freel et al. 2025 used genome	Freel et al. 2025 used genome	Freel et al. 2025 used genome	NA	direct_literature	direct_literature	direct_literature	NA	NA	NA	NA	NA	NA	NA	NA	NA	NA	NA	NA	NA	NA	NA	NA	NA	NA	NA
SAG-MED22	I	SAG	Ia.3.VII	Pelagibacteraceae	Angustipelagibacter	NA	Ia.3.VII	Ia.3.VII	Pelagibacteraceae	Angustipelagibacter	NA	Freel et al. 2025 used genome	Freel et al. 2025 used genome	Freel et al. 2025 used genome	NA	direct_literature	direct_literature	direct_literature	NA	NA	NA	NA	NA	NA	NA	NA	NA	NA	NA	NA	NA	NA	NA	NA	NA	NA	NA
AG-470-D02	I	SAG	Ia.3.VII	Pelagibacteraceae	Angustipelagibacter	NA	Ia.3.VII	Ia.3.VII	Pelagibacteraceae	Angustipelagibacter	NA	Dual-tree crown interpolation (high confidence)	Dual-tree crown interpolation (high confidence)	Dual-tree crown interpolation (high confidence)	NA	topology_high	topology_high	topology_high	NA	663	690	663	690	663	690	0.99	0.98	0.99	0.98	0.99	0.98	0.98	0.98	0.98	NA	NA	NA
AG-891-J07	I	SAG	Ia.3.VII	Pelagibacteraceae	Angustipelagibacter	NA	Ia.3.VII	Ia.3.VII	Pelagibacteraceae	Angustipelagibacter	NA	Freel et al. 2025 used genome	Freel et al. 2025 used genome	Freel et al. 2025 used genome	NA	direct_literature	direct_literature	direct_literature	NA	NA	NA	NA	NA	NA	NA	NA	NA	NA	NA	NA	NA	NA	NA	NA	NA	NA	NA
AG-457-B14	I	SAG	Ia.3.VII	Pelagibacteraceae	Angustipelagibacter	NA	Ia.3.VII	Ia.3.VII	Pelagibacteraceae	Angustipelagibacter	NA	Dual-tree crown interpolation (high confidence)	Dual-tree crown interpolation (high confidence)	Dual-tree crown interpolation (high confidence)	NA	topology_high	topology_high	topology_high	NA	663	690	663	690	663	690	0.99	0.98	0.99	0.98	0.99	0.98	0.98	0.98	0.98	NA	NA	NA
AG-899-J02	I	SAG	Ia.3.VII	Pelagibacteraceae	Angustipelagibacter	NA	Ia.3.VII	Ia.3.VII	Pelagibacteraceae	Angustipelagibacter	NA	Freel et al. 2025 used genome	Freel et al. 2025 used genome	Freel et al. 2025 used genome	NA	direct_literature	direct_literature	direct_literature	NA	NA	NA	NA	NA	NA	NA	NA	NA	NA	NA	NA	NA	NA	NA	NA	NA	NA	NA
AG-390-J21	I	SAG	Ia.4.II	Pelagibacteraceae	Lacunipelagibacter	NA	Ia.4	Ia.4.II	Pelagibacteraceae	Lacunapelagibacter	NA	Dual-tree crown interpolation (provisional)	Dual-tree crown interpolation (provisional)	Dual-tree crown interpolation (provisional)	NA	topology_provisional	topology_provisional	topology_provisional	NA	788	782	788	782	788	782	0.93	0.99	0.93	0.99	0.93	0.99	0.93	0.93	0.93	NA	NA	NA
AG-894-B07	I	SAG	Ia.4.II	Pelagibacteraceae	Lacunipelagibacter	NA	Ia.4	Ia.4.II	Pelagibacteraceae	Lacunapelagibacter	NA	Freel et al. 2025 used genome	Freel et al. 2025 used genome	Freel et al. 2025 used genome	NA	direct_literature	direct_literature	direct_literature	NA	NA	NA	NA	NA	NA	NA	NA	NA	NA	NA	NA	NA	NA	NA	NA	NA	NA	NA
AG-447-N18	I	SAG	Ia.4.II	Pelagibacteraceae	Lacunipelagibacter	NA	Ia.4	Ia.4.II	Pelagibacteraceae	Lacunapelagibacter	NA	Freel et al. 2025 used genome	Freel et al. 2025 used genome	Freel et al. 2025 used genome	NA	direct_literature	direct_literature	direct_literature	NA	NA	NA	NA	NA	NA	NA	NA	NA	NA	NA	NA	NA	NA	NA	NA	NA	NA	NA
AG-919-L02	I	SAG	Ia.4.II	Pelagibacteraceae	Lacunipelagibacter	NA	Ia.4	Ia.4.II	Pelagibacteraceae	Lacunapelagibacter	NA	Freel et al. 2025 used genome	Freel et al. 2025 used genome	Freel et al. 2025 used genome	NA	direct_literature	direct_literature	direct_literature	NA	NA	NA	NA	NA	NA	NA	NA	NA	NA	NA	NA	NA	NA	NA	NA	NA	NA	NA
HIMB1437	I	isolate	Ia.4.II	Pelagibacteraceae	Lacunipelagibacter	aumakalihii	Ia.4	Ia.4.II	Pelagibacteraceae	Lacunapelagibacter	akoakoaensis	Freel et al. 2025 Type Strains	Freel et al. 2025 Type Strains	Freel et al. 2025 Type Strains	Freel et al. 2025 Type Strains	direct_literature	direct_literature	direct_literature	direct_literature	NA	NA	NA	NA	NA	NA	NA	NA	NA	NA	NA	NA	NA	NA	NA	NA	NA	NA
AG-905-E10	I	SAG	Ia.4.II	Pelagibacteraceae	Lacunipelagibacter	NA	Ia.4	Ia.4.II	Pelagibacteraceae	Lacunapelagibacter	NA	Dual-tree crown interpolation (provisional)	Dual-tree crown interpolation (provisional)	Dual-tree crown interpolation (provisional)	NA	topology_provisional	topology_provisional	topology_provisional	NA	794	779	794	779	794	779	0.74	0.87	0.74	0.87	0.74	0.87	0.74	0.74	0.74	NA	NA	NA
AG-917-K06	I	SAG	Ia.4.II	Pelagibacteraceae	Lacunipelagibacter	NA	Ia.4	Ia.4.II	Pelagibacteraceae	Lacunapelagibacter	NA	Freel et al. 2025 used genome	Freel et al. 2025 used genome	Freel et al. 2025 used genome	NA	direct_literature	direct_literature	direct_literature	NA	NA	NA	NA	NA	NA	NA	NA	NA	NA	NA	NA	NA	NA	NA	NA	NA	NA	NA
HIMB1863	I	isolate	Ia.4.II	Pelagibacteraceae	Lacunipelagibacter	NA	Ia.4	Ia.4.II	Pelagibacteraceae	Lacunapelagibacter	NA	Freel et al. 2025 used genome	Freel et al. 2025 used genome	Freel et al. 2025 used genome	NA	direct_literature	direct_literature	direct_literature	NA	NA	NA	NA	NA	NA	NA	NA	NA	NA	NA	NA	NA	NA	NA	NA	NA	NA	NA
AH-287-G05	I	SAG	Ia.4.II	Pelagibacteraceae	Lacunipelagibacter	NA	Ia.4	Ia.4.II	Pelagibacteraceae	Lacunapelagibacter	NA	Freel et al. 2025 used genome	Freel et al. 2025 used genome	Freel et al. 2025 used genome	NA	direct_literature	direct_literature	direct_literature	NA	NA	NA	NA	NA	NA	NA	NA	NA	NA	NA	NA	NA	NA	NA	NA	NA	NA	NA
AH-321-M13	I	SAG	Ia.4.II	Pelagibacteraceae	Lacunipelagibacter	NA	Ia.4	Ia.4.II	Pelagibacteraceae	Lacunapelagibacter	NA	Freel et al. 2025 used genome	Freel et al. 2025 used genome	Freel et al. 2025 used genome	NA	direct_literature	direct_literature	direct_literature	NA	NA	NA	NA	NA	NA	NA	NA	NA	NA	NA	NA	NA	NA	NA	NA	NA	NA	NA
AH-321-D17	I	SAG	Ia.4.II	Pelagibacteraceae	Lacunipelagibacter	NA	Ia.4	Ia.4.II	Pelagibacteraceae	Lacunapelagibacter	NA	Freel et al. 2025 used genome	Freel et al. 2025 used genome	Freel et al. 2025 used genome	NA	direct_literature	direct_literature	direct_literature	NA	NA	NA	NA	NA	NA	NA	NA	NA	NA	NA	NA	NA	NA	NA	NA	NA	NA	NA
HIMB2104	I	isolate	Ia.4.II	Pelagibacteraceae	Lacunipelagibacter	NA	Ia.4	Ia.4.II	Pelagibacteraceae	Lacunapelagibacter	NA	Freel et al. 2025 used genome	Freel et al. 2025 used genome	Freel et al. 2025 used genome	NA	direct_literature	direct_literature	direct_literature	NA	NA	NA	NA	NA	NA	NA	NA	NA	NA	NA	NA	NA	NA	NA	NA	NA	NA	NA
HIMB2200	I	isolate	Ia.4.II	Pelagibacteraceae	Lacunipelagibacter	NA	Ia.4	Ia.4.II	Pelagibacteraceae	Lacunapelagibacter	NA	Freel et al. 2025 used genome	Freel et al. 2025 used genome	Freel et al. 2025 used genome	NA	direct_literature	direct_literature	direct_literature	NA	NA	NA	NA	NA	NA	NA	NA	NA	NA	NA	NA	NA	NA	NA	NA	NA	NA	NA
AG-918-G06	I	SAG	Ia.4.II	Pelagibacteraceae	Lacunipelagibacter	NA	Ia.4	Ia.4.II	Pelagibacteraceae	Lacunapelagibacter	NA	Freel et al. 2025 used genome	Freel et al. 2025 used genome	Freel et al. 2025 used genome	NA	direct_literature	direct_literature	direct_literature	NA	NA	NA	NA	NA	NA	NA	NA	NA	NA	NA	NA	NA	NA	NA	NA	NA	NA	NA
HIMB2215	I	isolate	Ia.4.II	Pelagibacteraceae	Lacunipelagibacter	NA	Ia.4	Ia.4.II	Pelagibacteraceae	Lacunapelagibacter	NA	Freel et al. 2025 used genome	Freel et al. 2025 used genome	Freel et al. 2025 used genome	NA	direct_literature	direct_literature	direct_literature	NA	NA	NA	NA	NA	NA	NA	NA	NA	NA	NA	NA	NA	NA	NA	NA	NA	NA	NA
AG-919-C02	I	SAG	Ia.4.II	Pelagibacteraceae	Lacunipelagibacter	NA	Ia.4	Ia.4.II	Pelagibacteraceae	Lacunapelagibacter	NA	Freel et al. 2025 used genome	Freel et al. 2025 used genome	Freel et al. 2025 used genome	NA	direct_literature	direct_literature	direct_literature	NA	NA	NA	NA	NA	NA	NA	NA	NA	NA	NA	NA	NA	NA	NA	NA	NA	NA	NA
HIMB2204	I	isolate	Ia.4.II	Pelagibacteraceae	Lacunipelagibacter	NA	Ia.4	Ia.4.II	Pelagibacteraceae	Lacunapelagibacter	NA	Freel et al. 2025 used genome	Freel et al. 2025 used genome	Freel et al. 2025 used genome	NA	direct_literature	direct_literature	direct_literature	NA	NA	NA	NA	NA	NA	NA	NA	NA	NA	NA	NA	NA	NA	NA	NA	NA	NA	NA
AG-891-C15	I	SAG	Ia.4.II	Pelagibacteraceae	Lacunipelagibacter	NA	Ia.4	Ia.4.II	Pelagibacteraceae	Lacunapelagibacter	NA	Freel et al. 2025 used genome	Freel et al. 2025 used genome	Freel et al. 2025 used genome	NA	direct_literature	direct_literature	direct_literature	NA	NA	NA	NA	NA	NA	NA	NA	NA	NA	NA	NA	NA	NA	NA	NA	NA	NA	NA
AG-896-K10	I	SAG	Ia.4.II	Pelagibacteraceae	Lacunipelagibacter	NA	Ia.4	Ia.4.II	Pelagibacteraceae	Lacunapelagibacter	NA	Freel et al. 2025 used genome	Freel et al. 2025 used genome	Freel et al. 2025 used genome	NA	direct_literature	direct_literature	direct_literature	NA	NA	NA	NA	NA	NA	NA	NA	NA	NA	NA	NA	NA	NA	NA	NA	NA	NA	NA
AG-903-F09	I	SAG	Ia.4.II	Pelagibacteraceae	Lacunipelagibacter	NA	Ia.4	Ia.4.II	Pelagibacteraceae	Lacunapelagibacter	NA	Freel et al. 2025 used genome	Freel et al. 2025 used genome	Freel et al. 2025 used genome	NA	direct_literature	direct_literature	direct_literature	NA	NA	NA	NA	NA	NA	NA	NA	NA	NA	NA	NA	NA	NA	NA	NA	NA	NA	NA
AG-903-O08	I	SAG	Ia.4.II	Pelagibacteraceae	Lacunipelagibacter	NA	Ia.4	Ia.4.II	Pelagibacteraceae	Lacunapelagibacter	NA	Freel et al. 2025 used genome	Freel et al. 2025 used genome	Freel et al. 2025 used genome	NA	direct_literature	direct_literature	direct_literature	NA	NA	NA	NA	NA	NA	NA	NA	NA	NA	NA	NA	NA	NA	NA	NA	NA	NA	NA
HIMB1402	I	isolate	Ia.4.II	Pelagibacteraceae	Lacunipelagibacter	NA	Ia.4	Ia.4.II	Pelagibacteraceae	Lacunapelagibacter	NA	Freel et al. 2025 used genome	Freel et al. 2025 used genome	Freel et al. 2025 used genome	NA	direct_literature	direct_literature	direct_literature	NA	NA	NA	NA	NA	NA	NA	NA	NA	NA	NA	NA	NA	NA	NA	NA	NA	NA	NA
HIMB1838	I	isolate	Ia.4.II	Pelagibacteraceae	Lacunipelagibacter	NA	Ia.4	Ia.4.II	Pelagibacteraceae	Lacunapelagibacter	NA	Freel et al. 2025 used genome	Freel et al. 2025 used genome	Freel et al. 2025 used genome	NA	direct_literature	direct_literature	direct_literature	NA	NA	NA	NA	NA	NA	NA	NA	NA	NA	NA	NA	NA	NA	NA	NA	NA	NA	NA
HIMB1835	I	isolate	Ia.4.II	Pelagibacteraceae	Lacunipelagibacter	NA	Ia.4	Ia.4.II	Pelagibacteraceae	Lacunapelagibacter	NA	Freel et al. 2025 used genome	Freel et al. 2025 used genome	Freel et al. 2025 used genome	NA	direct_literature	direct_literature	direct_literature	NA	NA	NA	NA	NA	NA	NA	NA	NA	NA	NA	NA	NA	NA	NA	NA	NA	NA	NA
AG-917-O20	I	SAG	NA	Pelagibacteraceae	NA	NA	Ia.4	Ia.4.II	Pelagibacteraceae	Lacunapelagibacter	NA	NA	Dual-tree crown interpolation (provisional)	NA	NA	NA	topology_provisional	NA	NA	778	794	NA	NA	NA	NA	0.89	0.88	NA	NA	NA	NA	0.88	NA	NA	NA	NA	NA
AG-905-G04	I	SAG	NA	Pelagibacteraceae	NA	NA	Ia.4	Ia.4.II	Pelagibacteraceae	Lacunapelagibacter	NA	NA	Dual-tree crown interpolation (provisional)	NA	NA	NA	topology_provisional	NA	NA	778	767	NA	NA	NA	NA	0.89	1	NA	NA	NA	NA	0.89	NA	NA	NA	NA	NA
HIMB1483	I	isolate	Ia.4.N1	Pelagibacteraceae	Alipelagibacter	loemeaikii	Ia.4	Ia.4.N4	Pelagibacteraceae	Semelpelagibacter	loemeaikii	Freel et al. 2025 Type Strains	Freel et al. 2025 Type Strains	Freel et al. 2025 Type Strains	Freel et al. 2025 Type Strains	direct_literature	direct_literature	direct_literature	direct_literature	NA	NA	NA	NA	NA	NA	NA	NA	NA	NA	NA	NA	NA	NA	NA	NA	NA	NA
AG-359-D09	I	SAG	Ia.4.N4	Pelagibacteraceae	Punctipelagibacter	variabilis	Ia.4	Ia.4.N4	Pelagibacteraceae	Punctumpelagibacter	variabilis	Freel et al. 2025 Type Strains	Freel et al. 2025 Type Strains	Freel et al. 2025 Type Strains	Freel et al. 2025 Type Strains	direct_literature	direct_literature	direct_literature	direct_literature	NA	NA	NA	NA	NA	NA	NA	NA	NA	NA	NA	NA	NA	NA	NA	NA	NA	NA
AH-321-L23	I	SAG	Ia.4.N4	Pelagibacteraceae	Punctipelagibacter	NA	Ia.4	Ia.4.N4	Pelagibacteraceae	Punctumpelagibacter	NA	Freel et al. 2025 used genome	Freel et al. 2025 used genome	Freel et al. 2025 used genome	NA	direct_literature	direct_literature	direct_literature	NA	NA	NA	NA	NA	NA	NA	NA	NA	NA	NA	NA	NA	NA	NA	NA	NA	NA	NA
AH-321-P04	I	SAG	Ia.4.N4	Pelagibacteraceae	Punctipelagibacter	NA	Ia.4	Ia.4.N4	Pelagibacteraceae	Punctumpelagibacter	NA	Freel et al. 2025 used genome	Freel et al. 2025 used genome	Freel et al. 2025 used genome	NA	direct_literature	direct_literature	direct_literature	NA	NA	NA	NA	NA	NA	NA	NA	NA	NA	NA	NA	NA	NA	NA	NA	NA	NA	NA
AG-896-C18	I	SAG	NA	Pelagibacteraceae	NA	NA	Ia.4	Ia.4.N4	Pelagibacteraceae	Punctumpelagibacter	NA	NA	Dual-tree crown interpolation (provisional)	NA	NA	NA	topology_provisional	NA	NA	760	802	NA	NA	NA	NA	0.82	1	NA	NA	NA	NA	0.82	NA	NA	NA	NA	NA
AG-390-E04	I	SAG	NA	Pelagibacteraceae	NA	NA	Ia.4	Ia.4.N4	Pelagibacteraceae	Punctumpelagibacter	NA	NA	Dual-tree crown interpolation (provisional)	NA	NA	NA	topology_provisional	NA	NA	759	802	NA	NA	NA	NA	0.94	1	NA	NA	NA	NA	0.94	NA	NA	NA	NA	NA
AH-287-E08	I	SAG	NA	Pelagibacteraceae	NA	NA	Ia.4	Ia.4.N4	Pelagibacteraceae	Punctumpelagibacter	NA	NA	Dual-tree crown interpolation (provisional)	NA	NA	NA	topology_provisional	NA	NA	759	802	NA	NA	NA	NA	0.94	1	NA	NA	NA	NA	0.94	NA	NA	NA	NA	NA
AG-422-C13	I	SAG	NA	Pelagibacteraceae	NA	NA	Ia.4	Ia.4.N4	Pelagibacteraceae	Punctumpelagibacter	NA	NA	Dual-tree crown interpolation (provisional)	NA	NA	NA	topology_provisional	NA	NA	759	802	NA	NA	NA	NA	0.94	1	NA	NA	NA	NA	0.94	NA	NA	NA	NA	NA
AG-337-D17	I	SAG	Ia.4.N5	Pelagibacteraceae	Tantillipelagibacter	NA	Ia.4	Ia.4.N5	Pelagibacteraceae	Tantilluspelagibacter	NA	Freel et al. 2025 used genome	Freel et al. 2025 used genome	Freel et al. 2025 used genome	NA	direct_literature	direct_literature	direct_literature	NA	NA	NA	NA	NA	NA	NA	NA	NA	NA	NA	NA	NA	NA	NA	NA	NA	NA	NA
AG-897-G15	I	SAG	Ia.4.N5	Pelagibacteraceae	Tantillipelagibacter	NA	Ia.4	Ia.4.N5	Pelagibacteraceae	Tantilluspelagibacter	NA	Freel et al. 2025 used genome	Freel et al. 2025 used genome	Freel et al. 2025 used genome	NA	direct_literature	direct_literature	direct_literature	NA	NA	NA	NA	NA	NA	NA	NA	NA	NA	NA	NA	NA	NA	NA	NA	NA	NA	NA
RS39	I	isolate	Ia.4.N5	Pelagibacteraceae	Tantillipelagibacter	NA	Ia.4	Ia.4.N5	Pelagibacteraceae	Tantilluspelagibacter	NA	Freel et al. 2025 used genome	Freel et al. 2025 used genome	Freel et al. 2025 used genome	NA	direct_literature	direct_literature	direct_literature	NA	NA	NA	NA	NA	NA	NA	NA	NA	NA	NA	NA	NA	NA	NA	NA	NA	NA	NA
AG-447-F10	I	SAG	Ia.4.N5	Pelagibacteraceae	Tantillipelagibacter	NA	Ia.4	Ia.4.N5	Pelagibacteraceae	Tantilluspelagibacter	NA	Freel et al. 2025 used genome	Freel et al. 2025 used genome	Freel et al. 2025 used genome	NA	direct_literature	direct_literature	direct_literature	NA	NA	NA	NA	NA	NA	NA	NA	NA	NA	NA	NA	NA	NA	NA	NA	NA	NA	NA
AG-907-C04	I	SAG	Ia.4.N5	Pelagibacteraceae	Tantillipelagibacter	NA	Ia.4	Ia.4.N5	Pelagibacteraceae	Tantilluspelagibacter	NA	Freel et al. 2025 used genome	Freel et al. 2025 used genome	Freel et al. 2025 used genome	NA	direct_literature	direct_literature	direct_literature	NA	NA	NA	NA	NA	NA	NA	NA	NA	NA	NA	NA	NA	NA	NA	NA	NA	NA	NA
AG-896-L20	I	SAG	Ia.4.N5	Pelagibacteraceae	Tantillipelagibacter	NA	Ia.4	Ia.4.N5	Pelagibacteraceae	Tantilluspelagibacter	NA	Freel et al. 2025 used genome	Freel et al. 2025 used genome	Freel et al. 2025 used genome	NA	direct_literature	direct_literature	direct_literature	NA	NA	NA	NA	NA	NA	NA	NA	NA	NA	NA	NA	NA	NA	NA	NA	NA	NA	NA
AG-916-A16	I	SAG	Ia.4.N5	Pelagibacteraceae	Tantillipelagibacter	NA	Ia.4	Ia.4.N5	Pelagibacteraceae	Tantilluspelagibacter	NA	Freel et al. 2025 used genome	Freel et al. 2025 used genome	Freel et al. 2025 used genome	NA	direct_literature	direct_literature	direct_literature	NA	NA	NA	NA	NA	NA	NA	NA	NA	NA	NA	NA	NA	NA	NA	NA	NA	NA	NA
AG-909-J05	I	SAG	Ia.4.N5	Pelagibacteraceae	Tantillipelagibacter	NA	Ia.4	Ia.4.N5	Pelagibacteraceae	Tantilluspelagibacter	NA	Dual-tree crown interpolation (high confidence)	Dual-tree crown interpolation (high confidence)	Dual-tree crown interpolation (high confidence)	NA	topology_high	topology_high	topology_high	NA	728	732	728	732	728	732	0.97	1	0.97	1	0.97	1	0.97	0.97	0.97	NA	NA	NA
AG-893-I20	I	SAG	Ia.4.N5	Pelagibacteraceae	Tantillipelagibacter	NA	Ia.4	Ia.4.N5	Pelagibacteraceae	Tantilluspelagibacter	NA	Dual-tree crown interpolation (provisional)	Dual-tree crown interpolation (provisional)	Dual-tree crown interpolation (provisional)	NA	topology_provisional	topology_provisional	topology_provisional	NA	732	735	732	735	732	735	0.93	1	0.93	1	0.93	1	0.93	0.93	0.93	NA	NA	NA
AG-899-J23	I	SAG	Ia.4.N5	Pelagibacteraceae	Tantillipelagibacter	NA	Ia.4	Ia.4.N5	Pelagibacteraceae	Tantilluspelagibacter	NA	Freel et al. 2025 used genome	Freel et al. 2025 used genome	Freel et al. 2025 used genome	NA	direct_literature	direct_literature	direct_literature	NA	NA	NA	NA	NA	NA	NA	NA	NA	NA	NA	NA	NA	NA	NA	NA	NA	NA	NA
HIMB1436	I	isolate	Ia.4.N5	Pelagibacteraceae	Tantillipelagibacter	marisrubii	Ia.4	Ia.4.N5	Pelagibacteraceae	Tantilluspelagibacter	marisrubii	Freel et al. 2025 Type Strains	Freel et al. 2025 Type Strains	Freel et al. 2025 Type Strains	Freel et al. 2025 Type Strains	direct_literature	direct_literature	direct_literature	direct_literature	NA	NA	NA	NA	NA	NA	NA	NA	NA	NA	NA	NA	NA	NA	NA	NA	NA	NA
AG-909-G08	I	SAG	Ia.4.N5	Pelagibacteraceae	Tantillipelagibacter	NA	Ia.4	Ia.4.N5	Pelagibacteraceae	Tantilluspelagibacter	NA	Freel et al. 2025 used genome	Freel et al. 2025 used genome	Freel et al. 2025 used genome	NA	direct_literature	direct_literature	direct_literature	NA	NA	NA	NA	NA	NA	NA	NA	NA	NA	NA	NA	NA	NA	NA	NA	NA	NA	NA
AG-359-G22	I	SAG	Ia.4.N5	Pelagibacteraceae	Tantillipelagibacter	NA	Ia.4	Ia.4.N5	Pelagibacteraceae	Tantilluspelagibacter	NA	Dual-tree crown interpolation (high confidence)	Dual-tree crown interpolation (high confidence)	Dual-tree crown interpolation (high confidence)	NA	topology_high	topology_high	topology_high	NA	736	737	736	737	736	737	1	1	1	1	1	1	1	1	1	NA	NA	NA
AG-447-P22	I	SAG	Ia.4.N5	Pelagibacteraceae	Tantillipelagibacter	NA	Ia.4	Ia.4.N5	Pelagibacteraceae	Tantilluspelagibacter	NA	Freel et al. 2025 used genome	Freel et al. 2025 used genome	Freel et al. 2025 used genome	NA	direct_literature	direct_literature	direct_literature	NA	NA	NA	NA	NA	NA	NA	NA	NA	NA	NA	NA	NA	NA	NA	NA	NA	NA	NA
AG-426-D09	I	SAG	Ia.4.N5	Pelagibacteraceae	Tantillipelagibacter	NA	Ia.4	Ia.4.N5	Pelagibacteraceae	Tantilluspelagibacter	NA	Freel et al. 2025 used genome	Freel et al. 2025 used genome	Freel et al. 2025 used genome	NA	direct_literature	direct_literature	direct_literature	NA	NA	NA	NA	NA	NA	NA	NA	NA	NA	NA	NA	NA	NA	NA	NA	NA	NA	NA
AG-910-B05	I	SAG	Ia.4.N5	Pelagibacteraceae	Tantillipelagibacter	NA	Ia.4	Ia.4.N5	Pelagibacteraceae	Tantilluspelagibacter	NA	Freel et al. 2025 used genome	Freel et al. 2025 used genome	Freel et al. 2025 used genome	NA	direct_literature	direct_literature	direct_literature	NA	NA	NA	NA	NA	NA	NA	NA	NA	NA	NA	NA	NA	NA	NA	NA	NA	NA	NA
AG-894-K14	I	SAG	Ia.4.N5	Pelagibacteraceae	Tantillipelagibacter	NA	Ia.4	Ia.4.N5	Pelagibacteraceae	Tantilluspelagibacter	NA	Freel et al. 2025 used genome	Freel et al. 2025 used genome	Freel et al. 2025 used genome	NA	direct_literature	direct_literature	direct_literature	NA	NA	NA	NA	NA	NA	NA	NA	NA	NA	NA	NA	NA	NA	NA	NA	NA	NA	NA
AG-911-E04	I	SAG	Ia.4.N5	Pelagibacteraceae	Tantillipelagibacter	NA	Ia.4	Ia.4.N5	Pelagibacteraceae	Tantilluspelagibacter	NA	Dual-tree crown interpolation (high confidence)	Dual-tree crown interpolation (high confidence)	Dual-tree crown interpolation (high confidence)	NA	topology_high	topology_high	topology_high	NA	738	723	738	723	738	723	0.98	1	0.98	1	0.98	1	0.98	0.98	0.98	NA	NA	NA
HIMB2226	I	isolate	Ia.4.N5	Pelagibacteraceae	Tantillipelagibacter	NA	Ia.4	Ia.4.N5	Pelagibacteraceae	Tantilluspelagibacter	NA	Freel et al. 2025 used genome	Freel et al. 2025 used genome	Freel et al. 2025 used genome	NA	direct_literature	direct_literature	direct_literature	NA	NA	NA	NA	NA	NA	NA	NA	NA	NA	NA	NA	NA	NA	NA	NA	NA	NA	NA
AG-447-B22	I	SAG	Ia.4.N5	Pelagibacteraceae	Tantillipelagibacter	NA	Ia.4	Ia.4.N5	Pelagibacteraceae	Tantilluspelagibacter	NA	Dual-tree crown interpolation (provisional)	Dual-tree crown interpolation (provisional)	Dual-tree crown interpolation (provisional)	NA	topology_provisional	topology_provisional	topology_provisional	NA	741	741	741	741	741	741	1	0.94	1	0.94	1	0.94	0.94	0.94	0.94	NA	NA	NA
AG-919-O02	I	SAG	Ia.4.N5	Pelagibacteraceae	Tantillipelagibacter	NA	Ia.4	Ia.4.N5	Pelagibacteraceae	Tantilluspelagibacter	NA	Freel et al. 2025 used genome	Freel et al. 2025 used genome	Freel et al. 2025 used genome	NA	direct_literature	direct_literature	direct_literature	NA	NA	NA	NA	NA	NA	NA	NA	NA	NA	NA	NA	NA	NA	NA	NA	NA	NA	NA
AH-287-J18	I	SAG	Ia.4.N5	Pelagibacteraceae	Tantillipelagibacter	NA	Ia.4	Ia.4.N5	Pelagibacteraceae	Tantilluspelagibacter	NA	Freel et al. 2025 used genome	Freel et al. 2025 used genome	Freel et al. 2025 used genome	NA	direct_literature	direct_literature	direct_literature	NA	NA	NA	NA	NA	NA	NA	NA	NA	NA	NA	NA	NA	NA	NA	NA	NA	NA	NA
HIMB2187	I	isolate	Ia.4.N5	Pelagibacteraceae	Tantillipelagibacter	NA	Ia.4	Ia.4.N5	Pelagibacteraceae	Tantilluspelagibacter	NA	Freel et al. 2025 used genome	Freel et al. 2025 used genome	Freel et al. 2025 used genome	NA	direct_literature	direct_literature	direct_literature	NA	NA	NA	NA	NA	NA	NA	NA	NA	NA	NA	NA	NA	NA	NA	NA	NA	NA	NA
AG-919-A21	I	SAG	NA	Pelagibacteraceae	NA	NA	Ia.4	Ia.4.N5	Pelagibacteraceae	Tantilluspelagibacter	NA	NA	Dual-tree crown interpolation (high confidence)	NA	NA	NA	topology_high	NA	NA	721	717	NA	NA	NA	NA	0.96	1	NA	NA	NA	NA	0.96	NA	NA	NA	NA	NA
AG-895-K10	I	SAG	Ia.4.N6	Pelagibacteraceae	Colligatipelagibacter	wilhelmii	Ia.4	Ia.4.N6	Pelagibacteraceae	Colligopelagibacter	wilhelmii	Freel et al. 2025 Type Strains	Freel et al. 2025 Type Strains	Freel et al. 2025 Type Strains	Freel et al. 2025 Type Strains	direct_literature	direct_literature	direct_literature	direct_literature	NA	NA	NA	NA	NA	NA	NA	NA	NA	NA	NA	NA	NA	NA	NA	NA	NA	NA
AG-899-M07	I	SAG	Ia.4.N6	Pelagibacteraceae	Colligatipelagibacter	NA	Ia.4	Ia.4.N6	Pelagibacteraceae	Colligopelagibacter	NA	Freel et al. 2025 used genome	Freel et al. 2025 used genome	Freel et al. 2025 used genome	NA	direct_literature	direct_literature	direct_literature	NA	NA	NA	NA	NA	NA	NA	NA	NA	NA	NA	NA	NA	NA	NA	NA	NA	NA	NA
AG-905-A07	I	SAG	Ia.4.N6	Pelagibacteraceae	Colligatipelagibacter	NA	Ia.4	Ia.4.N6	Pelagibacteraceae	Colligopelagibacter	NA	Freel et al. 2025 used genome	Freel et al. 2025 used genome	Freel et al. 2025 used genome	NA	direct_literature	direct_literature	direct_literature	NA	NA	NA	NA	NA	NA	NA	NA	NA	NA	NA	NA	NA	NA	NA	NA	NA	NA	NA
AG-919-F03	I	SAG	Ia.4.N6	Pelagibacteraceae	Colligatipelagibacter	NA	Ia.4	Ia.4.N6	Pelagibacteraceae	Colligopelagibacter	NA	Freel et al. 2025 used genome	Freel et al. 2025 used genome	Freel et al. 2025 used genome	NA	direct_literature	direct_literature	direct_literature	NA	NA	NA	NA	NA	NA	NA	NA	NA	NA	NA	NA	NA	NA	NA	NA	NA	NA	NA
BACL5_MAG-120820-bin39	I	MAG	NA	Pelagibacteraceae	NA	NA	Ia.5	Ia.5	Pelagibacteraceae	NA	NA	NA	Dual-tree crown interpolation (high confidence)	NA	NA	NA	topology_high	NA	NA	553	553	NA	NA	NA	NA	0.99	1	NA	NA	NA	NA	0.99	NA	NA	NA	NA	NA
BACL5_MAG-121015-bin10	I	MAG	NA	Pelagibacteraceae	NA	NA	Ia.5	Ia.5	Pelagibacteraceae	NA	NA	NA	Dual-tree crown interpolation (high confidence)	NA	NA	NA	topology_high	NA	NA	553	553	NA	NA	NA	NA	0.99	1	NA	NA	NA	NA	0.99	NA	NA	NA	NA	NA
Baikal-G1	I	MAG	NA	Pelagibacteraceae	NA	NA	Ia.5	Ia.5	Pelagibacteraceae	NA	NA	NA	Dual-tree crown interpolation (high confidence)	NA	NA	NA	topology_high	NA	NA	553	553	NA	NA	NA	NA	0.99	1	NA	NA	NA	NA	0.99	NA	NA	NA	NA	NA
AG-899-B09	I	SAG	Ib.1	Pelagibacteraceae	Superipelagibacter	NA	Ib.1	Ib.1.I	Pelagibacteraceae	Superopelagibacter	NA	Freel et al. 2025 used genome	Freel et al. 2025 used genome	Freel et al. 2025 used genome	NA	direct_literature	direct_literature	direct_literature	NA	NA	NA	NA	NA	NA	NA	NA	NA	NA	NA	NA	NA	NA	NA	NA	NA	NA	NA
AG-899-D19	I	SAG	Ib.1	Pelagibacteraceae	Superipelagibacter	NA	Ib.1	Ib.1.I	Pelagibacteraceae	Superopelagibacter	NA	Dual-tree crown interpolation (high confidence)	Dual-tree crown interpolation (high confidence)	Dual-tree crown interpolation (high confidence)	NA	topology_high	topology_high	topology_high	NA	950	949	950	949	950	949	1	1	1	1	1	1	1	1	1	NA	NA	NA
AG-917-E05	I	SAG	Ib.1	Pelagibacteraceae	Superipelagibacter	NA	Ib.1	Ib.1.I	Pelagibacteraceae	Superopelagibacter	NA	Freel et al. 2025 used genome	Freel et al. 2025 used genome	Freel et al. 2025 used genome	NA	direct_literature	direct_literature	direct_literature	NA	NA	NA	NA	NA	NA	NA	NA	NA	NA	NA	NA	NA	NA	NA	NA	NA	NA	NA
AG-918-G15	I	SAG	Ib.1	Pelagibacteraceae	Superipelagibacter	NA	Ib.1	Ib.1.I	Pelagibacteraceae	Superopelagibacter	NA	Freel et al. 2025 used genome	Freel et al. 2025 used genome	Freel et al. 2025 used genome	NA	direct_literature	direct_literature	direct_literature	NA	NA	NA	NA	NA	NA	NA	NA	NA	NA	NA	NA	NA	NA	NA	NA	NA	NA	NA
AG-917-D09	I	SAG	Ib.1	Pelagibacteraceae	Superipelagibacter	NA	Ib.1	Ib.1.I	Pelagibacteraceae	Superopelagibacter	NA	Dual-tree crown interpolation (high confidence)	Dual-tree crown interpolation (high confidence)	Dual-tree crown interpolation (high confidence)	NA	topology_high	topology_high	topology_high	NA	948	949	948	949	948	949	0.96	1	0.96	1	0.96	1	0.96	0.96	0.96	NA	NA	NA
RS40	I	isolate	Ib.1	Pelagibacteraceae	Superipelagibacter	NA	Ib.1	Ib.1.I	Pelagibacteraceae	Superopelagibacter	microceni	Freel et al. 2025 used genome	Freel et al. 2025 used genome	Freel et al. 2025 used genome	NA	direct_literature	direct_literature	direct_literature	NA	NA	NA	NA	NA	NA	NA	NA	NA	NA	NA	NA	NA	NA	NA	NA	NA	NA	NA
AH-287-O09	I	SAG	Ib.1	Pelagibacteraceae	Superipelagibacter	NA	Ib.1	Ib.1.I	Pelagibacteraceae	Superopelagibacter	NA	Freel et al. 2025 used genome	Freel et al. 2025 used genome	Freel et al. 2025 used genome	NA	direct_literature	direct_literature	direct_literature	NA	NA	NA	NA	NA	NA	NA	NA	NA	NA	NA	NA	NA	NA	NA	NA	NA	NA	NA
HIMB2305	I	isolate	Ib.1	Pelagibacteraceae	Superipelagibacter	microcenae	Ib.1	Ib.1.I	Pelagibacteraceae	Superopelagibacter	NA	Freel et al. 2025 Type Strains	Freel et al. 2025 Type Strains	Freel et al. 2025 Type Strains	Freel et al. 2025 Type Strains	direct_literature	direct_literature	direct_literature	direct_literature	NA	NA	NA	NA	NA	NA	NA	NA	NA	NA	NA	NA	NA	NA	NA	NA	NA	NA
AH-324-K09	I	SAG	NA	Pelagibacteraceae	NA	NA	Ib.1	Ib.1.I	Pelagibacteraceae	Superopelagibacter	NA	NA	Dual-tree crown interpolation (high confidence)	NA	NA	NA	topology_high	NA	NA	899	898	NA	NA	NA	NA	1	0.99	NA	NA	NA	NA	0.99	NA	NA	NA	NA	NA
AG-337-D16	I	SAG	Ib.1.III	Pelagibacteraceae	Copipelagibacter	NA	Ib.1	Ib.1.III	Pelagibacteraceae	Copiapelagibacter	NA	Freel et al. 2025 used genome	Freel et al. 2025 used genome	Freel et al. 2025 used genome	NA	direct_literature	direct_literature	direct_literature	NA	NA	NA	NA	NA	NA	NA	NA	NA	NA	NA	NA	NA	NA	NA	NA	NA	NA	NA
AG-891-N03	I	SAG	Ib.1.III	Pelagibacteraceae	Copipelagibacter	NA	Ib.1	Ib.1.III	Pelagibacteraceae	Copiapelagibacter	NA	Dual-tree crown interpolation (provisional)	Dual-tree crown interpolation (provisional)	Dual-tree crown interpolation (provisional)	NA	topology_provisional	topology_provisional	topology_provisional	NA	906	927	906	927	906	927	0.91	0.87	0.91	0.87	0.91	0.87	0.87	0.87	0.87	NA	NA	NA
AG-900-I13	I	SAG	Ib.1.III	Pelagibacteraceae	Copipelagibacter	NA	Ib.1	Ib.1.III	Pelagibacteraceae	Copiapelagibacter	NA	Freel et al. 2025 used genome	Freel et al. 2025 used genome	Freel et al. 2025 used genome	NA	direct_literature	direct_literature	direct_literature	NA	NA	NA	NA	NA	NA	NA	NA	NA	NA	NA	NA	NA	NA	NA	NA	NA	NA	NA
AG-917-D03	I	SAG	Ib.1.III	Pelagibacteraceae	Copipelagibacter	NA	Ib.1	Ib.1.III	Pelagibacteraceae	Copiapelagibacter	NA	Dual-tree crown interpolation (provisional)	Dual-tree crown interpolation (provisional)	Dual-tree crown interpolation (provisional)	NA	topology_provisional	topology_provisional	topology_provisional	NA	906	927	906	927	906	927	0.91	0.87	0.91	0.87	0.91	0.87	0.87	0.87	0.87	NA	NA	NA
AG-918-G22	I	SAG	Ib.1.III	Pelagibacteraceae	Copipelagibacter	NA	Ib.1	Ib.1.III	Pelagibacteraceae	Copiapelagibacter	NA	Freel et al. 2025 used genome	Freel et al. 2025 used genome	Freel et al. 2025 used genome	NA	direct_literature	direct_literature	direct_literature	NA	NA	NA	NA	NA	NA	NA	NA	NA	NA	NA	NA	NA	NA	NA	NA	NA	NA	NA
AG-892-F15	I	SAG	Ib.1.III	Pelagibacteraceae	Copipelagibacter	splendidus	Ib.1	Ib.1.III	Pelagibacteraceae	Copiapelagibacter	splendidus	Freel et al. 2025 Type Strains	Freel et al. 2025 Type Strains	Freel et al. 2025 Type Strains	Freel et al. 2025 Type Strains	direct_literature	direct_literature	direct_literature	direct_literature	NA	NA	NA	NA	NA	NA	NA	NA	NA	NA	NA	NA	NA	NA	NA	NA	NA	NA
AG-894-F15	I	SAG	Ib.1.III	Pelagibacteraceae	Copipelagibacter	splendidus	Ib.1	Ib.1.III	Pelagibacteraceae	Copiapelagibacter	NA	Freel et al. 2025 used genome	Freel et al. 2025 used genome	Freel et al. 2025 used genome	Freel et al. 2025 used genome	direct_literature	direct_literature	direct_literature	direct_literature	NA	NA	NA	NA	NA	NA	NA	NA	NA	NA	NA	NA	NA	NA	NA	NA	NA	NA
AG-896-G07	I	SAG	Ib.1.III	Pelagibacteraceae	Copipelagibacter	splendidus	Ib.1	Ib.1.III	Pelagibacteraceae	Copiapelagibacter	NA	ANI>=95% and AAI>=95% with AG-894-F15	ANI>=95% and AAI>=95% with AG-894-F15	ANI>=95% and AAI>=95% with AG-894-F15	ANI>=95% and AAI>=95% with AG-894-F15	ANI95_AAI95	ANI95_AAI95	ANI95_AAI95	ANI95_AAI95	NA	NA	NA	NA	NA	NA	NA	NA	NA	NA	NA	NA	NA	NA	NA	AG-894-F15	99.19665	99.52
GOM-A1	I	SAG	Ib.1.III	Pelagibacteraceae	Copipelagibacter	splendidus	Ib.1	Ib.1.III	Pelagibacteraceae	Copiapelagibacter	NA	Freel et al. 2025 used genome	Freel et al. 2025 used genome	Freel et al. 2025 used genome	Freel et al. 2025 used genome	direct_literature	direct_literature	direct_literature	direct_literature	NA	NA	NA	NA	NA	NA	NA	NA	NA	NA	NA	NA	NA	NA	NA	NA	NA	NA
AG-913-N09	I	SAG	Ib.1.III	Pelagibacteraceae	Copipelagibacter	NA	Ib.1	Ib.1.III	Pelagibacteraceae	Copiapelagibacter	NA	Dual-tree crown interpolation (provisional)	Dual-tree crown interpolation (provisional)	Dual-tree crown interpolation (provisional)	NA	topology_provisional	topology_provisional	topology_provisional	NA	904	902	904	902	904	902	0.57	0.88	0.57	0.88	0.57	0.88	0.57	0.57	0.57	NA	NA	NA
AG-893-J08	I	SAG	Ib.1.III	Pelagibacteraceae	Copipelagibacter	NA	Ib.1	Ib.1.III	Pelagibacteraceae	Copiapelagibacter	NA	Freel et al. 2025 used genome	Freel et al. 2025 used genome	Freel et al. 2025 used genome	NA	direct_literature	direct_literature	direct_literature	NA	NA	NA	NA	NA	NA	NA	NA	NA	NA	NA	NA	NA	NA	NA	NA	NA	NA	NA
AG-893-M22	I	SAG	Ib.1.III	Pelagibacteraceae	Copipelagibacter	NA	Ib.1	Ib.1.III	Pelagibacteraceae	Copiapelagibacter	NA	Freel et al. 2025 used genome	Freel et al. 2025 used genome	Freel et al. 2025 used genome	NA	direct_literature	direct_literature	direct_literature	NA	NA	NA	NA	NA	NA	NA	NA	NA	NA	NA	NA	NA	NA	NA	NA	NA	NA	NA
AG-900-G16	I	SAG	Ib.1.III	Pelagibacteraceae	Copipelagibacter	NA	Ib.1	Ib.1.III	Pelagibacteraceae	Copiapelagibacter	NA	Freel et al. 2025 used genome	Freel et al. 2025 used genome	Freel et al. 2025 used genome	NA	direct_literature	direct_literature	direct_literature	NA	NA	NA	NA	NA	NA	NA	NA	NA	NA	NA	NA	NA	NA	NA	NA	NA	NA	NA
AG-920-L20	I	SAG	Ib.1.III	Pelagibacteraceae	Copipelagibacter	NA	Ib.1	Ib.1.III	Pelagibacteraceae	Copiapelagibacter	NA	Dual-tree crown interpolation (provisional)	Dual-tree crown interpolation (provisional)	Dual-tree crown interpolation (provisional)	NA	topology_provisional	topology_provisional	topology_provisional	NA	923	925	923	925	923	925	0.81	1	0.81	1	0.81	1	0.81	0.81	0.81	NA	NA	NA
AG-900-I19	I	SAG	Ib.1.III	Pelagibacteraceae	Copipelagibacter	NA	Ib.1	Ib.1.III	Pelagibacteraceae	Copiapelagibacter	NA	Freel et al. 2025 used genome	Freel et al. 2025 used genome	Freel et al. 2025 used genome	NA	direct_literature	direct_literature	direct_literature	NA	NA	NA	NA	NA	NA	NA	NA	NA	NA	NA	NA	NA	NA	NA	NA	NA	NA	NA
AG-894-A03	I	SAG	Ib.1.III	Pelagibacteraceae	Copipelagibacter	NA	Ib.1	Ib.1.III	Pelagibacteraceae	Copiapelagibacter	NA	Dual-tree crown interpolation (provisional)	Dual-tree crown interpolation (provisional)	Dual-tree crown interpolation (provisional)	NA	topology_provisional	topology_provisional	topology_provisional	NA	926	902	926	902	926	902	0.71	0.88	0.71	0.88	0.71	0.88	0.71	0.71	0.71	NA	NA	NA
AG-359-G17	I	SAG	Ib.1.III	Pelagibacteraceae	Copipelagibacter	NA	Ib.1	Ib.1.III	Pelagibacteraceae	Copiapelagibacter	NA	Freel et al. 2025 used genome	Freel et al. 2025 used genome	Freel et al. 2025 used genome	NA	direct_literature	direct_literature	direct_literature	NA	NA	NA	NA	NA	NA	NA	NA	NA	NA	NA	NA	NA	NA	NA	NA	NA	NA	NA
AG-426-M19	I	SAG	Ib.1.III	Pelagibacteraceae	Copipelagibacter	NA	Ib.1	Ib.1.III	Pelagibacteraceae	Copiapelagibacter	NA	Freel et al. 2025 used genome	Freel et al. 2025 used genome	Freel et al. 2025 used genome	NA	direct_literature	direct_literature	direct_literature	NA	NA	NA	NA	NA	NA	NA	NA	NA	NA	NA	NA	NA	NA	NA	NA	NA	NA	NA
AG-894-B06	I	SAG	Ib.1.III	Pelagibacteraceae	Copipelagibacter	NA	Ib.1	Ib.1.III	Pelagibacteraceae	Copiapelagibacter	NA	Freel et al. 2025 used genome	Freel et al. 2025 used genome	Freel et al. 2025 used genome	NA	direct_literature	direct_literature	direct_literature	NA	NA	NA	NA	NA	NA	NA	NA	NA	NA	NA	NA	NA	NA	NA	NA	NA	NA	NA
AG-903-C11	I	SAG	Ib.1.III	Pelagibacteraceae	Copipelagibacter	NA	Ib.1	Ib.1.III	Pelagibacteraceae	Copiapelagibacter	NA	Freel et al. 2025 used genome	Freel et al. 2025 used genome	Freel et al. 2025 used genome	NA	direct_literature	direct_literature	direct_literature	NA	NA	NA	NA	NA	NA	NA	NA	NA	NA	NA	NA	NA	NA	NA	NA	NA	NA	NA
AG-897-O16	I	SAG	Ib.1.III	Pelagibacteraceae	Copipelagibacter	NA	Ib.1	Ib.1.III	Pelagibacteraceae	Copiapelagibacter	NA	Freel et al. 2025 used genome	Freel et al. 2025 used genome	Freel et al. 2025 used genome	NA	direct_literature	direct_literature	direct_literature	NA	NA	NA	NA	NA	NA	NA	NA	NA	NA	NA	NA	NA	NA	NA	NA	NA	NA	NA
AG-899-O04	I	SAG	Ib.1.III	Pelagibacteraceae	Copipelagibacter	NA	Ib.1	Ib.1.III	Pelagibacteraceae	Copiapelagibacter	NA	Dual-tree crown interpolation (provisional)	Dual-tree crown interpolation (provisional)	Dual-tree crown interpolation (provisional)	NA	topology_provisional	topology_provisional	topology_provisional	NA	928	905	928	905	928	905	0.96	0.86	0.96	0.86	0.96	0.86	0.86	0.86	0.86	NA	NA	NA
AG-913-G10	I	SAG	Ib.1.III	Pelagibacteraceae	Copipelagibacter	NA	Ib.1	Ib.1.III	Pelagibacteraceae	Copiapelagibacter	NA	Dual-tree crown interpolation (provisional)	Dual-tree crown interpolation (provisional)	Dual-tree crown interpolation (provisional)	NA	topology_provisional	topology_provisional	topology_provisional	NA	928	927	928	927	928	927	0.96	0.87	0.96	0.87	0.96	0.87	0.87	0.87	0.87	NA	NA	NA
AG-918-E02	I	SAG	Ib.1.III	Pelagibacteraceae	Copipelagibacter	NA	Ib.1	Ib.1.III	Pelagibacteraceae	Copiapelagibacter	NA	Freel et al. 2025 used genome	Freel et al. 2025 used genome	Freel et al. 2025 used genome	NA	direct_literature	direct_literature	direct_literature	NA	NA	NA	NA	NA	NA	NA	NA	NA	NA	NA	NA	NA	NA	NA	NA	NA	NA	NA
AG-893-N07	I	SAG	Ib.1.III	Pelagibacteraceae	Copipelagibacter	NA	Ib.1	Ib.1.III	Pelagibacteraceae	Copiapelagibacter	NA	Freel et al. 2025 used genome	Freel et al. 2025 used genome	Freel et al. 2025 used genome	NA	direct_literature	direct_literature	direct_literature	NA	NA	NA	NA	NA	NA	NA	NA	NA	NA	NA	NA	NA	NA	NA	NA	NA	NA	NA
AG-912-A14	I	SAG	Ib.1.III	Pelagibacteraceae	Copipelagibacter	NA	Ib.1	Ib.1.III	Pelagibacteraceae	Copiapelagibacter	NA	Dual-tree crown interpolation (provisional)	Dual-tree crown interpolation (provisional)	Dual-tree crown interpolation (provisional)	NA	topology_provisional	topology_provisional	topology_provisional	NA	919	927	919	927	919	927	0.64	0.87	0.64	0.87	0.64	0.87	0.64	0.64	0.64	NA	NA	NA
AG-898-G21	I	SAG	Ib.1.III	Pelagibacteraceae	Copipelagibacter	splendidus	Ib.1	Ib.1.III	Pelagibacteraceae	Copiapelagibacter	NA	Freel et al. 2025 used genome	Freel et al. 2025 used genome	Freel et al. 2025 used genome	Freel et al. 2025 used genome	direct_literature	direct_literature	direct_literature	direct_literature	NA	NA	NA	NA	NA	NA	NA	NA	NA	NA	NA	NA	NA	NA	NA	NA	NA	NA
AG-909-F14	I	SAG	Ib.1.III	Pelagibacteraceae	Copipelagibacter	NA	Ib.1	Ib.1.III	Pelagibacteraceae	Copiapelagibacter	NA	Freel et al. 2025 used genome	Freel et al. 2025 used genome	Freel et al. 2025 used genome	NA	direct_literature	direct_literature	direct_literature	NA	NA	NA	NA	NA	NA	NA	NA	NA	NA	NA	NA	NA	NA	NA	NA	NA	NA	NA
AG-912-I02	I	SAG	Ib.1.III	Pelagibacteraceae	Copipelagibacter	NA	Ib.1	Ib.1.III	Pelagibacteraceae	Copiapelagibacter	NA	Freel et al. 2025 used genome	Freel et al. 2025 used genome	Freel et al. 2025 used genome	NA	direct_literature	direct_literature	direct_literature	NA	NA	NA	NA	NA	NA	NA	NA	NA	NA	NA	NA	NA	NA	NA	NA	NA	NA	NA
AG-359-O11	I	SAG	Ib.1.III	Pelagibacteraceae	Copipelagibacter	NA	Ib.1	Ib.1.III	Pelagibacteraceae	Copiapelagibacter	NA	Freel et al. 2025 used genome	Freel et al. 2025 used genome	Freel et al. 2025 used genome	NA	direct_literature	direct_literature	direct_literature	NA	NA	NA	NA	NA	NA	NA	NA	NA	NA	NA	NA	NA	NA	NA	NA	NA	NA	NA
AG-915-G14	I	SAG	Ib.1.III	Pelagibacteraceae	Copipelagibacter	NA	Ib.1	Ib.1.III	Pelagibacteraceae	Copiapelagibacter	NA	Freel et al. 2025 used genome	Freel et al. 2025 used genome	Freel et al. 2025 used genome	NA	direct_literature	direct_literature	direct_literature	NA	NA	NA	NA	NA	NA	NA	NA	NA	NA	NA	NA	NA	NA	NA	NA	NA	NA	NA
AG-916-E19	I	SAG	Ib.1.III	Pelagibacteraceae	Copipelagibacter	NA	Ib.1	Ib.1.III	Pelagibacteraceae	Copiapelagibacter	NA	Freel et al. 2025 used genome	Freel et al. 2025 used genome	Freel et al. 2025 used genome	NA	direct_literature	direct_literature	direct_literature	NA	NA	NA	NA	NA	NA	NA	NA	NA	NA	NA	NA	NA	NA	NA	NA	NA	NA	NA
AG-917-D23	I	SAG	Ib.1.III	Pelagibacteraceae	Copipelagibacter	NA	Ib.1	Ib.1.III	Pelagibacteraceae	Copiapelagibacter	NA	Dual-tree crown interpolation (provisional)	Dual-tree crown interpolation (provisional)	Dual-tree crown interpolation (provisional)	NA	topology_provisional	topology_provisional	topology_provisional	NA	903	927	903	927	903	927	0.61	0.87	0.61	0.87	0.61	0.87	0.61	0.61	0.61	NA	NA	NA
AG-426-E13	I	SAG	Ib.1.III	Pelagibacteraceae	Copipelagibacter	NA	Ib.1	Ib.1.III	Pelagibacteraceae	Copiapelagibacter	NA	Dual-tree crown interpolation (provisional)	Dual-tree crown interpolation (provisional)	Dual-tree crown interpolation (provisional)	NA	topology_provisional	topology_provisional	topology_provisional	NA	915	920	915	920	915	920	0.68	0.87	0.68	0.87	0.68	0.87	0.68	0.68	0.68	NA	NA	NA
AG-894-L19	I	SAG	Ib.1.III	Pelagibacteraceae	Copipelagibacter	NA	Ib.1	Ib.1.III	Pelagibacteraceae	Copiapelagibacter	NA	Dual-tree crown interpolation (provisional)	Dual-tree crown interpolation (provisional)	Dual-tree crown interpolation (provisional)	NA	topology_provisional	topology_provisional	topology_provisional	NA	902	927	902	927	902	927	0.57	0.87	0.57	0.87	0.57	0.87	0.57	0.57	0.57	NA	NA	NA
AG-913-I09	I	SAG	Ib.1.III	Pelagibacteraceae	Copipelagibacter	NA	Ib.1	Ib.1.III	Pelagibacteraceae	Copiapelagibacter	NA	Dual-tree crown interpolation (provisional)	Dual-tree crown interpolation (provisional)	Dual-tree crown interpolation (provisional)	NA	topology_provisional	topology_provisional	topology_provisional	NA	904	902	904	902	904	902	0.57	0.88	0.57	0.88	0.57	0.88	0.57	0.57	0.57	NA	NA	NA
AG-359-B05	I	SAG	Ib.1.III	Pelagibacteraceae	Copipelagibacter	NA	Ib.1	Ib.1.III	Pelagibacteraceae	Copiapelagibacter	NA	Freel et al. 2025 used genome	Freel et al. 2025 used genome	Freel et al. 2025 used genome	NA	direct_literature	direct_literature	direct_literature	NA	NA	NA	NA	NA	NA	NA	NA	NA	NA	NA	NA	NA	NA	NA	NA	NA	NA	NA
AG-892-B11	I	SAG	Ib.1.III	Pelagibacteraceae	Copipelagibacter	NA	Ib.1	Ib.1.III	Pelagibacteraceae	Copiapelagibacter	NA	Freel et al. 2025 used genome	Freel et al. 2025 used genome	Freel et al. 2025 used genome	NA	direct_literature	direct_literature	direct_literature	NA	NA	NA	NA	NA	NA	NA	NA	NA	NA	NA	NA	NA	NA	NA	NA	NA	NA	NA
AG-894-E10	I	SAG	Ib.1.III	Pelagibacteraceae	Copipelagibacter	NA	Ib.1	Ib.1.III	Pelagibacteraceae	Copiapelagibacter	NA	Freel et al. 2025 used genome	Freel et al. 2025 used genome	Freel et al. 2025 used genome	NA	direct_literature	direct_literature	direct_literature	NA	NA	NA	NA	NA	NA	NA	NA	NA	NA	NA	NA	NA	NA	NA	NA	NA	NA	NA
AG-908-L09	I	SAG	Ib.1.III	Pelagibacteraceae	Copipelagibacter	NA	Ib.1	Ib.1.III	Pelagibacteraceae	Copiapelagibacter	NA	Freel et al. 2025 used genome	Freel et al. 2025 used genome	Freel et al. 2025 used genome	NA	direct_literature	direct_literature	direct_literature	NA	NA	NA	NA	NA	NA	NA	NA	NA	NA	NA	NA	NA	NA	NA	NA	NA	NA	NA
AG-917-D14	I	SAG	Ib.1.III	Pelagibacteraceae	Copipelagibacter	NA	Ib.1	Ib.1.III	Pelagibacteraceae	Copiapelagibacter	NA	Freel et al. 2025 used genome	Freel et al. 2025 used genome	Freel et al. 2025 used genome	NA	direct_literature	direct_literature	direct_literature	NA	NA	NA	NA	NA	NA	NA	NA	NA	NA	NA	NA	NA	NA	NA	NA	NA	NA	NA
AG-892-J03	I	SAG	Ib.1.III	Pelagibacteraceae	Copipelagibacter	NA	Ib.1	Ib.1.III	Pelagibacteraceae	Copiapelagibacter	NA	Freel et al. 2025 used genome	Freel et al. 2025 used genome	Freel et al. 2025 used genome	NA	direct_literature	direct_literature	direct_literature	NA	NA	NA	NA	NA	NA	NA	NA	NA	NA	NA	NA	NA	NA	NA	NA	NA	NA	NA
AG-899-A06	I	SAG	Ib.1.III	Pelagibacteraceae	Copipelagibacter	NA	Ib.1	Ib.1.III	Pelagibacteraceae	Copiapelagibacter	NA	Freel et al. 2025 used genome	Freel et al. 2025 used genome	Freel et al. 2025 used genome	NA	direct_literature	direct_literature	direct_literature	NA	NA	NA	NA	NA	NA	NA	NA	NA	NA	NA	NA	NA	NA	NA	NA	NA	NA	NA
AG-918-K13	I	SAG	Ib.1.III	Pelagibacteraceae	Copipelagibacter	NA	Ib.1	Ib.1.III	Pelagibacteraceae	Copiapelagibacter	NA	Freel et al. 2025 used genome	Freel et al. 2025 used genome	Freel et al. 2025 used genome	NA	direct_literature	direct_literature	direct_literature	NA	NA	NA	NA	NA	NA	NA	NA	NA	NA	NA	NA	NA	NA	NA	NA	NA	NA	NA
AG-916-L11	I	SAG	Ib.1.III	Pelagibacteraceae	Copipelagibacter	NA	Ib.1	Ib.1.III	Pelagibacteraceae	Copiapelagibacter	NA	Dual-tree crown interpolation (provisional)	Dual-tree crown interpolation (provisional)	Dual-tree crown interpolation (provisional)	NA	topology_provisional	topology_provisional	topology_provisional	NA	901	923	901	923	901	923	0.86	0.87	0.86	0.87	0.86	0.87	0.86	0.86	0.86	NA	NA	NA
AG-897-G09	I	SAG	Ib.1.III	Pelagibacteraceae	Copipelagibacter	NA	Ib.1	Ib.1.III	Pelagibacteraceae	Copiapelagibacter	NA	Freel et al. 2025 used genome	Freel et al. 2025 used genome	Freel et al. 2025 used genome	NA	direct_literature	direct_literature	direct_literature	NA	NA	NA	NA	NA	NA	NA	NA	NA	NA	NA	NA	NA	NA	NA	NA	NA	NA	NA
AG-916-B06	I	SAG	Ib.1.III	Pelagibacteraceae	Copipelagibacter	NA	Ib.1	Ib.1.III	Pelagibacteraceae	Copiapelagibacter	NA	Dual-tree crown interpolation (provisional)	Dual-tree crown interpolation (provisional)	Dual-tree crown interpolation (provisional)	NA	topology_provisional	topology_provisional	topology_provisional	NA	937	938	937	938	937	938	0.65	0.88	0.65	0.88	0.65	0.88	0.65	0.65	0.65	NA	NA	NA
AG-337-C09	I	SAG	Ib.2.I	Pelagibacteraceae	Stellipelagibacter	NA	Ib.2.a	Ib.2.I	Pelagibacteraceae	Stellipelagibacter	NA	Dual-tree crown interpolation (high confidence)	Dual-tree crown interpolation (high confidence)	Dual-tree crown interpolation (high confidence)	NA	topology_high	topology_high	topology_high	NA	886	877	886	877	886	877	0.99	1	0.99	1	0.99	1	0.99	0.99	0.99	NA	NA	NA
AG-404-P13	I	SAG	Ib.2.I	Pelagibacteraceae	Stellipelagibacter	NA	Ib.2.a	Ib.2.I	Pelagibacteraceae	Stellipelagibacter	NA	Dual-tree crown interpolation (high confidence)	Dual-tree crown interpolation (high confidence)	Dual-tree crown interpolation (high confidence)	NA	topology_high	topology_high	topology_high	NA	886	877	886	877	886	877	0.99	1	0.99	1	0.99	1	0.99	0.99	0.99	NA	NA	NA
AG-907-F09	I	SAG	Ib.2.I	Pelagibacteraceae	Stellipelagibacter	NA	Ib.2.a	Ib.2.I	Pelagibacteraceae	Stellipelagibacter	NA	Freel et al. 2025 used genome	Freel et al. 2025 used genome	Freel et al. 2025 used genome	NA	direct_literature	direct_literature	direct_literature	NA	NA	NA	NA	NA	NA	NA	NA	NA	NA	NA	NA	NA	NA	NA	NA	NA	NA	NA
AG-337-G04	I	SAG	Ib.2.I	Pelagibacteraceae	Stellipelagibacter	NA	Ib.2.a	Ib.2.I	Pelagibacteraceae	Stellipelagibacter	NA	Freel et al. 2025 used genome	Freel et al. 2025 used genome	Freel et al. 2025 used genome	NA	direct_literature	direct_literature	direct_literature	NA	NA	NA	NA	NA	NA	NA	NA	NA	NA	NA	NA	NA	NA	NA	NA	NA	NA	NA
AG-461-L09	I	SAG	Ib.2.I	Pelagibacteraceae	Stellipelagibacter	NA	Ib.2.a	Ib.2.I	Pelagibacteraceae	Stellipelagibacter	NA	Freel et al. 2025 used genome	Freel et al. 2025 used genome	Freel et al. 2025 used genome	NA	direct_literature	direct_literature	direct_literature	NA	NA	NA	NA	NA	NA	NA	NA	NA	NA	NA	NA	NA	NA	NA	NA	NA	NA	NA
AG-894-L17	I	SAG	Ib.2.I	Pelagibacteraceae	Stellipelagibacter	NA	Ib.2.a	Ib.2.I	Pelagibacteraceae	Stellipelagibacter	NA	Freel et al. 2025 used genome	Freel et al. 2025 used genome	Freel et al. 2025 used genome	NA	direct_literature	direct_literature	direct_literature	NA	NA	NA	NA	NA	NA	NA	NA	NA	NA	NA	NA	NA	NA	NA	NA	NA	NA	NA
AG-414-O09	I	SAG	Ib.2.I	Pelagibacteraceae	Stellipelagibacter	NA	Ib.2.a	Ib.2.I	Pelagibacteraceae	Stellipelagibacter	NA	Freel et al. 2025 used genome	Freel et al. 2025 used genome	Freel et al. 2025 used genome	NA	direct_literature	direct_literature	direct_literature	NA	NA	NA	NA	NA	NA	NA	NA	NA	NA	NA	NA	NA	NA	NA	NA	NA	NA	NA
AG-893-L07	I	SAG	Ib.2.I	Pelagibacteraceae	Stellipelagibacter	NA	Ib.2.a	Ib.2.I	Pelagibacteraceae	Stellipelagibacter	NA	Freel et al. 2025 used genome	Freel et al. 2025 used genome	Freel et al. 2025 used genome	NA	direct_literature	direct_literature	direct_literature	NA	NA	NA	NA	NA	NA	NA	NA	NA	NA	NA	NA	NA	NA	NA	NA	NA	NA	NA
AG-904-K03	I	SAG	Ib.2.I	Pelagibacteraceae	Stellipelagibacter	NA	Ib.2.a	Ib.2.I	Pelagibacteraceae	Stellipelagibacter	NA	Freel et al. 2025 used genome	Freel et al. 2025 used genome	Freel et al. 2025 used genome	NA	direct_literature	direct_literature	direct_literature	NA	NA	NA	NA	NA	NA	NA	NA	NA	NA	NA	NA	NA	NA	NA	NA	NA	NA	NA
AG-908-F18	I	SAG	Ib.2.I	Pelagibacteraceae	Stellipelagibacter	NA	Ib.2.a	Ib.2.I	Pelagibacteraceae	Stellipelagibacter	NA	Dual-tree crown interpolation (high confidence)	Dual-tree crown interpolation (high confidence)	Dual-tree crown interpolation (high confidence)	NA	topology_high	topology_high	topology_high	NA	891	883	891	883	891	883	0.95	1	0.95	1	0.95	1	0.95	0.95	0.95	NA	NA	NA
AG-916-B15	I	SAG	Ib.2.I	Pelagibacteraceae	Stellipelagibacter	NA	Ib.2.a	Ib.2.I	Pelagibacteraceae	Stellipelagibacter	NA	Dual-tree crown interpolation (high confidence)	Dual-tree crown interpolation (high confidence)	Dual-tree crown interpolation (high confidence)	NA	topology_high	topology_high	topology_high	NA	884	881	884	881	884	881	0.99	0.99	0.99	0.99	0.99	0.99	0.99	0.99	0.99	NA	NA	NA
AG-896-F06	I	SAG	Ib.2.I	Pelagibacteraceae	Stellipelagibacter	NA	Ib.2.a	Ib.2.I	Pelagibacteraceae	Stellipelagibacter	NA	Dual-tree crown interpolation (high confidence)	Dual-tree crown interpolation (high confidence)	Dual-tree crown interpolation (high confidence)	NA	topology_high	topology_high	topology_high	NA	882	881	882	881	882	881	1	0.99	1	0.99	1	0.99	0.99	0.99	0.99	NA	NA	NA
AG-916-O20	I	SAG	Ib.2.I	Pelagibacteraceae	Stellipelagibacter	NA	Ib.2.a	Ib.2.I	Pelagibacteraceae	Stellipelagibacter	NA	Freel et al. 2025 used genome	Freel et al. 2025 used genome	Freel et al. 2025 used genome	NA	direct_literature	direct_literature	direct_literature	NA	NA	NA	NA	NA	NA	NA	NA	NA	NA	NA	NA	NA	NA	NA	NA	NA	NA	NA
AG-901-I06	I	SAG	Ib.2.I	Pelagibacteraceae	Stellipelagibacter	NA	Ib.2.a	Ib.2.I	Pelagibacteraceae	Stellipelagibacter	NA	Freel et al. 2025 used genome	Freel et al. 2025 used genome	Freel et al. 2025 used genome	NA	direct_literature	direct_literature	direct_literature	NA	NA	NA	NA	NA	NA	NA	NA	NA	NA	NA	NA	NA	NA	NA	NA	NA	NA	NA
AG-337-C19	I	SAG	Ib.N10	Pelagibacteraceae	Fusipelagibacter	NA	Ib.2.b	Ib.2.N10	Pelagibacteraceae	Fususpelagibacter	NA	Freel et al. 2025 used genome	Freel et al. 2025 used genome	Freel et al. 2025 used genome	NA	direct_literature	direct_literature	direct_literature	NA	NA	NA	NA	NA	NA	NA	NA	NA	NA	NA	NA	NA	NA	NA	NA	NA	NA	NA
AG-893-L13	I	SAG	Ib.N10	Pelagibacteraceae	Fusipelagibacter	tranquillus	Ib.2.b	Ib.2.N10	Pelagibacteraceae	Fususpelagibacter	NA	Freel et al. 2025 used genome	Freel et al. 2025 used genome	Freel et al. 2025 used genome	Freel et al. 2025 used genome	direct_literature	direct_literature	direct_literature	direct_literature	NA	NA	NA	NA	NA	NA	NA	NA	NA	NA	NA	NA	NA	NA	NA	NA	NA	NA
AG-899-M19	I	SAG	Ib.N10	Pelagibacteraceae	Fusipelagibacter	tranquillus	Ib.2.b	Ib.2.N10	Pelagibacteraceae	Fususpelagibacter	NA	Freel et al. 2025 used genome	Freel et al. 2025 used genome	Freel et al. 2025 used genome	Freel et al. 2025 used genome	direct_literature	direct_literature	direct_literature	direct_literature	NA	NA	NA	NA	NA	NA	NA	NA	NA	NA	NA	NA	NA	NA	NA	NA	NA	NA
AG-917-F16	I	SAG	Ib.N10	Pelagibacteraceae	Fusipelagibacter	tranquillus	Ib.2.b	Ib.2.N10	Pelagibacteraceae	Fususpelagibacter	NA	Freel et al. 2025 used genome	Freel et al. 2025 used genome	Freel et al. 2025 used genome	Freel et al. 2025 used genome	direct_literature	direct_literature	direct_literature	direct_literature	NA	NA	NA	NA	NA	NA	NA	NA	NA	NA	NA	NA	NA	NA	NA	NA	NA	NA
AG-905-M05	I	SAG	Ib.N10	Pelagibacteraceae	Fusipelagibacter	tranquillus	Ib.2.b	Ib.2.N10	Pelagibacteraceae	Fususpelagibacter	tranquillus	Freel et al. 2025 Type Strains	Freel et al. 2025 Type Strains	Freel et al. 2025 Type Strains	Freel et al. 2025 Type Strains	direct_literature	direct_literature	direct_literature	direct_literature	NA	NA	NA	NA	NA	NA	NA	NA	NA	NA	NA	NA	NA	NA	NA	NA	NA	NA
AG-893-P02	I	SAG	NA	Pelagibacteraceae	NA	NA	Ib.2.b	Ib.2.N10	Pelagibacteraceae	Fususpelagibacter	NA	NA	Dual-tree crown interpolation (high confidence)	NA	NA	NA	topology_high	NA	NA	874	957	NA	NA	NA	NA	1	1	NA	NA	NA	NA	1	NA	NA	NA	NA	NA
AG-426-F15	I	SAG	Ib.N7	Pelagibacteraceae	Parvipelagibacter	dignotus	Ib.2.a	Ib.2.N7	Pelagibacteraceae	Parvipelagibacter	dignotus	Freel et al. 2025 Type Strains	Freel et al. 2025 Type Strains	Freel et al. 2025 Type Strains	Freel et al. 2025 Type Strains	direct_literature	direct_literature	direct_literature	direct_literature	NA	NA	NA	NA	NA	NA	NA	NA	NA	NA	NA	NA	NA	NA	NA	NA	NA	NA
AG-903-L07	I	SAG	Ib.2.N7	Pelagibacteraceae	Parvipelagibacter	NA	Ib.2.a	Ib.2.N7	Pelagibacteraceae	Parvipelagibacter	NA	Freel et al. 2025 used genome	Freel et al. 2025 used genome	Freel et al. 2025 used genome	NA	direct_literature	direct_literature	direct_literature	NA	NA	NA	NA	NA	NA	NA	NA	NA	NA	NA	NA	NA	NA	NA	NA	NA	NA	NA
AG-905-O08	I	SAG	Ib.2.N7	Pelagibacteraceae	Parvipelagibacter	NA	Ib.2.a	Ib.2.N7	Pelagibacteraceae	Parvipelagibacter	NA	Freel et al. 2025 used genome	Freel et al. 2025 used genome	Freel et al. 2025 used genome	NA	direct_literature	direct_literature	direct_literature	NA	NA	NA	NA	NA	NA	NA	NA	NA	NA	NA	NA	NA	NA	NA	NA	NA	NA	NA
AG-916-G09	I	SAG	Ib.2.N7	Pelagibacteraceae	Parvipelagibacter	NA	Ib.2.a	Ib.2.N7	Pelagibacteraceae	Parvipelagibacter	NA	Freel et al. 2025 used genome	Freel et al. 2025 used genome	Freel et al. 2025 used genome	NA	direct_literature	direct_literature	direct_literature	NA	NA	NA	NA	NA	NA	NA	NA	NA	NA	NA	NA	NA	NA	NA	NA	NA	NA	NA
AG-918-B06	I	SAG	Ib.2.N7	Pelagibacteraceae	Parvipelagibacter	NA	Ib.2.a	Ib.2.N7	Pelagibacteraceae	Parvipelagibacter	NA	Freel et al. 2025 used genome	Freel et al. 2025 used genome	Freel et al. 2025 used genome	NA	direct_literature	direct_literature	direct_literature	NA	NA	NA	NA	NA	NA	NA	NA	NA	NA	NA	NA	NA	NA	NA	NA	NA	NA	NA
AG-915-G13	I	SAG	Ib.2.N7	Pelagibacteraceae	Parvipelagibacter	NA	Ib.2.a	Ib.2.N7	Pelagibacteraceae	Parvipelagibacter	NA	Freel et al. 2025 used genome	Freel et al. 2025 used genome	Freel et al. 2025 used genome	NA	direct_literature	direct_literature	direct_literature	NA	NA	NA	NA	NA	NA	NA	NA	NA	NA	NA	NA	NA	NA	NA	NA	NA	NA	NA
AG-365-D07	I	SAG	NA	Pelagibacteraceae	NA	NA	Ib.3	Ib.3	Pelagibacteraceae	NA	NA	NA	Dual-tree crown interpolation (provisional)	NA	NA	NA	topology_provisional	NA	NA	547	546	NA	NA	NA	NA	0.9	1	NA	NA	NA	NA	0.9	NA	NA	NA	NA	NA
AG-390-C19	I	SAG	NA	Pelagibacteraceae	NA	NA	Ib.3	Ib.3	Pelagibacteraceae	NA	NA	NA	Dual-tree crown interpolation (provisional)	NA	NA	NA	topology_provisional	NA	NA	547	546	NA	NA	NA	NA	0.9	1	NA	NA	NA	NA	0.9	NA	NA	NA	NA	NA
AG-422-N14	I	SAG	NA	Pelagibacteraceae	NA	NA	Ib.3	Ib.3	Pelagibacteraceae	NA	NA	NA	Dual-tree crown interpolation (provisional)	NA	NA	NA	topology_provisional	NA	NA	547	546	NA	NA	NA	NA	0.9	1	NA	NA	NA	NA	0.9	NA	NA	NA	NA	NA
AG-426-G09	I	SAG	NA	Pelagibacteraceae	NA	NA	Ib.3	Ib.3	Pelagibacteraceae	NA	NA	NA	Dual-tree crown interpolation (provisional)	NA	NA	NA	topology_provisional	NA	NA	547	546	NA	NA	NA	NA	0.9	1	NA	NA	NA	NA	0.9	NA	NA	NA	NA	NA
AG-414-M23	I	SAG	NA	Pelagibacteraceae	NA	NA	Ib.3	Ib.3	Pelagibacteraceae	NA	NA	NA	Dual-tree crown interpolation (provisional)	NA	NA	NA	topology_provisional	NA	NA	547	546	NA	NA	NA	NA	0.9	1	NA	NA	NA	NA	0.9	NA	NA	NA	NA	NA
AG-439-O15	I	SAG	NA	Pelagibacteraceae	NA	NA	Ib.3	Ib.3	Pelagibacteraceae	NA	NA	NA	Dual-tree crown interpolation (provisional)	NA	NA	NA	topology_provisional	NA	NA	547	546	NA	NA	NA	NA	0.9	1	NA	NA	NA	NA	0.9	NA	NA	NA	NA	NA
AG-426-E17	I	SAG	Ib.4.I	Pelagibacteraceae	Extensipelagibacter	unicus	Ib.4	Ib.4.I	Pelagibacteraceae	Passimpelagibacter	unicum	Freel et al. 2025 Type Strains	Freel et al. 2025 Type Strains	Freel et al. 2025 Type Strains	Freel et al. 2025 Type Strains	direct_literature	direct_literature	direct_literature	direct_literature	NA	NA	NA	NA	NA	NA	NA	NA	NA	NA	NA	NA	NA	NA	NA	NA	NA	NA
AG-891-E06	I	SAG	Ib.4.I	Pelagibacteraceae	Extensipelagibacter	unicus	Ib.4	Ib.4.I	Pelagibacteraceae	Passimpelagibacter	NA	ANI>=95% and AAI>=95% with AG-426-E17	ANI>=95% and AAI>=95% with AG-426-E17	ANI>=95% and AAI>=95% with AG-426-E17	ANI>=95% and AAI>=95% with AG-426-E17	ANI95_AAI95	ANI95_AAI95	ANI95_AAI95	ANI95_AAI95	NA	NA	NA	NA	NA	NA	NA	NA	NA	NA	NA	NA	NA	NA	NA	AG-426-E17	97.22405	97.46
AG-916-A21	I	SAG	Ib.4.I	Pelagibacteraceae	Extensipelagibacter	unicus	Ib.4	Ib.4.I	Pelagibacteraceae	Passimpelagibacter	NA	Freel et al. 2025 used genome	Freel et al. 2025 used genome	Freel et al. 2025 used genome	Freel et al. 2025 used genome	direct_literature	direct_literature	direct_literature	direct_literature	NA	NA	NA	NA	NA	NA	NA	NA	NA	NA	NA	NA	NA	NA	NA	NA	NA	NA
AG-325-E08	I	SAG	Ia.4.N2	Pelagibacteraceae	Pantolocipelagibacter	NA	Ia.4	Ib.4.N2	Pelagibacteraceae	Pantolocipelagibacter	NA	Freel et al. 2025 used genome	Freel et al. 2025 used genome	Freel et al. 2025 used genome	NA	direct_literature	direct_literature	direct_literature	NA	NA	NA	NA	NA	NA	NA	NA	NA	NA	NA	NA	NA	NA	NA	NA	NA	NA	NA
AG-390-D02	I	SAG	Ia.4.N2	Pelagibacteraceae	Pantolocipelagibacter	NA	Ia.4	Ib.4.N2	Pelagibacteraceae	Pantolocipelagibacter	NA	Dual-tree crown interpolation (provisional)	Dual-tree crown interpolation (provisional)	Dual-tree crown interpolation (provisional)	NA	topology_provisional	topology_provisional	topology_provisional	NA	749	749	749	749	749	749	0.57	1	0.57	1	0.57	1	0.57	0.57	0.57	NA	NA	NA
AG-390-D15	I	SAG	Ia.4.N2	Pelagibacteraceae	Pantolocipelagibacter	NA	Ia.4	Ib.4.N2	Pelagibacteraceae	Pantolocipelagibacter	NA	Freel et al. 2025 used genome	Freel et al. 2025 used genome	Freel et al. 2025 used genome	NA	direct_literature	direct_literature	direct_literature	NA	NA	NA	NA	NA	NA	NA	NA	NA	NA	NA	NA	NA	NA	NA	NA	NA	NA	NA
AG-390-M02	I	SAG	NA	Pelagibacteraceae	NA	NA	Ia.4	Ib.4.N2	Pelagibacteraceae	Pantolocipelagibacter	NA	NA	Dual-tree crown interpolation (high confidence)	NA	NA	NA	topology_high	NA	NA	744	749	NA	NA	NA	NA	0.98	1	NA	NA	NA	NA	0.98	NA	NA	NA	NA	NA
AG-390-J13	I	SAG	Ia.4.N2	Pelagibacteraceae	Pantolocipelagibacter	NA	Ia.4	Ib.4.N2	Pelagibacteraceae	Pantolocipelagibacter	NA	Dual-tree crown interpolation (provisional)	Dual-tree crown interpolation (provisional)	Dual-tree crown interpolation (provisional)	NA	topology_provisional	topology_provisional	topology_provisional	NA	749	749	749	749	749	749	0.57	1	0.57	1	0.57	1	0.57	0.57	0.57	NA	NA	NA
SAG-MED11	I	SAG	Ia.4.N2	Pelagibacteraceae	Pantolocipelagibacter	NA	Ia.4	Ib.4.N2	Pelagibacteraceae	Pantolocipelagibacter	NA	Freel et al. 2025 used genome	Freel et al. 2025 used genome	Freel et al. 2025 used genome	NA	direct_literature	direct_literature	direct_literature	NA	NA	NA	NA	NA	NA	NA	NA	NA	NA	NA	NA	NA	NA	NA	NA	NA	NA	NA
AG-916-G19	I	SAG	Ia.4.N2	Pelagibacteraceae	Pantolocipelagibacter	undulae	Ia.4	Ib.4.N2	Pelagibacteraceae	Pantolocipelagibacter	undulae	Freel et al. 2025 Type Strains	Freel et al. 2025 Type Strains	Freel et al. 2025 Type Strains	Freel et al. 2025 Type Strains	direct_literature	direct_literature	direct_literature	direct_literature	NA	NA	NA	NA	NA	NA	NA	NA	NA	NA	NA	NA	NA	NA	NA	NA	NA	NA
AG-893-F11	I	SAG	Ia.4.N3	Pelagibacteraceae	Proventipelagibacter	oceanicus	Ia.4	Ib.4.N3	Pelagibacteraceae	Proventuspelagibacter	oceanicus	Freel et al. 2025 Type Strains	Freel et al. 2025 Type Strains	Freel et al. 2025 Type Strains	Freel et al. 2025 Type Strains	direct_literature	direct_literature	direct_literature	direct_literature	NA	NA	NA	NA	NA	NA	NA	NA	NA	NA	NA	NA	NA	NA	NA	NA	NA	NA
AG-892-K05	I	SAG	Ia.4.N3	Pelagibacteraceae	Proventipelagibacter	NA	Ia.4	Ib.4.N8	Pelagibacteraceae	Mediuspelagibacter	NA	Freel et al. 2025 used genome	Freel et al. 2025 used genome	Freel et al. 2025 used genome	NA	direct_literature	direct_literature	direct_literature	NA	NA	NA	NA	NA	NA	NA	NA	NA	NA	NA	NA	NA	NA	NA	NA	NA	NA	NA
AG-912-C08	I	SAG	Ia.4.N3	Pelagibacteraceae	Proventipelagibacter	NA	Ia.4	Ib.4.N8	Pelagibacteraceae	Mediuspelagibacter	NA	Freel et al. 2025 used genome	Freel et al. 2025 used genome	Freel et al. 2025 used genome	NA	direct_literature	direct_literature	direct_literature	NA	NA	NA	NA	NA	NA	NA	NA	NA	NA	NA	NA	NA	NA	NA	NA	NA	NA	NA
AG-899-G02	I	SAG	Ia.4.N3	Pelagibacteraceae	Proventipelagibacter	NA	Ia.4	Ib.4.N8	Pelagibacteraceae	Mediuspelagibacter	NA	Dual-tree crown interpolation (high confidence)	Dual-tree crown interpolation (high confidence)	Dual-tree crown interpolation (high confidence)	NA	topology_high	topology_high	topology_high	NA	766	772	766	772	766	772	1	1	1	1	1	1	1	1	1	NA	NA	NA
AG-900-K21	I	SAG	Ia.4.N3	Pelagibacteraceae	Proventipelagibacter	NA	Ia.4	Ib.4.N8	Pelagibacteraceae	Mediuspelagibacter	NA	Freel et al. 2025 used genome	Freel et al. 2025 used genome	Freel et al. 2025 used genome	NA	direct_literature	direct_literature	direct_literature	NA	NA	NA	NA	NA	NA	NA	NA	NA	NA	NA	NA	NA	NA	NA	NA	NA	NA	NA
AG-908-F20	I	SAG	Ia.4.N3	Pelagibacteraceae	Proventipelagibacter	NA	Ia.4	Ib.4.N8	Pelagibacteraceae	Mediuspelagibacter	NA	Freel et al. 2025 used genome	Freel et al. 2025 used genome	Freel et al. 2025 used genome	NA	direct_literature	direct_literature	direct_literature	NA	NA	NA	NA	NA	NA	NA	NA	NA	NA	NA	NA	NA	NA	NA	NA	NA	NA	NA
AG-894-L13	I	SAG	Ia.4.N3	Pelagibacteraceae	Proventipelagibacter	NA	Ia.4	Ib.4.N8	Pelagibacteraceae	Mediuspelagibacter	NA	Freel et al. 2025 used genome	Freel et al. 2025 used genome	Freel et al. 2025 used genome	NA	direct_literature	direct_literature	direct_literature	NA	NA	NA	NA	NA	NA	NA	NA	NA	NA	NA	NA	NA	NA	NA	NA	NA	NA	NA
AG-895-J19	I	SAG	Ia.4.N3	Pelagibacteraceae	Proventipelagibacter	NA	Ia.4	Ib.4.N8	Pelagibacteraceae	Mediuspelagibacter	NA	Freel et al. 2025 used genome	Freel et al. 2025 used genome	Freel et al. 2025 used genome	NA	direct_literature	direct_literature	direct_literature	NA	NA	NA	NA	NA	NA	NA	NA	NA	NA	NA	NA	NA	NA	NA	NA	NA	NA	NA
AG-461-M18	I	SAG	Ib.4.N8	Pelagibacteraceae	Medipelagibacter	NA	Ib.4	Ib.4.N8	Pelagibacteraceae	Mediuspelagibacter	NA	Freel et al. 2025 used genome	Freel et al. 2025 used genome	Freel et al. 2025 used genome	NA	direct_literature	direct_literature	direct_literature	NA	NA	NA	NA	NA	NA	NA	NA	NA	NA	NA	NA	NA	NA	NA	NA	NA	NA	NA
AG-893-K09	I	SAG	Ib.4.N8	Pelagibacteraceae	Medipelagibacter	bermudensis	Ib.4	Ib.4.N8	Pelagibacteraceae	Mediuspelagibacter	bermudensis	Freel et al. 2025 Type Strains	Freel et al. 2025 Type Strains	Freel et al. 2025 Type Strains	Freel et al. 2025 Type Strains	direct_literature	direct_literature	direct_literature	direct_literature	NA	NA	NA	NA	NA	NA	NA	NA	NA	NA	NA	NA	NA	NA	NA	NA	NA	NA
AG-901-I21	I	SAG	Ib.4.N8	Pelagibacteraceae	Medipelagibacter	bermudensis	Ib.4	Ib.4.N8	Pelagibacteraceae	Mediuspelagibacter	NA	Freel et al. 2025 used genome	Freel et al. 2025 used genome	Freel et al. 2025 used genome	Freel et al. 2025 used genome	direct_literature	direct_literature	direct_literature	direct_literature	NA	NA	NA	NA	NA	NA	NA	NA	NA	NA	NA	NA	NA	NA	NA	NA	NA	NA
AG-917-M15	I	SAG	Ib.4.N8	Pelagibacteraceae	Medipelagibacter	NA	Ib.4	Ib.4.N8	Pelagibacteraceae	Mediuspelagibacter	NA	Freel et al. 2025 used genome	Freel et al. 2025 used genome	Freel et al. 2025 used genome	NA	direct_literature	direct_literature	direct_literature	NA	NA	NA	NA	NA	NA	NA	NA	NA	NA	NA	NA	NA	NA	NA	NA	NA	NA	NA
AG-909-A17	I	SAG	Ib.4.N8	Pelagibacteraceae	Medipelagibacter	NA	Ib.4	Ib.4.N8	Pelagibacteraceae	Mediuspelagibacter	NA	Dual-tree crown interpolation (high confidence)	Dual-tree crown interpolation (high confidence)	Dual-tree crown interpolation (high confidence)	NA	topology_high	topology_high	topology_high	NA	972	973	972	973	972	973	1	1	1	1	1	1	1	1	1	NA	NA	NA
AG-920-I06	I	SAG	Ib.4.N8	Pelagibacteraceae	Medipelagibacter	NA	Ib.4	Ib.4.N8	Pelagibacteraceae	Mediuspelagibacter	NA	Dual-tree crown interpolation (high confidence)	Dual-tree crown interpolation (high confidence)	Dual-tree crown interpolation (high confidence)	NA	topology_high	topology_high	topology_high	NA	972	973	972	973	972	973	1	1	1	1	1	1	1	1	1	NA	NA	NA
AG-917-B07	I	SAG	Ib.4.N8	Pelagibacteraceae	Medipelagibacter	NA	Ib.4	Ib.4.N8	Pelagibacteraceae	Mediuspelagibacter	NA	Freel et al. 2025 used genome	Freel et al. 2025 used genome	Freel et al. 2025 used genome	NA	direct_literature	direct_literature	direct_literature	NA	NA	NA	NA	NA	NA	NA	NA	NA	NA	NA	NA	NA	NA	NA	NA	NA	NA	NA
AG-920-L19	I	SAG	Ib.4.N8	Pelagibacteraceae	Medipelagibacter	NA	Ib.4	Ib.4.N8	Pelagibacteraceae	Mediuspelagibacter	NA	Freel et al. 2025 used genome	Freel et al. 2025 used genome	Freel et al. 2025 used genome	NA	direct_literature	direct_literature	direct_literature	NA	NA	NA	NA	NA	NA	NA	NA	NA	NA	NA	NA	NA	NA	NA	NA	NA	NA	NA
AH-324-B10	I	SAG	Ib.4.N8	Pelagibacteraceae	Medipelagibacter	NA	Ib.4	Ib.4.N8	Pelagibacteraceae	Mediuspelagibacter	NA	Freel et al. 2025 used genome	Freel et al. 2025 used genome	Freel et al. 2025 used genome	NA	direct_literature	direct_literature	direct_literature	NA	NA	NA	NA	NA	NA	NA	NA	NA	NA	NA	NA	NA	NA	NA	NA	NA	NA	NA
AG-430-F16	I	SAG	Ib.4.N9	Pelagibacteraceae	Amplipelagibacter	globalis	Ib.4	Ib.4.N9	Pelagibacteraceae	Amplipelagibacter	globalis	Freel et al. 2025 Type Strains	Freel et al. 2025 Type Strains	Freel et al. 2025 Type Strains	Freel et al. 2025 Type Strains	direct_literature	direct_literature	direct_literature	direct_literature	NA	NA	NA	NA	NA	NA	NA	NA	NA	NA	NA	NA	NA	NA	NA	NA	NA	NA
AG-430-J04	I	SAG	NA	Pelagibacteraceae	NA	NA	Ib.4	Ib.4.N9	Pelagibacteraceae	Amplipelagibacter	NA	NA	Dual-tree crown interpolation (provisional)	NA	NA	NA	topology_provisional	NA	NA	981	980	NA	NA	NA	NA	0.82	1	NA	NA	NA	NA	0.82	NA	NA	NA	NA	NA
AG-907-E04	I	SAG	Ib.2.N9	Pelagibacteraceae	Amplipelagibacter	NA	Ib.4	Ib.4.N9	Pelagibacteraceae	Amplipelagibacter	NA	Freel et al. 2025 used genome	Freel et al. 2025 used genome	Freel et al. 2025 used genome	NA	direct_literature	direct_literature	direct_literature	NA	NA	NA	NA	NA	NA	NA	NA	NA	NA	NA	NA	NA	NA	NA	NA	NA	NA	NA
AG-914-A09	I	SAG	Ib.2.N9	Pelagibacteraceae	Amplipelagibacter	NA	Ib.4	Ib.4.N9	Pelagibacteraceae	Amplipelagibacter	NA	Freel et al. 2025 used genome	Freel et al. 2025 used genome	Freel et al. 2025 used genome	NA	direct_literature	direct_literature	direct_literature	NA	NA	NA	NA	NA	NA	NA	NA	NA	NA	NA	NA	NA	NA	NA	NA	NA	NA	NA
AG-453-K22	I	SAG	NA	Pelagibacteraceae	NA	NA	Ib.4	Ib.4.N9	Pelagibacteraceae	Amplipelagibacter	NA	NA	Dual-tree crown interpolation (provisional)	NA	NA	NA	topology_provisional	NA	NA	982	980	NA	NA	NA	NA	0.84	1	NA	NA	NA	NA	0.84	NA	NA	NA	NA	NA
AG-916-O13	I	SAG	Ib.2.N9	Pelagibacteraceae	Amplipelagibacter	NA	Ib.4	Ib.4.N9	Pelagibacteraceae	Amplipelagibacter	NA	Freel et al. 2025 used genome	Freel et al. 2025 used genome	Freel et al. 2025 used genome	NA	direct_literature	direct_literature	direct_literature	NA	NA	NA	NA	NA	NA	NA	NA	NA	NA	NA	NA	NA	NA	NA	NA	NA	NA	NA
AG-903-K07	I	SAG	Ib.2.N9	Pelagibacteraceae	Amplipelagibacter	NA	Ib.4	Ib.4.N9	Pelagibacteraceae	Amplipelagibacter	NA	Freel et al. 2025 used genome	Freel et al. 2025 used genome	Freel et al. 2025 used genome	NA	direct_literature	direct_literature	direct_literature	NA	NA	NA	NA	NA	NA	NA	NA	NA	NA	NA	NA	NA	NA	NA	NA	NA	NA	NA
AG-325-C21	I	SAG	NA	Pelagibacteraceae	NA	NA	Ib.5	Ib.5	Pelagibacteraceae	NA	NA	NA	Dual-tree crown interpolation (high confidence)	NA	NA	NA	topology_high	NA	NA	548	548	NA	NA	NA	NA	1	1	NA	NA	NA	NA	1	NA	NA	NA	NA	NA
SAG-MED15	I	SAG	NA	Pelagibacteraceae	NA	NA	Ib.5	Ib.5	Pelagibacteraceae	NA	NA	NA	Dual-tree crown interpolation (high confidence)	NA	NA	NA	topology_high	NA	NA	548	548	NA	NA	NA	NA	1	1	NA	NA	NA	NA	1	NA	NA	NA	NA	NA
AG-422-N15	I	SAG	NA	Pelagibacteraceae	NA	NA	Ib.5	Ib.5	Pelagibacteraceae	NA	NA	NA	Dual-tree crown interpolation (high confidence)	NA	NA	NA	topology_high	NA	NA	548	548	NA	NA	NA	NA	1	1	NA	NA	NA	NA	1	NA	NA	NA	NA	NA
AG-349-I05	I	SAG	Ib.N11	Pelagibacteraceae	Rubripelagibacter	NA	Ib.5	Ib.N11	Pelagibacteraceae	Rubeuspelagibacter	NA	Freel et al. 2025 used genome	Freel et al. 2025 used genome	Freel et al. 2025 used genome	NA	direct_literature	direct_literature	direct_literature	NA	NA	NA	NA	NA	NA	NA	NA	NA	NA	NA	NA	NA	NA	NA	NA	NA	NA	NA
AG-430-I18	I	SAG	Ib.N11	Pelagibacteraceae	Rubripelagibacter	NA	Ib.5	Ib.N11	Pelagibacteraceae	Rubeuspelagibacter	NA	Freel et al. 2025 used genome	Freel et al. 2025 used genome	Freel et al. 2025 used genome	NA	direct_literature	direct_literature	direct_literature	NA	NA	NA	NA	NA	NA	NA	NA	NA	NA	NA	NA	NA	NA	NA	NA	NA	NA	NA
AG-914-L20	I	SAG	Ib.N11	Pelagibacteraceae	Rubripelagibacter	NA	Ib.5	Ib.N11	Pelagibacteraceae	Rubeuspelagibacter	NA	Dual-tree crown interpolation (high confidence)	Dual-tree crown interpolation (high confidence)	Dual-tree crown interpolation (high confidence)	NA	topology_high	topology_high	topology_high	NA	860	861	860	861	860	861	0.98	1	0.98	1	0.98	1	0.98	0.98	0.98	NA	NA	NA
AH-324-E14	I	SAG	Ib.N11	Pelagibacteraceae	Rubripelagibacter	NA	Ib.5	Ib.N11	Pelagibacteraceae	Rubeuspelagibacter	NA	Dual-tree crown interpolation (high confidence)	Dual-tree crown interpolation (high confidence)	Dual-tree crown interpolation (high confidence)	NA	topology_high	topology_high	topology_high	NA	860	861	860	861	860	861	0.98	1	0.98	1	0.98	1	0.98	0.98	0.98	NA	NA	NA
AG-911-N14	I	SAG	Ib.N11	Pelagibacteraceae	Rubripelagibacter	NA	Ib.5	Ib.N11	Pelagibacteraceae	Rubeuspelagibacter	NA	Freel et al. 2025 used genome	Freel et al. 2025 used genome	Freel et al. 2025 used genome	NA	direct_literature	direct_literature	direct_literature	NA	NA	NA	NA	NA	NA	NA	NA	NA	NA	NA	NA	NA	NA	NA	NA	NA	NA	NA
AG-414-E02	I	SAG	Ic	Mesopelagibacteraceae	Mesopelagibacter	NA	Ic.2	Ic.2	Mesopelagibacteraceae	Mesopelagibacter	carboxydoxivorans	Freel et al. 2025 used genome	Freel et al. 2025 used genome	Freel et al. 2025 used genome	NA	direct_literature	direct_literature	direct_literature	NA	NA	NA	NA	NA	NA	NA	NA	NA	NA	NA	NA	NA	NA	NA	NA	NA	NA	NA
ARS1	I	MAG	Ic	Mesopelagibacteraceae	Mesopelagibacter	NA	Ic.2	Ic.2	Mesopelagibacteraceae	Mesopelagibacter	NA	Dual-tree validation of prior lineage assignment (high confidence)	Dual-tree validation of prior family assignment (high confidence)	Dual-tree validation of prior lineage assignment (high confidence)	NA	topology_high	topology_high	topology_high	NA	1038	1038	1038	1038	1038	1038	1	1	1	1	1	1	1	1	1	NA	NA	NA
MED605	I	MAG	Ic	Mesopelagibacteraceae	Mesopelagibacter	NA	Ic.2	Ic.2	Mesopelagibacteraceae	Mesopelagibacter	NA	Dual-tree validation of prior lineage assignment (high confidence)	Dual-tree validation of prior family assignment (high confidence)	Dual-tree validation of prior lineage assignment (high confidence)	NA	topology_high	topology_high	topology_high	NA	1038	1038	1038	1038	1038	1038	1	1	1	1	1	1	1	1	1	NA	NA	NA
AG-343-E17	II	SAG	IIa.A	Cosmipelagibacteraceae	Anoxipelagibacter	NA	IIa.A	IIa.A.1	Cosmipelagibacteraceae	Anoxipelagibacter	NA	Freel et al. 2025 IIa.A/IIa.B classification	Freel et al. 2025 used genome	Freel et al. 2025 used genome	NA	direct_literature	direct_literature	direct_literature	NA	NA	NA	NA	NA	NA	NA	NA	NA	NA	NA	NA	NA	NA	NA	NA	NA	NA	NA
AG-439-C08	II	SAG	IIa.A	Cosmipelagibacteraceae	NA	NA	IIa.A	IIa.A.1	Cosmipelagibacteraceae	Anoxipelagibacter	NA	Freel et al. 2025 IIa.A/IIa.B classification	Dual-tree crown interpolation (provisional)	NA	NA	direct_literature	topology_provisional	NA	NA	1032	1032	NA	NA	NA	NA	0.88	0.99	NA	NA	NA	NA	0.88	NA	NA	NA	NA	NA
AG-414-B15	II	SAG	IIa.A	Cosmipelagibacteraceae	Anoxipelagibacter	NA	IIa.A	IIa.A.1	Cosmipelagibacteraceae	Anoxipelagibacter	NA	Freel et al. 2025 IIa.A/IIa.B classification	Freel et al. 2025 used genome	Freel et al. 2025 used genome	NA	direct_literature	direct_literature	direct_literature	NA	NA	NA	NA	NA	NA	NA	NA	NA	NA	NA	NA	NA	NA	NA	NA	NA	NA	NA
AG-365-B19	II	SAG	IIa.A	Cosmipelagibacteraceae	NA	NA	IIa.A	IIa.A.1	Cosmipelagibacteraceae	Anoxipelagibacter	NA	Freel et al. 2025 IIa.A/IIa.B classification	Dual-tree crown interpolation (provisional)	NA	NA	direct_literature	topology_provisional	NA	NA	1035	1032	NA	NA	NA	NA	0.85	0.99	NA	NA	NA	NA	0.85	NA	NA	NA	NA	NA
AG-426-O05	II	SAG	IIa.A	Cosmipelagibacteraceae	Anoxipelagibacter	NA	IIa.A	IIa.A.1	Cosmipelagibacteraceae	Anoxipelagibacter	NA	Freel et al. 2025 IIa.A/IIa.B classification	Freel et al. 2025 used genome	Freel et al. 2025 used genome	NA	direct_literature	direct_literature	direct_literature	NA	NA	NA	NA	NA	NA	NA	NA	NA	NA	NA	NA	NA	NA	NA	NA	NA	NA	NA
AG-422-A21	II	SAG	IIa.A	Cosmipelagibacteraceae	NA	NA	IIa.A	IIa.A.1	Cosmipelagibacteraceae	Anoxipelagibacter	NA	Freel et al. 2025 IIa.A/IIa.B classification	Dual-tree crown interpolation (provisional)	NA	NA	direct_literature	topology_provisional	NA	NA	1035	1036	NA	NA	NA	NA	0.85	0.99	NA	NA	NA	NA	0.85	NA	NA	NA	NA	NA
AG-426-I15	II	SAG	IIa.A	Cosmipelagibacteraceae	Anoxipelagibacter	NA	IIa.A	IIa.A.1	Cosmipelagibacteraceae	Anoxipelagibacter	NA	Freel et al. 2025 IIa.A/IIa.B classification	Freel et al. 2025 used genome	Freel et al. 2025 used genome	NA	direct_literature	direct_literature	direct_literature	NA	NA	NA	NA	NA	NA	NA	NA	NA	NA	NA	NA	NA	NA	NA	NA	NA	NA	NA
AG-430-F03	II	SAG	IIa.A	Cosmipelagibacteraceae	Anoxipelagibacter	NA	IIa.A	IIa.A.1	Cosmipelagibacteraceae	Anoxipelagibacter	NA	Freel et al. 2025 IIa.A/IIa.B classification	Freel et al. 2025 used genome	Freel et al. 2025 used genome	NA	direct_literature	direct_literature	direct_literature	NA	NA	NA	NA	NA	NA	NA	NA	NA	NA	NA	NA	NA	NA	NA	NA	NA	NA	NA
AG-325-E20	II	SAG	IIa.A	Cosmipelagibacteraceae	Anoxipelagibacter	NA	IIa.A	IIa.A.2	Cosmipelagibacteraceae	Anoxipelagibacter	NA	Freel et al. 2025 IIa.A/IIa.B classification	Freel et al. 2025 used genome	Freel et al. 2025 used genome	NA	direct_literature	direct_literature	direct_literature	NA	NA	NA	NA	NA	NA	NA	NA	NA	NA	NA	NA	NA	NA	NA	NA	NA	NA	NA
AG-904-F11	II	SAG	IIa.A	Cosmipelagibacteraceae	NA	NA	IIa.A	IIa.A.2	Cosmipelagibacteraceae	Anoxipelagibacter	NA	Freel et al. 2025 IIa.A/IIa.B classification	Dual-tree crown interpolation (high confidence)	NA	NA	direct_literature	topology_high	NA	NA	1027	1027	NA	NA	NA	NA	0.98	1	NA	NA	NA	NA	0.98	NA	NA	NA	NA	NA
AG-920-L07	II	SAG	IIa.A	Cosmipelagibacteraceae	Anoxipelagibacter	NA	IIa.A	IIa.A.2	Cosmipelagibacteraceae	Anoxipelagibacter	NA	Freel et al. 2025 IIa.A/IIa.B classification	Freel et al. 2025 used genome	Freel et al. 2025 used genome	NA	direct_literature	direct_literature	direct_literature	NA	NA	NA	NA	NA	NA	NA	NA	NA	NA	NA	NA	NA	NA	NA	NA	NA	NA	NA
AG-422-L15	II	SAG	IIa.A	Cosmipelagibacteraceae	Anoxipelagibacter	NA	IIa.A	IIa.A.2	Cosmipelagibacteraceae	Anoxipelagibacter	NA	Freel et al. 2025 IIa.A/IIa.B classification	Freel et al. 2025 used genome	Freel et al. 2025 used genome	NA	direct_literature	direct_literature	direct_literature	NA	NA	NA	NA	NA	NA	NA	NA	NA	NA	NA	NA	NA	NA	NA	NA	NA	NA	NA
AG-916-D16	II	SAG	IIa.A	Cosmipelagibacteraceae	NA	NA	IIa.A	IIa.A.2	Cosmipelagibacteraceae	Anoxipelagibacter	NA	Freel et al. 2025 IIa.A/IIa.B classification	Dual-tree crown interpolation (high confidence)	NA	NA	direct_literature	topology_high	NA	NA	1024	1025	NA	NA	NA	NA	1	1	NA	NA	NA	NA	1	NA	NA	NA	NA	NA
AG-912-D10	II	SAG	IIa.A	Cosmipelagibacteraceae	Anoxipelagibacter	NA	IIa.A	IIa.A.2	Cosmipelagibacteraceae	Anoxipelagibacter	NA	Freel et al. 2025 IIa.A/IIa.B classification	Freel et al. 2025 used genome	Freel et al. 2025 used genome	NA	direct_literature	direct_literature	direct_literature	NA	NA	NA	NA	NA	NA	NA	NA	NA	NA	NA	NA	NA	NA	NA	NA	NA	NA	NA
AG-916-G03	II	SAG	IIa.A	Cosmipelagibacteraceae	NA	NA	IIa.A	IIa.A.2	Cosmipelagibacteraceae	Anoxipelagibacter	NA	Freel et al. 2025 IIa.A/IIa.B classification	Dual-tree crown interpolation (high confidence)	NA	NA	direct_literature	topology_high	NA	NA	987	987	NA	NA	NA	NA	1	1	NA	NA	NA	NA	1	NA	NA	NA	NA	NA
MED-G40	II	MAG	IIa.A	Cosmipelagibacteraceae	NA	NA	IIa.A	IIa.A.2	Cosmipelagibacteraceae	Anoxipelagibacter	NA	Freel et al. 2025 IIa.A/IIa.B classification	Dual-tree crown interpolation (high confidence)	NA	NA	direct_literature	topology_high	NA	NA	987	987	NA	NA	NA	NA	1	1	NA	NA	NA	NA	1	NA	NA	NA	NA	NA
AG-313-A04	II	SAG	IIa.B	Cosmipelagibacteraceae	Cosmipelagibacter	NA	IIa.B	IIa.B	Cosmipelagibacteraceae	Cosmipelagibacter	NA	Freel et al. 2025 IIa.A/IIa.B classification	Freel et al. 2025 used genome	Freel et al. 2025 used genome	NA	direct_literature	direct_literature	direct_literature	NA	NA	NA	NA	NA	NA	NA	NA	NA	NA	NA	NA	NA	NA	NA	NA	NA	NA	NA
AG-918-N23	II	SAG	IIa.B	Cosmipelagibacteraceae	Cosmipelagibacter	NA	IIa.B	IIa.B	Cosmipelagibacteraceae	Cosmipelagibacter	NA	Freel et al. 2025 IIa.A/IIa.B classification	Freel et al. 2025 used genome	Freel et al. 2025 used genome	NA	direct_literature	direct_literature	direct_literature	NA	NA	NA	NA	NA	NA	NA	NA	NA	NA	NA	NA	NA	NA	NA	NA	NA	NA	NA
HIMB058	II	isolate	IIa.B	Cosmipelagibacteraceae	Cosmipelagibacter	regressus	IIa.B	IIa.B	Cosmipelagibacteraceae	Cosmipelagibacter	malulaniensis	Freel et al. 2025 IIa.A/IIa.B classification	Freel et al. 2025 Type Strains	Freel et al. 2025 Type Strains	Freel et al. 2025 Type Strains	direct_literature	direct_literature	direct_literature	direct_literature	NA	NA	NA	NA	NA	NA	NA	NA	NA	NA	NA	NA	NA	NA	NA	NA	NA	NA
AG-422-F15	II	SAG	IIa.B	Cosmipelagibacteraceae	Cosmipelagibacter	NA	IIa.B	IIa.B	Cosmipelagibacteraceae	Cosmipelagibacter	NA	Freel et al. 2025 IIa.A/IIa.B classification	Freel et al. 2025 used genome	Freel et al. 2025 used genome	NA	direct_literature	direct_literature	direct_literature	NA	NA	NA	NA	NA	NA	NA	NA	NA	NA	NA	NA	NA	NA	NA	NA	NA	NA	NA
AG-453-G04	II	SAG	IIa.B	Cosmipelagibacteraceae	Cosmipelagibacter	NA	IIa.B	IIa.B	Cosmipelagibacteraceae	Cosmipelagibacter	NA	Freel et al. 2025 IIa.A/IIa.B classification	Freel et al. 2025 used genome	Freel et al. 2025 used genome	NA	direct_literature	direct_literature	direct_literature	NA	NA	NA	NA	NA	NA	NA	NA	NA	NA	NA	NA	NA	NA	NA	NA	NA	NA	NA
AG-891-O15	II	SAG	IIa.B	Cosmipelagibacteraceae	Cosmipelagibacter	NA	IIa.B	IIa.B	Cosmipelagibacteraceae	Cosmipelagibacter	NA	Freel et al. 2025 IIa.A/IIa.B classification	Freel et al. 2025 used genome	Freel et al. 2025 used genome	NA	direct_literature	direct_literature	direct_literature	NA	NA	NA	NA	NA	NA	NA	NA	NA	NA	NA	NA	NA	NA	NA	NA	NA	NA	NA
AG-917-F18	II	SAG	IIa.B	Cosmipelagibacteraceae	Cosmipelagibacter	NA	IIa.B	IIa.B	Cosmipelagibacteraceae	Cosmipelagibacter	NA	Freel et al. 2025 IIa.A/IIa.B classification	Freel et al. 2025 used genome	Freel et al. 2025 used genome	NA	direct_literature	direct_literature	direct_literature	NA	NA	NA	NA	NA	NA	NA	NA	NA	NA	NA	NA	NA	NA	NA	NA	NA	NA	NA
AH-287-C13	II	SAG	IIa.B	Cosmipelagibacteraceae	Cosmipelagibacter	NA	IIa.B	IIa.B	Cosmipelagibacteraceae	Cosmipelagibacter	NA	Freel et al. 2025 IIa.A/IIa.B classification	Freel et al. 2025 used genome	Freel et al. 2025 used genome	NA	direct_literature	direct_literature	direct_literature	NA	NA	NA	NA	NA	NA	NA	NA	NA	NA	NA	NA	NA	NA	NA	NA	NA	NA	NA
AG-910-G11	II	SAG	IIa.B	Cosmipelagibacteraceae	Cosmipelagibacter	NA	IIa.B	IIa.B	Cosmipelagibacteraceae	Cosmipelagibacter	NA	Freel et al. 2025 IIa.A/IIa.B classification	Freel et al. 2025 used genome	Freel et al. 2025 used genome	NA	direct_literature	direct_literature	direct_literature	NA	NA	NA	NA	NA	NA	NA	NA	NA	NA	NA	NA	NA	NA	NA	NA	NA	NA	NA
AG-919-F21	II	SAG	IIa.B	Cosmipelagibacteraceae	Cosmipelagibacter	NA	IIa.B	IIa.B	Cosmipelagibacteraceae	Cosmipelagibacter	NA	Freel et al. 2025 IIa.A/IIa.B classification	Freel et al. 2025 used genome	Freel et al. 2025 used genome	NA	direct_literature	direct_literature	direct_literature	NA	NA	NA	NA	NA	NA	NA	NA	NA	NA	NA	NA	NA	NA	NA	NA	NA	NA	NA
AG-917-K20	II	SAG	IIa.B	Cosmipelagibacteraceae	Cosmipelagibacter	NA	IIa.B	IIa.B	Cosmipelagibacteraceae	Cosmipelagibacter	NA	Freel et al. 2025 IIa.A/IIa.B classification	Freel et al. 2025 used genome	Freel et al. 2025 used genome	NA	direct_literature	direct_literature	direct_literature	NA	NA	NA	NA	NA	NA	NA	NA	NA	NA	NA	NA	NA	NA	NA	NA	NA	NA	NA
SAG-MED28	II	SAG	IIa.B	Cosmipelagibacteraceae	Cosmipelagibacter	NA	IIa.B	IIa.B	Cosmipelagibacteraceae	Cosmipelagibacter	NA	Freel et al. 2025 IIa.A/IIa.B classification	Freel et al. 2025 used genome	Freel et al. 2025 used genome	NA	direct_literature	direct_literature	direct_literature	NA	NA	NA	NA	NA	NA	NA	NA	NA	NA	NA	NA	NA	NA	NA	NA	NA	NA	NA
AG-337-E15	II	SAG	IIa.B	Cosmipelagibacteraceae	Cosmipelagibacter	NA	IIa.B	IIa.B	Cosmipelagibacteraceae	Cosmipelagibacter	NA	Freel et al. 2025 IIa.A/IIa.B classification	Freel et al. 2025 used genome	Freel et al. 2025 used genome	NA	direct_literature	direct_literature	direct_literature	NA	NA	NA	NA	NA	NA	NA	NA	NA	NA	NA	NA	NA	NA	NA	NA	NA	NA	NA
AG-911-G13	II	SAG	IIa.B	Cosmipelagibacteraceae	Cosmipelagibacter	NA	IIa.B	IIa.B	Cosmipelagibacteraceae	Cosmipelagibacter	NA	Freel et al. 2025 IIa.A/IIa.B classification	Freel et al. 2025 used genome	Freel et al. 2025 used genome	NA	direct_literature	direct_literature	direct_literature	NA	NA	NA	NA	NA	NA	NA	NA	NA	NA	NA	NA	NA	NA	NA	NA	NA	NA	NA
AG-913-I06	II	SAG	IIa.B	Cosmipelagibacteraceae	Cosmipelagibacter	NA	IIa.B	IIa.B	Cosmipelagibacteraceae	Cosmipelagibacter	NA	Freel et al. 2025 IIa.A/IIa.B classification	Dual-tree crown interpolation (provisional)	Dual-tree crown interpolation (provisional)	NA	direct_literature	topology_provisional	topology_provisional	NA	1003	1009	NA	NA	1018	1012	1	0.87	NA	NA	0.63	1	0.87	NA	0.63	NA	NA	NA
AG-914-J05	II	SAG	IIa.B	Cosmipelagibacteraceae	Cosmipelagibacter	NA	IIa.B	IIa.B	Cosmipelagibacteraceae	Cosmipelagibacter	NA	Freel et al. 2025 IIa.A/IIa.B classification	Freel et al. 2025 used genome	Freel et al. 2025 used genome	NA	direct_literature	direct_literature	direct_literature	NA	NA	NA	NA	NA	NA	NA	NA	NA	NA	NA	NA	NA	NA	NA	NA	NA	NA	NA
AG-918-M15	II	SAG	IIa.B	Cosmipelagibacteraceae	Cosmipelagibacter	NA	IIa.B	IIa.B	Cosmipelagibacteraceae	Cosmipelagibacter	NA	Freel et al. 2025 IIa.A/IIa.B classification	Freel et al. 2025 used genome	Freel et al. 2025 used genome	NA	direct_literature	direct_literature	direct_literature	NA	NA	NA	NA	NA	NA	NA	NA	NA	NA	NA	NA	NA	NA	NA	NA	NA	NA	NA
AG-919-M05	II	SAG	IIa.B	Cosmipelagibacteraceae	Cosmipelagibacter	NA	IIa.B	IIa.B	Cosmipelagibacteraceae	Cosmipelagibacter	NA	Freel et al. 2025 IIa.A/IIa.B classification	Freel et al. 2025 used genome	Freel et al. 2025 used genome	NA	direct_literature	direct_literature	direct_literature	NA	NA	NA	NA	NA	NA	NA	NA	NA	NA	NA	NA	NA	NA	NA	NA	NA	NA	NA
AG-912-P19	II	SAG	IIa.B	Cosmipelagibacteraceae	Cosmipelagibacter	NA	IIa.B	IIa.B	Cosmipelagibacteraceae	Cosmipelagibacter	NA	Freel et al. 2025 IIa.A/IIa.B classification	Freel et al. 2025 used genome	Freel et al. 2025 used genome	NA	direct_literature	direct_literature	direct_literature	NA	NA	NA	NA	NA	NA	NA	NA	NA	NA	NA	NA	NA	NA	NA	NA	NA	NA	NA
AG-916-E17	II	SAG	IIa.B	Cosmipelagibacteraceae	Cosmipelagibacter	NA	IIa.B	IIa.B	Cosmipelagibacteraceae	Cosmipelagibacter	NA	Freel et al. 2025 IIa.A/IIa.B classification	Freel et al. 2025 used genome	Freel et al. 2025 used genome	NA	direct_literature	direct_literature	direct_literature	NA	NA	NA	NA	NA	NA	NA	NA	NA	NA	NA	NA	NA	NA	NA	NA	NA	NA	NA
AG-914-N11	II	SAG	IIa.B	Cosmipelagibacteraceae	Cosmipelagibacter	NA	IIa.B	IIa.B	Cosmipelagibacteraceae	Cosmipelagibacter	NA	Freel et al. 2025 IIa.A/IIa.B classification	Dual-tree crown interpolation (provisional)	Dual-tree crown interpolation (provisional)	NA	direct_literature	topology_provisional	topology_provisional	NA	1005	1009	NA	NA	1015	1010	0.84	0.87	NA	NA	0.67	0.87	0.84	NA	0.67	NA	NA	NA
AH-321-I23	II	SAG	IIa.B	Cosmipelagibacteraceae	Cosmipelagibacter	NA	IIa.B	IIa.B	Cosmipelagibacteraceae	Cosmipelagibacter	NA	Freel et al. 2025 IIa.A/IIa.B classification	Dual-tree crown interpolation (provisional)	Dual-tree crown interpolation (provisional)	NA	direct_literature	topology_provisional	topology_provisional	NA	1008	991	NA	NA	1010	1003	0.8	1	NA	NA	0.85	1	0.8	NA	0.85	NA	NA	NA
AG-422-K17	II	SAG	IIa.B	Cosmipelagibacteraceae	Cosmipelagibacter	NA	IIa.B	IIa.B	Cosmipelagibacteraceae	Cosmipelagibacter	NA	Freel et al. 2025 IIa.A/IIa.B classification	Dual-tree crown interpolation (provisional)	Dual-tree crown interpolation (provisional)	NA	direct_literature	topology_provisional	topology_provisional	NA	1003	1007	NA	NA	1016	1008	1	0.87	NA	NA	0.59	0.98	0.87	NA	0.59	NA	NA	NA
AG-913-I14	II	SAG	IIa.B	Cosmipelagibacteraceae	Cosmipelagibacter	NA	IIa.B	IIa.B	Cosmipelagibacteraceae	Cosmipelagibacter	NA	Freel et al. 2025 IIa.A/IIa.B classification	Freel et al. 2025 used genome	Freel et al. 2025 used genome	NA	direct_literature	direct_literature	direct_literature	NA	NA	NA	NA	NA	NA	NA	NA	NA	NA	NA	NA	NA	NA	NA	NA	NA	NA	NA
AG-903-M21	II	SAG	IIa.B	Cosmipelagibacteraceae	Cosmipelagibacter	NA	IIa.B	IIa.B	Cosmipelagibacteraceae	Cosmipelagibacter	NA	Freel et al. 2025 IIa.A/IIa.B classification	Freel et al. 2025 used genome	Freel et al. 2025 used genome	NA	direct_literature	direct_literature	direct_literature	NA	NA	NA	NA	NA	NA	NA	NA	NA	NA	NA	NA	NA	NA	NA	NA	NA	NA	NA
AH-287-E19	II	SAG	IIa.B	Cosmipelagibacteraceae	Cosmipelagibacter	NA	IIa.B	IIa.B	Cosmipelagibacteraceae	Cosmipelagibacter	NA	Freel et al. 2025 IIa.A/IIa.B classification	Freel et al. 2025 used genome	Freel et al. 2025 used genome	NA	direct_literature	direct_literature	direct_literature	NA	NA	NA	NA	NA	NA	NA	NA	NA	NA	NA	NA	NA	NA	NA	NA	NA	NA	NA
AG-917-E14	II	SAG	IIa.B	Cosmipelagibacteraceae	Cosmipelagibacter	NA	IIa.B	IIa.B	Cosmipelagibacteraceae	Cosmipelagibacter	NA	Freel et al. 2025 IIa.A/IIa.B classification	Dual-tree crown interpolation (provisional)	Dual-tree crown interpolation (provisional)	NA	direct_literature	topology_provisional	topology_provisional	NA	1006	1013	NA	NA	1012	1015	0.61	0.98	NA	NA	0.51	1	0.61	NA	0.51	NA	NA	NA
AG-919-I13	II	SAG	IIa.B	Cosmipelagibacteraceae	Cosmipelagibacter	NA	IIa.B	IIa.B	Cosmipelagibacteraceae	Cosmipelagibacter	NA	Freel et al. 2025 IIa.A/IIa.B classification	Freel et al. 2025 used genome	Freel et al. 2025 used genome	NA	direct_literature	direct_literature	direct_literature	NA	NA	NA	NA	NA	NA	NA	NA	NA	NA	NA	NA	NA	NA	NA	NA	NA	NA	NA
AG-899-E14	II	SAG	IIa.B	Cosmipelagibacteraceae	Cosmipelagibacter	NA	IIa.B	IIa.B	Cosmipelagibacteraceae	Cosmipelagibacter	NA	Freel et al. 2025 IIa.A/IIa.B classification	Dual-tree crown interpolation (provisional)	Dual-tree crown interpolation (provisional)	NA	direct_literature	topology_provisional	topology_provisional	NA	1006	1013	NA	NA	1013	1015	0.61	0.98	NA	NA	0.76	1	0.61	NA	0.76	NA	NA	NA
AG-914-I16	II	SAG	IIa.B	Cosmipelagibacteraceae	Cosmipelagibacter	NA	IIa.B	IIa.B	Cosmipelagibacteraceae	Cosmipelagibacter	NA	Freel et al. 2025 IIa.A/IIa.B classification	Dual-tree crown interpolation (provisional)	Dual-tree crown interpolation (provisional)	NA	direct_literature	topology_provisional	topology_provisional	NA	1006	1013	NA	NA	1014	1016	0.61	0.98	NA	NA	0.92	0.98	0.61	NA	0.92	NA	NA	NA
AG-325-E13	II	SAG	IIa.B	Cosmipelagibacteraceae	Cosmipelagibacter	NA	IIa.B	IIa.B	Cosmipelagibacteraceae	Cosmipelagibacter	NA	Freel et al. 2025 IIa.A/IIa.B classification	Dual-tree crown interpolation (high confidence)	Dual-tree crown interpolation (high confidence)	NA	direct_literature	topology_high	topology_high	NA	1020	1020	NA	NA	1022	1021	1	1	NA	NA	1	1	1	NA	1	NA	NA	NA
AG-390-C22	II	SAG	IIa.B	Cosmipelagibacteraceae	Cosmipelagibacter	NA	IIa.B	IIa.B	Cosmipelagibacteraceae	Cosmipelagibacter	NA	Freel et al. 2025 IIa.A/IIa.B classification	Dual-tree crown interpolation (high confidence)	Dual-tree crown interpolation (high confidence)	NA	direct_literature	topology_high	topology_high	NA	1020	1020	NA	NA	1022	1022	1	1	NA	NA	1	1	1	NA	1	NA	NA	NA
AG-390-M15	II	SAG	IIa.B	Cosmipelagibacteraceae	Cosmipelagibacter	NA	IIa.B	IIa.B	Cosmipelagibacteraceae	Cosmipelagibacter	NA	Freel et al. 2025 IIa.A/IIa.B classification	Freel et al. 2025 used genome	Freel et al. 2025 used genome	NA	direct_literature	direct_literature	direct_literature	NA	NA	NA	NA	NA	NA	NA	NA	NA	NA	NA	NA	NA	NA	NA	NA	NA	NA	NA
SAG-MED05	II	SAG	IIa.B	Cosmipelagibacteraceae	Cosmipelagibacter	NA	IIa.B	IIa.B	Cosmipelagibacteraceae	Cosmipelagibacter	NA	Freel et al. 2025 IIa.A/IIa.B classification	Freel et al. 2025 used genome	Freel et al. 2025 used genome	NA	direct_literature	direct_literature	direct_literature	NA	NA	NA	NA	NA	NA	NA	NA	NA	NA	NA	NA	NA	NA	NA	NA	NA	NA	NA
AG-461-E04	II	SAG	IIa.B	Cosmipelagibacteraceae	Cosmipelagibacter	NA	IIa.B	IIa.B	Cosmipelagibacteraceae	Cosmipelagibacter	NA	Freel et al. 2025 IIa.A/IIa.B classification	Freel et al. 2025 used genome	Freel et al. 2025 used genome	NA	direct_literature	direct_literature	direct_literature	NA	NA	NA	NA	NA	NA	NA	NA	NA	NA	NA	NA	NA	NA	NA	NA	NA	NA	NA
CPC289	III	MAG	IIIa.1	Fontibacteriaceae	Elongatipelagibacter	NA	IIIa.1	IIIa.1	Allofontibacteraceae	Elongatapelagibacter	NA	Curated Clade III classification in Lanclos/Fernandes framework	Curated Clade III subgroup + Freel et al. 2025 taxonomy	Curated Clade III subgroup + Freel et al. 2025 taxonomy	NA	retained_curated	retained_curated	retained_curated	NA	NA	NA	NA	NA	NA	NA	NA	NA	NA	NA	NA	NA	NA	NA	NA	NA	NA	NA
MED1116	III	MAG	IIIa.1	Fontibacteriaceae	Elongatipelagibacter	NA	IIIa.1	IIIa.1	Allofontibacteraceae	Elongatapelagibacter	NA	Lanclos et al. 2023 used genome	Lanclos et al. 2023 subgroup + Freel et al. 2025 taxonomy	Lanclos et al. 2023 subgroup + Freel et al. 2025 taxonomy	NA	direct_literature	direct_literature	direct_literature	NA	NA	NA	NA	NA	NA	NA	NA	NA	NA	NA	NA	NA	NA	NA	NA	NA	NA	NA
SP27	III	MAG	IIIa.1	Fontibacteriaceae	Elongatipelagibacter	NA	IIIa.1	IIIa.1	Allofontibacteraceae	Elongatapelagibacter	NA	Curated Clade III classification in Lanclos/Fernandes framework	Curated Clade III subgroup + Freel et al. 2025 taxonomy	Curated Clade III subgroup + Freel et al. 2025 taxonomy	NA	retained_curated	retained_curated	retained_curated	NA	NA	NA	NA	NA	NA	NA	NA	NA	NA	NA	NA	NA	NA	NA	NA	NA	NA	NA
HIMB109	III	isolate	IIIa.1	Fontibacteriaceae	Elongatipelagibacter	longiformis	IIIa.1	IIIa.1	Allofontibacteraceae	Elongatapelagibacter	NA	Curated Clade III classification in Lanclos/Fernandes framework	Freel et al. 2025 used genome	Freel et al. 2025 used genome	Freel et al. 2025 used genome	retained_curated	direct_literature	direct_literature	direct_literature	NA	NA	NA	NA	NA	NA	NA	NA	NA	NA	NA	NA	NA	NA	NA	NA	NA	NA
HIMB114	III	isolate	IIIa.1	Fontibacteriaceae	Elongatipelagibacter	longiformis	IIIa.1	IIIa.1	Allofontibacteraceae	Elongatapelagibacter	koolaupokoensis	Lanclos et al. 2023 used genome	Freel et al. 2025 Type Strains	Freel et al. 2025 Type Strains	Freel et al. 2025 Type Strains	direct_literature	direct_literature	direct_literature	direct_literature	NA	NA	NA	NA	NA	NA	NA	NA	NA	NA	NA	NA	NA	NA	NA	NA	NA	NA
HIMB1565	III	isolate	IIIa.1	Fontibacteriaceae	Elongatipelagibacter	longiformis	IIIa.1	IIIa.1	Allofontibacteraceae	Elongatapelagibacter	NA	Curated Clade III classification in Lanclos/Fernandes framework	Freel et al. 2025 used genome	Freel et al. 2025 used genome	Freel et al. 2025 used genome	retained_curated	direct_literature	direct_literature	direct_literature	NA	NA	NA	NA	NA	NA	NA	NA	NA	NA	NA	NA	NA	NA	NA	NA	NA	NA
HIMB1517	III	isolate	IIIa.1	Fontibacteriaceae	Elongatipelagibacter	longiformis	IIIa.1	IIIa.1	Allofontibacteraceae	Elongatapelagibacter	NA	Curated Clade III classification in Lanclos/Fernandes framework	Freel et al. 2025 used genome	Freel et al. 2025 used genome	Freel et al. 2025 used genome	retained_curated	direct_literature	direct_literature	direct_literature	NA	NA	NA	NA	NA	NA	NA	NA	NA	NA	NA	NA	NA	NA	NA	NA	NA	NA
LSUCC0723	III	isolate	IIIa.1	Fontibacteriaceae	Elongatipelagibacter	NA	IIIa.1	IIIa.1	Allofontibacteraceae	Elongatapelagibacter	NA	Lanclos et al. 2023 used genome	Lanclos et al. 2023 subgroup + Freel et al. 2025 taxonomy	Lanclos et al. 2023 subgroup + Freel et al. 2025 taxonomy	NA	direct_literature	direct_literature	direct_literature	NA	NA	NA	NA	NA	NA	NA	NA	NA	NA	NA	NA	NA	NA	NA	NA	NA	NA	NA
LSUCC0664	III	isolate	IIIa.1	Fontibacteriaceae	Elongatipelagibacter	NA	IIIa.1	IIIa.1	Allofontibacteraceae	Elongatapelagibacter	NA	Lanclos et al. 2023 used genome	Lanclos et al. 2023 subgroup + Freel et al. 2025 taxonomy	Lanclos et al. 2023 subgroup + Freel et al. 2025 taxonomy	NA	direct_literature	direct_literature	direct_literature	NA	NA	NA	NA	NA	NA	NA	NA	NA	NA	NA	NA	NA	NA	NA	NA	NA	NA	NA
AG-894-A09	III	SAG	IIIa.2	Fontibacteriaceae	NA	NA	IIIa.2	IIIa.2	Allofontibacteraceae	NA	NA	Lanclos et al. 2023 used genome	Lanclos et al. 2023 subgroup + Freel et al. 2025 taxonomy	NA	NA	direct_literature	direct_literature	NA	NA	NA	NA	NA	NA	NA	NA	NA	NA	NA	NA	NA	NA	NA	NA	NA	NA	NA	NA
AG-907-B09	III	SAG	IIIa.2	Fontibacteriaceae	NA	NA	IIIa.2	IIIa.2	Allofontibacteraceae	NA	NA	Curated Clade III classification in Lanclos/Fernandes framework	Curated Clade III subgroup + Freel et al. 2025 taxonomy	NA	NA	retained_curated	retained_curated	NA	NA	NA	NA	NA	NA	NA	NA	NA	NA	NA	NA	NA	NA	NA	NA	NA	NA	NA	NA
MED602	III	MAG	IIIa.2	Fontibacteriaceae	NA	NA	IIIa.2	IIIa.2	Allofontibacteraceae	NA	NA	Curated Clade III classification in Lanclos/Fernandes framework	Curated Clade III subgroup + Freel et al. 2025 taxonomy	NA	NA	retained_curated	retained_curated	NA	NA	NA	NA	NA	NA	NA	NA	NA	NA	NA	NA	NA	NA	NA	NA	NA	NA	NA	NA
IMCC9063	III	isolate	IIIa.3	Fontibacteriaceae	NA	NA	IIIa.3	IIIa.3	Allofontibacteraceae	NA	NA	Lanclos et al. 2023 used genome	Lanclos et al. 2023 subgroup + Freel et al. 2025 taxonomy	NA	NA	direct_literature	direct_literature	NA	NA	NA	NA	NA	NA	NA	NA	NA	NA	NA	NA	NA	NA	NA	NA	NA	NA	NA	NA
LSUCC0261	III	isolate	IIIa.3	Fontibacteriaceae	NA	NA	IIIa.3	IIIa.3	Allofontibacteraceae	NA	NA	Lanclos et al. 2023 used genome	Lanclos et al. 2023 subgroup + Freel et al. 2025 taxonomy	NA	NA	direct_literature	direct_literature	NA	NA	NA	NA	NA	NA	NA	NA	NA	NA	NA	NA	NA	NA	NA	NA	NA	NA	NA	NA
LSUCC0530	III	isolate	IIIb.16	Fontibacteriaceae	Fontibacterium	commune	IIIb	IIIb.16_LD12	Allofontibacteraceae	Allofontibacter	communis	Fernandes et al. 2025 genomes	Freel et al. 2025 Type Strains	Freel et al. 2025 Type Strains	Freel et al. 2025 Type Strains	direct_literature	direct_literature	direct_literature	direct_literature	NA	NA	NA	NA	NA	NA	NA	NA	NA	NA	NA	NA	NA	NA	NA	NA	NA	NA
ME-33	III	isolate	IIIb.8	Fontibacteriaceae	Fontibacterium	medardense	IIIb	IIIb.8	Allofontibacteraceae	Allofontibacter	medardense	Fernandes et al. 2025 genomes	Fernandes et al. 2025 genomes	Fernandes et al. 2025 genomes	Fernandes et al. 2025 genomes	direct_literature	direct_literature	direct_literature	direct_literature	NA	NA	NA	NA	NA	NA	NA	NA	NA	NA	NA	NA	NA	NA	NA	NA	NA	NA
ME-31	III	isolate	IIIb.8	Fontibacteriaceae	Fontibacterium	medardense	IIIb	IIIb.8	Allofontibacteraceae	Allofontibacter	medardense	Fernandes et al. 2025 genomes	Fernandes et al. 2025 genomes	Fernandes et al. 2025 genomes	Fernandes et al. 2025 genomes	direct_literature	direct_literature	direct_literature	direct_literature	NA	NA	NA	NA	NA	NA	NA	NA	NA	NA	NA	NA	NA	NA	NA	NA	NA	NA
ME-17	III	isolate	IIIb.8	Fontibacteriaceae	Fontibacterium	medardense	IIIb	IIIb.8	Allofontibacteraceae	Allofontibacter	medardense	Fernandes et al. 2025 genomes	Fernandes et al. 2025 genomes	Fernandes et al. 2025 genomes	Fernandes et al. 2025 genomes	direct_literature	direct_literature	direct_literature	direct_literature	NA	NA	NA	NA	NA	NA	NA	NA	NA	NA	NA	NA	NA	NA	NA	NA	NA	NA
ME-20	III	isolate	IIIb.8	Fontibacteriaceae	Fontibacterium	medardense	IIIb	IIIb.8	Allofontibacteraceae	Allofontibacter	medardense	Fernandes et al. 2025 genomes	Fernandes et al. 2025 genomes	Fernandes et al. 2025 genomes	Fernandes et al. 2025 genomes	direct_literature	direct_literature	direct_literature	direct_literature	NA	NA	NA	NA	NA	NA	NA	NA	NA	NA	NA	NA	NA	NA	NA	NA	NA	NA
ME-18	III	isolate	IIIb.8	Fontibacteriaceae	Fontibacterium	medardense	IIIb	IIIb.8	Allofontibacteraceae	Allofontibacter	medardense	Fernandes et al. 2025 genomes	Fernandes et al. 2025 genomes	Fernandes et al. 2025 genomes	Fernandes et al. 2025 genomes	direct_literature	direct_literature	direct_literature	direct_literature	NA	NA	NA	NA	NA	NA	NA	NA	NA	NA	NA	NA	NA	NA	NA	NA	NA	NA
MiE-29	III	isolate	IIIb.9	Fontibacteriaceae	Fontibacterium	abundans	IIIb	IIIb.9	Allofontibacteraceae	Allofontibacter	abundans	Fernandes et al. 2025 genomes	Fernandes et al. 2025 genomes	Fernandes et al. 2025 genomes	Fernandes et al. 2025 genomes	direct_literature	direct_literature	direct_literature	direct_literature	NA	NA	NA	NA	NA	NA	NA	NA	NA	NA	NA	NA	NA	NA	NA	NA	NA	NA
MKE-138	III	isolate	IIIb.9	Fontibacteriaceae	Fontibacterium	abundans	IIIb	IIIb.9	Allofontibacteraceae	Allofontibacter	abundans	Fernandes et al. 2025 genomes	Fernandes et al. 2025 genomes	Fernandes et al. 2025 genomes	Fernandes et al. 2025 genomes	direct_literature	direct_literature	direct_literature	direct_literature	NA	NA	NA	NA	NA	NA	NA	NA	NA	NA	NA	NA	NA	NA	NA	NA	NA	NA
AG-337-G06	IV	SAG	IV	NA	NA	NA	IV	IV	NA	NA	NA	Retained legacy classification outside harmonization scope	NA	NA	NA	retained_legacy	NA	NA	NA	NA	NA	NA	NA	NA	NA	NA	NA	NA	NA	NA	NA	NA	NA	NA	NA	NA	NA
AG-894-A11	IV	SAG	IV	NA	NA	NA	IV	IV	NA	NA	NA	Retained legacy classification outside harmonization scope	NA	NA	NA	retained_legacy	NA	NA	NA	NA	NA	NA	NA	NA	NA	NA	NA	NA	NA	NA	NA	NA	NA	NA	NA	NA	NA
AG-900-K14	IV	SAG	IV	NA	NA	NA	IV	IV	NA	NA	NA	Retained legacy classification outside harmonization scope	NA	NA	NA	retained_legacy	NA	NA	NA	NA	NA	NA	NA	NA	NA	NA	NA	NA	NA	NA	NA	NA	NA	NA	NA	NA	NA
AG-422-B15	IV	SAG	IV	NA	NA	NA	IV	IV	NA	NA	NA	Retained legacy classification outside harmonization scope	NA	NA	NA	retained_legacy	NA	NA	NA	NA	NA	NA	NA	NA	NA	NA	NA	NA	NA	NA	NA	NA	NA	NA	NA	NA	NA
AG-439-D15	IV	SAG	IV	NA	NA	NA	IV	IV	NA	NA	NA	Retained legacy classification outside harmonization scope	NA	NA	NA	retained_legacy	NA	NA	NA	NA	NA	NA	NA	NA	NA	NA	NA	NA	NA	NA	NA	NA	NA	NA	NA	NA	NA
AG-896-A02	IV	SAG	IV	NA	NA	NA	IV	IV	NA	NA	NA	Retained legacy classification outside harmonization scope	NA	NA	NA	retained_legacy	NA	NA	NA	NA	NA	NA	NA	NA	NA	NA	NA	NA	NA	NA	NA	NA	NA	NA	NA	NA	NA
AG-899-O02	IV	SAG	IV	NA	NA	NA	IV	IV	NA	NA	NA	Retained legacy classification outside harmonization scope	NA	NA	NA	retained_legacy	NA	NA	NA	NA	NA	NA	NA	NA	NA	NA	NA	NA	NA	NA	NA	NA	NA	NA	NA	NA	NA
AG-905-D16	IV	SAG	IV	NA	NA	NA	IV	IV	NA	NA	NA	Retained legacy classification outside harmonization scope	NA	NA	NA	retained_legacy	NA	NA	NA	NA	NA	NA	NA	NA	NA	NA	NA	NA	NA	NA	NA	NA	NA	NA	NA	NA	NA
AG-895-F07	IV	SAG	IV	NA	NA	NA	IV	IV	NA	NA	NA	Retained legacy classification outside harmonization scope	NA	NA	NA	retained_legacy	NA	NA	NA	NA	NA	NA	NA	NA	NA	NA	NA	NA	NA	NA	NA	NA	NA	NA	NA	NA	NA
AG-920-L11	IV	SAG	IV	NA	NA	NA	IV	IV	NA	NA	NA	Retained legacy classification outside harmonization scope	NA	NA	NA	retained_legacy	NA	NA	NA	NA	NA	NA	NA	NA	NA	NA	NA	NA	NA	NA	NA	NA	NA	NA	NA	NA	NA
AG-909-G09	IV	SAG	IV	NA	NA	NA	IV	IV	NA	NA	NA	Retained legacy classification outside harmonization scope	NA	NA	NA	retained_legacy	NA	NA	NA	NA	NA	NA	NA	NA	NA	NA	NA	NA	NA	NA	NA	NA	NA	NA	NA	NA	NA
AG-919-N17	IV	SAG	IV	NA	NA	NA	IV	IV	NA	NA	NA	Retained legacy classification outside harmonization scope	NA	NA	NA	retained_legacy	NA	NA	NA	NA	NA	NA	NA	NA	NA	NA	NA	NA	NA	NA	NA	NA	NA	NA	NA	NA	NA
AG-422-C21	IV	SAG	IV	NA	NA	NA	IV	IV	NA	NA	NA	Retained legacy classification outside harmonization scope	NA	NA	NA	retained_legacy	NA	NA	NA	NA	NA	NA	NA	NA	NA	NA	NA	NA	NA	NA	NA	NA	NA	NA	NA	NA	NA
AG-911-E02	IV	SAG	IV	NA	NA	NA	IV	IV	NA	NA	NA	Retained legacy classification outside harmonization scope	NA	NA	NA	retained_legacy	NA	NA	NA	NA	NA	NA	NA	NA	NA	NA	NA	NA	NA	NA	NA	NA	NA	NA	NA	NA	NA
AG-893-M03	IV	SAG	IV	NA	NA	NA	IV	IV	NA	NA	NA	Retained legacy classification outside harmonization scope	NA	NA	NA	retained_legacy	NA	NA	NA	NA	NA	NA	NA	NA	NA	NA	NA	NA	NA	NA	NA	NA	NA	NA	NA	NA	NA
AG-892-M06	IV	SAG	IV	NA	NA	NA	IV	IV	NA	NA	NA	Retained legacy classification outside harmonization scope	NA	NA	NA	retained_legacy	NA	NA	NA	NA	NA	NA	NA	NA	NA	NA	NA	NA	NA	NA	NA	NA	NA	NA	NA	NA	NA
AG-891-J04	IV	SAG	IV	NA	NA	NA	IV	IV	NA	NA	NA	Retained legacy classification outside harmonization scope	NA	NA	NA	retained_legacy	NA	NA	NA	NA	NA	NA	NA	NA	NA	NA	NA	NA	NA	NA	NA	NA	NA	NA	NA	NA	NA
AG-426-I21	IV	SAG	IV	NA	NA	NA	IV	IV	NA	NA	NA	Retained legacy classification outside harmonization scope	NA	NA	NA	retained_legacy	NA	NA	NA	NA	NA	NA	NA	NA	NA	NA	NA	NA	NA	NA	NA	NA	NA	NA	NA	NA	NA
AG-901-G03	IV	SAG	IV	NA	NA	NA	IV	IV	NA	NA	NA	Retained legacy classification outside harmonization scope	NA	NA	NA	retained_legacy	NA	NA	NA	NA	NA	NA	NA	NA	NA	NA	NA	NA	NA	NA	NA	NA	NA	NA	NA	NA	NA
AG-919-P09	IV	SAG	IV	NA	NA	NA	IV	IV	NA	NA	NA	Retained legacy classification outside harmonization scope	NA	NA	NA	retained_legacy	NA	NA	NA	NA	NA	NA	NA	NA	NA	NA	NA	NA	NA	NA	NA	NA	NA	NA	NA	NA	NA
AH-287-F15	IV	SAG	IV	NA	NA	NA	IV	IV	NA	NA	NA	Retained legacy classification outside harmonization scope	NA	NA	NA	retained_legacy	NA	NA	NA	NA	NA	NA	NA	NA	NA	NA	NA	NA	NA	NA	NA	NA	NA	NA	NA	NA	NA
AG-457-M14	IV	SAG	IV	NA	NA	NA	IV	IV	NA	NA	NA	Retained legacy classification outside harmonization scope	NA	NA	NA	retained_legacy	NA	NA	NA	NA	NA	NA	NA	NA	NA	NA	NA	NA	NA	NA	NA	NA	NA	NA	NA	NA	NA
AG-461-P14	IV	SAG	IV	NA	NA	NA	IV	IV	NA	NA	NA	Retained legacy classification outside harmonization scope	NA	NA	NA	retained_legacy	NA	NA	NA	NA	NA	NA	NA	NA	NA	NA	NA	NA	NA	NA	NA	NA	NA	NA	NA	NA	NA
AG-900-M14	IV	SAG	IV	NA	NA	NA	IV	IV	NA	NA	NA	Retained legacy classification outside harmonization scope	NA	NA	NA	retained_legacy	NA	NA	NA	NA	NA	NA	NA	NA	NA	NA	NA	NA	NA	NA	NA	NA	NA	NA	NA	NA	NA
AG-337-G11	I	SAG	Ia.4.N3	Pelagibacteraceae	Proventipelagibacter	NA	Ia.4	NA	Pelagibacteraceae	NA	NA	Freel et al. 2025 used genome	Freel et al. 2025 used genome	Freel et al. 2025 used genome	NA	direct_literature	direct_literature	direct_literature	NA	NA	NA	NA	NA	NA	NA	NA	NA	NA	NA	NA	NA	NA	NA	NA	NA	NA	NA
AG-894-K15	I	SAG	Ia.4.N3	Pelagibacteraceae	Proventipelagibacter	NA	Ia.4	NA	Pelagibacteraceae	NA	NA	Dual-tree crown interpolation (high confidence)	Dual-tree crown interpolation (high confidence)	Dual-tree crown interpolation (high confidence)	NA	topology_high	topology_high	topology_high	NA	762	768	762	768	762	768	1	1	1	1	1	1	1	1	1	NA	NA	NA
AAA795-D22	I	SAG	NA	Pelagibacteraceae	NA	NA	Ia.3.III	NA	Pelagibacteraceae	NA	NA	NA	Dual-tree crown interpolation (high confidence)	NA	NA	NA	topology_high	NA	NA	707	706	NA	NA	NA	NA	0.99	1	NA	NA	NA	NA	0.99	NA	NA	NA	NA	NA
AG-447-O23	I	SAG	NA	Pelagibacteraceae	NA	NA	Ia.3.III	NA	Pelagibacteraceae	NA	NA	NA	Dual-tree crown interpolation (high confidence)	NA	NA	NA	topology_high	NA	NA	707	706	NA	NA	NA	NA	0.99	1	NA	NA	NA	NA	0.99	NA	NA	NA	NA	NA
AG-426-P08	I	SAG	NA	Pelagibacteraceae	NA	NA	Ia.3.III	NA	Pelagibacteraceae	NA	NA	NA	Dual-tree crown interpolation (high confidence)	NA	NA	NA	topology_high	NA	NA	707	706	NA	NA	NA	NA	0.99	1	NA	NA	NA	NA	0.99	NA	NA	NA	NA	NA
AH-321-N11	I	SAG	NA	Pelagibacteraceae	NA	NA	Ia.3.III	NA	Pelagibacteraceae	NA	NA	NA	Dual-tree crown interpolation (high confidence)	NA	NA	NA	topology_high	NA	NA	707	706	NA	NA	NA	NA	0.99	1	NA	NA	NA	NA	0.99	NA	NA	NA	NA	NA
AH-324-K07	I	SAG	NA	Pelagibacteraceae	NA	NA	Ia.3.III	NA	Pelagibacteraceae	NA	NA	NA	Dual-tree crown interpolation (high confidence)	NA	NA	NA	topology_high	NA	NA	707	706	NA	NA	NA	NA	0.99	1	NA	NA	NA	NA	0.99	NA	NA	NA	NA	NA
AG-390-O04	I	SAG	NA	Pelagibacteraceae	NA	NA	Ia.3.III	NA	Pelagibacteraceae	NA	NA	NA	Dual-tree crown interpolation (high confidence)	NA	NA	NA	topology_high	NA	NA	707	706	NA	NA	NA	NA	0.99	1	NA	NA	NA	NA	0.99	NA	NA	NA	NA	NA
AG-325-C18	I	SAG	NA	Pelagibacteraceae	NA	NA	Ia.4	NA	Pelagibacteraceae	NA	NA	NA	Dual-tree crown interpolation (high confidence)	NA	NA	NA	topology_high	NA	NA	707	717	NA	NA	NA	NA	0.99	1	NA	NA	NA	NA	0.99	NA	NA	NA	NA	NA
AG-359-P18	I	SAG	NA	Pelagibacteraceae	NA	NA	Ia.4	NA	Pelagibacteraceae	NA	NA	NA	Dual-tree crown interpolation (high confidence)	NA	NA	NA	topology_high	NA	NA	707	717	NA	NA	NA	NA	0.99	1	NA	NA	NA	NA	0.99	NA	NA	NA	NA	NA
SAG-MED13	I	SAG	NA	Pelagibacteraceae	NA	NA	Ia.4	NA	Pelagibacteraceae	NA	NA	NA	Dual-tree crown interpolation (high confidence)	NA	NA	NA	topology_high	NA	NA	707	717	NA	NA	NA	NA	0.99	1	NA	NA	NA	NA	0.99	NA	NA	NA	NA	NA
AG-325-L02	I	SAG	NA	Pelagibacteraceae	NA	NA	Ia.4	NA	Pelagibacteraceae	NA	NA	NA	Dual-tree crown interpolation (provisional)	NA	NA	NA	topology_provisional	NA	NA	744	746	NA	NA	NA	NA	0.98	0.83	NA	NA	NA	NA	0.83	NA	NA	NA	NA	NA
SAG-MED47	I	SAG	NA	Pelagibacteraceae	NA	NA	Ia.4	NA	Pelagibacteraceae	NA	NA	NA	Dual-tree crown interpolation (provisional)	NA	NA	NA	topology_provisional	NA	NA	744	746	NA	NA	NA	NA	0.98	0.83	NA	NA	NA	NA	0.83	NA	NA	NA	NA	NA
AG-325-L05	I	SAG	NA	Pelagibacteraceae	NA	NA	Ia.4	NA	Pelagibacteraceae	NA	NA	NA	Dual-tree crown interpolation (provisional)	NA	NA	NA	topology_provisional	NA	NA	744	746	NA	NA	NA	NA	0.98	0.83	NA	NA	NA	NA	0.83	NA	NA	NA	NA	NA
AG-390-M07	I	SAG	NA	Pelagibacteraceae	NA	NA	Ia.4	NA	Pelagibacteraceae	NA	NA	NA	Dual-tree crown interpolation (provisional)	NA	NA	NA	topology_provisional	NA	NA	744	746	NA	NA	NA	NA	0.98	0.83	NA	NA	NA	NA	0.83	NA	NA	NA	NA	NA
SAG-MED01	I	SAG	NA	Pelagibacteraceae	NA	NA	Ia.4	NA	Pelagibacteraceae	NA	NA	NA	Dual-tree crown interpolation (provisional)	NA	NA	NA	topology_provisional	NA	NA	744	746	NA	NA	NA	NA	0.98	0.83	NA	NA	NA	NA	0.83	NA	NA	NA	NA	NA
AG-333-D08	I	SAG	NA	Pelagibacteraceae	NA	NA	Ia.4	NA	Pelagibacteraceae	NA	NA	NA	Dual-tree crown interpolation (provisional)	NA	NA	NA	topology_provisional	NA	NA	744	746	NA	NA	NA	NA	0.98	0.83	NA	NA	NA	NA	0.83	NA	NA	NA	NA	NA
AG-447-N08	I	SAG	NA	Pelagibacteraceae	NA	NA	Ia.4	NA	Pelagibacteraceae	NA	NA	NA	Dual-tree crown interpolation (high confidence)	NA	NA	NA	topology_high	NA	NA	744	744	NA	NA	NA	NA	0.98	1	NA	NA	NA	NA	0.98	NA	NA	NA	NA	NA
AG-410-L19	I	SAG	NA	Pelagibacteraceae	NA	NA	Ia.4	NA	Pelagibacteraceae	NA	NA	NA	Dual-tree crown interpolation (provisional)	NA	NA	NA	topology_provisional	NA	NA	760	802	NA	NA	NA	NA	0.82	1	NA	NA	NA	NA	0.82	NA	NA	NA	NA	NA
AG-447-K09	I	SAG	NA	Pelagibacteraceae	NA	NA	Ia.4	NA	Pelagibacteraceae	NA	NA	NA	Dual-tree crown interpolation (provisional)	NA	NA	NA	topology_provisional	NA	NA	760	802	NA	NA	NA	NA	0.82	1	NA	NA	NA	NA	0.82	NA	NA	NA	NA	NA
AG-359-F04	I	SAG	NA	Pelagibacteraceae	NA	NA	Ia.4	NA	Pelagibacteraceae	NA	NA	NA	Dual-tree crown interpolation (provisional)	NA	NA	NA	topology_provisional	NA	NA	758	744	NA	NA	NA	NA	0.93	1	NA	NA	NA	NA	0.93	NA	NA	NA	NA	NA
AG-426-I10	I	SAG	NA	Pelagibacteraceae	NA	NA	Ia.4	NA	Pelagibacteraceae	NA	NA	NA	Dual-tree crown interpolation (provisional)	NA	NA	NA	topology_provisional	NA	NA	758	744	NA	NA	NA	NA	0.93	1	NA	NA	NA	NA	0.93	NA	NA	NA	NA	NA
AG-410-K05	I	SAG	NA	Pelagibacteraceae	NA	NA	Ia.4	NA	Pelagibacteraceae	NA	NA	NA	Dual-tree crown interpolation (provisional)	NA	NA	NA	topology_provisional	NA	NA	758	744	NA	NA	NA	NA	0.93	1	NA	NA	NA	NA	0.93	NA	NA	NA	NA	NA
AG-892-C18	I	SAG	NA	Pelagibacteraceae	NA	NA	Ia.4	NA	Pelagibacteraceae	NA	NA	NA	Dual-tree crown interpolation (provisional)	NA	NA	NA	topology_provisional	NA	NA	758	744	NA	NA	NA	NA	0.93	1	NA	NA	NA	NA	0.93	NA	NA	NA	NA	NA
AG-914-L04	I	SAG	NA	Pelagibacteraceae	NA	NA	Ia.4	NA	Pelagibacteraceae	NA	NA	NA	Dual-tree crown interpolation (provisional)	NA	NA	NA	topology_provisional	NA	NA	758	746	NA	NA	NA	NA	0.93	0.83	NA	NA	NA	NA	0.83	NA	NA	NA	NA	NA
AG-447-L14	I	SAG	NA	Pelagibacteraceae	NA	NA	Ia.4	NA	Pelagibacteraceae	NA	NA	NA	Dual-tree crown interpolation (provisional)	NA	NA	NA	topology_provisional	NA	NA	758	744	NA	NA	NA	NA	0.93	1	NA	NA	NA	NA	0.93	NA	NA	NA	NA	NA
AG-893-P10	I	SAG	NA	Pelagibacteraceae	NA	NA	Ia.4	NA	Pelagibacteraceae	NA	NA	NA	Dual-tree crown interpolation (provisional)	NA	NA	NA	topology_provisional	NA	NA	758	744	NA	NA	NA	NA	0.93	1	NA	NA	NA	NA	0.93	NA	NA	NA	NA	NA
AG-325-G21	I	SAG	NA	Pelagibacteraceae	NA	NA	Ib.5	NA	Pelagibacteraceae	NA	NA	NA	Dual-tree crown interpolation (high confidence)	NA	NA	NA	topology_high	NA	NA	548	548	NA	NA	NA	NA	1	1	NA	NA	NA	NA	1	NA	NA	NA	NA	NA
AG-430-G11	I	SAG	NA	Pelagibacteraceae	NA	NA	Ib.5	NA	Pelagibacteraceae	NA	NA	NA	Dual-tree crown interpolation (high confidence)	NA	NA	NA	topology_high	NA	NA	548	548	NA	NA	NA	NA	1	1	NA	NA	NA	NA	1	NA	NA	NA	NA	NA
AG-916-J11	I	SAG	NA	Pelagibacteraceae	NA	NA	Ib.5	NA	Pelagibacteraceae	NA	NA	NA	Dual-tree crown interpolation (high confidence)	NA	NA	NA	topology_high	NA	NA	548	548	NA	NA	NA	NA	1	1	NA	NA	NA	NA	1	NA	NA	NA	NA	NA
AG-913-C02	I	SAG	NA	Pelagibacteraceae	NA	NA	Ib.5	NA	Pelagibacteraceae	NA	NA	NA	Dual-tree crown interpolation (high confidence)	NA	NA	NA	topology_high	NA	NA	548	548	NA	NA	NA	NA	1	1	NA	NA	NA	NA	1	NA	NA	NA	NA	NA
AG-390-G13	I	SAG	NA	Pelagibacteraceae	NA	NA	Ib.5	NA	Pelagibacteraceae	NA	NA	NA	Dual-tree crown interpolation (high confidence)	NA	NA	NA	topology_high	NA	NA	548	548	NA	NA	NA	NA	1	1	NA	NA	NA	NA	1	NA	NA	NA	NA	NA
AG-439-C18	I	SAG	NA	Pelagibacteraceae	NA	NA	Ib.5	NA	Pelagibacteraceae	NA	NA	NA	Dual-tree crown interpolation (high confidence)	NA	NA	NA	topology_high	NA	NA	548	548	NA	NA	NA	NA	1	1	NA	NA	NA	NA	1	NA	NA	NA	NA	NA
AG-333-K06	I	SAG	NA	Pelagibacteraceae	NA	NA	NA	NA	Pelagibacteraceae	NA	NA	NA	Dual-tree crown interpolation (provisional)	NA	NA	NA	topology_provisional	NA	NA	547	547	NA	NA	NA	NA	0.9	1	NA	NA	NA	NA	0.9	NA	NA	NA	NA	NA
AG-430-J21	I	SAG	NA	Pelagibacteraceae	NA	NA	NA	NA	Pelagibacteraceae	NA	NA	NA	Dual-tree crown interpolation (provisional)	NA	NA	NA	topology_provisional	NA	NA	547	547	NA	NA	NA	NA	0.9	1	NA	NA	NA	NA	0.9	NA	NA	NA	NA	NA
AG-892-K09	I	SAG	NA	Pelagibacteraceae	NA	NA	NA	NA	Pelagibacteraceae	NA	NA	NA	Dual-tree crown interpolation (provisional)	NA	NA	NA	topology_provisional	NA	NA	547	547	NA	NA	NA	NA	0.9	1	NA	NA	NA	NA	0.9	NA	NA	NA	NA	NA
AG-895-G15	I	SAG	NA	Pelagibacteraceae	NA	NA	NA	NA	Pelagibacteraceae	NA	NA	NA	Dual-tree crown interpolation (provisional)	NA	NA	NA	topology_provisional	NA	NA	547	547	NA	NA	NA	NA	0.9	1	NA	NA	NA	NA	0.9	NA	NA	NA	NA	NA
AG-414-B08	I	SAG	NA	Pelagibacteraceae	NA	NA	NA	NA	Pelagibacteraceae	NA	NA	NA	Dual-tree crown interpolation (provisional)	NA	NA	NA	topology_provisional	NA	NA	547	547	NA	NA	NA	NA	0.9	1	NA	NA	NA	NA	0.9	NA	NA	NA	NA	NA
AG-439-B12	I	SAG	NA	Pelagibacteraceae	NA	NA	NA	NA	Pelagibacteraceae	NA	NA	NA	Dual-tree crown interpolation (provisional)	NA	NA	NA	topology_provisional	NA	NA	547	547	NA	NA	NA	NA	0.9	1	NA	NA	NA	NA	0.9	NA	NA	NA	NA	NA
AG-439-E23	I	SAG	NA	Pelagibacteraceae	NA	NA	NA	NA	Pelagibacteraceae	NA	NA	NA	Dual-tree crown interpolation (provisional)	NA	NA	NA	topology_provisional	NA	NA	547	547	NA	NA	NA	NA	0.9	1	NA	NA	NA	NA	0.9	NA	NA	NA	NA	NA
AG-426-C04	I	SAG	NA	Pelagibacteraceae	NA	NA	NA	NA	Pelagibacteraceae	NA	NA	NA	Dual-tree crown interpolation (provisional)	NA	NA	NA	topology_provisional	NA	NA	547	547	NA	NA	NA	NA	0.9	1	NA	NA	NA	NA	0.9	NA	NA	NA	NA	NA
AG-439-G19	I	SAG	NA	Pelagibacteraceae	NA	NA	NA	NA	Pelagibacteraceae	NA	NA	NA	Dual-tree crown interpolation (provisional)	NA	NA	NA	topology_provisional	NA	NA	547	547	NA	NA	NA	NA	0.9	1	NA	NA	NA	NA	0.9	NA	NA	NA	NA	NA
AG-905-E11	I	SAG	NA	Pelagibacteraceae	NA	NA	Ib.2.a	NA	Pelagibacteraceae	NA	NA	NA	Dual-tree crown interpolation (provisional)	NA	NA	NA	topology_provisional	NA	NA	878	890	NA	NA	NA	NA	0.97	0.9	NA	NA	NA	NA	0.9	NA	NA	NA	NA	NA
AG-913-O18	I	SAG	NA	Pelagibacteraceae	NA	NA	Ib.2.a	NA	Pelagibacteraceae	NA	NA	NA	Dual-tree crown interpolation (provisional)	NA	NA	NA	topology_provisional	NA	NA	878	890	NA	NA	NA	NA	0.97	0.9	NA	NA	NA	NA	0.9	NA	NA	NA	NA	NA
AG-426-K09	I	SAG	NA	Pelagibacteraceae	NA	NA	Ib.2.a	NA	Pelagibacteraceae	NA	NA	NA	Dual-tree crown interpolation (provisional)	NA	NA	NA	topology_provisional	NA	NA	875	889	NA	NA	NA	NA	1	0.9	NA	NA	NA	NA	0.9	NA	NA	NA	NA	NA
AG-447-N21	I	SAG	NA	Pelagibacteraceae	NA	NA	Ib.2.a	NA	Pelagibacteraceae	NA	NA	NA	Dual-tree crown interpolation (provisional)	NA	NA	NA	topology_provisional	NA	NA	875	873	NA	NA	NA	NA	1	0.8	NA	NA	NA	NA	0.8	NA	NA	NA	NA	NA
AG-404-J20	I	SAG	NA	Pelagibacteraceae	NA	NA	Ib.2.b	NA	Pelagibacteraceae	NA	NA	NA	Dual-tree crown interpolation (provisional)	NA	NA	NA	topology_provisional	NA	NA	874	873	NA	NA	NA	NA	1	0.8	NA	NA	NA	NA	0.8	NA	NA	NA	NA	NA
AG-898-P13	I	SAG	NA	Pelagibacteraceae	NA	NA	Ib.2.b	NA	Pelagibacteraceae	NA	NA	NA	Dual-tree crown interpolation (provisional)	NA	NA	NA	topology_provisional	NA	NA	874	873	NA	NA	NA	NA	1	0.8	NA	NA	NA	NA	0.8	NA	NA	NA	NA	NA
AG-920-I23	I	SAG	NA	Pelagibacteraceae	NA	NA	Ib.2.b	NA	Pelagibacteraceae	NA	NA	NA	Dual-tree crown interpolation (provisional)	NA	NA	NA	topology_provisional	NA	NA	874	873	NA	NA	NA	NA	1	0.8	NA	NA	NA	NA	0.8	NA	NA	NA	NA	NA
AG-404-B04	I	SAG	NA	Pelagibacteraceae	NA	NA	Ib.2.b	NA	Pelagibacteraceae	NA	NA	NA	Dual-tree crown interpolation (provisional)	NA	NA	NA	topology_provisional	NA	NA	874	873	NA	NA	NA	NA	1	0.8	NA	NA	NA	NA	0.8	NA	NA	NA	NA	NA
AG-333-N15	I	SAG	NA	Pelagibacteraceae	NA	NA	NA	NA	Pelagibacteraceae	NA	NA	NA	Dual-tree crown interpolation (high confidence)	NA	NA	NA	topology_high	NA	NA	548	548	NA	NA	NA	NA	1	1	NA	NA	NA	NA	1	NA	NA	NA	NA	NA
AG-365-L04	I	SAG	NA	Pelagibacteraceae	NA	NA	NA	NA	Pelagibacteraceae	NA	NA	NA	Dual-tree crown interpolation (high confidence)	NA	NA	NA	topology_high	NA	NA	548	548	NA	NA	NA	NA	1	1	NA	NA	NA	NA	1	NA	NA	NA	NA	NA
AG-365-O14	I	SAG	NA	Pelagibacteraceae	NA	NA	NA	NA	Pelagibacteraceae	NA	NA	NA	Dual-tree crown interpolation (high confidence)	NA	NA	NA	topology_high	NA	NA	548	548	NA	NA	NA	NA	1	1	NA	NA	NA	NA	1	NA	NA	NA	NA	NA
AG-404-O05	I	SAG	NA	Pelagibacteraceae	NA	NA	NA	NA	Pelagibacteraceae	NA	NA	NA	Dual-tree crown interpolation (high confidence)	NA	NA	NA	topology_high	NA	NA	548	548	NA	NA	NA	NA	1	1	NA	NA	NA	NA	1	NA	NA	NA	NA	NA
AG-430-K07	I	SAG	NA	Pelagibacteraceae	NA	NA	NA	NA	Pelagibacteraceae	NA	NA	NA	Dual-tree crown interpolation (high confidence)	NA	NA	NA	topology_high	NA	NA	548	548	NA	NA	NA	NA	1	1	NA	NA	NA	NA	1	NA	NA	NA	NA	NA
AG-892-L05	I	SAG	NA	Pelagibacteraceae	NA	NA	NA	NA	Pelagibacteraceae	NA	NA	NA	Dual-tree crown interpolation (high confidence)	NA	NA	NA	topology_high	NA	NA	548	548	NA	NA	NA	NA	1	1	NA	NA	NA	NA	1	NA	NA	NA	NA	NA
AG-414-L04	I	SAG	NA	Pelagibacteraceae	NA	NA	NA	NA	Pelagibacteraceae	NA	NA	NA	Dual-tree crown interpolation (high confidence)	NA	NA	NA	topology_high	NA	NA	548	548	NA	NA	NA	NA	1	1	NA	NA	NA	NA	1	NA	NA	NA	NA	NA
AG-464-P13	I	SAG	NA	Pelagibacteraceae	NA	NA	NA	NA	Pelagibacteraceae	NA	NA	NA	Dual-tree crown interpolation (high confidence)	NA	NA	NA	topology_high	NA	NA	548	548	NA	NA	NA	NA	1	1	NA	NA	NA	NA	1	NA	NA	NA	NA	NA
AG-404-O18	I	SAG	NA	Pelagibacteraceae	NA	NA	NA	NA	Pelagibacteraceae	NA	NA	NA	Dual-tree crown interpolation (high confidence)	NA	NA	NA	topology_high	NA	NA	548	548	NA	NA	NA	NA	1	1	NA	NA	NA	NA	1	NA	NA	NA	NA	NA
AG-430-B09	I	SAG	NA	Pelagibacteraceae	NA	NA	Ia.1	NA	Pelagibacteraceae	NA	NA	NA	Dual-tree crown interpolation (high confidence)	NA	NA	NA	topology_high	NA	NA	551	551	NA	NA	NA	NA	1	1	NA	NA	NA	NA	1	NA	NA	NA	NA	NA
AG-430-A11	I	SAG	NA	Pelagibacteraceae	NA	NA	NA	NA	Pelagibacteraceae	NA	NA	NA	Dual-tree crown interpolation (high confidence)	NA	NA	NA	topology_high	NA	NA	555	555	NA	NA	NA	NA	1	1	NA	NA	NA	NA	1	NA	NA	NA	NA	NA
GCF_000006905.1_ASM690v1_genomic	outgroup	isolate	NA	Caulobacteraceae	Caulobacter	vivbrioides	NA	NA	Caulobacteraceae	Caulobacter	vivbrioides	NA	Retained outgroup classification	Retained outgroup classification	Retained outgroup classification	NA	retained_outgroup	retained_outgroup	retained_outgroup	NA	NA	NA	NA	NA	NA	NA	NA	NA	NA	NA	NA	NA	NA	NA	NA	NA	NA
GCF_000014745.1_ASM1474v1_genomic	outgroup	isolate	NA	Maricaulaceae	Maricaulis	maris	NA	NA	Maricaulaceae	Maricaulis	maris	NA	Retained outgroup classification	Retained outgroup classification	Retained outgroup classification	NA	retained_outgroup	retained_outgroup	retained_outgroup	NA	NA	NA	NA	NA	NA	NA	NA	NA	NA	NA	NA	NA	NA	NA	NA	NA	NA
GCF_003324715.1_ASM332471v1_genomic	outgroup	isolate	NA	Rhodobacteraceae	Cereibacter	sphaeroides	NA	NA	Rhodobacteraceae	Cereibacter	sphaeroides	NA	Retained outgroup classification	Retained outgroup classification	Retained outgroup classification	NA	retained_outgroup	retained_outgroup	retained_outgroup	NA	NA	NA	NA	NA	NA	NA	NA	NA	NA	NA	NA	NA	NA	NA	NA	NA	NA
GCF_000006965.1_ASM696v1_genomic	outgroup	isolate	NA	Rhizobiaceae	Sinorhizobium	melioti	NA	NA	Rhizobiaceae	Sinorhizobium	melioti	NA	Retained outgroup classification	Retained outgroup classification	Retained outgroup classification	NA	retained_outgroup	retained_outgroup	retained_outgroup	NA	NA	NA	NA	NA	NA	NA	NA	NA	NA	NA	NA	NA	NA	NA	NA	NA	NA
GCF_000017145.1_ASM1714v1_genomic	outgroup	isolate	NA	Rhizobiaceae	Sinorhizobium	medicae	NA	NA	Rhizobiaceae	Sinorhizobium	medicae	NA	Retained outgroup classification	Retained outgroup classification	Retained outgroup classification	NA	retained_outgroup	retained_outgroup	retained_outgroup	NA	NA	NA	NA	NA	NA	NA	NA	NA	NA	NA	NA	NA	NA	NA	NA	NA	NA
GCF_000007125.1_ASM712v1_genomic	outgroup	isolate	NA	Brucellaceae	Brucella	melitensis	NA	NA	Brucellaceae	Brucella	melitensis	NA	Retained outgroup classification	Retained outgroup classification	Retained outgroup classification	NA	retained_outgroup	retained_outgroup	retained_outgroup	NA	NA	NA	NA	NA	NA	NA	NA	NA	NA	NA	NA	NA	NA	NA	NA	NA	NA
GCF_000054005.1_ASM5400v1_genomic	outgroup	isolate	NA	Brucellaceae	Brucella	abortus	NA	NA	Brucellaceae	Brucella	abortus	NA	Retained outgroup classification	Retained outgroup classification	Retained outgroup classification	NA	retained_outgroup	retained_outgroup	retained_outgroup	NA	NA	NA	NA	NA	NA	NA	NA	NA	NA	NA	NA	NA	NA	NA	NA	NA	NA
GCF_000026145.1_ASM2614v1_genomic	outgroup	isolate	NA	Bradyrhizobiaceae	Bradyrhizobium	sp.	NA	NA	Bradyrhizobiaceae	Bradyrhizobium	sp.	NA	Retained outgroup classification	Retained outgroup classification	Retained outgroup classification	NA	retained_outgroup	retained_outgroup	retained_outgroup	NA	NA	NA	NA	NA	NA	NA	NA	NA	NA	NA	NA	NA	NA	NA	NA	NA	NA
GCF_001642675.1_ASM164267v1_genomic	outgroup	isolate	NA	Bradyrhizobiaceae	Bradyrhizobium	diazoefficiens	NA	NA	Bradyrhizobiaceae	Bradyrhizobium	diazoefficiens	NA	Retained outgroup classification	Retained outgroup classification	Retained outgroup classification	NA	retained_outgroup	retained_outgroup	retained_outgroup	NA	NA	NA	NA	NA	NA	NA	NA	NA	NA	NA	NA	NA	NA	NA	NA	NA	NA
GCF_000186705.1_ASM18670v1_genomic	outgroup	isolate	NA	Sphingomonadaceae	Citromicrobium	sp.	NA	NA	Sphingomonadaceae	Citromicrobium	sp.	NA	Retained outgroup classification	Retained outgroup classification	Retained outgroup classification	NA	retained_outgroup	retained_outgroup	retained_outgroup	NA	NA	NA	NA	NA	NA	NA	NA	NA	NA	NA	NA	NA	NA	NA	NA	NA	NA
GCF_000375545.1_ASM37554v1_genomic	outgroup	isolate	NA	Temperatibacteraceae	Kordiimonas	gwangyangensis	NA	NA	Temperatibacteraceae	Kordiimonas	gwangyangensis	NA	Retained outgroup classification	Retained outgroup classification	Retained outgroup classification	NA	retained_outgroup	retained_outgroup	retained_outgroup	NA	NA	NA	NA	NA	NA	NA	NA	NA	NA	NA	NA	NA	NA	NA	NA	NA	NA
GCF_000616095.1_ASM61609v1_genomic	outgroup	isolate	NA	Sneathiellaceae	Sneathiella	glossodoripedis	NA	NA	Sneathiellaceae	Sneathiella	glossodoripedis	NA	Retained outgroup classification	Retained outgroup classification	Retained outgroup classification	NA	retained_outgroup	retained_outgroup	retained_outgroup	NA	NA	NA	NA	NA	NA	NA	NA	NA	NA	NA	NA	NA	NA	NA	NA	NA	NA
GCF_000311765.1_ASM31176v1_genomic	outgroup	isolate	NA	Acetobacteraceae	Gluconobacter	oxydans	NA	NA	Acetobacteraceae	Gluconobacter	oxydans	NA	Retained outgroup classification	Retained outgroup classification	Retained outgroup classification	NA	retained_outgroup	retained_outgroup	retained_outgroup	NA	NA	NA	NA	NA	NA	NA	NA	NA	NA	NA	NA	NA	NA	NA	NA	NA	NA
GCF_000427665.1_ASM42766v1_genomic	outgroup	isolate	NA	Geminicoccaceae	Geminicoccus	roseus	NA	NA	Geminicoccaceae	Geminicoccus	roseus	NA	Retained outgroup classification	Retained outgroup classification	Retained outgroup classification	NA	retained_outgroup	retained_outgroup	retained_outgroup	NA	NA	NA	NA	NA	NA	NA	NA	NA	NA	NA	NA	NA	NA	NA	NA	NA	NA
GCF_000423185.1_ASM42318v1_genomic	outgroup	isolate	NA	Azospirillaceae	Inquilinus	limosus	NA	NA	Azospirillaceae	Inquilinus	limosus	NA	Retained outgroup classification	Retained outgroup classification	Retained outgroup classification	NA	retained_outgroup	retained_outgroup	retained_outgroup	NA	NA	NA	NA	NA	NA	NA	NA	NA	NA	NA	NA	NA	NA	NA	NA	NA	NA
GCF_000190415.1_ASM19041v1_genomic	outgroup	isolate	NA	Holosporaceae	Odyssella	thessalonicensis	NA	NA	Holosporaceae	Odyssella	thessalonicensis	NA	Retained outgroup classification	Retained outgroup classification	Retained outgroup classification	NA	retained_outgroup	retained_outgroup	retained_outgroup	NA	NA	NA	NA	NA	NA	NA	NA	NA	NA	NA	NA	NA	NA	NA	NA	NA	NA
GCF_000013125.1_ASM1312v1_genomic	outgroup	isolate	NA	Anaplasmataceae	Anaplasma	phagocytophilum	NA	NA	Anaplasmataceae	Anaplasma	phagocytophilum	NA	Retained outgroup classification	Retained outgroup classification	Retained outgroup classification	NA	retained_outgroup	retained_outgroup	retained_outgroup	NA	NA	NA	NA	NA	NA	NA	NA	NA	NA	NA	NA	NA	NA	NA	NA	NA	NA
GCF_000013165.1_ASM1316v1_genomic	outgroup	isolate	NA	Anaplasmataceae	Ehrlichia	sennetsu	NA	NA	Anaplasmataceae	Ehrlichia	sennetsu	NA	Retained outgroup classification	Retained outgroup classification	Retained outgroup classification	NA	retained_outgroup	retained_outgroup	retained_outgroup	NA	NA	NA	NA	NA	NA	NA	NA	NA	NA	NA	NA	NA	NA	NA	NA	NA	NA
GCF_000063545.1_ASM6354v1_genomic	outgroup	isolate	NA	Rickettsiaceae	Orientia	tsutsugamushi	NA	NA	Rickettsiaceae	Orientia	tsutsugamushi	NA	Retained outgroup classification	Retained outgroup classification	Retained outgroup classification	NA	retained_outgroup	retained_outgroup	retained_outgroup	NA	NA	NA	NA	NA	NA	NA	NA	NA	NA	NA	NA	NA	NA	NA	NA	NA	NA
GCF_000388175.3_ASM38817v3_genomic	outgroup	isolate	NA	Holosporaceae	Holospora	undulata	NA	NA	Holosporaceae	Holospora	undulata	NA	Retained outgroup classification	Retained outgroup classification	Retained outgroup classification	NA	retained_outgroup	retained_outgroup	retained_outgroup	NA	NA	NA	NA	NA	NA	NA	NA	NA	NA	NA	NA	NA	NA	NA	NA	NA	NA
