contig	start	end	strand	seq_id	genome	aa_length	Orthogroup	ko_id	ko_description	COG_ID	GENE_NAME	COG_NAME	center_query	relative_order
CABZBR010000015.1	19411	20289	+	AG-337-C09_00902	AG-337-C09	292	OG0000051	K01561	haloacetate dehalogenase [EC:3.8.1.3]	COG0596	MenH	2-succinyl-6-hydroxy-2,4-cyclohexadiene-1-carboxylate synthase MenH/undecaprenyl monophosphate-sugar esterase UshA/YqjL	AG-337-C09_00907	-5
CABZBR010000015.1	20365	21777	+	AG-337-C09_00903	AG-337-C09	470	OG0000976	K03568	TldD protein	COG0312	TldD	Zn-dependent protease or N-deacetylase, PmbA/TldD/TldE family	AG-337-C09_00907	-4
CABZBR010000015.1	21782	23101	+	AG-337-C09_00904	AG-337-C09	439	OG0000991	K03592	PmbA protein	COG0312	TldD	Zn-dependent protease or N-deacetylase, PmbA/TldD/TldE family	AG-337-C09_00907	-3
CABZBR010000015.1	23109	23657	+	AG-337-C09_00905	AG-337-C09	182	OG0001002	NA	NA	COG0457	TPR	Tetratricopeptide (TPR) repeat	AG-337-C09_00907	-2
CABZBR010000015.1	23658	24206	+	AG-337-C09_00906	AG-337-C09	182	OG0000787	NA	NA	COG2062	SixA	Phosphohistidine phosphatase SixA	AG-337-C09_00907	-1
CABZBR010000015.1	24225	24416	+	AG-337-C09_00907	AG-337-C09	63	OG0001519	NA	NA	NA	NA	NA	AG-337-C09_00907	0
CABZBR010000015.1	24442	25593	+	AG-337-C09_00908	AG-337-C09	383	OG0000094	NA	NA	COG0436	AspB	Aspartate/methionine/tyrosine aminotransferase	AG-337-C09_00907	1
CABZBR010000015.1	25596	26252	+	AG-337-C09_00909	AG-337-C09	218	OG0000030	K17290	oxidoreductase [EC:1.1.1.-]	COG0702	YbjT	Uncharacterized conserved protein YbjT, contains NAD(P)-binding and DUF2867 domains	AG-337-C09_00907	2
CABZDS010000006.1	36131	37105	+	AG-337-D16_00723	AG-337-D16	324	OG0001739	NA	NA	COG2514	CatE	Catechol-2,3-dioxygenase	AG-337-D16_00728	-5
CABZDS010000006.1	37118	38563	+	AG-337-D16_00724	AG-337-D16	481	OG0001486	NA	NA	COG0654	UbiH	2-polyprenyl-6-methoxyphenol hydroxylase and related FAD-dependent oxidoreductases	AG-337-D16_00728	-4
CABZDS010000006.1	38555	39340	-	AG-337-D16_00725	AG-337-D16	261	OG0001243	K18013	3-keto-5-aminohexanoate cleavage enzyme [EC:2.3.1.247]	COG3246	NA	Uncharacterized conserved protein, DUF849 family	AG-337-D16_00728	-3
CABZDS010000006.1	39388	39594	+	AG-337-D16_00726	AG-337-D16	68	OG0001099	NA	NA	NA	NA	NA	AG-337-D16_00728	-2
CABZDS010000006.1	39594	40739	+	AG-337-D16_00727	AG-337-D16	381	OG0000094	NA	NA	COG0436	AspB	Aspartate/methionine/tyrosine aminotransferase	AG-337-D16_00728	-1
CABZDS010000006.1	41087	41278	+	AG-337-D16_00728	AG-337-D16	63	OG0001519	NA	NA	NA	NA	NA	AG-337-D16_00728	0
CABZDS010000006.1	41287	42744	+	AG-337-D16_00729	AG-337-D16	485	OG0000423	NA	NA	COG0415	PhrB	Deoxyribodipyrimidine photolyase	AG-337-D16_00728	1
CABZDS010000006.1	42995	45586	+	AG-337-D16_00730	AG-337-D16	863	OG0001711	NA	NA	COG2755	TesA	Lysophospholipase L1 or related esterase. Includes spore coat protein LipC/YcsK	AG-337-D16_00728	2
CABZDS010000006.1	45596	46144	+	AG-337-D16_00731	AG-337-D16	182	OG0001318	NA	NA	NA	NA	NA	AG-337-D16_00728	3
CABZDS010000006.1	46137	46334	+	AG-337-D16_00732	AG-337-D16	65	OG0001413	NA	NA	NA	NA	NA	AG-337-D16_00728	4
CABZDS010000006.1	46384	47811	+	AG-337-D16_00733	AG-337-D16	475	OG0001219	NA	NA	NA	NA	NA	AG-337-D16_00728	5
CABZHI010000004.1	61101	62156	+	AG-337-G04_00571	AG-337-G04	351	OG0001646	NA	NA	COG1082	YcjR	Sugar phosphate isomerase/epimerase	AG-337-G04_00576	-5
CABZHI010000004.1	62156	63310	+	AG-337-G04_00572	AG-337-G04	384	OG0000059	NA	NA	COG0673	MviM	Predicted dehydrogenase	AG-337-G04_00576	-4
CABZHI010000004.1	63389	63961	-	AG-337-G04_00573	AG-337-G04	190	OG0001256	NA	NA	NA	NA	NA	AG-337-G04_00576	-3
CABZHI010000004.1	63962	64618	-	AG-337-G04_00574	AG-337-G04	218	OG0000030	K17290	oxidoreductase [EC:1.1.1.-]	COG0702	YbjT	Uncharacterized conserved protein YbjT, contains NAD(P)-binding and DUF2867 domains	AG-337-G04_00576	-2
CABZHI010000004.1	64621	65772	-	AG-337-G04_00575	AG-337-G04	383	OG0000094	NA	NA	COG0436	AspB	Aspartate/methionine/tyrosine aminotransferase	AG-337-G04_00576	-1
CABZHI010000004.1	65798	65989	-	AG-337-G04_00576	AG-337-G04	63	OG0001519	NA	NA	NA	NA	NA	AG-337-G04_00576	0
CABZHI010000004.1	66008	66556	-	AG-337-G04_00577	AG-337-G04	182	OG0000787	NA	NA	COG2062	SixA	Phosphohistidine phosphatase SixA	AG-337-G04_00576	1
CABZHI010000004.1	66557	67105	-	AG-337-G04_00578	AG-337-G04	182	OG0001002	NA	NA	COG0457	TPR	Tetratricopeptide (TPR) repeat	AG-337-G04_00576	2
CABZHI010000004.1	67113	68456	-	AG-337-G04_00579	AG-337-G04	447	OG0000991	K03592	PmbA protein	COG0312	TldD	Zn-dependent protease or N-deacetylase, PmbA/TldD/TldE family	AG-337-G04_00576	3
CABZHI010000004.1	68437	69849	-	AG-337-G04_00580	AG-337-G04	470	OG0000976	K03568	TldD protein	COG0312	TldD	Zn-dependent protease or N-deacetylase, PmbA/TldD/TldE family	AG-337-G04_00576	4
CABZHI010000004.1	69921	70802	-	AG-337-G04_00581	AG-337-G04	293	OG0000051	K01561	haloacetate dehalogenase [EC:3.8.1.3]	COG0596	MenH	2-succinyl-6-hydroxy-2,4-cyclohexadiene-1-carboxylate synthase MenH/undecaprenyl monophosphate-sugar esterase UshA/YqjL	AG-337-G04_00576	5
CACBGQ010000018.1	1536	2273	-	AG-349-O05_01041	AG-349-O05	245	OG0001840	K01004	phosphatidylcholine synthase [EC:2.7.8.24]	COG1183	PssA	Phosphatidylserine synthase	AG-349-O05_01046	-5
CACBGQ010000018.1	2286	2978	-	AG-349-O05_01042	AG-349-O05	230	OG0001222	NA	NA	NA	NA	NA	AG-349-O05_01046	-4
CACBGQ010000018.1	2986	4413	-	AG-349-O05_01043	AG-349-O05	475	OG0001219	NA	NA	NA	NA	NA	AG-349-O05_01046	-3
CACBGQ010000018.1	4513	4980	+	AG-349-O05_01044	AG-349-O05	155	OG0001628	NA	NA	NA	NA	NA	AG-349-O05_01046	-2
CACBGQ010000018.1	5014	5142	-	AG-349-O05_01045	AG-349-O05	42	OG0001491	NA	NA	NA	NA	NA	AG-349-O05_01046	-1
CACBGQ010000018.1	5240	5431	+	AG-349-O05_01046	AG-349-O05	63	OG0001519	NA	NA	NA	NA	NA	AG-349-O05_01046	0
CACBGQ010000018.1	5441	5584	+	AG-349-O05_01047	AG-349-O05	47	OG0000423	NA	NA	COG0415	PhrB	Deoxyribodipyrimidine photolyase	AG-349-O05_01046	1
CACBGQ010000018.1	5684	6790	+	AG-349-O05_01048	AG-349-O05	368	OG0001409	NA	NA	COG0412	DLH	Dienelactone hydrolase	AG-349-O05_01046	2
CACBGQ010000018.1	6829	8184	+	AG-349-O05_01049	AG-349-O05	451	OG0001895	NA	NA	COG1231	YobN	Monoamine oxidase	AG-349-O05_01046	3
CACBGQ010000018.1	8242	8469	+	AG-349-O05_01050	AG-349-O05	75	OG0001075	NA	NA	NA	NA	NA	AG-349-O05_01046	4
CACBGQ010000018.1	8470	9585	-	AG-349-O05_01051	AG-349-O05	371	OG0000943	K00613	glycine amidinotransferase [EC:2.1.4.1]	COG1834	DdaH	N-Dimethylarginine dimethylaminohydrolase	AG-349-O05_01046	5
CACBKI010000015.1	2723	3010	-	AG-359-B05_01018	AG-359-B05	95	OG0000950	K16845	(2R)-sulfolactate sulfo-lyase subunit alpha [EC:4.4.1.24]	COG2721	UxaA	Altronate dehydratase	AG-359-B05_01023	-5
CACBKI010000015.1	3101	4885	+	AG-359-B05_01019	AG-359-B05	594	OG0000014	K03852	sulfoacetaldehyde acetyltransferase [EC:2.3.3.15]	COG0028	IlvB	Acetolactate synthase large subunit or other thiamine pyrophosphate-requiring enzyme	AG-359-B05_01023	-4
CACBKI010000015.1	4917	6221	+	AG-359-B05_01020	AG-359-B05	434	OG0001113	NA	NA	COG0665	DadA	Glycine/D-amino acid oxidase (deaminating)	AG-359-B05_01023	-3
CACBKI010000015.1	6221	6427	+	AG-359-B05_01021	AG-359-B05	68	OG0001099	NA	NA	NA	NA	NA	AG-359-B05_01023	-2
CACBKI010000015.1	6427	7572	+	AG-359-B05_01022	AG-359-B05	381	OG0000094	NA	NA	COG0436	AspB	Aspartate/methionine/tyrosine aminotransferase	AG-359-B05_01023	-1
CACBKI010000015.1	7921	8112	+	AG-359-B05_01023	AG-359-B05	63	OG0001519	NA	NA	NA	NA	NA	AG-359-B05_01023	0
CACBKI010000015.1	8121	9578	+	AG-359-B05_01024	AG-359-B05	485	OG0000423	NA	NA	COG0415	PhrB	Deoxyribodipyrimidine photolyase	AG-359-B05_01023	1
CACBKI010000015.1	9831	12422	+	AG-359-B05_01025	AG-359-B05	863	OG0001711	NA	NA	COG2755	TesA	Lysophospholipase L1 or related esterase. Includes spore coat protein LipC/YcsK	AG-359-B05_01023	2
CACBKI010000015.1	12431	12973	+	AG-359-B05_01026	AG-359-B05	180	OG0001318	NA	NA	NA	NA	NA	AG-359-B05_01023	3
CACBKI010000015.1	12973	13479	+	AG-359-B05_01027	AG-359-B05	168	OG0000006	NA	NA	COG4968	PilE	Type IV pilus minor pilin/pseudopilin PilE	AG-359-B05_01023	4
CACBKI010000015.1	13482	14003	+	AG-359-B05_01028	AG-359-B05	173	OG0000006	NA	NA	COG4968	PilE	Type IV pilus minor pilin/pseudopilin PilE	AG-359-B05_01023	5
CACBQD010000004.1	38618	38905	-	AG-359-G17_00334	AG-359-G17	95	OG0000950	K16845	(2R)-sulfolactate sulfo-lyase subunit alpha [EC:4.4.1.24]	COG2721	UxaA	Altronate dehydratase	AG-359-G17_00339	-5
CACBQD010000004.1	38996	40780	+	AG-359-G17_00335	AG-359-G17	594	OG0000014	K03852	sulfoacetaldehyde acetyltransferase [EC:2.3.3.15]	COG0028	IlvB	Acetolactate synthase large subunit or other thiamine pyrophosphate-requiring enzyme	AG-359-G17_00339	-4
CACBQD010000004.1	40812	42116	+	AG-359-G17_00336	AG-359-G17	434	OG0001113	NA	NA	COG0665	DadA	Glycine/D-amino acid oxidase (deaminating)	AG-359-G17_00339	-3
CACBQD010000004.1	42116	42322	+	AG-359-G17_00337	AG-359-G17	68	OG0001099	NA	NA	NA	NA	NA	AG-359-G17_00339	-2
CACBQD010000004.1	42322	43467	+	AG-359-G17_00338	AG-359-G17	381	OG0000094	NA	NA	COG0436	AspB	Aspartate/methionine/tyrosine aminotransferase	AG-359-G17_00339	-1
CACBQD010000004.1	43816	44007	+	AG-359-G17_00339	AG-359-G17	63	OG0001519	NA	NA	NA	NA	NA	AG-359-G17_00339	0
CACBQD010000004.1	44017	45474	+	AG-359-G17_00340	AG-359-G17	485	OG0000423	NA	NA	COG0415	PhrB	Deoxyribodipyrimidine photolyase	AG-359-G17_00339	1
CACBQD010000004.1	45478	45615	-	AG-359-G17_00341	AG-359-G17	45	OG0002404	NA	NA	NA	NA	NA	AG-359-G17_00339	2
CACBQD010000004.1	45727	48318	+	AG-359-G17_00342	AG-359-G17	863	OG0001711	NA	NA	COG2755	TesA	Lysophospholipase L1 or related esterase. Includes spore coat protein LipC/YcsK	AG-359-G17_00339	3
CACBQD010000004.1	48327	48872	+	AG-359-G17_00343	AG-359-G17	181	OG0001318	NA	NA	NA	NA	NA	AG-359-G17_00339	4
CACBQD010000004.1	48869	49066	+	AG-359-G17_00344	AG-359-G17	65	OG0001413	NA	NA	NA	NA	NA	AG-359-G17_00339	5
CACBWZ010000002.1	104452	105879	-	AG-359-O11_00289	AG-359-O11	475	OG0001219	NA	NA	NA	NA	NA	AG-359-O11_00294	-5
CACBWZ010000002.1	105930	106127	-	AG-359-O11_00290	AG-359-O11	65	OG0001413	NA	NA	NA	NA	NA	AG-359-O11_00294	-4
CACBWZ010000002.1	106124	106669	-	AG-359-O11_00291	AG-359-O11	181	OG0001318	NA	NA	NA	NA	NA	AG-359-O11_00294	-3
CACBWZ010000002.1	106678	109269	-	AG-359-O11_00292	AG-359-O11	863	OG0001711	NA	NA	COG2755	TesA	Lysophospholipase L1 or related esterase. Includes spore coat protein LipC/YcsK	AG-359-O11_00294	-2
CACBWZ010000002.1	109522	110979	-	AG-359-O11_00293	AG-359-O11	485	OG0000423	NA	NA	COG0415	PhrB	Deoxyribodipyrimidine photolyase	AG-359-O11_00294	-1
CACBWZ010000002.1	110989	111180	-	AG-359-O11_00294	AG-359-O11	63	OG0001519	NA	NA	NA	NA	NA	AG-359-O11_00294	0
CACBWZ010000002.1	111528	112673	-	AG-359-O11_00295	AG-359-O11	381	OG0000094	NA	NA	COG0436	AspB	Aspartate/methionine/tyrosine aminotransferase	AG-359-O11_00294	1
CACBWZ010000002.1	112673	112879	-	AG-359-O11_00296	AG-359-O11	68	OG0001099	NA	NA	NA	NA	NA	AG-359-O11_00294	2
CACBWZ010000002.1	112917	114701	-	AG-359-O11_00297	AG-359-O11	594	OG0000014	K03852	sulfoacetaldehyde acetyltransferase [EC:2.3.3.15]	COG0028	IlvB	Acetolactate synthase large subunit or other thiamine pyrophosphate-requiring enzyme	AG-359-O11_00294	3
CACBWZ010000002.1	114792	115079	+	AG-359-O11_00298	AG-359-O11	95	OG0000950	K16845	(2R)-sulfolactate sulfo-lyase subunit alpha [EC:4.4.1.24]	COG2721	UxaA	Altronate dehydratase	AG-359-O11_00294	4
CACBWZ010000002.1	115081	116247	+	AG-359-O11_00299	AG-359-O11	388	OG0000085	K16846	(2R)-sulfolactate sulfo-lyase subunit beta [EC:4.4.1.24]	COG2721	UxaA	Altronate dehydratase	AG-359-O11_00294	5
CACFBK010000006.1	24850	26004	+	AG-404-P13_00695	AG-404-P13	384	OG0000059	NA	NA	COG0673	MviM	Predicted dehydrogenase	AG-404-P13_00700	-5
CACFBK010000006.1	26093	26368	+	AG-404-P13_00696	AG-404-P13	91	OG0000871	NA	NA	NA	NA	NA	AG-404-P13_00700	-4
CACFBK010000006.1	26424	26825	-	AG-404-P13_00697	AG-404-P13	133	OG0001587	NA	NA	COG1917	QdoI	Cupin domain protein related to quercetin dioxygenase	AG-404-P13_00700	-3
CACFBK010000006.1	26902	27468	-	AG-404-P13_00698	AG-404-P13	188	OG0001256	NA	NA	NA	NA	NA	AG-404-P13_00700	-2
CACFBK010000006.1	27474	28622	-	AG-404-P13_00699	AG-404-P13	382	OG0000094	NA	NA	COG0436	AspB	Aspartate/methionine/tyrosine aminotransferase	AG-404-P13_00700	-1
CACFBK010000006.1	28646	28837	-	AG-404-P13_00700	AG-404-P13	63	OG0001519	NA	NA	NA	NA	NA	AG-404-P13_00700	0
CACFBK010000006.1	28850	29398	-	AG-404-P13_00701	AG-404-P13	182	OG0000787	NA	NA	COG2062	SixA	Phosphohistidine phosphatase SixA	AG-404-P13_00700	1
CACFBK010000006.1	29400	29945	-	AG-404-P13_00702	AG-404-P13	181	OG0001002	NA	NA	COG4785	NlpI	Lipoprotein NlpI, contains TPR repeats	AG-404-P13_00700	2
CACFBK010000006.1	29952	31271	-	AG-404-P13_00703	AG-404-P13	439	OG0000991	K03592	PmbA protein	COG0312	TldD	Zn-dependent protease or N-deacetylase, PmbA/TldD/TldE family	AG-404-P13_00700	3
CACFBK010000006.1	31277	32689	-	AG-404-P13_00704	AG-404-P13	470	OG0000976	K03568	TldD protein	COG0312	TldD	Zn-dependent protease or N-deacetylase, PmbA/TldD/TldE family	AG-404-P13_00700	4
CACFBK010000006.1	32765	33643	-	AG-404-P13_00705	AG-404-P13	292	OG0000051	K01561	haloacetate dehalogenase [EC:3.8.1.3]	COG0596	MenH	2-succinyl-6-hydroxy-2,4-cyclohexadiene-1-carboxylate synthase MenH/undecaprenyl monophosphate-sugar esterase UshA/YqjL	AG-404-P13_00700	5
CACFXK010000004.1	38899	39777	+	AG-414-O09_00541	AG-414-O09	292	OG0000051	K01561	haloacetate dehalogenase [EC:3.8.1.3]	COG0596	MenH	2-succinyl-6-hydroxy-2,4-cyclohexadiene-1-carboxylate synthase MenH/undecaprenyl monophosphate-sugar esterase UshA/YqjL	AG-414-O09_00546	-5
CACFXK010000004.1	39853	41265	+	AG-414-O09_00542	AG-414-O09	470	OG0000976	K03568	TldD protein	COG0312	TldD	Zn-dependent protease or N-deacetylase, PmbA/TldD/TldE family	AG-414-O09_00546	-4
CACFXK010000004.1	41270	42589	+	AG-414-O09_00543	AG-414-O09	439	OG0000991	K03592	PmbA protein	COG0312	TldD	Zn-dependent protease or N-deacetylase, PmbA/TldD/TldE family	AG-414-O09_00546	-3
CACFXK010000004.1	42597	43145	+	AG-414-O09_00544	AG-414-O09	182	OG0001002	NA	NA	COG0457	TPR	Tetratricopeptide (TPR) repeat	AG-414-O09_00546	-2
CACFXK010000004.1	43146	43694	+	AG-414-O09_00545	AG-414-O09	182	OG0000787	NA	NA	COG2062	SixA	Phosphohistidine phosphatase SixA	AG-414-O09_00546	-1
CACFXK010000004.1	43713	43904	+	AG-414-O09_00546	AG-414-O09	63	OG0001519	NA	NA	NA	NA	NA	AG-414-O09_00546	0
CACFXK010000004.1	43930	45081	+	AG-414-O09_00547	AG-414-O09	383	OG0000094	NA	NA	COG0436	AspB	Aspartate/methionine/tyrosine aminotransferase	AG-414-O09_00546	1
CACFXK010000004.1	45084	45740	+	AG-414-O09_00548	AG-414-O09	218	OG0000030	K17290	oxidoreductase [EC:1.1.1.-]	COG0702	YbjT	Uncharacterized conserved protein YbjT, contains NAD(P)-binding and DUF2867 domains	AG-414-O09_00546	2
CACFXK010000004.1	45741	46313	+	AG-414-O09_00549	AG-414-O09	190	OG0001256	NA	NA	NA	NA	NA	AG-414-O09_00546	3
CACFXK010000004.1	46384	46785	+	AG-414-O09_00550	AG-414-O09	133	OG0001587	NA	NA	COG1917	QdoI	Cupin domain protein related to quercetin dioxygenase	AG-414-O09_00546	4
CACFXK010000004.1	46841	47032	-	AG-414-O09_00551	AG-414-O09	63	OG0000871	NA	NA	NA	NA	NA	AG-414-O09_00546	5
CACGWC010000004.1	26087	26284	-	AG-426-E13_00570	AG-426-E13	65	OG0001413	NA	NA	NA	NA	NA	AG-426-E13_00575	-5
CACGWC010000004.1	26307	26837	-	AG-426-E13_00571	AG-426-E13	176	OG0000006	NA	NA	COG4968	PilE	Type IV pilus minor pilin/pseudopilin PilE	AG-426-E13_00575	-4
CACGWC010000004.1	26834	27376	-	AG-426-E13_00572	AG-426-E13	180	OG0001318	NA	NA	NA	NA	NA	AG-426-E13_00575	-3
CACGWC010000004.1	27385	29976	-	AG-426-E13_00573	AG-426-E13	863	OG0001711	NA	NA	COG2755	TesA	Lysophospholipase L1 or related esterase. Includes spore coat protein LipC/YcsK	AG-426-E13_00575	-2
CACGWC010000004.1	30229	31686	-	AG-426-E13_00574	AG-426-E13	485	OG0000423	NA	NA	COG0415	PhrB	Deoxyribodipyrimidine photolyase	AG-426-E13_00575	-1
CACGWC010000004.1	31696	31887	-	AG-426-E13_00575	AG-426-E13	63	OG0001519	NA	NA	NA	NA	NA	AG-426-E13_00575	0
CACGWC010000004.1	32237	33382	-	AG-426-E13_00576	AG-426-E13	381	OG0000094	NA	NA	COG0436	AspB	Aspartate/methionine/tyrosine aminotransferase	AG-426-E13_00575	1
CACGWC010000004.1	33382	33588	-	AG-426-E13_00577	AG-426-E13	68	OG0001099	NA	NA	NA	NA	NA	AG-426-E13_00575	2
CACGWC010000004.1	33588	34892	-	AG-426-E13_00578	AG-426-E13	434	OG0001113	NA	NA	COG0665	DadA	Glycine/D-amino acid oxidase (deaminating)	AG-426-E13_00575	3
CACGWC010000004.1	34924	36708	-	AG-426-E13_00579	AG-426-E13	594	OG0000014	K03852	sulfoacetaldehyde acetyltransferase [EC:2.3.3.15]	COG0028	IlvB	Acetolactate synthase large subunit or other thiamine pyrophosphate-requiring enzyme	AG-426-E13_00575	4
CACGWC010000004.1	36799	37086	+	AG-426-E13_00580	AG-426-E13	95	OG0000950	K16845	(2R)-sulfolactate sulfo-lyase subunit alpha [EC:4.4.1.24]	COG2721	UxaA	Altronate dehydratase	AG-426-E13_00575	5
CACGXV010000008.1	3874	5028	+	AG-426-F15_01391	AG-426-F15	384	OG0000059	NA	NA	COG0673	MviM	Predicted dehydrogenase	AG-426-F15_01396	-5
CACGXV010000008.1	5117	5392	+	AG-426-F15_01392	AG-426-F15	91	OG0000871	NA	NA	NA	NA	NA	AG-426-F15_01396	-4
CACGXV010000008.1	5448	5849	-	AG-426-F15_01393	AG-426-F15	133	OG0001587	NA	NA	COG1917	QdoI	Cupin domain protein related to quercetin dioxygenase	AG-426-F15_01396	-3
CACGXV010000008.1	5924	6490	-	AG-426-F15_01394	AG-426-F15	188	OG0001256	NA	NA	NA	NA	NA	AG-426-F15_01396	-2
CACGXV010000008.1	6496	7644	-	AG-426-F15_01395	AG-426-F15	382	OG0000094	NA	NA	COG0436	AspB	Aspartate/methionine/tyrosine aminotransferase	AG-426-F15_01396	-1
CACGXV010000008.1	7668	7859	-	AG-426-F15_01396	AG-426-F15	63	OG0001519	NA	NA	NA	NA	NA	AG-426-F15_01396	0
CACGXV010000008.1	7872	8420	-	AG-426-F15_01397	AG-426-F15	182	OG0000787	NA	NA	COG2062	SixA	Phosphohistidine phosphatase SixA	AG-426-F15_01396	1
CACGXV010000008.1	8422	8967	-	AG-426-F15_01398	AG-426-F15	181	OG0001002	NA	NA	COG4785	NlpI	Lipoprotein NlpI, contains TPR repeats	AG-426-F15_01396	2
CACGXV010000008.1	8974	10293	-	AG-426-F15_01399	AG-426-F15	439	OG0000991	K03592	PmbA protein	COG0312	TldD	Zn-dependent protease or N-deacetylase, PmbA/TldD/TldE family	AG-426-F15_01396	3
CACGXV010000008.1	10299	11711	-	AG-426-F15_01400	AG-426-F15	470	OG0000976	K03568	TldD protein	COG0312	TldD	Zn-dependent protease or N-deacetylase, PmbA/TldD/TldE family	AG-426-F15_01396	4
CACGXV010000008.1	11787	12665	-	AG-426-F15_01401	AG-426-F15	292	OG0000051	K01561	haloacetate dehalogenase [EC:3.8.1.3]	COG0596	MenH	2-succinyl-6-hydroxy-2,4-cyclohexadiene-1-carboxylate synthase MenH/undecaprenyl monophosphate-sugar esterase UshA/YqjL	AG-426-F15_01396	5
CACHML010000001.1	10771	10953	+	AG-426-K09_00012	AG-426-K09	60	OG0000871	NA	NA	NA	NA	NA	AG-426-K09_00017	-5
CACHML010000001.1	11037	11849	-	AG-426-K09_00013	AG-426-K09	270	OG0000067	NA	NA	NA	NA	NA	AG-426-K09_00017	-4
CACHML010000001.1	11874	12440	-	AG-426-K09_00014	AG-426-K09	188	OG0001256	NA	NA	NA	NA	NA	AG-426-K09_00017	-3
CACHML010000001.1	12437	13096	-	AG-426-K09_00015	AG-426-K09	219	OG0000030	K17290	oxidoreductase [EC:1.1.1.-]	COG0702	YbjT	Uncharacterized conserved protein YbjT, contains NAD(P)-binding and DUF2867 domains	AG-426-K09_00017	-2
CACHML010000001.1	13096	14250	-	AG-426-K09_00016	AG-426-K09	384	OG0000094	NA	NA	COG0436	AspB	Aspartate/methionine/tyrosine aminotransferase	AG-426-K09_00017	-1
CACHML010000001.1	14274	14465	-	AG-426-K09_00017	AG-426-K09	63	OG0001519	NA	NA	NA	NA	NA	AG-426-K09_00017	0
CACHML010000001.1	14478	15026	-	AG-426-K09_00018	AG-426-K09	182	OG0000787	NA	NA	COG2062	SixA	Phosphohistidine phosphatase SixA	AG-426-K09_00017	1
CACHML010000001.1	15028	15573	-	AG-426-K09_00019	AG-426-K09	181	OG0001002	NA	NA	COG4785	NlpI	Lipoprotein NlpI, contains TPR repeats	AG-426-K09_00017	2
CACHML010000001.1	15580	16899	-	AG-426-K09_00020	AG-426-K09	439	OG0000991	K03592	PmbA protein	COG0312	TldD	Zn-dependent protease or N-deacetylase, PmbA/TldD/TldE family	AG-426-K09_00017	3
CACHML010000001.1	16905	18317	-	AG-426-K09_00021	AG-426-K09	470	OG0000976	K03568	TldD protein	COG0312	TldD	Zn-dependent protease or N-deacetylase, PmbA/TldD/TldE family	AG-426-K09_00017	4
CACHML010000001.1	18393	19271	-	AG-426-K09_00022	AG-426-K09	292	OG0000051	K01561	haloacetate dehalogenase [EC:3.8.1.3]	COG0596	MenH	2-succinyl-6-hydroxy-2,4-cyclohexadiene-1-carboxylate synthase MenH/undecaprenyl monophosphate-sugar esterase UshA/YqjL	AG-426-K09_00017	5
CACHEQ010000004.1	41878	42165	-	AG-426-M19_00624	AG-426-M19	95	OG0000950	K16845	(2R)-sulfolactate sulfo-lyase subunit alpha [EC:4.4.1.24]	COG2721	UxaA	Altronate dehydratase	AG-426-M19_00629	-5
CACHEQ010000004.1	42256	44040	+	AG-426-M19_00625	AG-426-M19	594	OG0000014	K03852	sulfoacetaldehyde acetyltransferase [EC:2.3.3.15]	COG0028	IlvB	Acetolactate synthase large subunit or other thiamine pyrophosphate-requiring enzyme	AG-426-M19_00629	-4
CACHEQ010000004.1	44072	45376	+	AG-426-M19_00626	AG-426-M19	434	OG0001113	NA	NA	COG0665	DadA	Glycine/D-amino acid oxidase (deaminating)	AG-426-M19_00629	-3
CACHEQ010000004.1	45376	45582	+	AG-426-M19_00627	AG-426-M19	68	OG0001099	NA	NA	NA	NA	NA	AG-426-M19_00629	-2
CACHEQ010000004.1	45582	46727	+	AG-426-M19_00628	AG-426-M19	381	OG0000094	NA	NA	COG0436	AspB	Aspartate/methionine/tyrosine aminotransferase	AG-426-M19_00629	-1
CACHEQ010000004.1	47076	47267	+	AG-426-M19_00629	AG-426-M19	63	OG0001519	NA	NA	NA	NA	NA	AG-426-M19_00629	0
CACHEQ010000004.1	47276	48733	+	AG-426-M19_00630	AG-426-M19	485	OG0000423	NA	NA	COG0415	PhrB	Deoxyribodipyrimidine photolyase	AG-426-M19_00629	1
CACHEQ010000004.1	48986	51577	+	AG-426-M19_00631	AG-426-M19	863	OG0001711	NA	NA	COG2755	TesA	Lysophospholipase L1 or related esterase. Includes spore coat protein LipC/YcsK	AG-426-M19_00629	2
CACHEQ010000004.1	51587	52135	+	AG-426-M19_00632	AG-426-M19	182	OG0001318	NA	NA	NA	NA	NA	AG-426-M19_00629	3
CACHEQ010000004.1	52128	52325	+	AG-426-M19_00633	AG-426-M19	65	OG0001413	NA	NA	NA	NA	NA	AG-426-M19_00629	4
CACHEQ010000004.1	52376	53803	+	AG-426-M19_00634	AG-426-M19	475	OG0001219	NA	NA	NA	NA	NA	AG-426-M19_00629	5
CACLEJ010000005.1	95379	95708	+	AG-461-L09_00823	AG-461-L09	109	OG0000871	NA	NA	NA	NA	NA	AG-461-L09_00828	-5
CACLEJ010000005.1	95762	96163	-	AG-461-L09_00824	AG-461-L09	133	OG0001587	NA	NA	COG1917	QdoI	Cupin domain protein related to quercetin dioxygenase	AG-461-L09_00828	-4
CACLEJ010000005.1	96234	96806	-	AG-461-L09_00825	AG-461-L09	190	OG0001256	NA	NA	NA	NA	NA	AG-461-L09_00828	-3
CACLEJ010000005.1	96807	97463	-	AG-461-L09_00826	AG-461-L09	218	OG0000030	K17290	oxidoreductase [EC:1.1.1.-]	COG0702	YbjT	Uncharacterized conserved protein YbjT, contains NAD(P)-binding and DUF2867 domains	AG-461-L09_00828	-2
CACLEJ010000005.1	97466	98617	-	AG-461-L09_00827	AG-461-L09	383	OG0000094	NA	NA	COG0436	AspB	Aspartate/methionine/tyrosine aminotransferase	AG-461-L09_00828	-1
CACLEJ010000005.1	98643	98834	-	AG-461-L09_00828	AG-461-L09	63	OG0001519	NA	NA	NA	NA	NA	AG-461-L09_00828	0
CACLEJ010000005.1	98853	99401	-	AG-461-L09_00829	AG-461-L09	182	OG0000787	NA	NA	COG2062	SixA	Phosphohistidine phosphatase SixA	AG-461-L09_00828	1
CACLEJ010000005.1	99402	99950	-	AG-461-L09_00830	AG-461-L09	182	OG0001002	NA	NA	COG0457	TPR	Tetratricopeptide (TPR) repeat	AG-461-L09_00828	2
CACLEJ010000005.1	99958	101277	-	AG-461-L09_00831	AG-461-L09	439	OG0000991	K03592	PmbA protein	COG0312	TldD	Zn-dependent protease or N-deacetylase, PmbA/TldD/TldE family	AG-461-L09_00828	3
CACLEJ010000005.1	101282	101599	-	AG-461-L09_00832	AG-461-L09	105	OG0000976	NA	NA	COG0312	TldD	Zn-dependent protease or N-deacetylase, PmbA/TldD/TldE family	AG-461-L09_00828	4
CACMND010000008.1	35982	36131	+	AG-891-N03_01017	AG-891-N03	49	OG0000014	NA	NA	COG0028	IlvB	Acetolactate synthase large subunit or other thiamine pyrophosphate-requiring enzyme	AG-891-N03_01022	-5
CACMND010000008.1	36145	37767	+	AG-891-N03_01018	AG-891-N03	540	OG0000014	K03852	sulfoacetaldehyde acetyltransferase [EC:2.3.3.15]	COG0028	IlvB	Acetolactate synthase large subunit or other thiamine pyrophosphate-requiring enzyme	AG-891-N03_01022	-4
CACMND010000008.1	37792	38649	+	AG-891-N03_01019	AG-891-N03	285	OG0000365	NA	NA	COG0179	FAHD1	Oxaloacetate decarboxylase and tautomerase, fumarylacetoacetate (FAA) hydrolase family	AG-891-N03_01022	-3
CACMND010000008.1	38646	38852	+	AG-891-N03_01020	AG-891-N03	68	OG0001099	NA	NA	NA	NA	NA	AG-891-N03_01022	-2
CACMND010000008.1	38852	39997	+	AG-891-N03_01021	AG-891-N03	381	OG0000094	NA	NA	COG0436	AspB	Aspartate/methionine/tyrosine aminotransferase	AG-891-N03_01022	-1
CACMND010000008.1	40346	40537	+	AG-891-N03_01022	AG-891-N03	63	OG0001519	NA	NA	NA	NA	NA	AG-891-N03_01022	0
CACMND010000008.1	40547	42004	+	AG-891-N03_01023	AG-891-N03	485	OG0000423	NA	NA	COG0415	PhrB	Deoxyribodipyrimidine photolyase	AG-891-N03_01022	1
CACMND010000008.1	42257	44848	+	AG-891-N03_01024	AG-891-N03	863	OG0001711	NA	NA	COG2755	TesA	Lysophospholipase L1 or related esterase. Includes spore coat protein LipC/YcsK	AG-891-N03_01022	2
CACMND010000008.1	44857	45408	+	AG-891-N03_01025	AG-891-N03	183	OG0001318	NA	NA	NA	NA	NA	AG-891-N03_01022	3
CACMND010000008.1	45398	45919	+	AG-891-N03_01026	AG-891-N03	173	OG0000006	NA	NA	COG4968	PilE	Type IV pilus minor pilin/pseudopilin PilE	AG-891-N03_01022	4
CACMND010000008.1	45900	46448	+	AG-891-N03_01027	AG-891-N03	182	OG0000006	NA	NA	COG4968	PilE	Type IV pilus minor pilin/pseudopilin PilE	AG-891-N03_01022	5
CACMSB010000003.1	83909	84196	-	AG-892-B11_00914	AG-892-B11	95	OG0000950	K16845	(2R)-sulfolactate sulfo-lyase subunit alpha [EC:4.4.1.24]	COG2721	UxaA	Altronate dehydratase	AG-892-B11_00919	-5
CACMSB010000003.1	84287	86071	+	AG-892-B11_00915	AG-892-B11	594	OG0000014	K03852	sulfoacetaldehyde acetyltransferase [EC:2.3.3.15]	COG0028	IlvB	Acetolactate synthase large subunit or other thiamine pyrophosphate-requiring enzyme	AG-892-B11_00919	-4
CACMSB010000003.1	86103	87407	+	AG-892-B11_00916	AG-892-B11	434	OG0001113	NA	NA	COG0665	DadA	Glycine/D-amino acid oxidase (deaminating)	AG-892-B11_00919	-3
CACMSB010000003.1	87407	87613	+	AG-892-B11_00917	AG-892-B11	68	OG0001099	NA	NA	NA	NA	NA	AG-892-B11_00919	-2
CACMSB010000003.1	87613	88758	+	AG-892-B11_00918	AG-892-B11	381	OG0000094	NA	NA	COG0436	AspB	Aspartate/methionine/tyrosine aminotransferase	AG-892-B11_00919	-1
CACMSB010000003.1	89107	89298	+	AG-892-B11_00919	AG-892-B11	63	OG0001519	NA	NA	NA	NA	NA	AG-892-B11_00919	0
CACMSB010000003.1	89307	90764	+	AG-892-B11_00920	AG-892-B11	485	OG0000423	NA	NA	COG0415	PhrB	Deoxyribodipyrimidine photolyase	AG-892-B11_00919	1
CACMSB010000003.1	91017	93608	+	AG-892-B11_00921	AG-892-B11	863	OG0001711	NA	NA	COG2755	TesA	Lysophospholipase L1 or related esterase. Includes spore coat protein LipC/YcsK	AG-892-B11_00919	2
CACMSB010000003.1	93617	94159	+	AG-892-B11_00922	AG-892-B11	180	OG0001318	NA	NA	NA	NA	NA	AG-892-B11_00919	3
CACMSB010000003.1	94159	94665	+	AG-892-B11_00923	AG-892-B11	168	OG0000006	NA	NA	COG4968	PilE	Type IV pilus minor pilin/pseudopilin PilE	AG-892-B11_00919	4
CACMSB010000003.1	94668	95189	+	AG-892-B11_00924	AG-892-B11	173	OG0000006	NA	NA	COG4968	PilE	Type IV pilus minor pilin/pseudopilin PilE	AG-892-B11_00919	5
CACMWB010000010.1	137	298	+	AG-892-F02_00994	AG-892-F02	53	OG0001496	NA	NA	COG1522	Lrp	DNA-binding transcriptional regulator, Lrp family	AG-892-F02_00996	-2
CACMWB010000010.1	638	1744	-	AG-892-F02_00995	AG-892-F02	368	OG0001409	NA	NA	COG0412	DLH	Dienelactone hydrolase	AG-892-F02_00996	-1
CACMWB010000010.1	1753	1944	-	AG-892-F02_00996	AG-892-F02	63	OG0001519	NA	NA	NA	NA	NA	AG-892-F02_00996	0
CACMWB010000010.1	2041	2193	+	AG-892-F02_00997	AG-892-F02	50	OG0001491	NA	NA	NA	NA	NA	AG-892-F02_00996	1
CACMWB010000010.1	2203	2670	-	AG-892-F02_00998	AG-892-F02	155	OG0001628	NA	NA	NA	NA	NA	AG-892-F02_00996	2
CACMWB010000010.1	2772	4199	+	AG-892-F02_00999	AG-892-F02	475	OG0001219	NA	NA	NA	NA	NA	AG-892-F02_00996	3
CACMWB010000010.1	4207	4899	+	AG-892-F02_01000	AG-892-F02	230	OG0001222	NA	NA	NA	NA	NA	AG-892-F02_00996	4
CACMWB010000010.1	4910	5647	+	AG-892-F02_01001	AG-892-F02	245	OG0001840	K01004	phosphatidylcholine synthase [EC:2.7.8.24]	COG1183	PssA	Phosphatidylserine synthase	AG-892-F02_00996	5
CACMWQ010000002.1	205958	206899	-	AG-892-F15_00571	AG-892-F15	313	OG0000424	NA	NA	COG0859	RfaF	ADP-heptose:LPS heptosyltransferase	AG-892-F15_00576	-5
CACMWQ010000002.1	206932	207321	+	AG-892-F15_00572	AG-892-F15	129	OG0000745	NA	NA	NA	NA	NA	AG-892-F15_00576	-4
CACMWQ010000002.1	207323	208045	-	AG-892-F15_00573	AG-892-F15	240	OG0001204	K07395	putative proteasome-type protease	COG3484	NA	Predicted proteasome-type protease	AG-892-F15_00576	-3
CACMWQ010000002.1	208161	209609	+	AG-892-F15_00574	AG-892-F15	482	OG0001158	NA	NA	COG2308	NA	Circularly permuted ATP-grasp protein	AG-892-F15_00576	-2
CACMWQ010000002.1	209613	211070	-	AG-892-F15_00575	AG-892-F15	485	OG0000423	NA	NA	COG0415	PhrB	Deoxyribodipyrimidine photolyase	AG-892-F15_00576	-1
CACMWQ010000002.1	211079	211270	-	AG-892-F15_00576	AG-892-F15	63	OG0001519	NA	NA	NA	NA	NA	AG-892-F15_00576	0
CACMWQ010000002.1	211619	212764	-	AG-892-F15_00577	AG-892-F15	381	OG0000094	NA	NA	COG0436	AspB	Aspartate/methionine/tyrosine aminotransferase	AG-892-F15_00576	1
CACMWQ010000002.1	212764	212970	-	AG-892-F15_00578	AG-892-F15	68	OG0001099	NA	NA	NA	NA	NA	AG-892-F15_00576	2
CACMWQ010000002.1	213008	214792	-	AG-892-F15_00579	AG-892-F15	594	OG0000014	K03852	sulfoacetaldehyde acetyltransferase [EC:2.3.3.15]	COG0028	IlvB	Acetolactate synthase large subunit or other thiamine pyrophosphate-requiring enzyme	AG-892-F15_00576	3
CACMWQ010000002.1	214883	215170	+	AG-892-F15_00580	AG-892-F15	95	OG0000950	K16845	(2R)-sulfolactate sulfo-lyase subunit alpha [EC:4.4.1.24]	COG2721	UxaA	Altronate dehydratase	AG-892-F15_00576	4
CACMWQ010000002.1	215172	216338	+	AG-892-F15_00581	AG-892-F15	388	OG0000085	K16846	(2R)-sulfolactate sulfo-lyase subunit beta [EC:4.4.1.24]	COG2721	UxaA	Altronate dehydratase	AG-892-F15_00576	5
CACMZL010000003.1	116920	117207	-	AG-892-J03_00876	AG-892-J03	95	OG0000950	K16845	(2R)-sulfolactate sulfo-lyase subunit alpha [EC:4.4.1.24]	COG2721	UxaA	Altronate dehydratase	AG-892-J03_00881	-5
CACMZL010000003.1	117307	119082	+	AG-892-J03_00877	AG-892-J03	591	OG0000014	K03852	sulfoacetaldehyde acetyltransferase [EC:2.3.3.15]	COG0028	IlvB	Acetolactate synthase large subunit or other thiamine pyrophosphate-requiring enzyme	AG-892-J03_00881	-4
CACMZL010000003.1	119114	120418	+	AG-892-J03_00878	AG-892-J03	434	OG0001113	NA	NA	COG0665	DadA	Glycine/D-amino acid oxidase (deaminating)	AG-892-J03_00881	-3
CACMZL010000003.1	120418	120624	+	AG-892-J03_00879	AG-892-J03	68	OG0001099	NA	NA	NA	NA	NA	AG-892-J03_00881	-2
CACMZL010000003.1	120624	121769	+	AG-892-J03_00880	AG-892-J03	381	OG0000094	NA	NA	COG0436	AspB	Aspartate/methionine/tyrosine aminotransferase	AG-892-J03_00881	-1
CACMZL010000003.1	122118	122309	+	AG-892-J03_00881	AG-892-J03	63	OG0001519	NA	NA	NA	NA	NA	AG-892-J03_00881	0
CACMZL010000003.1	122319	123776	+	AG-892-J03_00882	AG-892-J03	485	OG0000423	NA	NA	COG0415	PhrB	Deoxyribodipyrimidine photolyase	AG-892-J03_00881	1
CACMZL010000003.1	124029	126620	+	AG-892-J03_00883	AG-892-J03	863	OG0001711	NA	NA	COG2755	TesA	Lysophospholipase L1 or related esterase. Includes spore coat protein LipC/YcsK	AG-892-J03_00881	2
CACMZL010000003.1	126629	127174	+	AG-892-J03_00884	AG-892-J03	181	OG0001318	NA	NA	NA	NA	NA	AG-892-J03_00881	3
CACMZL010000003.1	127171	127368	+	AG-892-J03_00885	AG-892-J03	65	OG0001413	NA	NA	NA	NA	NA	AG-892-J03_00881	4
CACMZL010000003.1	127419	128846	+	AG-892-J03_00886	AG-892-J03	475	OG0001219	NA	NA	NA	NA	NA	AG-892-J03_00881	5
CACNRC010000001.1	63771	63962	+	AG-893-L07_00067	AG-893-L07	63	OG0000871	NA	NA	NA	NA	NA	AG-893-L07_00072	-5
CACNRC010000001.1	64018	64419	-	AG-893-L07_00068	AG-893-L07	133	OG0001587	NA	NA	COG1917	QdoI	Cupin domain protein related to quercetin dioxygenase	AG-893-L07_00072	-4
CACNRC010000001.1	64490	65062	-	AG-893-L07_00069	AG-893-L07	190	OG0001256	NA	NA	NA	NA	NA	AG-893-L07_00072	-3
CACNRC010000001.1	65063	65719	-	AG-893-L07_00070	AG-893-L07	218	OG0000030	K17290	oxidoreductase [EC:1.1.1.-]	COG0702	YbjT	Uncharacterized conserved protein YbjT, contains NAD(P)-binding and DUF2867 domains	AG-893-L07_00072	-2
CACNRC010000001.1	65722	66873	-	AG-893-L07_00071	AG-893-L07	383	OG0000094	NA	NA	COG0436	AspB	Aspartate/methionine/tyrosine aminotransferase	AG-893-L07_00072	-1
CACNRC010000001.1	66899	67090	-	AG-893-L07_00072	AG-893-L07	63	OG0001519	NA	NA	NA	NA	NA	AG-893-L07_00072	0
CACNRC010000001.1	67109	67657	-	AG-893-L07_00073	AG-893-L07	182	OG0000787	NA	NA	COG2062	SixA	Phosphohistidine phosphatase SixA	AG-893-L07_00072	1
CACNRC010000001.1	67658	68206	-	AG-893-L07_00074	AG-893-L07	182	OG0001002	NA	NA	COG0457	TPR	Tetratricopeptide (TPR) repeat	AG-893-L07_00072	2
CACNRC010000001.1	68214	69533	-	AG-893-L07_00075	AG-893-L07	439	OG0000991	K03592	PmbA protein	COG0312	TldD	Zn-dependent protease or N-deacetylase, PmbA/TldD/TldE family	AG-893-L07_00072	3
CACNRC010000001.1	69538	70950	-	AG-893-L07_00076	AG-893-L07	470	OG0000976	K03568	TldD protein	COG0312	TldD	Zn-dependent protease or N-deacetylase, PmbA/TldD/TldE family	AG-893-L07_00072	4
CACNRC010000001.1	71026	71904	-	AG-893-L07_00077	AG-893-L07	292	OG0000051	K01561	haloacetate dehalogenase [EC:3.8.1.3]	COG0596	MenH	2-succinyl-6-hydroxy-2,4-cyclohexadiene-1-carboxylate synthase MenH/undecaprenyl monophosphate-sugar esterase UshA/YqjL	AG-893-L07_00072	5
CACNTH010000005.1	71126	72292	-	AG-893-M22_01033	AG-893-M22	388	OG0000085	K16846	(2R)-sulfolactate sulfo-lyase subunit beta [EC:4.4.1.24]	COG2721	UxaA	Altronate dehydratase	AG-893-M22_01038	-5
CACNTH010000005.1	72294	72581	-	AG-893-M22_01034	AG-893-M22	95	OG0000950	K16845	(2R)-sulfolactate sulfo-lyase subunit alpha [EC:4.4.1.24]	COG2721	UxaA	Altronate dehydratase	AG-893-M22_01038	-4
CACNTH010000005.1	72672	74456	+	AG-893-M22_01035	AG-893-M22	594	OG0000014	K03852	sulfoacetaldehyde acetyltransferase [EC:2.3.3.15]	COG0028	IlvB	Acetolactate synthase large subunit or other thiamine pyrophosphate-requiring enzyme	AG-893-M22_01038	-3
CACNTH010000005.1	74494	74700	+	AG-893-M22_01036	AG-893-M22	68	OG0001099	NA	NA	NA	NA	NA	AG-893-M22_01038	-2
CACNTH010000005.1	74700	75845	+	AG-893-M22_01037	AG-893-M22	381	OG0000094	NA	NA	COG0436	AspB	Aspartate/methionine/tyrosine aminotransferase	AG-893-M22_01038	-1
CACNTH010000005.1	76194	76385	+	AG-893-M22_01038	AG-893-M22	63	OG0001519	NA	NA	NA	NA	NA	AG-893-M22_01038	0
CACNTH010000005.1	76394	77851	+	AG-893-M22_01039	AG-893-M22	485	OG0000423	NA	NA	COG0415	PhrB	Deoxyribodipyrimidine photolyase	AG-893-M22_01038	1
CABYDS010000001.1	161042	162016	+	AG-894-A03_00177	AG-894-A03	324	OG0001739	NA	NA	COG2514	CatE	Catechol-2,3-dioxygenase	AG-894-A03_00182	-5
CABYDS010000001.1	162029	163474	+	AG-894-A03_00178	AG-894-A03	481	OG0001486	NA	NA	COG0654	UbiH	2-polyprenyl-6-methoxyphenol hydroxylase and related FAD-dependent oxidoreductases	AG-894-A03_00182	-4
CABYDS010000001.1	163466	164251	-	AG-894-A03_00179	AG-894-A03	261	OG0001243	K18013	3-keto-5-aminohexanoate cleavage enzyme [EC:2.3.1.247]	COG3246	NA	Uncharacterized conserved protein, DUF849 family	AG-894-A03_00182	-3
CABYDS010000001.1	164299	164505	+	AG-894-A03_00180	AG-894-A03	68	OG0001099	NA	NA	NA	NA	NA	AG-894-A03_00182	-2
CABYDS010000001.1	164502	165650	+	AG-894-A03_00181	AG-894-A03	382	OG0000094	NA	NA	COG0436	AspB	Aspartate/methionine/tyrosine aminotransferase	AG-894-A03_00182	-1
CABYDS010000001.1	165999	166190	+	AG-894-A03_00182	AG-894-A03	63	OG0001519	NA	NA	NA	NA	NA	AG-894-A03_00182	0
CABYDS010000001.1	166199	167656	+	AG-894-A03_00183	AG-894-A03	485	OG0000423	NA	NA	COG0415	PhrB	Deoxyribodipyrimidine photolyase	AG-894-A03_00182	1
CABYDS010000001.1	167909	170500	+	AG-894-A03_00184	AG-894-A03	863	OG0001711	NA	NA	COG2755	TesA	Lysophospholipase L1 or related esterase. Includes spore coat protein LipC/YcsK	AG-894-A03_00182	2
CABYDS010000001.1	170509	171051	+	AG-894-A03_00185	AG-894-A03	180	OG0001318	NA	NA	NA	NA	NA	AG-894-A03_00182	3
CABYDS010000001.1	171048	171578	+	AG-894-A03_00186	AG-894-A03	176	OG0000006	NA	NA	COG4968	PilE	Type IV pilus minor pilin/pseudopilin PilE	AG-894-A03_00182	4
CABYDS010000001.1	171582	171779	+	AG-894-A03_00187	AG-894-A03	65	OG0001413	NA	NA	NA	NA	NA	AG-894-A03_00182	5
CABYFB010000002.1	116188	116475	-	AG-894-B06_00388	AG-894-B06	95	OG0000950	K16845	(2R)-sulfolactate sulfo-lyase subunit alpha [EC:4.4.1.24]	COG2721	UxaA	Altronate dehydratase	AG-894-B06_00393	-5
CABYFB010000002.1	116575	118350	+	AG-894-B06_00389	AG-894-B06	591	OG0000014	K03852	sulfoacetaldehyde acetyltransferase [EC:2.3.3.15]	COG0028	IlvB	Acetolactate synthase large subunit or other thiamine pyrophosphate-requiring enzyme	AG-894-B06_00393	-4
CABYFB010000002.1	118375	119232	+	AG-894-B06_00390	AG-894-B06	285	OG0000365	NA	NA	COG0179	FAHD1	Oxaloacetate decarboxylase and tautomerase, fumarylacetoacetate (FAA) hydrolase family	AG-894-B06_00393	-3
CABYFB010000002.1	119229	119435	+	AG-894-B06_00391	AG-894-B06	68	OG0001099	NA	NA	NA	NA	NA	AG-894-B06_00393	-2
CABYFB010000002.1	119435	120580	+	AG-894-B06_00392	AG-894-B06	381	OG0000094	NA	NA	COG0436	AspB	Aspartate/methionine/tyrosine aminotransferase	AG-894-B06_00393	-1
CABYFB010000002.1	120929	121120	+	AG-894-B06_00393	AG-894-B06	63	OG0001519	NA	NA	NA	NA	NA	AG-894-B06_00393	0
CABYFB010000002.1	121130	122587	+	AG-894-B06_00394	AG-894-B06	485	OG0000423	NA	NA	COG0415	PhrB	Deoxyribodipyrimidine photolyase	AG-894-B06_00393	1
CABYFB010000002.1	122840	125431	+	AG-894-B06_00395	AG-894-B06	863	OG0001711	NA	NA	COG2755	TesA	Lysophospholipase L1 or related esterase. Includes spore coat protein LipC/YcsK	AG-894-B06_00393	2
CABYFB010000002.1	125441	125983	+	AG-894-B06_00396	AG-894-B06	180	OG0001318	NA	NA	NA	NA	NA	AG-894-B06_00393	3
CABYFB010000002.1	125980	126501	+	AG-894-B06_00397	AG-894-B06	173	OG0000006	NA	NA	COG4968	PilE	Type IV pilus minor pilin/pseudopilin PilE	AG-894-B06_00393	4
CABYFB010000002.1	126494	127000	+	AG-894-B06_00398	AG-894-B06	168	OG0000006	NA	NA	COG4968	PilE	Type IV pilus minor pilin/pseudopilin PilE	AG-894-B06_00393	5
CABYID010000002.1	139703	139900	-	AG-894-E10_00571	AG-894-E10	65	OG0001413	NA	NA	NA	NA	NA	AG-894-E10_00576	-5
CABYID010000002.1	139897	140379	-	AG-894-E10_00572	AG-894-E10	160	OG0000006	NA	NA	COG4968	PilE	Type IV pilus minor pilin/pseudopilin PilE	AG-894-E10_00576	-4
CABYID010000002.1	140376	140918	-	AG-894-E10_00573	AG-894-E10	180	OG0001318	NA	NA	NA	NA	NA	AG-894-E10_00576	-3
CABYID010000002.1	140927	143518	-	AG-894-E10_00574	AG-894-E10	863	OG0001711	NA	NA	COG2755	TesA	Lysophospholipase L1 or related esterase. Includes spore coat protein LipC/YcsK	AG-894-E10_00576	-2
CABYID010000002.1	143771	145228	-	AG-894-E10_00575	AG-894-E10	485	OG0000423	NA	NA	COG0415	PhrB	Deoxyribodipyrimidine photolyase	AG-894-E10_00576	-1
CABYID010000002.1	145238	145429	-	AG-894-E10_00576	AG-894-E10	63	OG0001519	NA	NA	NA	NA	NA	AG-894-E10_00576	0
CABYID010000002.1	145778	146923	-	AG-894-E10_00577	AG-894-E10	381	OG0000094	NA	NA	COG0436	AspB	Aspartate/methionine/tyrosine aminotransferase	AG-894-E10_00576	1
CABYID010000002.1	146923	147129	-	AG-894-E10_00578	AG-894-E10	68	OG0001099	NA	NA	NA	NA	NA	AG-894-E10_00576	2
CABYID010000002.1	147126	147983	-	AG-894-E10_00579	AG-894-E10	285	OG0000365	NA	NA	COG0179	FAHD1	Oxaloacetate decarboxylase and tautomerase, fumarylacetoacetate (FAA) hydrolase family	AG-894-E10_00576	3
CABYID010000002.1	148008	149783	-	AG-894-E10_00580	AG-894-E10	591	OG0000014	K03852	sulfoacetaldehyde acetyltransferase [EC:2.3.3.15]	COG0028	IlvB	Acetolactate synthase large subunit or other thiamine pyrophosphate-requiring enzyme	AG-894-E10_00576	4
CABYID010000002.1	149883	150170	+	AG-894-E10_00581	AG-894-E10	95	OG0000950	K16845	(2R)-sulfolactate sulfo-lyase subunit alpha [EC:4.4.1.24]	COG2721	UxaA	Altronate dehydratase	AG-894-E10_00576	5
CABYIW010000006.1	15176	16117	-	AG-894-F15_00823	AG-894-F15	313	OG0000424	NA	NA	COG0859	RfaF	ADP-heptose:LPS heptosyltransferase	AG-894-F15_00828	-5
CABYIW010000006.1	16150	16539	+	AG-894-F15_00824	AG-894-F15	129	OG0000745	NA	NA	NA	NA	NA	AG-894-F15_00828	-4
CABYIW010000006.1	16541	17263	-	AG-894-F15_00825	AG-894-F15	240	OG0001204	K07395	putative proteasome-type protease	COG3484	NA	Predicted proteasome-type protease	AG-894-F15_00828	-3
CABYIW010000006.1	17379	18827	+	AG-894-F15_00826	AG-894-F15	482	OG0001158	NA	NA	COG2308	NA	Circularly permuted ATP-grasp protein	AG-894-F15_00828	-2
CABYIW010000006.1	18831	20288	-	AG-894-F15_00827	AG-894-F15	485	OG0000423	NA	NA	COG0415	PhrB	Deoxyribodipyrimidine photolyase	AG-894-F15_00828	-1
CABYIW010000006.1	20298	20489	-	AG-894-F15_00828	AG-894-F15	63	OG0001519	NA	NA	NA	NA	NA	AG-894-F15_00828	0
CABYIW010000006.1	20838	21983	-	AG-894-F15_00829	AG-894-F15	381	OG0000094	NA	NA	COG0436	AspB	Aspartate/methionine/tyrosine aminotransferase	AG-894-F15_00828	1
CABYIW010000006.1	21983	22189	-	AG-894-F15_00830	AG-894-F15	68	OG0001099	NA	NA	NA	NA	NA	AG-894-F15_00828	2
CABYIW010000006.1	22186	23043	-	AG-894-F15_00831	AG-894-F15	285	OG0000365	NA	NA	COG0179	FAHD1	Oxaloacetate decarboxylase and tautomerase, fumarylacetoacetate (FAA) hydrolase family	AG-894-F15_00828	3
CABYIW010000006.1	23068	24852	-	AG-894-F15_00832	AG-894-F15	594	OG0000014	K03852	sulfoacetaldehyde acetyltransferase [EC:2.3.3.15]	COG0028	IlvB	Acetolactate synthase large subunit or other thiamine pyrophosphate-requiring enzyme	AG-894-F15_00828	4
CABYIW010000006.1	24943	25230	+	AG-894-F15_00833	AG-894-F15	95	OG0000950	K16845	(2R)-sulfolactate sulfo-lyase subunit alpha [EC:4.4.1.24]	COG2721	UxaA	Altronate dehydratase	AG-894-F15_00828	5
CABYOT010000008.1	54231	54422	+	AG-894-L17_00979	AG-894-L17	63	OG0000871	NA	NA	NA	NA	NA	AG-894-L17_00984	-5
CABYOT010000008.1	54492	54893	-	AG-894-L17_00980	AG-894-L17	133	OG0001587	NA	NA	COG1917	QdoI	Cupin domain protein related to quercetin dioxygenase	AG-894-L17_00984	-4
CABYOT010000008.1	54967	55539	-	AG-894-L17_00981	AG-894-L17	190	OG0001256	NA	NA	NA	NA	NA	AG-894-L17_00984	-3
CABYOT010000008.1	55540	56196	-	AG-894-L17_00982	AG-894-L17	218	OG0000030	K17290	oxidoreductase [EC:1.1.1.-]	COG0702	YbjT	Uncharacterized conserved protein YbjT, contains NAD(P)-binding and DUF2867 domains	AG-894-L17_00984	-2
CABYOT010000008.1	56199	57350	-	AG-894-L17_00983	AG-894-L17	383	OG0000094	NA	NA	COG0436	AspB	Aspartate/methionine/tyrosine aminotransferase	AG-894-L17_00984	-1
CABYOT010000008.1	57376	57567	-	AG-894-L17_00984	AG-894-L17	63	OG0001519	NA	NA	NA	NA	NA	AG-894-L17_00984	0
CABYOT010000008.1	57586	58134	-	AG-894-L17_00985	AG-894-L17	182	OG0000787	NA	NA	COG2062	SixA	Phosphohistidine phosphatase SixA	AG-894-L17_00984	1
CABYOT010000008.1	58135	58683	-	AG-894-L17_00986	AG-894-L17	182	OG0001002	NA	NA	COG0457	TPR	Tetratricopeptide (TPR) repeat	AG-894-L17_00984	2
CABYOT010000008.1	58691	60010	-	AG-894-L17_00987	AG-894-L17	439	OG0000991	K03592	PmbA protein	COG0312	TldD	Zn-dependent protease or N-deacetylase, PmbA/TldD/TldE family	AG-894-L17_00984	3
CABYOT010000008.1	60015	61427	-	AG-894-L17_00988	AG-894-L17	470	OG0000976	K03568	TldD protein	COG0312	TldD	Zn-dependent protease or N-deacetylase, PmbA/TldD/TldE family	AG-894-L17_00984	4
CABYOT010000008.1	61503	62381	-	AG-894-L17_00989	AG-894-L17	292	OG0000051	K01561	haloacetate dehalogenase [EC:3.8.1.3]	COG0596	MenH	2-succinyl-6-hydroxy-2,4-cyclohexadiene-1-carboxylate synthase MenH/undecaprenyl monophosphate-sugar esterase UshA/YqjL	AG-894-L17_00984	5
CABYPJ010000008.1	38455	38652	-	AG-894-L19_00836	AG-894-L19	65	OG0001413	NA	NA	NA	NA	NA	AG-894-L19_00841	-5
CABYPJ010000008.1	38649	39194	-	AG-894-L19_00837	AG-894-L19	181	OG0001318	NA	NA	NA	NA	NA	AG-894-L19_00841	-4
CABYPJ010000008.1	39203	41794	-	AG-894-L19_00838	AG-894-L19	863	OG0001711	NA	NA	COG2755	TesA	Lysophospholipase L1 or related esterase. Includes spore coat protein LipC/YcsK	AG-894-L19_00841	-3
CABYPJ010000008.1	41906	42043	+	AG-894-L19_00839	AG-894-L19	45	OG0002404	NA	NA	NA	NA	NA	AG-894-L19_00841	-2
CABYPJ010000008.1	42047	43504	-	AG-894-L19_00840	AG-894-L19	485	OG0000423	NA	NA	COG0415	PhrB	Deoxyribodipyrimidine photolyase	AG-894-L19_00841	-1
CABYPJ010000008.1	43514	43705	-	AG-894-L19_00841	AG-894-L19	63	OG0001519	NA	NA	NA	NA	NA	AG-894-L19_00841	0
CABYPJ010000008.1	44054	45199	-	AG-894-L19_00842	AG-894-L19	381	OG0000094	NA	NA	COG0436	AspB	Aspartate/methionine/tyrosine aminotransferase	AG-894-L19_00841	1
CABYPJ010000008.1	45199	45405	-	AG-894-L19_00843	AG-894-L19	68	OG0001099	NA	NA	NA	NA	NA	AG-894-L19_00841	2
CABYPJ010000008.1	45443	47227	-	AG-894-L19_00844	AG-894-L19	594	OG0000014	K03852	sulfoacetaldehyde acetyltransferase [EC:2.3.3.15]	COG0028	IlvB	Acetolactate synthase large subunit or other thiamine pyrophosphate-requiring enzyme	AG-894-L19_00841	3
CABYPJ010000008.1	47318	47605	+	AG-894-L19_00845	AG-894-L19	95	OG0000950	K16845	(2R)-sulfolactate sulfo-lyase subunit alpha [EC:4.4.1.24]	COG2721	UxaA	Altronate dehydratase	AG-894-L19_00841	4
CABYPJ010000008.1	47607	48773	+	AG-894-L19_00846	AG-894-L19	388	OG0000085	K16846	(2R)-sulfolactate sulfo-lyase subunit beta [EC:4.4.1.24]	COG2721	UxaA	Altronate dehydratase	AG-894-L19_00841	5
CABYUV010000023.1	2603	3508	+	AG-894-P23_01174	AG-894-P23	301	OG0000934	NA	NA	COG0697	EamA	Amino acid export permease, drug/metabolite transporter (DMT) superfamily	AG-894-P23_01179	-5
CABYUV010000023.1	3510	4727	+	AG-894-P23_01175	AG-894-P23	405	OG0001015	K08688	creatinase [EC:3.5.3.3]	COG0006	PepP	Xaa-Pro aminopeptidase	AG-894-P23_01179	-4
CABYUV010000023.1	4733	5848	+	AG-894-P23_01176	AG-894-P23	371	OG0000943	K00613	glycine amidinotransferase [EC:2.1.4.1]	COG1834	DdaH	N-Dimethylarginine dimethylaminohydrolase	AG-894-P23_01179	-3
CABYUV010000023.1	5849	6076	-	AG-894-P23_01177	AG-894-P23	75	OG0001075	NA	NA	NA	NA	NA	AG-894-P23_01179	-2
CABYUV010000023.1	6189	7295	-	AG-894-P23_01178	AG-894-P23	368	OG0001409	NA	NA	COG0412	DLH	Dienelactone hydrolase	AG-894-P23_01179	-1
CABYUV010000023.1	7303	7494	-	AG-894-P23_01179	AG-894-P23	63	OG0001519	NA	NA	NA	NA	NA	AG-894-P23_01179	0
CABYUV010000023.1	7591	7743	+	AG-894-P23_01180	AG-894-P23	50	OG0001491	NA	NA	NA	NA	NA	AG-894-P23_01179	1
CABYUV010000023.1	7753	8220	-	AG-894-P23_01181	AG-894-P23	155	OG0001628	NA	NA	NA	NA	NA	AG-894-P23_01179	2
CABZOF010000003.1	206533	206724	+	AG-896-F06_01252	AG-896-F06	63	OG0000871	NA	NA	NA	NA	NA	AG-896-F06_01257	-5
CABZOF010000003.1	206776	207177	-	AG-896-F06_01253	AG-896-F06	133	OG0001587	NA	NA	COG1917	QdoI	Cupin domain protein related to quercetin dioxygenase	AG-896-F06_01257	-4
CABZOF010000003.1	207248	207820	-	AG-896-F06_01254	AG-896-F06	190	OG0001256	NA	NA	NA	NA	NA	AG-896-F06_01257	-3
CABZOF010000003.1	207821	208477	-	AG-896-F06_01255	AG-896-F06	218	OG0000030	K17290	oxidoreductase [EC:1.1.1.-]	COG0702	YbjT	Uncharacterized conserved protein YbjT, contains NAD(P)-binding and DUF2867 domains	AG-896-F06_01257	-2
CABZOF010000003.1	208480	209631	-	AG-896-F06_01256	AG-896-F06	383	OG0000094	NA	NA	COG0436	AspB	Aspartate/methionine/tyrosine aminotransferase	AG-896-F06_01257	-1
CABZOF010000003.1	209657	209848	-	AG-896-F06_01257	AG-896-F06	63	OG0001519	NA	NA	NA	NA	NA	AG-896-F06_01257	0
CABZOF010000003.1	209867	210415	-	AG-896-F06_01258	AG-896-F06	182	OG0000787	NA	NA	COG2062	SixA	Phosphohistidine phosphatase SixA	AG-896-F06_01257	1
CABZOF010000003.1	210416	210964	-	AG-896-F06_01259	AG-896-F06	182	OG0001002	NA	NA	COG0457	TPR	Tetratricopeptide (TPR) repeat	AG-896-F06_01257	2
CABZOF010000003.1	210972	212291	-	AG-896-F06_01260	AG-896-F06	439	OG0000991	K03592	PmbA protein	COG0312	TldD	Zn-dependent protease or N-deacetylase, PmbA/TldD/TldE family	AG-896-F06_01257	3
CABZOF010000003.1	212296	213708	-	AG-896-F06_01261	AG-896-F06	470	OG0000976	K03568	TldD protein	COG0312	TldD	Zn-dependent protease or N-deacetylase, PmbA/TldD/TldE family	AG-896-F06_01257	4
CABZOF010000003.1	213784	214662	-	AG-896-F06_01262	AG-896-F06	292	OG0000051	K01561	haloacetate dehalogenase [EC:3.8.1.3]	COG0596	MenH	2-succinyl-6-hydroxy-2,4-cyclohexadiene-1-carboxylate synthase MenH/undecaprenyl monophosphate-sugar esterase UshA/YqjL	AG-896-F06_01257	5
CABZPQ010000002.1	104732	105019	-	AG-896-G07_00445	AG-896-G07	95	OG0000950	K16845	(2R)-sulfolactate sulfo-lyase subunit alpha [EC:4.4.1.24]	COG2721	UxaA	Altronate dehydratase	AG-896-G07_00450	-5
CABZPQ010000002.1	105110	106894	+	AG-896-G07_00446	AG-896-G07	594	OG0000014	K03852	sulfoacetaldehyde acetyltransferase [EC:2.3.3.15]	COG0028	IlvB	Acetolactate synthase large subunit or other thiamine pyrophosphate-requiring enzyme	AG-896-G07_00450	-4
CABZPQ010000002.1	106919	107776	+	AG-896-G07_00447	AG-896-G07	285	OG0000365	NA	NA	COG0179	FAHD1	Oxaloacetate decarboxylase and tautomerase, fumarylacetoacetate (FAA) hydrolase family	AG-896-G07_00450	-3
CABZPQ010000002.1	107773	107979	+	AG-896-G07_00448	AG-896-G07	68	OG0001099	NA	NA	NA	NA	NA	AG-896-G07_00450	-2
CABZPQ010000002.1	107979	109124	+	AG-896-G07_00449	AG-896-G07	381	OG0000094	NA	NA	COG0436	AspB	Aspartate/methionine/tyrosine aminotransferase	AG-896-G07_00450	-1
CABZPQ010000002.1	109474	109665	+	AG-896-G07_00450	AG-896-G07	63	OG0001519	NA	NA	NA	NA	NA	AG-896-G07_00450	0
CABZPQ010000002.1	109675	111132	+	AG-896-G07_00451	AG-896-G07	485	OG0000423	NA	NA	COG0415	PhrB	Deoxyribodipyrimidine photolyase	AG-896-G07_00450	1
CABZPQ010000002.1	111136	112584	-	AG-896-G07_00452	AG-896-G07	482	OG0001158	NA	NA	COG2308	NA	Circularly permuted ATP-grasp protein	AG-896-G07_00450	2
CABZPQ010000002.1	112700	113422	+	AG-896-G07_00453	AG-896-G07	240	OG0001204	K07395	putative proteasome-type protease	COG3484	NA	Predicted proteasome-type protease	AG-896-G07_00450	3
CABZPQ010000002.1	113424	113813	-	AG-896-G07_00454	AG-896-G07	129	OG0000745	NA	NA	NA	NA	NA	AG-896-G07_00450	4
CABZPQ010000002.1	113846	114787	+	AG-896-G07_00455	AG-896-G07	313	OG0000424	NA	NA	COG0859	RfaF	ADP-heptose:LPS heptosyltransferase	AG-896-G07_00450	5
CABZXO010000004.1	66771	67676	+	AG-896-O18_00612	AG-896-O18	301	OG0000934	NA	NA	COG0697	EamA	Amino acid export permease, drug/metabolite transporter (DMT) superfamily	AG-896-O18_00617	-5
CABZXO010000004.1	67678	68895	+	AG-896-O18_00613	AG-896-O18	405	OG0001015	K08688	creatinase [EC:3.5.3.3]	COG0006	PepP	Xaa-Pro aminopeptidase	AG-896-O18_00617	-4
CABZXO010000004.1	68901	70016	+	AG-896-O18_00614	AG-896-O18	371	OG0000943	K00613	glycine amidinotransferase [EC:2.1.4.1]	COG1834	DdaH	N-Dimethylarginine dimethylaminohydrolase	AG-896-O18_00617	-3
CABZXO010000004.1	70017	70244	-	AG-896-O18_00615	AG-896-O18	75	OG0001075	NA	NA	NA	NA	NA	AG-896-O18_00617	-2
CABZXO010000004.1	70357	71463	-	AG-896-O18_00616	AG-896-O18	368	OG0001409	NA	NA	COG0412	DLH	Dienelactone hydrolase	AG-896-O18_00617	-1
CABZXO010000004.1	71478	71669	-	AG-896-O18_00617	AG-896-O18	63	OG0001519	NA	NA	NA	NA	NA	AG-896-O18_00617	0
CABZXO010000004.1	71766	71918	+	AG-896-O18_00618	AG-896-O18	50	OG0001491	NA	NA	NA	NA	NA	AG-896-O18_00617	1
CABZXO010000004.1	71928	72335	-	AG-896-O18_00619	AG-896-O18	135	OG0001628	NA	NA	NA	NA	NA	AG-896-O18_00617	2
CABZXO010000004.1	72495	73922	+	AG-896-O18_00620	AG-896-O18	475	OG0001219	NA	NA	NA	NA	NA	AG-896-O18_00617	3
CABZXO010000004.1	73930	74622	+	AG-896-O18_00621	AG-896-O18	230	OG0001222	NA	NA	NA	NA	NA	AG-896-O18_00617	4
CABZXO010000004.1	74636	75373	+	AG-896-O18_00622	AG-896-O18	245	OG0001840	K01004	phosphatidylcholine synthase [EC:2.7.8.24]	COG1183	PssA	Phosphatidylserine synthase	AG-896-O18_00617	5
CACADE010000006.1	1209	1346	+	AG-897-G09_00976	AG-897-G09	45	OG0002404	NA	NA	NA	NA	NA	AG-897-G09_00978	-2
CACADE010000006.1	1350	2807	-	AG-897-G09_00977	AG-897-G09	485	OG0000423	NA	NA	COG0415	PhrB	Deoxyribodipyrimidine photolyase	AG-897-G09_00978	-1
CACADE010000006.1	2817	3008	-	AG-897-G09_00978	AG-897-G09	63	OG0001519	NA	NA	NA	NA	NA	AG-897-G09_00978	0
CACADE010000006.1	3357	4502	-	AG-897-G09_00979	AG-897-G09	381	OG0000094	NA	NA	COG0436	AspB	Aspartate/methionine/tyrosine aminotransferase	AG-897-G09_00978	1
CACADE010000006.1	4502	4708	-	AG-897-G09_00980	AG-897-G09	68	OG0001099	NA	NA	NA	NA	NA	AG-897-G09_00978	2
CACADE010000006.1	4746	6530	-	AG-897-G09_00981	AG-897-G09	594	OG0000014	K03852	sulfoacetaldehyde acetyltransferase [EC:2.3.3.15]	COG0028	IlvB	Acetolactate synthase large subunit or other thiamine pyrophosphate-requiring enzyme	AG-897-G09_00978	3
CACADE010000006.1	6621	6908	+	AG-897-G09_00982	AG-897-G09	95	OG0000950	K16845	(2R)-sulfolactate sulfo-lyase subunit alpha [EC:4.4.1.24]	COG2721	UxaA	Altronate dehydratase	AG-897-G09_00978	4
CACADE010000006.1	6910	8076	+	AG-897-G09_00983	AG-897-G09	388	OG0000085	K16846	(2R)-sulfolactate sulfo-lyase subunit beta [EC:4.4.1.24]	COG2721	UxaA	Altronate dehydratase	AG-897-G09_00978	5
CACAIK010000002.1	24711	25220	-	AG-897-O16_00229	AG-897-O16	169	OG0000006	NA	NA	COG2165	GspO/PilD	Type II secretion system/type IV prepilin peptidase GspO/PulO/PilD	AG-897-O16_00234	-5
CACAIK010000002.1	25213	25734	-	AG-897-O16_00230	AG-897-O16	173	OG0000006	NA	NA	COG4968	PilE	Type IV pilus minor pilin/pseudopilin PilE	AG-897-O16_00234	-4
CACAIK010000002.1	25734	26276	-	AG-897-O16_00231	AG-897-O16	180	OG0001318	NA	NA	NA	NA	NA	AG-897-O16_00234	-3
CACAIK010000002.1	26286	28877	-	AG-897-O16_00232	AG-897-O16	863	OG0001711	NA	NA	COG2755	TesA	Lysophospholipase L1 or related esterase. Includes spore coat protein LipC/YcsK	AG-897-O16_00234	-2
CACAIK010000002.1	29130	30587	-	AG-897-O16_00233	AG-897-O16	485	OG0000423	NA	NA	COG0415	PhrB	Deoxyribodipyrimidine photolyase	AG-897-O16_00234	-1
CACAIK010000002.1	30597	30788	-	AG-897-O16_00234	AG-897-O16	63	OG0001519	NA	NA	NA	NA	NA	AG-897-O16_00234	0
CACAIK010000002.1	31137	32282	-	AG-897-O16_00235	AG-897-O16	381	OG0000094	NA	NA	COG0436	AspB	Aspartate/methionine/tyrosine aminotransferase	AG-897-O16_00234	1
CACAIK010000002.1	32282	32488	-	AG-897-O16_00236	AG-897-O16	68	OG0001099	NA	NA	NA	NA	NA	AG-897-O16_00234	2
CACAIK010000002.1	32488	33792	-	AG-897-O16_00237	AG-897-O16	434	OG0001113	NA	NA	COG0665	DadA	Glycine/D-amino acid oxidase (deaminating)	AG-897-O16_00234	3
CACAIK010000002.1	33824	35608	-	AG-897-O16_00238	AG-897-O16	594	OG0000014	K03852	sulfoacetaldehyde acetyltransferase [EC:2.3.3.15]	COG0028	IlvB	Acetolactate synthase large subunit or other thiamine pyrophosphate-requiring enzyme	AG-897-O16_00234	4
CACAIK010000002.1	35699	35986	+	AG-897-O16_00239	AG-897-O16	95	OG0000950	K16845	(2R)-sulfolactate sulfo-lyase subunit alpha [EC:4.4.1.24]	COG2721	UxaA	Altronate dehydratase	AG-897-O16_00234	5
CACARD010000002.1	75697	76638	-	AG-898-G21_00430	AG-898-G21	313	OG0000424	NA	NA	COG0859	RfaF	ADP-heptose:LPS heptosyltransferase	AG-898-G21_00435	-5
CACARD010000002.1	76671	77060	+	AG-898-G21_00431	AG-898-G21	129	OG0000745	NA	NA	NA	NA	NA	AG-898-G21_00435	-4
CACARD010000002.1	77062	77784	-	AG-898-G21_00432	AG-898-G21	240	OG0001204	K07395	putative proteasome-type protease	COG3484	NA	Predicted proteasome-type protease	AG-898-G21_00435	-3
CACARD010000002.1	77900	79348	+	AG-898-G21_00433	AG-898-G21	482	OG0001158	NA	NA	COG2308	NA	Circularly permuted ATP-grasp protein	AG-898-G21_00435	-2
CACARD010000002.1	79352	80809	-	AG-898-G21_00434	AG-898-G21	485	OG0000423	NA	NA	COG0415	PhrB	Deoxyribodipyrimidine photolyase	AG-898-G21_00435	-1
CACARD010000002.1	80819	81010	-	AG-898-G21_00435	AG-898-G21	63	OG0001519	NA	NA	NA	NA	NA	AG-898-G21_00435	0
CACARD010000002.1	81358	82503	-	AG-898-G21_00436	AG-898-G21	381	OG0000094	NA	NA	COG0436	AspB	Aspartate/methionine/tyrosine aminotransferase	AG-898-G21_00435	1
CACARD010000002.1	82503	82709	-	AG-898-G21_00437	AG-898-G21	68	OG0001099	NA	NA	NA	NA	NA	AG-898-G21_00435	2
CACARD010000002.1	82747	84531	-	AG-898-G21_00438	AG-898-G21	594	OG0000014	K03852	sulfoacetaldehyde acetyltransferase [EC:2.3.3.15]	COG0028	IlvB	Acetolactate synthase large subunit or other thiamine pyrophosphate-requiring enzyme	AG-898-G21_00435	3
CACARD010000002.1	84622	84909	+	AG-898-G21_00439	AG-898-G21	95	OG0000950	K16845	(2R)-sulfolactate sulfo-lyase subunit alpha [EC:4.4.1.24]	COG2721	UxaA	Altronate dehydratase	AG-898-G21_00435	4
CACARD010000002.1	84911	86077	+	AG-898-G21_00440	AG-898-G21	388	OG0000085	K16846	(2R)-sulfolactate sulfo-lyase subunit beta [EC:4.4.1.24]	COG2721	UxaA	Altronate dehydratase	AG-898-G21_00435	5
CACBCM010000006.1	55333	56235	+	AG-899-D19_00757	AG-899-D19	300	OG0001399	NA	NA	COG0697	EamA	Amino acid export permease, drug/metabolite transporter (DMT) superfamily	AG-899-D19_00762	-5
CACBCM010000006.1	56232	56345	-	AG-899-D19_00758	AG-899-D19	37	OG0001157	NA	NA	NA	NA	NA	AG-899-D19_00762	-4
CACBCM010000006.1	56351	56623	-	AG-899-D19_00759	AG-899-D19	90	OG0001584	NA	NA	NA	NA	NA	AG-899-D19_00762	-3
CACBCM010000006.1	56816	57379	-	AG-899-D19_00760	AG-899-D19	187	OG0001318	NA	NA	NA	NA	NA	AG-899-D19_00762	-2
CACBCM010000006.1	57400	58857	-	AG-899-D19_00761	AG-899-D19	485	OG0000423	NA	NA	COG0415	PhrB	Deoxyribodipyrimidine photolyase	AG-899-D19_00762	-1
CACBCM010000006.1	58866	59057	-	AG-899-D19_00762	AG-899-D19	63	OG0001519	NA	NA	NA	NA	NA	AG-899-D19_00762	0
CACBCM010000006.1	59307	60452	-	AG-899-D19_00763	AG-899-D19	381	OG0000094	NA	NA	COG0436	AspB	Aspartate/methionine/tyrosine aminotransferase	AG-899-D19_00762	1
CACBCM010000006.1	60452	60661	-	AG-899-D19_00764	AG-899-D19	69	OG0001099	NA	NA	NA	NA	NA	AG-899-D19_00762	2
CACBCM010000006.1	60726	62501	-	AG-899-D19_00765	AG-899-D19	591	OG0000014	K03852	sulfoacetaldehyde acetyltransferase [EC:2.3.3.15]	COG0028	IlvB	Acetolactate synthase large subunit or other thiamine pyrophosphate-requiring enzyme	AG-899-D19_00762	3
CACBCM010000006.1	62603	62890	+	AG-899-D19_00766	AG-899-D19	95	OG0000950	K16845	(2R)-sulfolactate sulfo-lyase subunit alpha [EC:4.4.1.24]	COG2721	UxaA	Altronate dehydratase	AG-899-D19_00762	4
CACBCM010000006.1	62868	64058	+	AG-899-D19_00767	AG-899-D19	396	OG0000085	K16846	(2R)-sulfolactate sulfo-lyase subunit beta [EC:4.4.1.24]	COG2721	UxaA	Altronate dehydratase	AG-899-D19_00762	5
CACBOD010000004.1	37486	37773	-	AG-899-O04_00635	AG-899-O04	95	OG0000950	K16845	(2R)-sulfolactate sulfo-lyase subunit alpha [EC:4.4.1.24]	COG2721	UxaA	Altronate dehydratase	AG-899-O04_00640	-5
CACBOD010000004.1	37863	39647	+	AG-899-O04_00636	AG-899-O04	594	OG0000014	K03852	sulfoacetaldehyde acetyltransferase [EC:2.3.3.15]	COG0028	IlvB	Acetolactate synthase large subunit or other thiamine pyrophosphate-requiring enzyme	AG-899-O04_00640	-4
CACBOD010000004.1	39672	40529	+	AG-899-O04_00637	AG-899-O04	285	OG0000365	NA	NA	COG0179	FAHD1	Oxaloacetate decarboxylase and tautomerase, fumarylacetoacetate (FAA) hydrolase family	AG-899-O04_00640	-3
CACBOD010000004.1	40526	40732	+	AG-899-O04_00638	AG-899-O04	68	OG0001099	NA	NA	NA	NA	NA	AG-899-O04_00640	-2
CACBOD010000004.1	40729	41877	+	AG-899-O04_00639	AG-899-O04	382	OG0000094	NA	NA	COG0436	AspB	Aspartate/methionine/tyrosine aminotransferase	AG-899-O04_00640	-1
CACBOD010000004.1	42226	42417	+	AG-899-O04_00640	AG-899-O04	63	OG0001519	NA	NA	NA	NA	NA	AG-899-O04_00640	0
CACBOD010000004.1	42427	43884	+	AG-899-O04_00641	AG-899-O04	485	OG0000423	NA	NA	COG0415	PhrB	Deoxyribodipyrimidine photolyase	AG-899-O04_00640	1
CACBOD010000004.1	44137	46728	+	AG-899-O04_00642	AG-899-O04	863	OG0001711	NA	NA	COG2755	TesA	Lysophospholipase L1 or related esterase. Includes spore coat protein LipC/YcsK	AG-899-O04_00640	2
CACBOD010000004.1	46737	47279	+	AG-899-O04_00643	AG-899-O04	180	OG0001318	NA	NA	NA	NA	NA	AG-899-O04_00640	3
CACBOD010000004.1	47276	47758	+	AG-899-O04_00644	AG-899-O04	160	OG0000006	NA	NA	COG4968	PilE	Type IV pilus minor pilin/pseudopilin PilE	AG-899-O04_00640	4
CACBOD010000004.1	47755	47952	+	AG-899-O04_00645	AG-899-O04	65	OG0001413	NA	NA	NA	NA	NA	AG-899-O04_00640	5
CACBXW010000004.1	102293	103459	-	AG-900-G16_01004	AG-900-G16	388	OG0000085	K16846	(2R)-sulfolactate sulfo-lyase subunit beta [EC:4.4.1.24]	COG2721	UxaA	Altronate dehydratase	AG-900-G16_01009	-5
CACBXW010000004.1	103461	103748	-	AG-900-G16_01005	AG-900-G16	95	OG0000950	K16845	(2R)-sulfolactate sulfo-lyase subunit alpha [EC:4.4.1.24]	COG2721	UxaA	Altronate dehydratase	AG-900-G16_01009	-4
CACBXW010000004.1	103839	105623	+	AG-900-G16_01006	AG-900-G16	594	OG0000014	K03852	sulfoacetaldehyde acetyltransferase [EC:2.3.3.15]	COG0028	IlvB	Acetolactate synthase large subunit or other thiamine pyrophosphate-requiring enzyme	AG-900-G16_01009	-3
CACBXW010000004.1	105661	105867	+	AG-900-G16_01007	AG-900-G16	68	OG0001099	NA	NA	NA	NA	NA	AG-900-G16_01009	-2
CACBXW010000004.1	105867	107012	+	AG-900-G16_01008	AG-900-G16	381	OG0000094	NA	NA	COG0436	AspB	Aspartate/methionine/tyrosine aminotransferase	AG-900-G16_01009	-1
CACBXW010000004.1	107361	107552	+	AG-900-G16_01009	AG-900-G16	63	OG0001519	NA	NA	NA	NA	NA	AG-900-G16_01009	0
CACBXW010000004.1	107561	109018	+	AG-900-G16_01010	AG-900-G16	485	OG0000423	NA	NA	COG0415	PhrB	Deoxyribodipyrimidine photolyase	AG-900-G16_01009	1
CACBXW010000004.1	109271	111862	+	AG-900-G16_01011	AG-900-G16	863	OG0001711	NA	NA	COG2755	TesA	Lysophospholipase L1 or related esterase. Includes spore coat protein LipC/YcsK	AG-900-G16_01009	2
CACBXW010000004.1	111871	112419	+	AG-900-G16_01012	AG-900-G16	182	OG0001318	NA	NA	NA	NA	NA	AG-900-G16_01009	3
CACBXW010000004.1	112412	112609	+	AG-900-G16_01013	AG-900-G16	65	OG0001413	NA	NA	NA	NA	NA	AG-900-G16_01009	4
CACBXW010000004.1	112660	114087	+	AG-900-G16_01014	AG-900-G16	475	OG0001219	NA	NA	NA	NA	NA	AG-900-G16_01009	5
CACBYP010000006.1	33602	34156	-	AG-900-I13_00951	AG-900-I13	184	OG0000006	NA	NA	COG4968	PilE	Type IV pilus minor pilin/pseudopilin PilE	AG-900-I13_00956	-5
CACBYP010000006.1	34137	34658	-	AG-900-I13_00952	AG-900-I13	173	OG0000006	NA	NA	COG4968	PilE	Type IV pilus minor pilin/pseudopilin PilE	AG-900-I13_00956	-4
CACBYP010000006.1	34655	35197	-	AG-900-I13_00953	AG-900-I13	180	OG0001318	NA	NA	NA	NA	NA	AG-900-I13_00956	-3
CACBYP010000006.1	35206	37797	-	AG-900-I13_00954	AG-900-I13	863	OG0001711	NA	NA	COG2755	TesA	Lysophospholipase L1 or related esterase. Includes spore coat protein LipC/YcsK	AG-900-I13_00956	-2
CACBYP010000006.1	38050	39507	-	AG-900-I13_00955	AG-900-I13	485	OG0000423	NA	NA	COG0415	PhrB	Deoxyribodipyrimidine photolyase	AG-900-I13_00956	-1
CACBYP010000006.1	39517	39708	-	AG-900-I13_00956	AG-900-I13	63	OG0001519	NA	NA	NA	NA	NA	AG-900-I13_00956	0
CACBYP010000006.1	40057	41202	-	AG-900-I13_00957	AG-900-I13	381	OG0000094	NA	NA	COG0436	AspB	Aspartate/methionine/tyrosine aminotransferase	AG-900-I13_00956	1
CACBYP010000006.1	41202	41408	-	AG-900-I13_00958	AG-900-I13	68	OG0001099	NA	NA	NA	NA	NA	AG-900-I13_00956	2
CACBYP010000006.1	41408	42712	-	AG-900-I13_00959	AG-900-I13	434	OG0001113	NA	NA	COG0665	DadA	Glycine/D-amino acid oxidase (deaminating)	AG-900-I13_00956	3
CACBYP010000006.1	42744	44528	-	AG-900-I13_00960	AG-900-I13	594	OG0000014	K03852	sulfoacetaldehyde acetyltransferase [EC:2.3.3.15]	COG0028	IlvB	Acetolactate synthase large subunit or other thiamine pyrophosphate-requiring enzyme	AG-900-I13_00956	4
CACBYP010000006.1	44619	44906	+	AG-900-I13_00961	AG-900-I13	95	OG0000950	K16845	(2R)-sulfolactate sulfo-lyase subunit alpha [EC:4.4.1.24]	COG2721	UxaA	Altronate dehydratase	AG-900-I13_00956	5
CACCOB010000002.1	301737	302615	+	AG-901-I06_00858	AG-901-I06	292	OG0000051	K01561	haloacetate dehalogenase [EC:3.8.1.3]	COG0596	MenH	2-succinyl-6-hydroxy-2,4-cyclohexadiene-1-carboxylate synthase MenH/undecaprenyl monophosphate-sugar esterase UshA/YqjL	AG-901-I06_00863	-5
CACCOB010000002.1	302691	304103	+	AG-901-I06_00859	AG-901-I06	470	OG0000976	K03568	TldD protein	COG0312	TldD	Zn-dependent protease or N-deacetylase, PmbA/TldD/TldE family	AG-901-I06_00863	-4
CACCOB010000002.1	304109	305428	+	AG-901-I06_00860	AG-901-I06	439	OG0000991	K03592	PmbA protein	COG0312	TldD	Zn-dependent protease or N-deacetylase, PmbA/TldD/TldE family	AG-901-I06_00863	-3
CACCOB010000002.1	305435	305980	+	AG-901-I06_00861	AG-901-I06	181	OG0001002	NA	NA	COG4785	NlpI	Lipoprotein NlpI, contains TPR repeats	AG-901-I06_00863	-2
CACCOB010000002.1	305982	306530	+	AG-901-I06_00862	AG-901-I06	182	OG0000787	NA	NA	COG2062	SixA	Phosphohistidine phosphatase SixA	AG-901-I06_00863	-1
CACCOB010000002.1	306543	306734	+	AG-901-I06_00863	AG-901-I06	63	OG0001519	NA	NA	NA	NA	NA	AG-901-I06_00863	0
CACCOB010000002.1	306758	307906	+	AG-901-I06_00864	AG-901-I06	382	OG0000094	NA	NA	COG0436	AspB	Aspartate/methionine/tyrosine aminotransferase	AG-901-I06_00863	1
CACCOB010000002.1	307912	308478	+	AG-901-I06_00865	AG-901-I06	188	OG0001256	NA	NA	NA	NA	NA	AG-901-I06_00863	2
CACCOB010000002.1	308555	308956	+	AG-901-I06_00866	AG-901-I06	133	OG0001587	NA	NA	COG1917	QdoI	Cupin domain protein related to quercetin dioxygenase	AG-901-I06_00863	3
CACCOB010000002.1	309012	309287	-	AG-901-I06_00867	AG-901-I06	91	OG0000871	NA	NA	NA	NA	NA	AG-901-I06_00863	4
CACCOB010000002.1	309376	310530	-	AG-901-I06_00868	AG-901-I06	384	OG0000059	NA	NA	COG0673	MviM	Predicted dehydrogenase	AG-901-I06_00863	5
CACCXN010000002.1	139833	140120	-	AG-903-C11_00412	AG-903-C11	95	OG0000950	K16845	(2R)-sulfolactate sulfo-lyase subunit alpha [EC:4.4.1.24]	COG2721	UxaA	Altronate dehydratase	AG-903-C11_00417	-5
CACCXN010000002.1	140211	141995	+	AG-903-C11_00413	AG-903-C11	594	OG0000014	K03852	sulfoacetaldehyde acetyltransferase [EC:2.3.3.15]	COG0028	IlvB	Acetolactate synthase large subunit or other thiamine pyrophosphate-requiring enzyme	AG-903-C11_00417	-4
CACCXN010000002.1	142020	142877	+	AG-903-C11_00414	AG-903-C11	285	OG0000365	NA	NA	COG0179	FAHD1	Oxaloacetate decarboxylase and tautomerase, fumarylacetoacetate (FAA) hydrolase family	AG-903-C11_00417	-3
CACCXN010000002.1	142874	143080	+	AG-903-C11_00415	AG-903-C11	68	OG0001099	NA	NA	NA	NA	NA	AG-903-C11_00417	-2
CACCXN010000002.1	143080	144225	+	AG-903-C11_00416	AG-903-C11	381	OG0000094	NA	NA	COG0436	AspB	Aspartate/methionine/tyrosine aminotransferase	AG-903-C11_00417	-1
CACCXN010000002.1	144574	144765	+	AG-903-C11_00417	AG-903-C11	63	OG0001519	NA	NA	NA	NA	NA	AG-903-C11_00417	0
CACCXN010000002.1	144775	146232	+	AG-903-C11_00418	AG-903-C11	485	OG0000423	NA	NA	COG0415	PhrB	Deoxyribodipyrimidine photolyase	AG-903-C11_00417	1
CACDFI010000003.1	15264	16418	+	AG-903-L07_00570	AG-903-L07	384	OG0000059	NA	NA	COG0673	MviM	Predicted dehydrogenase	AG-903-L07_00575	-5
CACDFI010000003.1	16600	16782	+	AG-903-L07_00571	AG-903-L07	60	OG0000871	NA	NA	NA	NA	NA	AG-903-L07_00575	-4
CACDFI010000003.1	16839	17240	-	AG-903-L07_00572	AG-903-L07	133	OG0001587	NA	NA	COG1917	QdoI	Cupin domain protein related to quercetin dioxygenase	AG-903-L07_00575	-3
CACDFI010000003.1	17317	17883	-	AG-903-L07_00573	AG-903-L07	188	OG0001256	NA	NA	NA	NA	NA	AG-903-L07_00575	-2
CACDFI010000003.1	17889	19037	-	AG-903-L07_00574	AG-903-L07	382	OG0000094	NA	NA	COG0436	AspB	Aspartate/methionine/tyrosine aminotransferase	AG-903-L07_00575	-1
CACDFI010000003.1	19061	19252	-	AG-903-L07_00575	AG-903-L07	63	OG0001519	NA	NA	NA	NA	NA	AG-903-L07_00575	0
CACDFI010000003.1	19265	19813	-	AG-903-L07_00576	AG-903-L07	182	OG0000787	NA	NA	COG2062	SixA	Phosphohistidine phosphatase SixA	AG-903-L07_00575	1
CACDFI010000003.1	19815	20360	-	AG-903-L07_00577	AG-903-L07	181	OG0001002	NA	NA	COG4785	NlpI	Lipoprotein NlpI, contains TPR repeats	AG-903-L07_00575	2
CACDFI010000003.1	20367	21686	-	AG-903-L07_00578	AG-903-L07	439	OG0000991	K03592	PmbA protein	COG0312	TldD	Zn-dependent protease or N-deacetylase, PmbA/TldD/TldE family	AG-903-L07_00575	3
CACDFI010000003.1	21692	23104	-	AG-903-L07_00579	AG-903-L07	470	OG0000976	K03568	TldD protein	COG0312	TldD	Zn-dependent protease or N-deacetylase, PmbA/TldD/TldE family	AG-903-L07_00575	4
CACDFI010000003.1	23180	24058	-	AG-903-L07_00580	AG-903-L07	292	OG0000051	K01561	haloacetate dehalogenase [EC:3.8.1.3]	COG0596	MenH	2-succinyl-6-hydroxy-2,4-cyclohexadiene-1-carboxylate synthase MenH/undecaprenyl monophosphate-sugar esterase UshA/YqjL	AG-903-L07_00575	5
CACDSY010000004.1	171303	172181	+	AG-904-K03_01046	AG-904-K03	292	OG0000051	K01561	haloacetate dehalogenase [EC:3.8.1.3]	COG0596	MenH	2-succinyl-6-hydroxy-2,4-cyclohexadiene-1-carboxylate synthase MenH/undecaprenyl monophosphate-sugar esterase UshA/YqjL	AG-904-K03_01051	-5
CACDSY010000004.1	172257	173669	+	AG-904-K03_01047	AG-904-K03	470	OG0000976	K03568	TldD protein	COG0312	TldD	Zn-dependent protease or N-deacetylase, PmbA/TldD/TldE family	AG-904-K03_01051	-4
CACDSY010000004.1	173674	174993	+	AG-904-K03_01048	AG-904-K03	439	OG0000991	K03592	PmbA protein	COG0312	TldD	Zn-dependent protease or N-deacetylase, PmbA/TldD/TldE family	AG-904-K03_01051	-3
CACDSY010000004.1	175001	175549	+	AG-904-K03_01049	AG-904-K03	182	OG0001002	NA	NA	COG0457	TPR	Tetratricopeptide (TPR) repeat	AG-904-K03_01051	-2
CACDSY010000004.1	175550	176098	+	AG-904-K03_01050	AG-904-K03	182	OG0000787	NA	NA	COG2062	SixA	Phosphohistidine phosphatase SixA	AG-904-K03_01051	-1
CACDSY010000004.1	176117	176308	+	AG-904-K03_01051	AG-904-K03	63	OG0001519	NA	NA	NA	NA	NA	AG-904-K03_01051	0
CACDSY010000004.1	176334	177485	+	AG-904-K03_01052	AG-904-K03	383	OG0000094	NA	NA	COG0436	AspB	Aspartate/methionine/tyrosine aminotransferase	AG-904-K03_01051	1
CACDSY010000004.1	177488	178144	+	AG-904-K03_01053	AG-904-K03	218	OG0000030	K17290	oxidoreductase [EC:1.1.1.-]	COG0702	YbjT	Uncharacterized conserved protein YbjT, contains NAD(P)-binding and DUF2867 domains	AG-904-K03_01051	2
CACDSY010000004.1	178145	178717	+	AG-904-K03_01054	AG-904-K03	190	OG0001256	NA	NA	NA	NA	NA	AG-904-K03_01051	3
CACDSY010000004.1	178788	179189	+	AG-904-K03_01055	AG-904-K03	133	OG0001587	NA	NA	COG1917	QdoI	Cupin domain protein related to quercetin dioxygenase	AG-904-K03_01051	4
CACDSY010000004.1	179243	179425	-	AG-904-K03_01056	AG-904-K03	60	OG0000871	NA	NA	NA	NA	NA	AG-904-K03_01051	5
CACEDU010000005.1	13511	14389	+	AG-905-E11_00777	AG-905-E11	292	OG0000051	K01561	haloacetate dehalogenase [EC:3.8.1.3]	COG0596	MenH	2-succinyl-6-hydroxy-2,4-cyclohexadiene-1-carboxylate synthase MenH/undecaprenyl monophosphate-sugar esterase UshA/YqjL	AG-905-E11_00782	-5
CACEDU010000005.1	14465	15877	+	AG-905-E11_00778	AG-905-E11	470	OG0000976	K03568	TldD protein	COG0312	TldD	Zn-dependent protease or N-deacetylase, PmbA/TldD/TldE family	AG-905-E11_00782	-4
CACEDU010000005.1	15883	17202	+	AG-905-E11_00779	AG-905-E11	439	OG0000991	K03592	PmbA protein	COG0312	TldD	Zn-dependent protease or N-deacetylase, PmbA/TldD/TldE family	AG-905-E11_00782	-3
CACEDU010000005.1	17209	17754	+	AG-905-E11_00780	AG-905-E11	181	OG0001002	NA	NA	COG0457	TPR	Tetratricopeptide (TPR) repeat	AG-905-E11_00782	-2
CACEDU010000005.1	17756	18304	+	AG-905-E11_00781	AG-905-E11	182	OG0000787	NA	NA	COG2062	SixA	Phosphohistidine phosphatase SixA	AG-905-E11_00782	-1
CACEDU010000005.1	18317	18508	+	AG-905-E11_00782	AG-905-E11	63	OG0001519	NA	NA	NA	NA	NA	AG-905-E11_00782	0
CACEDU010000005.1	18532	19680	+	AG-905-E11_00783	AG-905-E11	382	OG0000094	NA	NA	COG0436	AspB	Aspartate/methionine/tyrosine aminotransferase	AG-905-E11_00782	1
CACEDU010000005.1	19686	20252	+	AG-905-E11_00784	AG-905-E11	188	OG0001256	NA	NA	NA	NA	NA	AG-905-E11_00782	2
CACEDU010000005.1	20329	20730	+	AG-905-E11_00785	AG-905-E11	133	OG0001587	NA	NA	COG1917	QdoI	Cupin domain protein related to quercetin dioxygenase	AG-905-E11_00782	3
CACEDU010000005.1	20786	21061	-	AG-905-E11_00786	AG-905-E11	91	OG0000871	NA	NA	NA	NA	NA	AG-905-E11_00782	4
CACEDU010000005.1	21150	22304	-	AG-905-E11_00787	AG-905-E11	384	OG0000059	NA	NA	COG0673	MviM	Predicted dehydrogenase	AG-905-E11_00782	5
CACEMI010000013.1	7757	8635	+	AG-905-O08_01072	AG-905-O08	292	OG0000051	K01561	haloacetate dehalogenase [EC:3.8.1.3]	COG0596	MenH	2-succinyl-6-hydroxy-2,4-cyclohexadiene-1-carboxylate synthase MenH/undecaprenyl monophosphate-sugar esterase UshA/YqjL	AG-905-O08_01077	-5
CACEMI010000013.1	8711	10123	+	AG-905-O08_01073	AG-905-O08	470	OG0000976	K03568	TldD protein	COG0312	TldD	Zn-dependent protease or N-deacetylase, PmbA/TldD/TldE family	AG-905-O08_01077	-4
CACEMI010000013.1	10129	11448	+	AG-905-O08_01074	AG-905-O08	439	OG0000991	K03592	PmbA protein	COG0312	TldD	Zn-dependent protease or N-deacetylase, PmbA/TldD/TldE family	AG-905-O08_01077	-3
CACEMI010000013.1	11455	12000	+	AG-905-O08_01075	AG-905-O08	181	OG0001002	NA	NA	COG0457	TPR	Tetratricopeptide (TPR) repeat	AG-905-O08_01077	-2
CACEMI010000013.1	12002	12550	+	AG-905-O08_01076	AG-905-O08	182	OG0000787	NA	NA	COG2062	SixA	Phosphohistidine phosphatase SixA	AG-905-O08_01077	-1
CACEMI010000013.1	12563	12754	+	AG-905-O08_01077	AG-905-O08	63	OG0001519	NA	NA	NA	NA	NA	AG-905-O08_01077	0
CACEMI010000013.1	12778	13926	+	AG-905-O08_01078	AG-905-O08	382	OG0000094	NA	NA	COG0436	AspB	Aspartate/methionine/tyrosine aminotransferase	AG-905-O08_01077	1
CACEMI010000013.1	13932	14498	+	AG-905-O08_01079	AG-905-O08	188	OG0001256	NA	NA	NA	NA	NA	AG-905-O08_01077	2
CACEMI010000013.1	14575	14976	+	AG-905-O08_01080	AG-905-O08	133	OG0001587	NA	NA	COG1917	QdoI	Cupin domain protein related to quercetin dioxygenase	AG-905-O08_01077	3
CACEMI010000013.1	15033	15224	-	AG-905-O08_01081	AG-905-O08	63	OG0000871	NA	NA	NA	NA	NA	AG-905-O08_01077	4
CACEMI010000013.1	15397	16551	-	AG-905-O08_01082	AG-905-O08	384	OG0000059	NA	NA	COG0673	MviM	Predicted dehydrogenase	AG-905-O08_01077	5
CACETY010000002.1	7190	8068	+	AG-907-F09_00170	AG-907-F09	292	OG0000051	K01561	haloacetate dehalogenase [EC:3.8.1.3]	COG0596	MenH	2-succinyl-6-hydroxy-2,4-cyclohexadiene-1-carboxylate synthase MenH/undecaprenyl monophosphate-sugar esterase UshA/YqjL	AG-907-F09_00175	-5
CACETY010000002.1	8144	9556	+	AG-907-F09_00171	AG-907-F09	470	OG0000976	K03568	TldD protein	COG0312	TldD	Zn-dependent protease or N-deacetylase, PmbA/TldD/TldE family	AG-907-F09_00175	-4
CACETY010000002.1	9562	10881	+	AG-907-F09_00172	AG-907-F09	439	OG0000991	K03592	PmbA protein	COG0312	TldD	Zn-dependent protease or N-deacetylase, PmbA/TldD/TldE family	AG-907-F09_00175	-3
CACETY010000002.1	10888	11433	+	AG-907-F09_00173	AG-907-F09	181	OG0001002	NA	NA	COG4785	NlpI	Lipoprotein NlpI, contains TPR repeats	AG-907-F09_00175	-2
CACETY010000002.1	11435	11983	+	AG-907-F09_00174	AG-907-F09	182	OG0000787	NA	NA	COG2062	SixA	Phosphohistidine phosphatase SixA	AG-907-F09_00175	-1
CACETY010000002.1	11996	12187	+	AG-907-F09_00175	AG-907-F09	63	OG0001519	NA	NA	NA	NA	NA	AG-907-F09_00175	0
CACETY010000002.1	12211	13362	+	AG-907-F09_00176	AG-907-F09	383	OG0000094	NA	NA	COG0436	AspB	Aspartate/methionine/tyrosine aminotransferase	AG-907-F09_00175	1
CACETY010000002.1	13365	14021	+	AG-907-F09_00177	AG-907-F09	218	OG0000030	K17290	oxidoreductase [EC:1.1.1.-]	COG0702	YbjT	Uncharacterized conserved protein YbjT, contains NAD(P)-binding and DUF2867 domains	AG-907-F09_00175	2
CACETY010000002.1	14022	14594	+	AG-907-F09_00178	AG-907-F09	190	OG0001256	NA	NA	NA	NA	NA	AG-907-F09_00175	3
CACETY010000002.1	14665	15066	+	AG-907-F09_00179	AG-907-F09	133	OG0001587	NA	NA	COG1917	QdoI	Cupin domain protein related to quercetin dioxygenase	AG-907-F09_00175	4
CACETY010000002.1	15135	15326	-	AG-907-F09_00180	AG-907-F09	63	OG0000871	NA	NA	NA	NA	NA	AG-907-F09_00175	5
CACFLJ010000003.1	65887	66765	+	AG-908-F18_00479	AG-908-F18	292	OG0000051	K01561	haloacetate dehalogenase [EC:3.8.1.3]	COG0596	MenH	2-succinyl-6-hydroxy-2,4-cyclohexadiene-1-carboxylate synthase MenH/undecaprenyl monophosphate-sugar esterase UshA/YqjL	AG-908-F18_00484	-5
CACFLJ010000003.1	66841	68253	+	AG-908-F18_00480	AG-908-F18	470	OG0000976	K03568	TldD protein	COG0312	TldD	Zn-dependent protease or N-deacetylase, PmbA/TldD/TldE family	AG-908-F18_00484	-4
CACFLJ010000003.1	68258	69577	+	AG-908-F18_00481	AG-908-F18	439	OG0000991	K03592	PmbA protein	COG0312	TldD	Zn-dependent protease or N-deacetylase, PmbA/TldD/TldE family	AG-908-F18_00484	-3
CACFLJ010000003.1	69585	70133	+	AG-908-F18_00482	AG-908-F18	182	OG0001002	NA	NA	COG0457	TPR	Tetratricopeptide (TPR) repeat	AG-908-F18_00484	-2
CACFLJ010000003.1	70134	70682	+	AG-908-F18_00483	AG-908-F18	182	OG0000787	NA	NA	COG2062	SixA	Phosphohistidine phosphatase SixA	AG-908-F18_00484	-1
CACFLJ010000003.1	70701	70892	+	AG-908-F18_00484	AG-908-F18	63	OG0001519	NA	NA	NA	NA	NA	AG-908-F18_00484	0
CACFLJ010000003.1	70918	72069	+	AG-908-F18_00485	AG-908-F18	383	OG0000094	NA	NA	COG0436	AspB	Aspartate/methionine/tyrosine aminotransferase	AG-908-F18_00484	1
CACFLJ010000003.1	72072	72728	+	AG-908-F18_00486	AG-908-F18	218	OG0000030	K17290	oxidoreductase [EC:1.1.1.-]	COG0702	YbjT	Uncharacterized conserved protein YbjT, contains NAD(P)-binding and DUF2867 domains	AG-908-F18_00484	2
CACFLJ010000003.1	72729	73301	+	AG-908-F18_00487	AG-908-F18	190	OG0001256	NA	NA	NA	NA	NA	AG-908-F18_00484	3
CACFLJ010000003.1	73372	73773	+	AG-908-F18_00488	AG-908-F18	133	OG0001587	NA	NA	COG1917	QdoI	Cupin domain protein related to quercetin dioxygenase	AG-908-F18_00484	4
CACFLJ010000003.1	73828	73950	-	AG-908-F18_00489	AG-908-F18	40	OG0000871	NA	NA	NA	NA	NA	AG-908-F18_00484	5
CACFPI010000002.1	22029	22226	-	AG-908-L09_00195	AG-908-L09	65	OG0001413	NA	NA	NA	NA	NA	AG-908-L09_00200	-5
CACFPI010000002.1	22232	22726	-	AG-908-L09_00196	AG-908-L09	164	OG0000006	NA	NA	COG4968	PilE	Type IV pilus minor pilin/pseudopilin PilE	AG-908-L09_00200	-4
CACFPI010000002.1	22723	23265	-	AG-908-L09_00197	AG-908-L09	180	OG0001318	NA	NA	NA	NA	NA	AG-908-L09_00200	-3
CACFPI010000002.1	23274	25865	-	AG-908-L09_00198	AG-908-L09	863	OG0001711	NA	NA	COG2755	TesA	Lysophospholipase L1 or related esterase. Includes spore coat protein LipC/YcsK	AG-908-L09_00200	-2
CACFPI010000002.1	26118	27575	-	AG-908-L09_00199	AG-908-L09	485	OG0000423	NA	NA	COG0415	PhrB	Deoxyribodipyrimidine photolyase	AG-908-L09_00200	-1
CACFPI010000002.1	27585	27776	-	AG-908-L09_00200	AG-908-L09	63	OG0001519	NA	NA	NA	NA	NA	AG-908-L09_00200	0
CACFPI010000002.1	28125	29270	-	AG-908-L09_00201	AG-908-L09	381	OG0000094	NA	NA	COG0436	AspB	Aspartate/methionine/tyrosine aminotransferase	AG-908-L09_00200	1
CACFPI010000002.1	29270	29476	-	AG-908-L09_00202	AG-908-L09	68	OG0001099	NA	NA	NA	NA	NA	AG-908-L09_00200	2
CACFPI010000002.1	29524	30309	+	AG-908-L09_00203	AG-908-L09	261	OG0001243	K18013	3-keto-5-aminohexanoate cleavage enzyme [EC:2.3.1.247]	COG3246	NA	Uncharacterized conserved protein, DUF849 family	AG-908-L09_00200	3
CACFPI010000002.1	30301	31746	-	AG-908-L09_00204	AG-908-L09	481	OG0001486	NA	NA	COG0654	UbiH	2-polyprenyl-6-methoxyphenol hydroxylase and related FAD-dependent oxidoreductases	AG-908-L09_00200	4
CACFPI010000002.1	31759	32733	-	AG-908-L09_00205	AG-908-L09	324	OG0001739	NA	NA	COG2514	CatE	Catechol-2,3-dioxygenase	AG-908-L09_00200	5
CACFZE010000006.1	50846	51133	-	AG-909-F14_00970	AG-909-F14	95	OG0000950	K16845	(2R)-sulfolactate sulfo-lyase subunit alpha [EC:4.4.1.24]	COG2721	UxaA	Altronate dehydratase	AG-909-F14_00975	-5
CACFZE010000006.1	51224	53008	+	AG-909-F14_00971	AG-909-F14	594	OG0000014	K03852	sulfoacetaldehyde acetyltransferase [EC:2.3.3.15]	COG0028	IlvB	Acetolactate synthase large subunit or other thiamine pyrophosphate-requiring enzyme	AG-909-F14_00975	-4
CACFZE010000006.1	53033	53890	+	AG-909-F14_00972	AG-909-F14	285	OG0000365	NA	NA	COG0179	FAHD1	Oxaloacetate decarboxylase and tautomerase, fumarylacetoacetate (FAA) hydrolase family	AG-909-F14_00975	-3
CACFZE010000006.1	53887	54093	+	AG-909-F14_00973	AG-909-F14	68	OG0001099	NA	NA	NA	NA	NA	AG-909-F14_00975	-2
CACFZE010000006.1	54093	55238	+	AG-909-F14_00974	AG-909-F14	381	OG0000094	NA	NA	COG0436	AspB	Aspartate/methionine/tyrosine aminotransferase	AG-909-F14_00975	-1
CACFZE010000006.1	55587	55778	+	AG-909-F14_00975	AG-909-F14	63	OG0001519	NA	NA	NA	NA	NA	AG-909-F14_00975	0
CACFZE010000006.1	55787	57244	+	AG-909-F14_00976	AG-909-F14	485	OG0000423	NA	NA	COG0415	PhrB	Deoxyribodipyrimidine photolyase	AG-909-F14_00975	1
CACFZE010000006.1	57248	57385	-	AG-909-F14_00977	AG-909-F14	45	OG0002404	NA	NA	NA	NA	NA	AG-909-F14_00975	2
CACFZE010000006.1	57497	60088	+	AG-909-F14_00978	AG-909-F14	863	OG0001711	NA	NA	COG2755	TesA	Lysophospholipase L1 or related esterase. Includes spore coat protein LipC/YcsK	AG-909-F14_00975	3
CACFZE010000006.1	60098	60649	+	AG-909-F14_00979	AG-909-F14	183	OG0001318	NA	NA	NA	NA	NA	AG-909-F14_00975	4
CACFZE010000006.1	60639	61157	+	AG-909-F14_00980	AG-909-F14	172	OG0000006	NA	NA	COG4968	PilE	Type IV pilus minor pilin/pseudopilin PilE	AG-909-F14_00975	5
CACHLB010000004.1	27767	28054	-	AG-912-A14_00526	AG-912-A14	95	OG0000950	K16845	(2R)-sulfolactate sulfo-lyase subunit alpha [EC:4.4.1.24]	COG2721	UxaA	Altronate dehydratase	AG-912-A14_00531	-5
CACHLB010000004.1	28145	29929	+	AG-912-A14_00527	AG-912-A14	594	OG0000014	K03852	sulfoacetaldehyde acetyltransferase [EC:2.3.3.15]	COG0028	IlvB	Acetolactate synthase large subunit or other thiamine pyrophosphate-requiring enzyme	AG-912-A14_00531	-4
CACHLB010000004.1	29961	31265	+	AG-912-A14_00528	AG-912-A14	434	OG0001113	NA	NA	COG0665	DadA	Glycine/D-amino acid oxidase (deaminating)	AG-912-A14_00531	-3
CACHLB010000004.1	31265	31471	+	AG-912-A14_00529	AG-912-A14	68	OG0001099	NA	NA	NA	NA	NA	AG-912-A14_00531	-2
CACHLB010000004.1	31471	32616	+	AG-912-A14_00530	AG-912-A14	381	OG0000094	NA	NA	COG0436	AspB	Aspartate/methionine/tyrosine aminotransferase	AG-912-A14_00531	-1
CACHLB010000004.1	32965	33156	+	AG-912-A14_00531	AG-912-A14	63	OG0001519	NA	NA	NA	NA	NA	AG-912-A14_00531	0
CACHLB010000004.1	33166	34623	+	AG-912-A14_00532	AG-912-A14	485	OG0000423	NA	NA	COG0415	PhrB	Deoxyribodipyrimidine photolyase	AG-912-A14_00531	1
CACHLB010000004.1	34875	37466	+	AG-912-A14_00533	AG-912-A14	863	OG0001711	NA	NA	COG2755	TesA	Lysophospholipase L1 or related esterase. Includes spore coat protein LipC/YcsK	AG-912-A14_00531	2
CACHLB010000004.1	37476	38024	+	AG-912-A14_00534	AG-912-A14	182	OG0001318	NA	NA	NA	NA	NA	AG-912-A14_00531	3
CACHLB010000004.1	38017	38214	+	AG-912-A14_00535	AG-912-A14	65	OG0001413	NA	NA	NA	NA	NA	AG-912-A14_00531	4
CACHLB010000004.1	38265	39692	+	AG-912-A14_00536	AG-912-A14	475	OG0001219	NA	NA	NA	NA	NA	AG-912-A14_00531	5
CACPIG010000015.1	1201	1488	-	AG-912-I02_01373	AG-912-I02	95	OG0000950	K16845	(2R)-sulfolactate sulfo-lyase subunit alpha [EC:4.4.1.24]	COG2721	UxaA	Altronate dehydratase	AG-912-I02_01378	-5
CACPIG010000015.1	1579	3363	+	AG-912-I02_01374	AG-912-I02	594	OG0000014	K03852	sulfoacetaldehyde acetyltransferase [EC:2.3.3.15]	COG0028	IlvB	Acetolactate synthase large subunit or other thiamine pyrophosphate-requiring enzyme	AG-912-I02_01378	-4
CACPIG010000015.1	3388	4245	+	AG-912-I02_01375	AG-912-I02	285	OG0000365	NA	NA	COG0179	FAHD1	Oxaloacetate decarboxylase and tautomerase, fumarylacetoacetate (FAA) hydrolase family	AG-912-I02_01378	-3
CACPIG010000015.1	4242	4448	+	AG-912-I02_01376	AG-912-I02	68	OG0001099	NA	NA	NA	NA	NA	AG-912-I02_01378	-2
CACPIG010000015.1	4448	5593	+	AG-912-I02_01377	AG-912-I02	381	OG0000094	NA	NA	COG0436	AspB	Aspartate/methionine/tyrosine aminotransferase	AG-912-I02_01378	-1
CACPIG010000015.1	5942	6133	+	AG-912-I02_01378	AG-912-I02	63	OG0001519	NA	NA	NA	NA	NA	AG-912-I02_01378	0
CACIIW010000001.1	27149	27655	-	AG-913-G10_00028	AG-913-G10	168	OG0000006	NA	NA	COG4968	PilE	Type IV pilus minor pilin/pseudopilin PilE	AG-913-G10_00033	-5
CACIIW010000001.1	27645	28196	-	AG-913-G10_00029	AG-913-G10	183	OG0001318	NA	NA	NA	NA	NA	AG-913-G10_00033	-4
CACIIW010000001.1	28205	30796	-	AG-913-G10_00030	AG-913-G10	863	OG0001711	NA	NA	COG2755	TesA	Lysophospholipase L1 or related esterase. Includes spore coat protein LipC/YcsK	AG-913-G10_00033	-3
CACIIW010000001.1	30908	31045	+	AG-913-G10_00031	AG-913-G10	45	OG0002404	NA	NA	NA	NA	NA	AG-913-G10_00033	-2
CACIIW010000001.1	31049	32506	-	AG-913-G10_00032	AG-913-G10	485	OG0000423	NA	NA	COG0415	PhrB	Deoxyribodipyrimidine photolyase	AG-913-G10_00033	-1
CACIIW010000001.1	32516	32707	-	AG-913-G10_00033	AG-913-G10	63	OG0001519	NA	NA	NA	NA	NA	AG-913-G10_00033	0
CACIIW010000001.1	33056	34201	-	AG-913-G10_00034	AG-913-G10	381	OG0000094	NA	NA	COG0436	AspB	Aspartate/methionine/tyrosine aminotransferase	AG-913-G10_00033	1
CACIIW010000001.1	34201	34407	-	AG-913-G10_00035	AG-913-G10	68	OG0001099	NA	NA	NA	NA	NA	AG-913-G10_00033	2
CACIIW010000001.1	34404	35261	-	AG-913-G10_00036	AG-913-G10	285	OG0000365	NA	NA	COG0179	FAHD1	Oxaloacetate decarboxylase and tautomerase, fumarylacetoacetate (FAA) hydrolase family	AG-913-G10_00033	3
CACIIW010000001.1	35286	37070	-	AG-913-G10_00037	AG-913-G10	594	OG0000014	K03852	sulfoacetaldehyde acetyltransferase [EC:2.3.3.15]	COG0028	IlvB	Acetolactate synthase large subunit or other thiamine pyrophosphate-requiring enzyme	AG-913-G10_00033	4
CACIIW010000001.1	37160	37447	+	AG-913-G10_00038	AG-913-G10	95	OG0000950	K16845	(2R)-sulfolactate sulfo-lyase subunit alpha [EC:4.4.1.24]	COG2721	UxaA	Altronate dehydratase	AG-913-G10_00033	5
CACILR010000001.1	115592	116122	-	AG-913-I09_00119	AG-913-I09	176	OG0000006	NA	NA	COG4969	PilA	Type IV pilus major pilin PilA	AG-913-I09_00124	-5
CACILR010000001.1	116103	116645	-	AG-913-I09_00120	AG-913-I09	180	OG0000006	NA	NA	COG4968	PilE	Type IV pilus minor pilin/pseudopilin PilE	AG-913-I09_00124	-4
CACILR010000001.1	116635	117651	-	AG-913-I09_00121	AG-913-I09	338	OG0001318	NA	NA	COG4968	PilE	Type IV pilus minor pilin/pseudopilin PilE	AG-913-I09_00124	-3
CACILR010000001.1	117661	120252	-	AG-913-I09_00122	AG-913-I09	863	OG0001711	NA	NA	COG2755	TesA	Lysophospholipase L1 or related esterase. Includes spore coat protein LipC/YcsK	AG-913-I09_00124	-2
CACILR010000001.1	120505	121962	-	AG-913-I09_00123	AG-913-I09	485	OG0000423	NA	NA	COG0415	PhrB	Deoxyribodipyrimidine photolyase	AG-913-I09_00124	-1
CACILR010000001.1	121972	122163	-	AG-913-I09_00124	AG-913-I09	63	OG0001519	NA	NA	NA	NA	NA	AG-913-I09_00124	0
CACILR010000001.1	122512	123657	-	AG-913-I09_00125	AG-913-I09	381	OG0000094	NA	NA	COG0436	AspB	Aspartate/methionine/tyrosine aminotransferase	AG-913-I09_00124	1
CACILR010000001.1	123657	123863	-	AG-913-I09_00126	AG-913-I09	68	OG0001099	NA	NA	NA	NA	NA	AG-913-I09_00124	2
CACILR010000001.1	123860	124717	-	AG-913-I09_00127	AG-913-I09	285	OG0000365	NA	NA	COG0179	FAHD1	Oxaloacetate decarboxylase and tautomerase, fumarylacetoacetate (FAA) hydrolase family	AG-913-I09_00124	3
CACILR010000001.1	124742	126526	-	AG-913-I09_00128	AG-913-I09	594	OG0000014	K03852	sulfoacetaldehyde acetyltransferase [EC:2.3.3.15]	COG0028	IlvB	Acetolactate synthase large subunit or other thiamine pyrophosphate-requiring enzyme	AG-913-I09_00124	4
CACILR010000001.1	126617	126904	+	AG-913-I09_00129	AG-913-I09	95	OG0000950	K16845	(2R)-sulfolactate sulfo-lyase subunit alpha [EC:4.4.1.24]	COG2721	UxaA	Altronate dehydratase	AG-913-I09_00124	5
CACIOQ010000014.1	18954	19472	-	AG-913-N09_01009	AG-913-N09	172	OG0000006	NA	NA	COG2165	GspO/PilD	Type II secretion system/type IV prepilin peptidase GspO/PulO/PilD	AG-913-N09_01014	-5
CACIOQ010000014.1	19475	19981	-	AG-913-N09_01010	AG-913-N09	168	OG0000006	NA	NA	COG4968	PilE	Type IV pilus minor pilin/pseudopilin PilE	AG-913-N09_01014	-4
CACIOQ010000014.1	19978	20520	-	AG-913-N09_01011	AG-913-N09	180	OG0001318	NA	NA	NA	NA	NA	AG-913-N09_01014	-3
CACIOQ010000014.1	20529	23120	-	AG-913-N09_01012	AG-913-N09	863	OG0001711	NA	NA	COG2755	TesA	Lysophospholipase L1 or related esterase. Includes spore coat protein LipC/YcsK	AG-913-N09_01014	-2
CACIOQ010000014.1	23373	24830	-	AG-913-N09_01013	AG-913-N09	485	OG0000423	NA	NA	COG0415	PhrB	Deoxyribodipyrimidine photolyase	AG-913-N09_01014	-1
CACIOQ010000014.1	24839	25030	-	AG-913-N09_01014	AG-913-N09	63	OG0001519	NA	NA	NA	NA	NA	AG-913-N09_01014	0
CACIOQ010000014.1	25378	26523	-	AG-913-N09_01015	AG-913-N09	381	OG0000094	NA	NA	COG0436	AspB	Aspartate/methionine/tyrosine aminotransferase	AG-913-N09_01014	1
CACIOQ010000014.1	26523	26729	-	AG-913-N09_01016	AG-913-N09	68	OG0001099	NA	NA	NA	NA	NA	AG-913-N09_01014	2
CACIOQ010000014.1	26726	27583	-	AG-913-N09_01017	AG-913-N09	285	OG0000365	NA	NA	COG0179	FAHD1	Oxaloacetate decarboxylase and tautomerase, fumarylacetoacetate (FAA) hydrolase family	AG-913-N09_01014	3
CACIOQ010000014.1	27608	29392	-	AG-913-N09_01018	AG-913-N09	594	OG0000014	K03852	sulfoacetaldehyde acetyltransferase [EC:2.3.3.15]	COG0028	IlvB	Acetolactate synthase large subunit or other thiamine pyrophosphate-requiring enzyme	AG-913-N09_01014	4
CACIOQ010000014.1	29483	29770	+	AG-913-N09_01019	AG-913-N09	95	OG0000950	K16845	(2R)-sulfolactate sulfo-lyase subunit alpha [EC:4.4.1.24]	COG2721	UxaA	Altronate dehydratase	AG-913-N09_01014	5
CACPKK010000001.1	51584	52462	+	AG-913-O18_00054	AG-913-O18	292	OG0000051	K01561	haloacetate dehalogenase [EC:3.8.1.3]	COG0596	MenH	2-succinyl-6-hydroxy-2,4-cyclohexadiene-1-carboxylate synthase MenH/undecaprenyl monophosphate-sugar esterase UshA/YqjL	AG-913-O18_00059	-5
CACPKK010000001.1	52538	53950	+	AG-913-O18_00055	AG-913-O18	470	OG0000976	K03568	TldD protein	COG0312	TldD	Zn-dependent protease or N-deacetylase, PmbA/TldD/TldE family	AG-913-O18_00059	-4
CACPKK010000001.1	53956	55275	+	AG-913-O18_00056	AG-913-O18	439	OG0000991	K03592	PmbA protein	COG0312	TldD	Zn-dependent protease or N-deacetylase, PmbA/TldD/TldE family	AG-913-O18_00059	-3
CACPKK010000001.1	55282	55827	+	AG-913-O18_00057	AG-913-O18	181	OG0001002	NA	NA	COG0457	TPR	Tetratricopeptide (TPR) repeat	AG-913-O18_00059	-2
CACPKK010000001.1	55829	56377	+	AG-913-O18_00058	AG-913-O18	182	OG0000787	NA	NA	COG2062	SixA	Phosphohistidine phosphatase SixA	AG-913-O18_00059	-1
CACPKK010000001.1	56390	56581	+	AG-913-O18_00059	AG-913-O18	63	OG0001519	NA	NA	NA	NA	NA	AG-913-O18_00059	0
CACPKK010000001.1	56605	57753	+	AG-913-O18_00060	AG-913-O18	382	OG0000094	NA	NA	COG0436	AspB	Aspartate/methionine/tyrosine aminotransferase	AG-913-O18_00059	1
CACPKK010000001.1	57759	58325	+	AG-913-O18_00061	AG-913-O18	188	OG0001256	NA	NA	NA	NA	NA	AG-913-O18_00059	2
CACPKK010000001.1	58402	58803	+	AG-913-O18_00062	AG-913-O18	133	OG0001587	NA	NA	COG1917	QdoI	Cupin domain protein related to quercetin dioxygenase	AG-913-O18_00059	3
CACPKK010000001.1	58859	59134	-	AG-913-O18_00063	AG-913-O18	91	OG0000871	NA	NA	NA	NA	NA	AG-913-O18_00059	4
CACPKK010000001.1	59223	60377	-	AG-913-O18_00064	AG-913-O18	384	OG0000059	NA	NA	COG0673	MviM	Predicted dehydrogenase	AG-913-O18_00059	5
CACJNE010000006.1	22516	23394	+	AG-915-G13_00763	AG-915-G13	292	OG0000051	K01561	haloacetate dehalogenase [EC:3.8.1.3]	COG0596	MenH	2-succinyl-6-hydroxy-2,4-cyclohexadiene-1-carboxylate synthase MenH/undecaprenyl monophosphate-sugar esterase UshA/YqjL	AG-915-G13_00768	-5
CACJNE010000006.1	23470	24882	+	AG-915-G13_00764	AG-915-G13	470	OG0000976	K03568	TldD protein	COG0312	TldD	Zn-dependent protease or N-deacetylase, PmbA/TldD/TldE family	AG-915-G13_00768	-4
CACJNE010000006.1	24888	26207	+	AG-915-G13_00765	AG-915-G13	439	OG0000991	K03592	PmbA protein	COG0312	TldD	Zn-dependent protease or N-deacetylase, PmbA/TldD/TldE family	AG-915-G13_00768	-3
CACJNE010000006.1	26214	26759	+	AG-915-G13_00766	AG-915-G13	181	OG0001002	NA	NA	COG4785	NlpI	Lipoprotein NlpI, contains TPR repeats	AG-915-G13_00768	-2
CACJNE010000006.1	26761	27309	+	AG-915-G13_00767	AG-915-G13	182	OG0000787	NA	NA	COG2062	SixA	Phosphohistidine phosphatase SixA	AG-915-G13_00768	-1
CACJNE010000006.1	27322	27513	+	AG-915-G13_00768	AG-915-G13	63	OG0001519	NA	NA	NA	NA	NA	AG-915-G13_00768	0
CACJNE010000006.1	27537	28685	+	AG-915-G13_00769	AG-915-G13	382	OG0000094	NA	NA	COG0436	AspB	Aspartate/methionine/tyrosine aminotransferase	AG-915-G13_00768	1
CACJNE010000006.1	28691	29257	+	AG-915-G13_00770	AG-915-G13	188	OG0001256	NA	NA	NA	NA	NA	AG-915-G13_00768	2
CACJNE010000006.1	29334	29735	+	AG-915-G13_00771	AG-915-G13	133	OG0001587	NA	NA	COG1917	QdoI	Cupin domain protein related to quercetin dioxygenase	AG-915-G13_00768	3
CACJNE010000006.1	29791	30066	-	AG-915-G13_00772	AG-915-G13	91	OG0000871	NA	NA	NA	NA	NA	AG-915-G13_00768	4
CACJNE010000006.1	30155	31309	-	AG-915-G13_00773	AG-915-G13	384	OG0000059	NA	NA	COG0673	MviM	Predicted dehydrogenase	AG-915-G13_00768	5
CACJNI010000007.1	23412	24839	-	AG-915-G14_01110	AG-915-G14	475	OG0001219	NA	NA	NA	NA	NA	AG-915-G14_01115	-5
CACJNI010000007.1	24890	25087	-	AG-915-G14_01111	AG-915-G14	65	OG0001413	NA	NA	NA	NA	NA	AG-915-G14_01115	-4
CACJNI010000007.1	25080	25628	-	AG-915-G14_01112	AG-915-G14	182	OG0001318	NA	NA	NA	NA	NA	AG-915-G14_01115	-3
CACJNI010000007.1	25637	28228	-	AG-915-G14_01113	AG-915-G14	863	OG0001711	NA	NA	COG2755	TesA	Lysophospholipase L1 or related esterase. Includes spore coat protein LipC/YcsK	AG-915-G14_01115	-2
CACJNI010000007.1	28481	29938	-	AG-915-G14_01114	AG-915-G14	485	OG0000423	NA	NA	COG0415	PhrB	Deoxyribodipyrimidine photolyase	AG-915-G14_01115	-1
CACJNI010000007.1	29948	30139	-	AG-915-G14_01115	AG-915-G14	63	OG0001519	NA	NA	NA	NA	NA	AG-915-G14_01115	0
CACJNI010000007.1	30487	31632	-	AG-915-G14_01116	AG-915-G14	381	OG0000094	NA	NA	COG0436	AspB	Aspartate/methionine/tyrosine aminotransferase	AG-915-G14_01115	1
CACJNI010000007.1	31632	31838	-	AG-915-G14_01117	AG-915-G14	68	OG0001099	NA	NA	NA	NA	NA	AG-915-G14_01115	2
CACJNI010000007.1	31876	33660	-	AG-915-G14_01118	AG-915-G14	594	OG0000014	K03852	sulfoacetaldehyde acetyltransferase [EC:2.3.3.15]	COG0028	IlvB	Acetolactate synthase large subunit or other thiamine pyrophosphate-requiring enzyme	AG-915-G14_01115	3
CACJNI010000007.1	33751	34038	+	AG-915-G14_01119	AG-915-G14	95	OG0000950	K16845	(2R)-sulfolactate sulfo-lyase subunit alpha [EC:4.4.1.24]	COG2721	UxaA	Altronate dehydratase	AG-915-G14_01115	4
CACJNI010000007.1	34040	35206	+	AG-915-G14_01120	AG-915-G14	388	OG0000085	K16846	(2R)-sulfolactate sulfo-lyase subunit beta [EC:4.4.1.24]	COG2721	UxaA	Altronate dehydratase	AG-915-G14_01115	5
CACJUJ010000007.1	24379	24666	-	AG-916-B06_00672	AG-916-B06	95	OG0000950	K16845	(2R)-sulfolactate sulfo-lyase subunit alpha [EC:4.4.1.24]	COG2721	UxaA	Altronate dehydratase	AG-916-B06_00677	-5
CACJUJ010000007.1	24757	26541	+	AG-916-B06_00673	AG-916-B06	594	OG0000014	K03852	sulfoacetaldehyde acetyltransferase [EC:2.3.3.15]	COG0028	IlvB	Acetolactate synthase large subunit or other thiamine pyrophosphate-requiring enzyme	AG-916-B06_00677	-4
CACJUJ010000007.1	26573	27877	+	AG-916-B06_00674	AG-916-B06	434	OG0001113	NA	NA	COG0665	DadA	Glycine/D-amino acid oxidase (deaminating)	AG-916-B06_00677	-3
CACJUJ010000007.1	27877	28083	+	AG-916-B06_00675	AG-916-B06	68	OG0001099	NA	NA	COG2976	YfgM	Ancillary subunit YfgM of SecYEG translocon, regulates RcsB-dependent stress response	AG-916-B06_00677	-2
CACJUJ010000007.1	28083	29228	+	AG-916-B06_00676	AG-916-B06	381	OG0000094	NA	NA	COG0436	AspB	Aspartate/methionine/tyrosine aminotransferase	AG-916-B06_00677	-1
CACJUJ010000007.1	29577	29768	+	AG-916-B06_00677	AG-916-B06	63	OG0001519	NA	NA	NA	NA	NA	AG-916-B06_00677	0
CACJUJ010000007.1	29777	31234	+	AG-916-B06_00678	AG-916-B06	485	OG0000423	NA	NA	COG0415	PhrB	Deoxyribodipyrimidine photolyase	AG-916-B06_00677	1
CACJUJ010000007.1	31487	34078	+	AG-916-B06_00679	AG-916-B06	863	OG0001711	NA	NA	COG2755	TesA	Lysophospholipase L1 or related esterase. Includes spore coat protein LipC/YcsK	AG-916-B06_00677	2
CACJUJ010000007.1	34087	34632	+	AG-916-B06_00680	AG-916-B06	181	OG0001318	NA	NA	NA	NA	NA	AG-916-B06_00677	3
CACJUJ010000007.1	34629	35144	+	AG-916-B06_00681	AG-916-B06	171	OG0000006	NA	NA	COG4968	PilE	Type IV pilus minor pilin/pseudopilin PilE	AG-916-B06_00677	4
CACJUJ010000007.1	35144	35656	+	AG-916-B06_00682	AG-916-B06	170	OG0000006	NA	NA	COG4968	PilE	Type IV pilus minor pilin/pseudopilin PilE	AG-916-B06_00677	5
CACPQM010000001.1	196686	197564	+	AG-916-B15_00194	AG-916-B15	292	OG0000051	K01561	haloacetate dehalogenase [EC:3.8.1.3]	COG0596	MenH	2-succinyl-6-hydroxy-2,4-cyclohexadiene-1-carboxylate synthase MenH/undecaprenyl monophosphate-sugar esterase UshA/YqjL	AG-916-B15_00199	-5
CACPQM010000001.1	197639	199051	+	AG-916-B15_00195	AG-916-B15	470	OG0000976	K03568	TldD protein	COG0312	TldD	Zn-dependent protease or N-deacetylase, PmbA/TldD/TldE family	AG-916-B15_00199	-4
CACPQM010000001.1	199032	200375	+	AG-916-B15_00196	AG-916-B15	447	OG0000991	K03592	PmbA protein	COG0312	TldD	Zn-dependent protease or N-deacetylase, PmbA/TldD/TldE family	AG-916-B15_00199	-3
CACPQM010000001.1	200383	200931	+	AG-916-B15_00197	AG-916-B15	182	OG0001002	NA	NA	COG0457	TPR	Tetratricopeptide (TPR) repeat	AG-916-B15_00199	-2
CACPQM010000001.1	200932	201480	+	AG-916-B15_00198	AG-916-B15	182	OG0000787	NA	NA	COG2062	SixA	Phosphohistidine phosphatase SixA	AG-916-B15_00199	-1
CACPQM010000001.1	201499	201690	+	AG-916-B15_00199	AG-916-B15	63	OG0001519	NA	NA	NA	NA	NA	AG-916-B15_00199	0
CACPQM010000001.1	201716	202867	+	AG-916-B15_00200	AG-916-B15	383	OG0000094	NA	NA	COG0436	AspB	Aspartate/methionine/tyrosine aminotransferase	AG-916-B15_00199	1
CACPQM010000001.1	202870	203526	+	AG-916-B15_00201	AG-916-B15	218	OG0000030	K17290	oxidoreductase [EC:1.1.1.-]	COG0702	YbjT	Uncharacterized conserved protein YbjT, contains NAD(P)-binding and DUF2867 domains	AG-916-B15_00199	2
CACPQM010000001.1	203527	204099	+	AG-916-B15_00202	AG-916-B15	190	OG0001256	NA	NA	NA	NA	NA	AG-916-B15_00199	3
CACPQM010000001.1	204170	204571	+	AG-916-B15_00203	AG-916-B15	133	OG0001587	NA	NA	COG1917	QdoI	Cupin domain protein related to quercetin dioxygenase	AG-916-B15_00199	4
CACPQM010000001.1	204627	204902	-	AG-916-B15_00204	AG-916-B15	91	OG0000871	NA	NA	NA	NA	NA	AG-916-B15_00199	5
CACJXK010000004.1	63494	64372	+	AG-916-G09_00764	AG-916-G09	292	OG0000051	K01561	haloacetate dehalogenase [EC:3.8.1.3]	COG0596	MenH	2-succinyl-6-hydroxy-2,4-cyclohexadiene-1-carboxylate synthase MenH/undecaprenyl monophosphate-sugar esterase UshA/YqjL	AG-916-G09_00769	-5
CACJXK010000004.1	64448	65860	+	AG-916-G09_00765	AG-916-G09	470	OG0000976	K03568	TldD protein	COG0312	TldD	Zn-dependent protease or N-deacetylase, PmbA/TldD/TldE family	AG-916-G09_00769	-4
CACJXK010000004.1	65866	67185	+	AG-916-G09_00766	AG-916-G09	439	OG0000991	K03592	PmbA protein	COG0312	TldD	Zn-dependent protease or N-deacetylase, PmbA/TldD/TldE family	AG-916-G09_00769	-3
CACJXK010000004.1	67192	67737	+	AG-916-G09_00767	AG-916-G09	181	OG0001002	NA	NA	COG0457	TPR	Tetratricopeptide (TPR) repeat	AG-916-G09_00769	-2
CACJXK010000004.1	67738	68286	+	AG-916-G09_00768	AG-916-G09	182	OG0000787	NA	NA	COG2062	SixA	Phosphohistidine phosphatase SixA	AG-916-G09_00769	-1
CACJXK010000004.1	68299	68490	+	AG-916-G09_00769	AG-916-G09	63	OG0001519	NA	NA	NA	NA	NA	AG-916-G09_00769	0
CACJXK010000004.1	68514	69662	+	AG-916-G09_00770	AG-916-G09	382	OG0000094	NA	NA	COG0436	AspB	Aspartate/methionine/tyrosine aminotransferase	AG-916-G09_00769	1
CACJXK010000004.1	69668	70234	+	AG-916-G09_00771	AG-916-G09	188	OG0001256	NA	NA	NA	NA	NA	AG-916-G09_00769	2
CACJXK010000004.1	70311	70712	+	AG-916-G09_00772	AG-916-G09	133	OG0001587	NA	NA	COG1917	QdoI	Cupin domain protein related to quercetin dioxygenase	AG-916-G09_00769	3
CACJXK010000004.1	71133	72287	-	AG-916-G09_00773	AG-916-G09	384	OG0000059	NA	NA	COG0673	MviM	Predicted dehydrogenase	AG-916-G09_00769	4
CACJXK010000004.1	72287	73342	-	AG-916-G09_00774	AG-916-G09	351	OG0001646	NA	NA	COG1082	YcjR	Sugar phosphate isomerase/epimerase	AG-916-G09_00769	5
CACKFA010000006.1	19193	20266	+	AG-916-N14_00887	AG-916-N14	357	OG0000059	NA	NA	COG0673	MviM	Predicted dehydrogenase	AG-916-N14_00892	-5
CACKFA010000006.1	20272	21009	-	AG-916-N14_00888	AG-916-N14	245	OG0001840	K01004	phosphatidylcholine synthase [EC:2.7.8.24]	COG1183	PssA	Phosphatidylserine synthase	AG-916-N14_00892	-4
CACKFA010000006.1	21023	21715	-	AG-916-N14_00889	AG-916-N14	230	OG0001222	NA	NA	NA	NA	NA	AG-916-N14_00892	-3
CACKFA010000006.1	21723	23150	-	AG-916-N14_00890	AG-916-N14	475	OG0001219	NA	NA	NA	NA	NA	AG-916-N14_00892	-2
CACKFA010000006.1	23252	23719	+	AG-916-N14_00891	AG-916-N14	155	OG0001628	NA	NA	NA	NA	NA	AG-916-N14_00892	-1
CACKFA010000006.1	23979	24170	+	AG-916-N14_00892	AG-916-N14	63	OG0001519	NA	NA	NA	NA	NA	AG-916-N14_00892	0
CACKFA010000006.1	24180	25637	+	AG-916-N14_00893	AG-916-N14	485	OG0000423	NA	NA	COG0415	PhrB	Deoxyribodipyrimidine photolyase	AG-916-N14_00892	1
CACKFA010000006.1	25925	26377	-	AG-916-N14_00894	AG-916-N14	150	OG0001496	K03719	Lrp/AsnC family transcriptional regulator, leucine-responsive regulatory protein	COG1522	Lrp	DNA-binding transcriptional regulator, Lrp family	AG-916-N14_00892	2
CACKFA010000006.1	26495	27463	+	AG-916-N14_00895	AG-916-N14	322	OG0001834	NA	NA	COG0329	DapA	4-hydroxy-tetrahydrodipicolinate synthase/N-acetylneuraminate lyase	AG-916-N14_00892	3
CACKFA010000006.1	27571	27765	+	AG-916-N14_00896	AG-916-N14	64	OG0001075	NA	NA	NA	NA	NA	AG-916-N14_00892	4
CACKFA010000006.1	27766	28881	-	AG-916-N14_00897	AG-916-N14	371	OG0000943	K00613	glycine amidinotransferase [EC:2.1.4.1]	COG1834	DdaH	N-Dimethylarginine dimethylaminohydrolase	AG-916-N14_00892	5
CACKGK010000002.1	73151	74029	+	AG-916-O20_00232	AG-916-O20	292	OG0000051	K01561	haloacetate dehalogenase [EC:3.8.1.3]	COG0596	MenH	2-succinyl-6-hydroxy-2,4-cyclohexadiene-1-carboxylate synthase MenH/undecaprenyl monophosphate-sugar esterase UshA/YqjL	AG-916-O20_00237	-5
CACKGK010000002.1	74105	75517	+	AG-916-O20_00233	AG-916-O20	470	OG0000976	K03568	TldD protein	COG0312	TldD	Zn-dependent protease or N-deacetylase, PmbA/TldD/TldE family	AG-916-O20_00237	-4
CACKGK010000002.1	75523	76842	+	AG-916-O20_00234	AG-916-O20	439	OG0000991	K03592	PmbA protein	COG0312	TldD	Zn-dependent protease or N-deacetylase, PmbA/TldD/TldE family	AG-916-O20_00237	-3
CACKGK010000002.1	76849	77394	+	AG-916-O20_00235	AG-916-O20	181	OG0001002	NA	NA	COG4785	NlpI	Lipoprotein NlpI, contains TPR repeats	AG-916-O20_00237	-2
CACKGK010000002.1	77396	77944	+	AG-916-O20_00236	AG-916-O20	182	OG0000787	NA	NA	COG2062	SixA	Phosphohistidine phosphatase SixA	AG-916-O20_00237	-1
CACKGK010000002.1	77957	78148	+	AG-916-O20_00237	AG-916-O20	63	OG0001519	NA	NA	NA	NA	NA	AG-916-O20_00237	0
CACKGK010000002.1	78172	79323	+	AG-916-O20_00238	AG-916-O20	383	OG0000094	NA	NA	COG0436	AspB	Aspartate/methionine/tyrosine aminotransferase	AG-916-O20_00237	1
CACKGK010000002.1	79326	79982	+	AG-916-O20_00239	AG-916-O20	218	OG0000030	K17290	oxidoreductase [EC:1.1.1.-]	COG0702	YbjT	Uncharacterized conserved protein YbjT, contains NAD(P)-binding and DUF2867 domains	AG-916-O20_00237	2
CACKGK010000002.1	79983	80555	+	AG-916-O20_00240	AG-916-O20	190	OG0001256	NA	NA	NA	NA	NA	AG-916-O20_00237	3
CACKGK010000002.1	80560	81435	+	AG-916-O20_00241	AG-916-O20	291	OG0000045	NA	NA	NA	NA	NA	AG-916-O20_00237	4
CACKGK010000002.1	81510	81911	+	AG-916-O20_00242	AG-916-O20	133	OG0001587	NA	NA	COG1917	QdoI	Cupin domain protein related to quercetin dioxygenase	AG-916-O20_00237	5
CACKLD010000001.1	211666	212607	-	AG-917-D03_00254	AG-917-D03	313	OG0000424	NA	NA	COG0859	RfaF	ADP-heptose:LPS heptosyltransferase	AG-917-D03_00259	-5
CACKLD010000001.1	212640	213029	+	AG-917-D03_00255	AG-917-D03	129	OG0000745	NA	NA	NA	NA	NA	AG-917-D03_00259	-4
CACKLD010000001.1	213032	213754	-	AG-917-D03_00256	AG-917-D03	240	OG0001204	K07395	putative proteasome-type protease	COG3484	NA	Predicted proteasome-type protease	AG-917-D03_00259	-3
CACKLD010000001.1	213870	215318	+	AG-917-D03_00257	AG-917-D03	482	OG0001158	NA	NA	COG2308	NA	Circularly permuted ATP-grasp protein	AG-917-D03_00259	-2
CACKLD010000001.1	215322	216779	-	AG-917-D03_00258	AG-917-D03	485	OG0000423	NA	NA	COG0415	PhrB	Deoxyribodipyrimidine photolyase	AG-917-D03_00259	-1
CACKLD010000001.1	216788	216979	-	AG-917-D03_00259	AG-917-D03	63	OG0001519	NA	NA	NA	NA	NA	AG-917-D03_00259	0
CACKLD010000001.1	217086	217190	+	AG-917-D03_00260	AG-917-D03	34	NA	NA	NA	NA	NA	NA	AG-917-D03_00259	1
CACKLD010000001.1	217328	218473	-	AG-917-D03_00261	AG-917-D03	381	OG0000094	NA	NA	COG0436	AspB	Aspartate/methionine/tyrosine aminotransferase	AG-917-D03_00259	2
CACKLD010000001.1	218473	218679	-	AG-917-D03_00262	AG-917-D03	68	OG0001099	NA	NA	NA	NA	NA	AG-917-D03_00259	3
CACKLD010000001.1	218679	219983	-	AG-917-D03_00263	AG-917-D03	434	OG0001113	NA	NA	COG0665	DadA	Glycine/D-amino acid oxidase (deaminating)	AG-917-D03_00259	4
CACKLD010000001.1	220015	221799	-	AG-917-D03_00264	AG-917-D03	594	OG0000014	K03852	sulfoacetaldehyde acetyltransferase [EC:2.3.3.15]	COG0028	IlvB	Acetolactate synthase large subunit or other thiamine pyrophosphate-requiring enzyme	AG-917-D03_00259	5
CACKLR010000011.1	16091	17065	+	AG-917-D14_00854	AG-917-D14	324	OG0001739	NA	NA	COG2514	CatE	Catechol-2,3-dioxygenase	AG-917-D14_00859	-5
CACKLR010000011.1	17078	18523	+	AG-917-D14_00855	AG-917-D14	481	OG0001486	NA	NA	COG0654	UbiH	2-polyprenyl-6-methoxyphenol hydroxylase and related FAD-dependent oxidoreductases	AG-917-D14_00859	-4
CACKLR010000011.1	18515	19300	-	AG-917-D14_00856	AG-917-D14	261	OG0001243	K18013	3-keto-5-aminohexanoate cleavage enzyme [EC:2.3.1.247]	COG3246	NA	Uncharacterized conserved protein, DUF849 family	AG-917-D14_00859	-3
CACKLR010000011.1	19348	19554	+	AG-917-D14_00857	AG-917-D14	68	OG0001099	NA	NA	NA	NA	NA	AG-917-D14_00859	-2
CACKLR010000011.1	19554	20699	+	AG-917-D14_00858	AG-917-D14	381	OG0000094	NA	NA	COG0436	AspB	Aspartate/methionine/tyrosine aminotransferase	AG-917-D14_00859	-1
CACKLR010000011.1	21048	21239	+	AG-917-D14_00859	AG-917-D14	63	OG0001519	NA	NA	NA	NA	NA	AG-917-D14_00859	0
CACKLR010000011.1	21249	22706	+	AG-917-D14_00860	AG-917-D14	485	OG0000423	NA	NA	COG0415	PhrB	Deoxyribodipyrimidine photolyase	AG-917-D14_00859	1
CACKLR010000011.1	22959	25550	+	AG-917-D14_00861	AG-917-D14	863	OG0001711	NA	NA	COG2755	TesA	Lysophospholipase L1 or related esterase. Includes spore coat protein LipC/YcsK	AG-917-D14_00859	2
CACKLR010000011.1	25559	26101	+	AG-917-D14_00862	AG-917-D14	180	OG0001318	NA	NA	NA	NA	NA	AG-917-D14_00859	3
CACKLR010000011.1	26098	26592	+	AG-917-D14_00863	AG-917-D14	164	OG0000006	NA	NA	COG4968	PilE	Type IV pilus minor pilin/pseudopilin PilE	AG-917-D14_00859	4
CACKLR010000011.1	26598	26795	+	AG-917-D14_00864	AG-917-D14	65	OG0001413	NA	NA	NA	NA	NA	AG-917-D14_00859	5
CACKMB010000005.1	29241	29528	-	AG-917-D23_00813	AG-917-D23	95	OG0000950	K16845	(2R)-sulfolactate sulfo-lyase subunit alpha [EC:4.4.1.24]	COG2721	UxaA	Altronate dehydratase	AG-917-D23_00818	-5
CACKMB010000005.1	29619	31403	+	AG-917-D23_00814	AG-917-D23	594	OG0000014	K03852	sulfoacetaldehyde acetyltransferase [EC:2.3.3.15]	COG0028	IlvB	Acetolactate synthase large subunit or other thiamine pyrophosphate-requiring enzyme	AG-917-D23_00818	-4
CACKMB010000005.1	31435	32739	+	AG-917-D23_00815	AG-917-D23	434	OG0001113	NA	NA	COG0665	DadA	Glycine/D-amino acid oxidase (deaminating)	AG-917-D23_00818	-3
CACKMB010000005.1	32739	32945	+	AG-917-D23_00816	AG-917-D23	68	OG0001099	NA	NA	NA	NA	NA	AG-917-D23_00818	-2
CACKMB010000005.1	32942	34090	+	AG-917-D23_00817	AG-917-D23	382	OG0000094	NA	NA	COG0436	AspB	Aspartate/methionine/tyrosine aminotransferase	AG-917-D23_00818	-1
CACKMB010000005.1	34439	34630	+	AG-917-D23_00818	AG-917-D23	63	OG0001519	NA	NA	NA	NA	NA	AG-917-D23_00818	0
CACKMB010000005.1	34640	36097	+	AG-917-D23_00819	AG-917-D23	485	OG0000423	NA	NA	COG0415	PhrB	Deoxyribodipyrimidine photolyase	AG-917-D23_00818	1
CACKMB010000005.1	36349	38940	+	AG-917-D23_00820	AG-917-D23	863	OG0001711	NA	NA	COG2755	TesA	Lysophospholipase L1 or related esterase. Includes spore coat protein LipC/YcsK	AG-917-D23_00818	2
CACKMB010000005.1	38949	39494	+	AG-917-D23_00821	AG-917-D23	181	OG0001318	NA	NA	NA	NA	NA	AG-917-D23_00818	3
CACKMB010000005.1	39491	39688	+	AG-917-D23_00822	AG-917-D23	65	OG0001413	NA	NA	NA	NA	NA	AG-917-D23_00818	4
CACKMB010000005.1	39739	41166	+	AG-917-D23_00823	AG-917-D23	475	OG0001219	NA	NA	NA	NA	NA	AG-917-D23_00818	5
CACKMS010000008.1	14827	15114	-	AG-917-E05_00865	AG-917-E05	95	OG0000950	K16845	(2R)-sulfolactate sulfo-lyase subunit alpha [EC:4.4.1.24]	COG2721	UxaA	Altronate dehydratase	AG-917-E05_00870	-5
CACKMS010000008.1	15207	16991	+	AG-917-E05_00866	AG-917-E05	594	OG0000014	K03852	sulfoacetaldehyde acetyltransferase [EC:2.3.3.15]	COG0028	IlvB	Acetolactate synthase large subunit or other thiamine pyrophosphate-requiring enzyme	AG-917-E05_00870	-4
CACKMS010000008.1	17056	18360	+	AG-917-E05_00867	AG-917-E05	434	OG0001113	NA	NA	COG0665	DadA	Glycine/D-amino acid oxidase (deaminating)	AG-917-E05_00870	-3
CACKMS010000008.1	18353	18562	+	AG-917-E05_00868	AG-917-E05	69	OG0001099	NA	NA	NA	NA	NA	AG-917-E05_00870	-2
CACKMS010000008.1	18562	19707	+	AG-917-E05_00869	AG-917-E05	381	OG0000094	NA	NA	COG0436	AspB	Aspartate/methionine/tyrosine aminotransferase	AG-917-E05_00870	-1
CACKMS010000008.1	20050	20241	+	AG-917-E05_00870	AG-917-E05	63	OG0001519	NA	NA	NA	NA	NA	AG-917-E05_00870	0
CACKMS010000008.1	20250	21707	+	AG-917-E05_00871	AG-917-E05	485	OG0000423	NA	NA	COG0415	PhrB	Deoxyribodipyrimidine photolyase	AG-917-E05_00870	1
CACKMS010000008.1	21682	22278	+	AG-917-E05_00872	AG-917-E05	198	OG0001318	NA	NA	NA	NA	NA	AG-917-E05_00870	2
CACKMS010000008.1	22457	22729	+	AG-917-E05_00873	AG-917-E05	90	OG0001584	NA	NA	NA	NA	NA	AG-917-E05_00870	3
CACKMS010000008.1	22733	22846	+	AG-917-E05_00874	AG-917-E05	37	OG0001157	NA	NA	NA	NA	NA	AG-917-E05_00870	4
CACKMS010000008.1	22853	24886	+	AG-917-E05_00875	AG-917-E05	677	OG0001602	NA	NA	COG4625	NA	Uncharacterized conserved protein, contains a C-terminal beta-barrel porin domain	AG-917-E05_00870	5
CACLYY010000002.1	95991	96869	+	AG-918-B06_00444	AG-918-B06	292	OG0000051	K01561	haloacetate dehalogenase [EC:3.8.1.3]	COG0596	MenH	2-succinyl-6-hydroxy-2,4-cyclohexadiene-1-carboxylate synthase MenH/undecaprenyl monophosphate-sugar esterase UshA/YqjL	AG-918-B06_00449	-5
CACLYY010000002.1	96945	98357	+	AG-918-B06_00445	AG-918-B06	470	OG0000976	K03568	TldD protein	COG0312	TldD	Zn-dependent protease or N-deacetylase, PmbA/TldD/TldE family	AG-918-B06_00449	-4
CACLYY010000002.1	98363	99682	+	AG-918-B06_00446	AG-918-B06	439	OG0000991	K03592	PmbA protein	COG0312	TldD	Zn-dependent protease or N-deacetylase, PmbA/TldD/TldE family	AG-918-B06_00449	-3
CACLYY010000002.1	99689	100234	+	AG-918-B06_00447	AG-918-B06	181	OG0001002	NA	NA	COG0457	TPR	Tetratricopeptide (TPR) repeat	AG-918-B06_00449	-2
CACLYY010000002.1	100236	100784	+	AG-918-B06_00448	AG-918-B06	182	OG0000787	NA	NA	COG2062	SixA	Phosphohistidine phosphatase SixA	AG-918-B06_00449	-1
CACLYY010000002.1	100797	100988	+	AG-918-B06_00449	AG-918-B06	63	OG0001519	NA	NA	NA	NA	NA	AG-918-B06_00449	0
CACLYY010000002.1	101012	102160	+	AG-918-B06_00450	AG-918-B06	382	OG0000094	NA	NA	COG0436	AspB	Aspartate/methionine/tyrosine aminotransferase	AG-918-B06_00449	1
CACLYY010000002.1	102166	102729	+	AG-918-B06_00451	AG-918-B06	187	OG0001256	NA	NA	NA	NA	NA	AG-918-B06_00449	2
CACLYY010000002.1	102732	103607	+	AG-918-B06_00452	AG-918-B06	291	OG0000045	NA	NA	NA	NA	NA	AG-918-B06_00449	3
CACLYY010000002.1	103659	103841	-	AG-918-B06_00453	AG-918-B06	60	OG0000871	NA	NA	NA	NA	NA	AG-918-B06_00449	4
CACLYY010000002.1	104024	105178	-	AG-918-B06_00454	AG-918-B06	384	OG0000059	NA	NA	COG0673	MviM	Predicted dehydrogenase	AG-918-B06_00449	5
CACMAX010000006.1	14098	14385	-	AG-918-E02_00923	AG-918-E02	95	OG0000950	K16845	(2R)-sulfolactate sulfo-lyase subunit alpha [EC:4.4.1.24]	COG2721	UxaA	Altronate dehydratase	AG-918-E02_00928	-5
CACMAX010000006.1	14475	16259	+	AG-918-E02_00924	AG-918-E02	594	OG0000014	K03852	sulfoacetaldehyde acetyltransferase [EC:2.3.3.15]	COG0028	IlvB	Acetolactate synthase large subunit or other thiamine pyrophosphate-requiring enzyme	AG-918-E02_00928	-4
CACMAX010000006.1	16284	17141	+	AG-918-E02_00925	AG-918-E02	285	OG0000365	NA	NA	COG0179	FAHD1	Oxaloacetate decarboxylase and tautomerase, fumarylacetoacetate (FAA) hydrolase family	AG-918-E02_00928	-3
CACMAX010000006.1	17138	17344	+	AG-918-E02_00926	AG-918-E02	68	OG0001099	NA	NA	NA	NA	NA	AG-918-E02_00928	-2
CACMAX010000006.1	17344	18489	+	AG-918-E02_00927	AG-918-E02	381	OG0000094	NA	NA	COG0436	AspB	Aspartate/methionine/tyrosine aminotransferase	AG-918-E02_00928	-1
CACMAX010000006.1	18838	19029	+	AG-918-E02_00928	AG-918-E02	63	OG0001519	NA	NA	NA	NA	NA	AG-918-E02_00928	0
CACMAX010000006.1	19039	20496	+	AG-918-E02_00929	AG-918-E02	485	OG0000423	NA	NA	COG0415	PhrB	Deoxyribodipyrimidine photolyase	AG-918-E02_00928	1
CACMAX010000006.1	20500	20637	-	AG-918-E02_00930	AG-918-E02	45	OG0002404	NA	NA	NA	NA	NA	AG-918-E02_00928	2
CACMAX010000006.1	20749	23340	+	AG-918-E02_00931	AG-918-E02	863	OG0001711	NA	NA	COG2755	TesA	Lysophospholipase L1 or related esterase. Includes spore coat protein LipC/YcsK	AG-918-E02_00928	3
CACMAX010000006.1	23349	23891	+	AG-918-E02_00932	AG-918-E02	180	OG0001318	NA	NA	NA	NA	NA	AG-918-E02_00928	4
CACMAX010000006.1	23891	24394	+	AG-918-E02_00933	AG-918-E02	167	OG0000006	NA	NA	COG4968	PilE	Type IV pilus minor pilin/pseudopilin PilE	AG-918-E02_00928	5
CACMDY010000005.1	68936	69133	-	AG-918-G22_01089	AG-918-G22	65	OG0001413	NA	NA	NA	NA	NA	AG-918-G22_01094	-5
CACMDY010000005.1	69184	69687	-	AG-918-G22_01090	AG-918-G22	167	OG0000006	NA	NA	COG4968	PilE	Type IV pilus minor pilin/pseudopilin PilE	AG-918-G22_01094	-4
CACMDY010000005.1	69677	70228	-	AG-918-G22_01091	AG-918-G22	183	OG0001318	NA	NA	NA	NA	NA	AG-918-G22_01094	-3
CACMDY010000005.1	70238	72829	-	AG-918-G22_01092	AG-918-G22	863	OG0001711	NA	NA	COG2755	TesA	Lysophospholipase L1 or related esterase. Includes spore coat protein LipC/YcsK	AG-918-G22_01094	-2
CACMDY010000005.1	73082	74539	-	AG-918-G22_01093	AG-918-G22	485	OG0000423	NA	NA	COG0415	PhrB	Deoxyribodipyrimidine photolyase	AG-918-G22_01094	-1
CACMDY010000005.1	74549	74740	-	AG-918-G22_01094	AG-918-G22	63	OG0001519	NA	NA	NA	NA	NA	AG-918-G22_01094	0
CACMDY010000005.1	75089	76234	-	AG-918-G22_01095	AG-918-G22	381	OG0000094	NA	NA	COG0436	AspB	Aspartate/methionine/tyrosine aminotransferase	AG-918-G22_01094	1
CACMDY010000005.1	76234	76440	-	AG-918-G22_01096	AG-918-G22	68	OG0001099	NA	NA	NA	NA	NA	AG-918-G22_01094	2
CACMDY010000005.1	76440	77744	-	AG-918-G22_01097	AG-918-G22	434	OG0001113	NA	NA	COG0665	DadA	Glycine/D-amino acid oxidase (deaminating)	AG-918-G22_01094	3
CACMDY010000005.1	77809	78594	+	AG-918-G22_01098	AG-918-G22	261	OG0001243	K18013	3-keto-5-aminohexanoate cleavage enzyme [EC:2.3.1.247]	COG3246	NA	Uncharacterized conserved protein, DUF849 family	AG-918-G22_01094	4
CACMDY010000005.1	78586	80031	-	AG-918-G22_01099	AG-918-G22	481	OG0001486	NA	NA	COG0654	UbiH	2-polyprenyl-6-methoxyphenol hydroxylase and related FAD-dependent oxidoreductases	AG-918-G22_01094	5
CACMFU010000034.1	353	1414	+	AG-918-K13_01358	AG-918-K13	353	OG0001113	NA	NA	COG0665	DadA	Glycine/D-amino acid oxidase (deaminating)	AG-918-K13_01361	-3
CACMFU010000034.1	1414	1620	+	AG-918-K13_01359	AG-918-K13	68	OG0001099	NA	NA	NA	NA	NA	AG-918-K13_01361	-2
CACMFU010000034.1	1620	2765	+	AG-918-K13_01360	AG-918-K13	381	OG0000094	NA	NA	COG0436	AspB	Aspartate/methionine/tyrosine aminotransferase	AG-918-K13_01361	-1
CACMFU010000034.1	3114	3305	+	AG-918-K13_01361	AG-918-K13	63	OG0001519	NA	NA	NA	NA	NA	AG-918-K13_01361	0
CACNIV010000001.1	109075	110241	-	AG-920-L20_00123	AG-920-L20	388	OG0000085	K16846	(2R)-sulfolactate sulfo-lyase subunit beta [EC:4.4.1.24]	COG2721	UxaA	Altronate dehydratase	AG-920-L20_00128	-5
CACNIV010000001.1	110243	110530	-	AG-920-L20_00124	AG-920-L20	95	OG0000950	K16845	(2R)-sulfolactate sulfo-lyase subunit alpha [EC:4.4.1.24]	COG2721	UxaA	Altronate dehydratase	AG-920-L20_00128	-4
CACNIV010000001.1	110621	112405	+	AG-920-L20_00125	AG-920-L20	594	OG0000014	K03852	sulfoacetaldehyde acetyltransferase [EC:2.3.3.15]	COG0028	IlvB	Acetolactate synthase large subunit or other thiamine pyrophosphate-requiring enzyme	AG-920-L20_00128	-3
CACNIV010000001.1	112443	112649	+	AG-920-L20_00126	AG-920-L20	68	OG0001099	NA	NA	NA	NA	NA	AG-920-L20_00128	-2
CACNIV010000001.1	112649	113794	+	AG-920-L20_00127	AG-920-L20	381	OG0000094	NA	NA	COG0436	AspB	Aspartate/methionine/tyrosine aminotransferase	AG-920-L20_00128	-1
CACNIV010000001.1	114143	114334	+	AG-920-L20_00128	AG-920-L20	63	OG0001519	NA	NA	NA	NA	NA	AG-920-L20_00128	0
CACNIV010000001.1	114343	115800	+	AG-920-L20_00129	AG-920-L20	485	OG0000423	NA	NA	COG0415	PhrB	Deoxyribodipyrimidine photolyase	AG-920-L20_00128	1
CACNIV010000001.1	116053	118644	+	AG-920-L20_00130	AG-920-L20	863	OG0001711	NA	NA	COG2755	TesA	Lysophospholipase L1 or related esterase. Includes spore coat protein LipC/YcsK	AG-920-L20_00128	2
CACNIV010000001.1	118653	119201	+	AG-920-L20_00131	AG-920-L20	182	OG0001318	NA	NA	NA	NA	NA	AG-920-L20_00128	3
CACNIV010000001.1	119194	119391	+	AG-920-L20_00132	AG-920-L20	65	OG0001413	NA	NA	NA	NA	NA	AG-920-L20_00128	4
CACNIV010000001.1	119442	120869	+	AG-920-L20_00133	AG-920-L20	475	OG0001219	NA	NA	NA	NA	NA	AG-920-L20_00128	5
CACOCP010000001.1	234334	234621	-	AH-287-O09_00260	AH-287-O09	95	OG0000950	K16845	(2R)-sulfolactate sulfo-lyase subunit alpha [EC:4.4.1.24]	COG2721	UxaA	Altronate dehydratase	AH-287-O09_00265	-5
CACOCP010000001.1	234714	236498	+	AH-287-O09_00261	AH-287-O09	594	OG0000014	K03852	sulfoacetaldehyde acetyltransferase [EC:2.3.3.15]	COG0028	IlvB	Acetolactate synthase large subunit or other thiamine pyrophosphate-requiring enzyme	AH-287-O09_00265	-4
CACOCP010000001.1	236525	237829	+	AH-287-O09_00262	AH-287-O09	434	OG0001113	NA	NA	COG0665	DadA	Glycine/D-amino acid oxidase (deaminating)	AH-287-O09_00265	-3
CACOCP010000001.1	237822	238031	+	AH-287-O09_00263	AH-287-O09	69	OG0001099	NA	NA	NA	NA	NA	AH-287-O09_00265	-2
CACOCP010000001.1	238031	239176	+	AH-287-O09_00264	AH-287-O09	381	OG0000094	NA	NA	COG0436	AspB	Aspartate/methionine/tyrosine aminotransferase	AH-287-O09_00265	-1
CACOCP010000001.1	239519	239710	+	AH-287-O09_00265	AH-287-O09	63	OG0001519	NA	NA	NA	NA	NA	AH-287-O09_00265	0
CACOCP010000001.1	239719	241176	+	AH-287-O09_00266	AH-287-O09	485	OG0000423	NA	NA	COG0415	PhrB	Deoxyribodipyrimidine photolyase	AH-287-O09_00265	1
CACOCP010000001.1	241197	241748	+	AH-287-O09_00267	AH-287-O09	183	OG0001318	NA	NA	NA	NA	NA	AH-287-O09_00265	2
CACOCP010000001.1	241738	242226	+	AH-287-O09_00268	AH-287-O09	162	OG0000006	NA	NA	COG4968	PilE	Type IV pilus minor pilin/pseudopilin PilE	AH-287-O09_00265	3
CACOCP010000001.1	242250	242498	+	AH-287-O09_00269	AH-287-O09	82	OG0001584	NA	NA	NA	NA	NA	AH-287-O09_00265	4
CACOCP010000001.1	242633	244033	-	AH-287-O09_00270	AH-287-O09	466	OG0001883	NA	NA	COG0334	GdhA	Glutamate dehydrogenase/leucine dehydrogenase	AH-287-O09_00265	5
LHBX01000008.1	31647	31934	-	GOM-A1_01253	GOM-A1	95	OG0000950	K16845	(2R)-sulfolactate sulfo-lyase subunit alpha [EC:4.4.1.24]	COG2721	UxaA	Altronate dehydratase	GOM-A1_01258	-5
LHBX01000008.1	32025	33809	+	GOM-A1_01254	GOM-A1	594	OG0000014	K03852	sulfoacetaldehyde acetyltransferase [EC:2.3.3.15]	COG0028	IlvB	Acetolactate synthase large subunit or other thiamine pyrophosphate-requiring enzyme	GOM-A1_01258	-4
LHBX01000008.1	33834	34691	+	GOM-A1_01255	GOM-A1	285	OG0000365	NA	NA	COG0179	FAHD1	Oxaloacetate decarboxylase and tautomerase, fumarylacetoacetate (FAA) hydrolase family	GOM-A1_01258	-3
LHBX01000008.1	34688	34894	+	GOM-A1_01256	GOM-A1	68	OG0001099	NA	NA	NA	NA	NA	GOM-A1_01258	-2
LHBX01000008.1	34894	36039	+	GOM-A1_01257	GOM-A1	381	OG0000094	NA	NA	COG0436	AspB	Aspartate/methionine/tyrosine aminotransferase	GOM-A1_01258	-1
LHBX01000008.1	36388	36579	+	GOM-A1_01258	GOM-A1	63	OG0001519	NA	NA	NA	NA	NA	GOM-A1_01258	0
LHBX01000008.1	36588	38045	+	GOM-A1_01259	GOM-A1	485	OG0000423	NA	NA	COG0415	PhrB	Deoxyribodipyrimidine photolyase	GOM-A1_01258	1
LHBX01000008.1	38049	39497	-	GOM-A1_01260	GOM-A1	482	OG0001158	NA	NA	COG2308	NA	Circularly permuted ATP-grasp protein	GOM-A1_01258	2
LHBX01000008.1	39611	40333	+	GOM-A1_01261	GOM-A1	240	OG0001204	K07395	putative proteasome-type protease	COG3484	NA	Predicted proteasome-type protease	GOM-A1_01258	3
LHBX01000008.1	40335	40724	-	GOM-A1_01262	GOM-A1	129	OG0000745	NA	NA	NA	NA	NA	GOM-A1_01258	4
LHBX01000008.1	40757	41698	+	GOM-A1_01263	GOM-A1	313	OG0000424	NA	NA	COG0859	RfaF	ADP-heptose:LPS heptosyltransferase	GOM-A1_01258	5
HIMB1409-00000000004	24651	25388	-	HIMB1409_00873	HIMB1409	245	OG0001840	K01004	phosphatidylcholine synthase [EC:2.7.8.24]	COG1183	PssA	Phosphatidylserine synthase	HIMB1409_00878	-5
HIMB1409-00000000004	25400	26092	-	HIMB1409_00874	HIMB1409	230	OG0001222	NA	NA	NA	NA	NA	HIMB1409_00878	-4
HIMB1409-00000000004	26100	27524	-	HIMB1409_00875	HIMB1409	474	OG0001219	NA	NA	NA	NA	NA	HIMB1409_00878	-3
HIMB1409-00000000004	27623	28090	+	HIMB1409_00876	HIMB1409	155	OG0001628	NA	NA	NA	NA	NA	HIMB1409_00878	-2
HIMB1409-00000000004	28100	28252	-	HIMB1409_00877	HIMB1409	50	OG0001491	NA	NA	NA	NA	NA	HIMB1409_00878	-1
HIMB1409-00000000004	28350	28541	+	HIMB1409_00878	HIMB1409	63	OG0001519	NA	NA	NA	NA	NA	HIMB1409_00878	0
HIMB1409-00000000004	28551	30008	+	HIMB1409_00879	HIMB1409	485	OG0000423	NA	NA	COG0415	PhrB	Deoxyribodipyrimidine photolyase	HIMB1409_00878	1
HIMB1409-00000000004	30069	30296	+	HIMB1409_00880	HIMB1409	75	OG0001075	NA	NA	NA	NA	NA	HIMB1409_00878	2
HIMB1409-00000000004	30314	31429	-	HIMB1409_00881	HIMB1409	371	OG0000943	K00613	glycine amidinotransferase [EC:2.1.4.1]	COG1834	DdaH	N-Dimethylarginine dimethylaminohydrolase	HIMB1409_00878	3
HIMB1409-00000000004	31435	32652	-	HIMB1409_00882	HIMB1409	405	OG0001015	K08688	creatinase [EC:3.5.3.3]	COG0006	PepP	Xaa-Pro aminopeptidase	HIMB1409_00878	4
HIMB1409-00000000004	32654	33559	-	HIMB1409_00883	HIMB1409	301	OG0000934	NA	NA	COG0697	EamA	Amino acid export permease, drug/metabolite transporter (DMT) superfamily	HIMB1409_00878	5
HIMB1413-00000000001	775035	775772	-	HIMB1413_00848	HIMB1413	245	OG0001840	K01004	phosphatidylcholine synthase [EC:2.7.8.24]	COG1183	PssA	Phosphatidylserine synthase	HIMB1413_00853	-5
HIMB1413-00000000001	775786	776478	-	HIMB1413_00849	HIMB1413	230	OG0001222	NA	NA	NA	NA	NA	HIMB1413_00853	-4
HIMB1413-00000000001	776486	777913	-	HIMB1413_00850	HIMB1413	475	OG0001219	NA	NA	NA	NA	NA	HIMB1413_00853	-3
HIMB1413-00000000001	778013	778480	+	HIMB1413_00851	HIMB1413	155	OG0001628	NA	NA	NA	NA	NA	HIMB1413_00853	-2
HIMB1413-00000000001	778490	778642	-	HIMB1413_00852	HIMB1413	50	OG0001491	NA	NA	NA	NA	NA	HIMB1413_00853	-1
HIMB1413-00000000001	778740	778931	+	HIMB1413_00853	HIMB1413	63	OG0001519	NA	NA	NA	NA	NA	HIMB1413_00853	0
HIMB1413-00000000001	778941	780398	+	HIMB1413_00854	HIMB1413	485	OG0000423	NA	NA	COG0415	PhrB	Deoxyribodipyrimidine photolyase	HIMB1413_00853	1
HIMB1413-00000000001	780728	781228	+	HIMB1413_00855	HIMB1413	166	NA	NA	NA	NA	NA	NA	HIMB1413_00853	2
HIMB1413-00000000001	781225	782064	+	HIMB1413_00856	HIMB1413	279	OG0001473	NA	NA	COG1506	DAP2	Dipeptidyl aminopeptidase/acylaminoacyl peptidase	HIMB1413_00853	3
HIMB1413-00000000001	782149	782376	+	HIMB1413_00857	HIMB1413	75	OG0001075	NA	NA	NA	NA	NA	HIMB1413_00853	4
HIMB1413-00000000001	782377	783492	-	HIMB1413_00858	HIMB1413	371	OG0000943	K00613	glycine amidinotransferase [EC:2.1.4.1]	COG1834	DdaH	N-Dimethylarginine dimethylaminohydrolase	HIMB1413_00853	5
HIMB2201-00000000001	79266	80171	+	HIMB2201_00081	HIMB2201	301	OG0000934	NA	NA	COG0697	EamA	Amino acid export permease, drug/metabolite transporter (DMT) superfamily	HIMB2201_00086	-5
HIMB2201-00000000001	80173	81390	+	HIMB2201_00082	HIMB2201	405	OG0001015	K08688	creatinase [EC:3.5.3.3]	COG0006	PepP	Xaa-Pro aminopeptidase	HIMB2201_00086	-4
HIMB2201-00000000001	81396	82511	+	HIMB2201_00083	HIMB2201	371	OG0000943	K00613	glycine amidinotransferase [EC:2.1.4.1]	COG1834	DdaH	N-Dimethylarginine dimethylaminohydrolase	HIMB2201_00086	-3
HIMB2201-00000000001	82529	82756	-	HIMB2201_00084	HIMB2201	75	OG0001075	NA	NA	NA	NA	NA	HIMB2201_00086	-2
HIMB2201-00000000001	82815	84272	-	HIMB2201_00085	HIMB2201	485	OG0000423	NA	NA	COG0415	PhrB	Deoxyribodipyrimidine photolyase	HIMB2201_00086	-1
HIMB2201-00000000001	84282	84473	-	HIMB2201_00086	HIMB2201	63	OG0001519	NA	NA	NA	NA	NA	HIMB2201_00086	0
HIMB2201-00000000001	84733	85200	-	HIMB2201_00087	HIMB2201	155	OG0001628	NA	NA	NA	NA	NA	HIMB2201_00086	1
HIMB2201-00000000001	85300	86727	+	HIMB2201_00088	HIMB2201	475	OG0001219	NA	NA	NA	NA	NA	HIMB2201_00086	2
HIMB2201-00000000001	86735	87427	+	HIMB2201_00089	HIMB2201	230	OG0001222	NA	NA	NA	NA	NA	HIMB2201_00086	3
HIMB2201-00000000001	87442	88179	+	HIMB2201_00090	HIMB2201	245	OG0001840	K01004	phosphatidylcholine synthase [EC:2.7.8.24]	COG1183	PssA	Phosphatidylserine synthase	HIMB2201_00086	4
HIMB2201-00000000001	88181	89257	-	HIMB2201_00091	HIMB2201	358	OG0000059	NA	NA	COG0673	MviM	Predicted dehydrogenase	HIMB2201_00086	5
HIMB2305-00000000012	44089	44991	+	HIMB2305_01074	HIMB2305	300	OG0001399	NA	NA	COG0697	EamA	Amino acid export permease, drug/metabolite transporter (DMT) superfamily	HIMB2305_01079	-5
HIMB2305-00000000012	45117	46517	+	HIMB2305_01075	HIMB2305	466	OG0001883	NA	NA	COG0334	GdhA	Glutamate dehydrogenase/leucine dehydrogenase	HIMB2305_01079	-4
HIMB2305-00000000012	46629	46901	-	HIMB2305_01076	HIMB2305	90	OG0001584	NA	NA	NA	NA	NA	HIMB2305_01079	-3
HIMB2305-00000000012	47080	47631	-	HIMB2305_01077	HIMB2305	183	OG0001318	NA	NA	NA	NA	NA	HIMB2305_01079	-2
HIMB2305-00000000012	47652	49109	-	HIMB2305_01078	HIMB2305	485	OG0000423	NA	NA	COG0415	PhrB	Deoxyribodipyrimidine photolyase	HIMB2305_01079	-1
HIMB2305-00000000012	49118	49309	-	HIMB2305_01079	HIMB2305	63	OG0001519	NA	NA	NA	NA	NA	HIMB2305_01079	0
HIMB2305-00000000012	49439	50584	-	HIMB2305_01080	HIMB2305	381	OG0000094	NA	NA	COG0436	AspB	Aspartate/methionine/tyrosine aminotransferase	HIMB2305_01079	1
HIMB2305-00000000012	50584	50793	-	HIMB2305_01081	HIMB2305	69	OG0001099	NA	NA	NA	NA	NA	HIMB2305_01079	2
HIMB2305-00000000012	50854	52638	-	HIMB2305_01082	HIMB2305	594	OG0000014	K03852	sulfoacetaldehyde acetyltransferase [EC:2.3.3.15]	COG0028	IlvB	Acetolactate synthase large subunit or other thiamine pyrophosphate-requiring enzyme	HIMB2305_01079	3
HIMB2305-00000000012	52730	53017	+	HIMB2305_01083	HIMB2305	95	OG0000950	K16845	(2R)-sulfolactate sulfo-lyase subunit alpha [EC:4.4.1.24]	COG2721	UxaA	Altronate dehydratase	HIMB2305_01079	4
HIMB2305-00000000012	53019	54185	+	HIMB2305_01084	HIMB2305	388	OG0000085	K16846	(2R)-sulfolactate sulfo-lyase subunit beta [EC:4.4.1.24]	COG2721	UxaA	Altronate dehydratase	HIMB2305_01079	5
