contig	start	end	strand	seq_id	genome	aa_length	Orthogroup	ko_id	ko_description	COG_ID	GENE_NAME	COG_NAME	center_query	relative_order
CVSB01000026.1	105299	105943	-	AAA795-A20_00376	AAA795-A20	214	OG0000832	NA	NA	COG1729	CpoB	Cell division protein CpoB, coordinates peptidoglycan biosynthesis and outer membrane constriction	AAA795-A20_00381	-5
CVSB01000026.1	105946	108615	-	AAA795-A20_00377	AAA795-A20	889	OG0000262	K01681	aconitate hydratase [EC:4.2.1.3]	COG1048	AcnA	Aconitase A	AAA795-A20_00381	-4
CVSB01000026.1	108617	109210	-	AAA795-A20_00378	AAA795-A20	197	OG0000076	K11249	cysteine/O-acetylserine efflux protein	COG1280	RhtB	Threonine/homoserine/homoserine lactone efflux protein	AAA795-A20_00381	-3
CVSB01000026.1	109213	109557	-	AAA795-A20_00379	AAA795-A20	114	OG0000837	K06878	tRNA-binding protein	COG0073	EMAP	tRNA-binding EMAP/Myf domain	AAA795-A20_00381	-2
CVSB01000026.1	109582	110763	+	AAA795-A20_00380	AAA795-A20	393	OG0000997	K01438	acetylornithine deacetylase [EC:3.5.1.16]	COG0624	ArgE	Acetylornithine deacetylase/Succinyl-diaminopimelate desuccinylase or related deacylase	AAA795-A20_00381	-1
CVSB01000026.1	110825	112273	-	AAA795-A20_00381	AAA795-A20	482	OG0000917	K03457	nucleobase:cation symporter-1, NCS1 family	COG1953	FUI1	Cytosine/uracil/thiamine/allantoin permease	AAA795-A20_00381	0
CVSB01000026.1	112391	113554	-	AAA795-A20_00382	AAA795-A20	387	OG0000047	NA	NA	COG1012	AdhE	Acyl-CoA reductase or other NAD-dependent aldehyde dehydrogenase	AAA795-A20_00381	1
CVSF01000041.1	27240	27839	-	AAA795-D22_00537	AAA795-D22	199	OG0000922	NA	NA	COG0861	TerC	Tellurite resistance membrane protein TerC	AAA795-D22_00542	-5
CVSF01000041.1	27839	29434	-	AAA795-D22_00538	AAA795-D22	531	OG0000054	NA	NA	COG2303	BetA	Choline dehydrogenase or related flavoprotein	AAA795-D22_00542	-4
CVSF01000041.1	29565	30659	+	AAA795-D22_00539	AAA795-D22	364	OG0000072	NA	NA	COG4663	FcbT1	TRAP-type mannitol/chloroaromatic compound transport system, periplasmic component	AAA795-D22_00542	-3
CVSF01000041.1	30730	31344	+	AAA795-D22_00540	AAA795-D22	204	OG0000994	NA	NA	COG4665	FcbT2	TRAP-type mannitol/chloroaromatic compound transport system, small permease component	AAA795-D22_00542	-2
CVSF01000041.1	31341	32675	+	AAA795-D22_00541	AAA795-D22	444	OG0000987	K11690	C4-dicarboxylate transporter, DctM subunit	COG4664	FcbT3	TRAP-type mannitol/chloroaromatic compound transport system, large permease component	AAA795-D22_00542	-1
CVSF01000041.1	32701	34158	+	AAA795-D22_00542	AAA795-D22	485	OG0000917	K03457	nucleobase:cation symporter-1, NCS1 family	COG1953	FUI1	Cytosine/uracil/thiamine/allantoin permease	AAA795-D22_00542	0
CVSF01000041.1	34163	34915	+	AAA795-D22_00543	AAA795-D22	250	OG0001186	K21883	2-dehydro-3-deoxy-L-rhamnonate dehydrogenase (NAD+) [EC:1.1.1.401]	COG1028	FabG	NAD(P)-dependent dehydrogenase, short-chain alcohol dehydrogenase family	AAA795-D22_00542	1
CVSF01000041.1	35136	35786	+	AAA795-D22_00544	AAA795-D22	216	OG0000965	NA	NA	NA	NA	NA	AAA795-D22_00542	2
CVSF01000041.1	35787	35927	-	AAA795-D22_00545	AAA795-D22	46	OG0001143	NA	NA	NA	NA	NA	AAA795-D22_00542	3
CVSF01000041.1	35985	36407	+	AAA795-D22_00546	AAA795-D22	140	OG0000808	K07107	acyl-CoA thioester hydrolase [EC:3.1.2.-]	COG0824	FadM	Acyl-CoA thioesterase FadM	AAA795-D22_00542	4
CVSF01000041.1	36397	37077	-	AAA795-D22_00547	AAA795-D22	226	OG0001011	K21929	uracil-DNA glycosylase [EC:3.2.2.27]	COG1573	Udg4	Uracil-DNA glycosylase	AAA795-D22_00542	5
CABXTC010000005.1	56893	57486	-	AG-325-C18_00771	AG-325-C18	197	OG0000922	NA	NA	COG0861	TerC	Tellurite resistance membrane protein TerC	AG-325-C18_00776	-5
CABXTC010000005.1	57486	59081	-	AG-325-C18_00772	AG-325-C18	531	OG0000054	NA	NA	COG2303	BetA	Choline dehydrogenase or related flavoprotein	AG-325-C18_00776	-4
CABXTC010000005.1	59215	60309	+	AG-325-C18_00773	AG-325-C18	364	OG0000072	NA	NA	COG4663	FcbT1	TRAP-type mannitol/chloroaromatic compound transport system, periplasmic component	AG-325-C18_00776	-3
CABXTC010000005.1	60382	60996	+	AG-325-C18_00774	AG-325-C18	204	OG0000994	NA	NA	COG4665	FcbT2	TRAP-type mannitol/chloroaromatic compound transport system, small permease component	AG-325-C18_00776	-2
CABXTC010000005.1	60993	62327	+	AG-325-C18_00775	AG-325-C18	444	OG0000987	K11690	C4-dicarboxylate transporter, DctM subunit	COG4664	FcbT3	TRAP-type mannitol/chloroaromatic compound transport system, large permease component	AG-325-C18_00776	-1
CABXTC010000005.1	62353	63810	+	AG-325-C18_00776	AG-325-C18	485	OG0000917	K03457	nucleobase:cation symporter-1, NCS1 family	COG1953	FUI1	Cytosine/uracil/thiamine/allantoin permease	AG-325-C18_00776	0
CABXTC010000005.1	63815	64567	+	AG-325-C18_00777	AG-325-C18	250	OG0001186	K21883	2-dehydro-3-deoxy-L-rhamnonate dehydrogenase (NAD+) [EC:1.1.1.401]	COG1028	FabG	NAD(P)-dependent dehydrogenase, short-chain alcohol dehydrogenase family	AG-325-C18_00776	1
CABXTC010000005.1	64784	65434	+	AG-325-C18_00778	AG-325-C18	216	OG0000965	NA	NA	NA	NA	NA	AG-325-C18_00776	2
CABXTC010000005.1	65458	65880	+	AG-325-C18_00779	AG-325-C18	140	OG0000808	K07107	acyl-CoA thioester hydrolase [EC:3.1.2.-]	COG0824	FadM	Acyl-CoA thioesterase FadM	AG-325-C18_00776	3
CABXTC010000005.1	65870	66550	-	AG-325-C18_00780	AG-325-C18	226	OG0001011	K21929	uracil-DNA glycosylase [EC:3.2.2.27]	COG1573	Udg4	Uracil-DNA glycosylase	AG-325-C18_00776	4
CABXTC010000005.1	66554	67111	+	AG-325-C18_00781	AG-325-C18	185	OG0000787	NA	NA	COG2062	SixA	Phosphohistidine phosphatase SixA	AG-325-C18_00776	5
CABXTN010000009.1	13507	13764	+	AG-325-C21_00657	AG-325-C21	85	OG0002326	NA	NA	NA	NA	NA	AG-325-C21_00662	-5
CABXTN010000009.1	13751	15349	+	AG-325-C21_00658	AG-325-C21	532	OG0001507	NA	NA	NA	NA	NA	AG-325-C21_00662	-4
CABXTN010000009.1	15426	16517	+	AG-325-C21_00659	AG-325-C21	363	OG0000072	NA	NA	COG4663	FcbT1	TRAP-type mannitol/chloroaromatic compound transport system, periplasmic component	AG-325-C21_00662	-3
CABXTN010000009.1	16587	17201	+	AG-325-C21_00660	AG-325-C21	204	OG0000994	NA	NA	COG4665	FcbT2	TRAP-type mannitol/chloroaromatic compound transport system, small permease component	AG-325-C21_00662	-2
CABXTN010000009.1	17198	18532	+	AG-325-C21_00661	AG-325-C21	444	OG0000987	K11690	C4-dicarboxylate transporter, DctM subunit	COG4664	FcbT3	TRAP-type mannitol/chloroaromatic compound transport system, large permease component	AG-325-C21_00662	-1
CABXTN010000009.1	18551	20020	+	AG-325-C21_00662	AG-325-C21	489	OG0000917	K03457	nucleobase:cation symporter-1, NCS1 family	COG1953	FUI1	Cytosine/uracil/thiamine/allantoin permease	AG-325-C21_00662	0
CABXTN010000009.1	20017	20763	+	AG-325-C21_00663	AG-325-C21	248	OG0001186	K21883	2-dehydro-3-deoxy-L-rhamnonate dehydrogenase (NAD+) [EC:1.1.1.401]	COG1028	FabG	NAD(P)-dependent dehydrogenase, short-chain alcohol dehydrogenase family	AG-325-C21_00662	1
CABXTN010000009.1	20753	20881	-	AG-325-C21_00664	AG-325-C21	42	OG0001265	NA	NA	NA	NA	NA	AG-325-C21_00662	2
CABXTN010000009.1	20878	21084	-	AG-325-C21_00665	AG-325-C21	68	OG0001436	NA	NA	NA	NA	NA	AG-325-C21_00662	3
CABXTN010000009.1	21196	21837	+	AG-325-C21_00666	AG-325-C21	213	OG0000965	NA	NA	NA	NA	NA	AG-325-C21_00662	4
CABXTN010000009.1	21839	21994	-	AG-325-C21_00667	AG-325-C21	51	OG0001143	NA	NA	NA	NA	NA	AG-325-C21_00662	5
CABXWY010000006.1	30401	30541	+	AG-325-G21_00725	AG-325-G21	46	OG0001143	NA	NA	NA	NA	NA	AG-325-G21_00730	-5
CABXWY010000006.1	30542	31183	-	AG-325-G21_00726	AG-325-G21	213	OG0000965	NA	NA	NA	NA	NA	AG-325-G21_00730	-4
CABXWY010000006.1	31294	31500	+	AG-325-G21_00727	AG-325-G21	68	OG0001436	NA	NA	NA	NA	NA	AG-325-G21_00730	-3
CABXWY010000006.1	31497	31625	+	AG-325-G21_00728	AG-325-G21	42	OG0001265	NA	NA	NA	NA	NA	AG-325-G21_00730	-2
CABXWY010000006.1	31615	32358	-	AG-325-G21_00729	AG-325-G21	247	OG0001186	K21883	2-dehydro-3-deoxy-L-rhamnonate dehydrogenase (NAD+) [EC:1.1.1.401]	COG1028	FabG	NAD(P)-dependent dehydrogenase, short-chain alcohol dehydrogenase family	AG-325-G21_00730	-1
CABXWY010000006.1	32358	33815	-	AG-325-G21_00730	AG-325-G21	485	OG0000917	K03457	nucleobase:cation symporter-1, NCS1 family	COG1953	FUI1	Cytosine/uracil/thiamine/allantoin permease	AG-325-G21_00730	0
CABXWY010000006.1	33840	35174	-	AG-325-G21_00731	AG-325-G21	444	OG0000987	K11690	C4-dicarboxylate transporter, DctM subunit	COG4664	FcbT3	TRAP-type mannitol/chloroaromatic compound transport system, large permease component	AG-325-G21_00730	1
CABXWY010000006.1	35171	35785	-	AG-325-G21_00732	AG-325-G21	204	OG0000994	NA	NA	COG4665	FcbT2	TRAP-type mannitol/chloroaromatic compound transport system, small permease component	AG-325-G21_00730	2
CABXWY010000006.1	35854	36945	-	AG-325-G21_00733	AG-325-G21	363	OG0000072	NA	NA	COG4663	FcbT1	TRAP-type mannitol/chloroaromatic compound transport system, periplasmic component	AG-325-G21_00730	3
CABXWY010000006.1	37055	38650	+	AG-325-G21_00734	AG-325-G21	531	OG0000054	NA	NA	COG2303	BetA	Choline dehydrogenase or related flavoprotein	AG-325-G21_00730	4
CABXWY010000006.1	38650	39228	+	AG-325-G21_00735	AG-325-G21	192	OG0000922	NA	NA	COG0861	TerC	Tellurite resistance membrane protein TerC	AG-325-G21_00730	5
CABXZD010000003.1	6578	7000	-	AG-325-L02_00612	AG-325-L02	140	OG0000808	K07107	acyl-CoA thioester hydrolase [EC:3.1.2.-]	COG0824	FadM	Acyl-CoA thioesterase FadM	AG-325-L02_00617	-5
CABXZD010000003.1	7058	7198	+	AG-325-L02_00613	AG-325-L02	46	OG0001143	NA	NA	NA	NA	NA	AG-325-L02_00617	-4
CABXZD010000003.1	7199	7849	-	AG-325-L02_00614	AG-325-L02	216	OG0000965	NA	NA	NA	NA	NA	AG-325-L02_00617	-3
CABXZD010000003.1	7931	8068	+	AG-325-L02_00615	AG-325-L02	45	OG0001265	NA	NA	NA	NA	NA	AG-325-L02_00617	-2
CABXZD010000003.1	8065	8817	-	AG-325-L02_00616	AG-325-L02	250	OG0001186	K21883	2-dehydro-3-deoxy-L-rhamnonate dehydrogenase (NAD+) [EC:1.1.1.401]	COG1028	FabG	NAD(P)-dependent dehydrogenase, short-chain alcohol dehydrogenase family	AG-325-L02_00617	-1
CABXZD010000003.1	8830	10287	-	AG-325-L02_00617	AG-325-L02	485	OG0000917	K03457	nucleobase:cation symporter-1, NCS1 family	COG1953	FUI1	Cytosine/uracil/thiamine/allantoin permease	AG-325-L02_00617	0
CABXZD010000003.1	10313	11647	-	AG-325-L02_00618	AG-325-L02	444	OG0000987	K11690	C4-dicarboxylate transporter, DctM subunit	COG4664	FcbT3	TRAP-type mannitol/chloroaromatic compound transport system, large permease component	AG-325-L02_00617	1
CABXZD010000003.1	11644	12258	-	AG-325-L02_00619	AG-325-L02	204	OG0000994	NA	NA	COG4665	FcbT2	TRAP-type mannitol/chloroaromatic compound transport system, small permease component	AG-325-L02_00617	2
CABXZD010000003.1	12329	13423	-	AG-325-L02_00620	AG-325-L02	364	OG0000072	NA	NA	COG4663	FcbT1	TRAP-type mannitol/chloroaromatic compound transport system, periplasmic component	AG-325-L02_00617	3
CABXZD010000003.1	13547	15151	+	AG-325-L02_00621	AG-325-L02	534	OG0000054	NA	NA	COG2303	BetA	Choline dehydrogenase or related flavoprotein	AG-325-L02_00617	4
CABXZD010000003.1	15141	15734	+	AG-325-L02_00622	AG-325-L02	197	OG0000922	NA	NA	COG0861	TerC	Tellurite resistance membrane protein TerC	AG-325-L02_00617	5
CABXYW010000007.1	6156	6749	-	AG-325-L05_00682	AG-325-L05	197	OG0000922	NA	NA	COG0861	TerC	Tellurite resistance membrane protein TerC	AG-325-L05_00687	-5
CABXYW010000007.1	6749	8344	-	AG-325-L05_00683	AG-325-L05	531	OG0000054	NA	NA	COG2303	BetA	Choline dehydrogenase or related flavoprotein	AG-325-L05_00687	-4
CABXYW010000007.1	8468	9562	+	AG-325-L05_00684	AG-325-L05	364	OG0000072	NA	NA	COG4663	FcbT1	TRAP-type mannitol/chloroaromatic compound transport system, periplasmic component	AG-325-L05_00687	-3
CABXYW010000007.1	9633	10250	+	AG-325-L05_00685	AG-325-L05	205	OG0000994	NA	NA	COG4665	FcbT2	TRAP-type mannitol/chloroaromatic compound transport system, small permease component	AG-325-L05_00687	-2
CABXYW010000007.1	10247	11581	+	AG-325-L05_00686	AG-325-L05	444	OG0000987	K11690	C4-dicarboxylate transporter, DctM subunit	COG4664	FcbT3	TRAP-type mannitol/chloroaromatic compound transport system, large permease component	AG-325-L05_00687	-1
CABXYW010000007.1	11607	13064	+	AG-325-L05_00687	AG-325-L05	485	OG0000917	K03457	nucleobase:cation symporter-1, NCS1 family	COG1953	FUI1	Cytosine/uracil/thiamine/allantoin permease	AG-325-L05_00687	0
CABXYW010000007.1	13069	13821	+	AG-325-L05_00688	AG-325-L05	250	OG0001186	K21883	2-dehydro-3-deoxy-L-rhamnonate dehydrogenase (NAD+) [EC:1.1.1.401]	COG1028	FabG	NAD(P)-dependent dehydrogenase, short-chain alcohol dehydrogenase family	AG-325-L05_00687	1
CABXYW010000007.1	14043	14693	+	AG-325-L05_00689	AG-325-L05	216	OG0000965	NA	NA	NA	NA	NA	AG-325-L05_00687	2
CABXYW010000007.1	14694	14834	-	AG-325-L05_00690	AG-325-L05	46	OG0001143	NA	NA	NA	NA	NA	AG-325-L05_00687	3
CABXYW010000007.1	14892	15314	+	AG-325-L05_00691	AG-325-L05	140	OG0000808	K07107	acyl-CoA thioester hydrolase [EC:3.1.2.-]	COG0824	FadM	Acyl-CoA thioesterase FadM	AG-325-L05_00687	4
CABXYW010000007.1	15304	15984	-	AG-325-L05_00692	AG-325-L05	226	OG0001011	K21929	uracil-DNA glycosylase [EC:3.2.2.27]	COG1573	Udg4	Uracil-DNA glycosylase	AG-325-L05_00687	5
CABYCY010000003.1	108724	109317	-	AG-333-A04_00423	AG-333-A04	197	OG0000922	NA	NA	COG0861	TerC	Tellurite resistance membrane protein TerC	AG-333-A04_00428	-5
CABYCY010000003.1	109317	110912	-	AG-333-A04_00424	AG-333-A04	531	OG0000054	NA	NA	COG2303	BetA	Choline dehydrogenase or related flavoprotein	AG-333-A04_00428	-4
CABYCY010000003.1	111088	112182	+	AG-333-A04_00425	AG-333-A04	364	OG0000072	NA	NA	COG4663	FcbT1	TRAP-type mannitol/chloroaromatic compound transport system, periplasmic component	AG-333-A04_00428	-3
CABYCY010000003.1	112259	112873	+	AG-333-A04_00426	AG-333-A04	204	OG0000994	NA	NA	COG4665	FcbT2	TRAP-type mannitol/chloroaromatic compound transport system, small permease component	AG-333-A04_00428	-2
CABYCY010000003.1	112873	114207	+	AG-333-A04_00427	AG-333-A04	444	OG0000987	K11690	C4-dicarboxylate transporter, DctM subunit	COG4664	FcbT3	TRAP-type mannitol/chloroaromatic compound transport system, large permease component	AG-333-A04_00428	-1
CABYCY010000003.1	114233	115690	+	AG-333-A04_00428	AG-333-A04	485	OG0000917	K03457	nucleobase:cation symporter-1, NCS1 family	COG1953	FUI1	Cytosine/uracil/thiamine/allantoin permease	AG-333-A04_00428	0
CABYCY010000003.1	115696	116442	+	AG-333-A04_00429	AG-333-A04	248	OG0001186	K21883	2-dehydro-3-deoxy-L-rhamnonate dehydrogenase (NAD+) [EC:1.1.1.401]	COG1028	FabG	NAD(P)-dependent dehydrogenase, short-chain alcohol dehydrogenase family	AG-333-A04_00428	1
CABYCY010000003.1	116657	117307	+	AG-333-A04_00430	AG-333-A04	216	OG0000965	NA	NA	NA	NA	NA	AG-333-A04_00428	2
CABYCY010000003.1	117308	117448	-	AG-333-A04_00431	AG-333-A04	46	OG0001143	NA	NA	NA	NA	NA	AG-333-A04_00428	3
CABYCY010000003.1	117506	117919	+	AG-333-A04_00432	AG-333-A04	137	OG0000808	K07107	acyl-CoA thioester hydrolase [EC:3.1.2.-]	COG0824	FadM	Acyl-CoA thioesterase FadM	AG-333-A04_00428	4
CABYCY010000003.1	117909	118589	-	AG-333-A04_00433	AG-333-A04	226	OG0001011	K21929	uracil-DNA glycosylase [EC:3.2.2.27]	COG1573	Udg4	Uracil-DNA glycosylase	AG-333-A04_00428	5
CABYPZ010000009.1	4027	4581	-	AG-333-K06_00763	AG-333-K06	184	OG0000787	NA	NA	COG2062	SixA	Phosphohistidine phosphatase SixA	AG-333-K06_00768	-5
CABYPZ010000009.1	4584	5258	+	AG-333-K06_00764	AG-333-K06	224	OG0001011	K21929	uracil-DNA glycosylase [EC:3.2.2.27]	COG1573	Udg4	Uracil-DNA glycosylase	AG-333-K06_00768	-4
CABYPZ010000009.1	5255	5653	-	AG-333-K06_00765	AG-333-K06	132	OG0000808	K07107	acyl-CoA thioester hydrolase [EC:3.1.2.-]	COG0824	FadM	Acyl-CoA thioesterase FadM	AG-333-K06_00768	-3
CABYPZ010000009.1	5832	6485	-	AG-333-K06_00766	AG-333-K06	217	OG0000965	NA	NA	NA	NA	NA	AG-333-K06_00768	-2
CABYPZ010000009.1	6710	7456	-	AG-333-K06_00767	AG-333-K06	248	OG0001186	K21883	2-dehydro-3-deoxy-L-rhamnonate dehydrogenase (NAD+) [EC:1.1.1.401]	COG1028	FabG	NAD(P)-dependent dehydrogenase, short-chain alcohol dehydrogenase family	AG-333-K06_00768	-1
CABYPZ010000009.1	7463	8920	-	AG-333-K06_00768	AG-333-K06	485	OG0000917	K03457	nucleobase:cation symporter-1, NCS1 family	COG1953	FUI1	Cytosine/uracil/thiamine/allantoin permease	AG-333-K06_00768	0
CABYPZ010000009.1	8945	10279	-	AG-333-K06_00769	AG-333-K06	444	OG0000987	K11690	C4-dicarboxylate transporter, DctM subunit	COG4664	FcbT3	TRAP-type mannitol/chloroaromatic compound transport system, large permease component	AG-333-K06_00768	1
CABYPZ010000009.1	10276	10887	-	AG-333-K06_00770	AG-333-K06	203	OG0000994	NA	NA	COG4665	FcbT2	TRAP-type mannitol/chloroaromatic compound transport system, small permease component	AG-333-K06_00768	2
CABYPZ010000009.1	10943	12037	-	AG-333-K06_00771	AG-333-K06	364	OG0000072	NA	NA	COG4663	FcbT1	TRAP-type mannitol/chloroaromatic compound transport system, periplasmic component	AG-333-K06_00768	3
CABYPZ010000009.1	12174	13793	+	AG-333-K06_00772	AG-333-K06	539	OG0000054	NA	NA	COG2303	BetA	Choline dehydrogenase or related flavoprotein	AG-333-K06_00768	4
CABYPZ010000009.1	13790	14365	+	AG-333-K06_00773	AG-333-K06	191	OG0000922	NA	NA	COG0861	TerC	Tellurite resistance membrane protein TerC	AG-333-K06_00768	5
CABYVA010000003.1	18185	18871	-	AG-333-N15_00255	AG-333-N15	228	OG0000980	NA	NA	COG2049	PxpB	5-oxoprolinase subunit B/Allophanate hydrolase subunit 1	AG-333-N15_00260	-5
CABYVA010000003.1	18875	19672	+	AG-333-N15_00256	AG-333-N15	265	OG0000952	K07160	5-oxoprolinase (ATP-hydrolysing) subunit A [EC:3.5.2.9]	COG1540	PxpA	5-oxoprolinase subunit A	AG-333-N15_00260	-4
CABYVA010000003.1	19675	20580	+	AG-333-N15_00257	AG-333-N15	301	OG0001445	K16842	allantoinase [EC:3.5.2.5]	COG0726	PgaB	Peptidoglycan/xylan/chitin deacetylase, PgdA/NodB/CDA1 family	AG-333-N15_00260	-3
CABYVA010000003.1	20589	21578	+	AG-333-N15_00258	AG-333-N15	329	OG0001450	K01477	allantoicase [EC:3.5.3.4]	COG4266	Alc	Allantoicase	AG-333-N15_00260	-2
CABYVA010000003.1	21578	22084	+	AG-333-N15_00259	AG-333-N15	168	OG0001453	K01483	ureidoglycolate lyase [EC:4.3.2.3]	COG3194	AllA	Ureidoglycolate hydrolase (allantoin degradation)	AG-333-N15_00260	-1
CABYVA010000003.1	22111	23580	-	AG-333-N15_00260	AG-333-N15	489	OG0000917	K03457	nucleobase:cation symporter-1, NCS1 family	COG1953	FUI1	Cytosine/uracil/thiamine/allantoin permease	AG-333-N15_00260	0
CABYVA010000003.1	23736	24347	+	AG-333-N15_00261	AG-333-N15	203	OG0000906	NA	NA	COG0861	TerC	Tellurite resistance membrane protein TerC	AG-333-N15_00260	1
CABYVA010000003.1	24344	25120	-	AG-333-N15_00262	AG-333-N15	258	OG0000073	K00606	3-methyl-2-oxobutanoate hydroxymethyltransferase [EC:2.1.2.11]	COG0413	PanB	Ketopantoate hydroxymethyltransferase	AG-333-N15_00260	2
CABYVA010000003.1	25120	26682	-	AG-333-N15_00263	AG-333-N15	520	OG0000582	K01951	GMP synthase (glutamine-hydrolysing) [EC:6.3.5.2]	COG0519	GuaA2	GMP synthase, PP-ATPase domain/subunit	AG-333-N15_00260	3
CABYVA010000003.1	26672	27103	-	AG-333-N15_00264	AG-333-N15	143	OG0000762	NA	NA	COG2956	LapB	Lipopolysaccharide biosynthesis regulator YciM/LapB, contains six TPR domains and a C-terminal metal-binding domain	AG-333-N15_00260	4
CABYVA010000003.1	27105	28169	-	AG-333-N15_00265	AG-333-N15	354	OG0000038	K00088	IMP dehydrogenase [EC:1.1.1.205]	COG0516	GuaB	IMP dehydrogenase/GMP reductase	AG-333-N15_00260	5
CABYVA010000026.1	305	1396	+	AG-333-N15_00956	AG-333-N15	363	OG0000072	NA	NA	COG4663	FcbT1	TRAP-type mannitol/chloroaromatic compound transport system, periplasmic component	AG-333-N15_00959	-3
CABYVA010000026.1	1468	2082	+	AG-333-N15_00957	AG-333-N15	204	OG0000994	NA	NA	COG4665	FcbT2	TRAP-type mannitol/chloroaromatic compound transport system, small permease component	AG-333-N15_00959	-2
CABYVA010000026.1	2079	3413	+	AG-333-N15_00958	AG-333-N15	444	OG0000987	K11690	C4-dicarboxylate transporter, DctM subunit	COG4664	FcbT3	TRAP-type mannitol/chloroaromatic compound transport system, large permease component	AG-333-N15_00959	-1
CABYVA010000026.1	3439	4227	+	AG-333-N15_00959	AG-333-N15	262	OG0000917	NA	NA	COG1953	FUI1	Cytosine/uracil/thiamine/allantoin permease	AG-333-N15_00959	0
CABYVA010000026.1	4410	4898	+	AG-333-N15_00960	AG-333-N15	162	OG0000917	NA	NA	COG1953	FUI1	Cytosine/uracil/thiamine/allantoin permease	AG-333-N15_00959	1
CABYVA010000026.1	4906	5625	+	AG-333-N15_00961	AG-333-N15	239	OG0003412	K21883	2-dehydro-3-deoxy-L-rhamnonate dehydrogenase (NAD+) [EC:1.1.1.401]	COG1028	FabG	NAD(P)-dependent dehydrogenase, short-chain alcohol dehydrogenase family	AG-333-N15_00959	2
CABYVA010000026.1	305	1396	+	AG-333-N15_00956	AG-333-N15	363	OG0000072	NA	NA	COG4663	FcbT1	TRAP-type mannitol/chloroaromatic compound transport system, periplasmic component	AG-333-N15_00960	-4
CABYVA010000026.1	1468	2082	+	AG-333-N15_00957	AG-333-N15	204	OG0000994	NA	NA	COG4665	FcbT2	TRAP-type mannitol/chloroaromatic compound transport system, small permease component	AG-333-N15_00960	-3
CABYVA010000026.1	2079	3413	+	AG-333-N15_00958	AG-333-N15	444	OG0000987	K11690	C4-dicarboxylate transporter, DctM subunit	COG4664	FcbT3	TRAP-type mannitol/chloroaromatic compound transport system, large permease component	AG-333-N15_00960	-2
CABYVA010000026.1	3439	4227	+	AG-333-N15_00959	AG-333-N15	262	OG0000917	NA	NA	COG1953	FUI1	Cytosine/uracil/thiamine/allantoin permease	AG-333-N15_00960	-1
CABYVA010000026.1	4410	4898	+	AG-333-N15_00960	AG-333-N15	162	OG0000917	NA	NA	COG1953	FUI1	Cytosine/uracil/thiamine/allantoin permease	AG-333-N15_00960	0
CABYVA010000026.1	4906	5625	+	AG-333-N15_00961	AG-333-N15	239	OG0003412	K21883	2-dehydro-3-deoxy-L-rhamnonate dehydrogenase (NAD+) [EC:1.1.1.401]	COG1028	FabG	NAD(P)-dependent dehydrogenase, short-chain alcohol dehydrogenase family	AG-333-N15_00960	1
CABZBR010000037.1	157	489	+	AG-337-C09_01269	AG-337-C09	110	OG0000987	NA	NA	COG4664	FcbT3	TRAP-type mannitol/chloroaromatic compound transport system, large permease component	AG-337-C09_01271	-2
CABZBR010000037.1	479	1378	-	AG-337-C09_01270	AG-337-C09	299	OG0001024	NA	NA	COG0697	EamA	Amino acid export permease, drug/metabolite transporter (DMT) superfamily	AG-337-C09_01271	-1
CABZBR010000037.1	1443	1985	+	AG-337-C09_01271	AG-337-C09	180	OG0000917	NA	NA	COG1953	FUI1	Cytosine/uracil/thiamine/allantoin permease	AG-337-C09_01271	0
CABZBR010000037.1	2047	2895	+	AG-337-C09_01272	AG-337-C09	282	OG0000917	NA	NA	COG1953	FUI1	Cytosine/uracil/thiamine/allantoin permease	AG-337-C09_01271	1
CABZBR010000037.1	157	489	+	AG-337-C09_01269	AG-337-C09	110	OG0000987	NA	NA	COG4664	FcbT3	TRAP-type mannitol/chloroaromatic compound transport system, large permease component	AG-337-C09_01272	-3
CABZBR010000037.1	479	1378	-	AG-337-C09_01270	AG-337-C09	299	OG0001024	NA	NA	COG0697	EamA	Amino acid export permease, drug/metabolite transporter (DMT) superfamily	AG-337-C09_01272	-2
CABZBR010000037.1	1443	1985	+	AG-337-C09_01271	AG-337-C09	180	OG0000917	NA	NA	COG1953	FUI1	Cytosine/uracil/thiamine/allantoin permease	AG-337-C09_01272	-1
CABZBR010000037.1	2047	2895	+	AG-337-C09_01272	AG-337-C09	282	OG0000917	NA	NA	COG1953	FUI1	Cytosine/uracil/thiamine/allantoin permease	AG-337-C09_01272	0
CABZCF010000033.1	258	599	+	AG-337-C19_01105	AG-337-C19	113	OG0000917	NA	NA	COG1953	FUI1	Cytosine/uracil/thiamine/allantoin permease	AG-337-C19_01105	0
CABZCF010000033.1	599	1603	+	AG-337-C19_01106	AG-337-C19	334	OG0000009	NA	NA	COG1063	Tdh	Threonine dehydrogenase or related Zn-dependent dehydrogenase	AG-337-C19_01105	1
CABZCF010000033.1	1605	2249	+	AG-337-C19_01107	AG-337-C19	214	OG0000965	NA	NA	NA	NA	NA	AG-337-C19_01105	2
CABZCF010000033.1	2250	2390	-	AG-337-C19_01108	AG-337-C19	46	OG0001143	NA	NA	NA	NA	NA	AG-337-C19_01105	3
CABZCF010000033.1	2437	2844	+	AG-337-C19_01109	AG-337-C19	135	OG0000808	K07107	acyl-CoA thioester hydrolase [EC:3.1.2.-]	COG0824	FadM	Acyl-CoA thioesterase FadM	AG-337-C19_01105	4
CABZCF010000033.1	2837	3514	-	AG-337-C19_01110	AG-337-C19	225	OG0001011	K21929	uracil-DNA glycosylase [EC:3.2.2.27]	COG1573	Udg4	Uracil-DNA glycosylase	AG-337-C19_01105	5
CABZDW010000009.1	26122	26544	-	AG-337-D17_00737	AG-337-D17	140	OG0000808	K07107	acyl-CoA thioester hydrolase [EC:3.1.2.-]	COG0824	FadM	Acyl-CoA thioesterase FadM	AG-337-D17_00742	-5
CABZDW010000009.1	26602	26742	+	AG-337-D17_00738	AG-337-D17	46	OG0001143	NA	NA	NA	NA	NA	AG-337-D17_00742	-4
CABZDW010000009.1	26743	27420	-	AG-337-D17_00739	AG-337-D17	225	OG0000965	NA	NA	NA	NA	NA	AG-337-D17_00742	-3
CABZDW010000009.1	27476	27613	+	AG-337-D17_00740	AG-337-D17	45	OG0001265	NA	NA	NA	NA	NA	AG-337-D17_00742	-2
CABZDW010000009.1	27610	28362	-	AG-337-D17_00741	AG-337-D17	250	OG0001186	K21883	2-dehydro-3-deoxy-L-rhamnonate dehydrogenase (NAD+) [EC:1.1.1.401]	COG1028	FabG	NAD(P)-dependent dehydrogenase, short-chain alcohol dehydrogenase family	AG-337-D17_00742	-1
CABZDW010000009.1	28367	29824	-	AG-337-D17_00742	AG-337-D17	485	OG0000917	K03457	nucleobase:cation symporter-1, NCS1 family	COG1953	FUI1	Cytosine/uracil/thiamine/allantoin permease	AG-337-D17_00742	0
CABZDW010000009.1	29850	31184	-	AG-337-D17_00743	AG-337-D17	444	OG0000987	K11690	C4-dicarboxylate transporter, DctM subunit	COG4664	FcbT3	TRAP-type mannitol/chloroaromatic compound transport system, large permease component	AG-337-D17_00742	1
CABZDW010000009.1	31181	31795	-	AG-337-D17_00744	AG-337-D17	204	OG0000994	NA	NA	COG4665	FcbT2	TRAP-type mannitol/chloroaromatic compound transport system, small permease component	AG-337-D17_00742	2
CABZDW010000009.1	31866	32960	-	AG-337-D17_00745	AG-337-D17	364	OG0000072	NA	NA	COG4663	FcbT1	TRAP-type mannitol/chloroaromatic compound transport system, periplasmic component	AG-337-D17_00742	3
CABZDW010000009.1	33093	34688	+	AG-337-D17_00746	AG-337-D17	531	OG0000054	NA	NA	COG2303	BetA	Choline dehydrogenase or related flavoprotein	AG-337-D17_00742	4
CABZDW010000009.1	34688	35281	+	AG-337-D17_00747	AG-337-D17	197	OG0000922	NA	NA	COG0861	TerC	Tellurite resistance membrane protein TerC	AG-337-D17_00742	5
CABZHI010000004.1	34946	35620	+	AG-337-G04_00542	AG-337-G04	224	OG0001011	K21929	uracil-DNA glycosylase [EC:3.2.2.27]	COG1573	Udg4	Uracil-DNA glycosylase	AG-337-G04_00547	-5
CABZHI010000004.1	35613	36005	-	AG-337-G04_00543	AG-337-G04	130	OG0000808	K07107	acyl-CoA thioester hydrolase [EC:3.1.2.-]	COG0824	FadM	Acyl-CoA thioesterase FadM	AG-337-G04_00547	-4
CABZHI010000004.1	36060	36197	+	AG-337-G04_00544	AG-337-G04	45	OG0001143	NA	NA	NA	NA	NA	AG-337-G04_00547	-3
CABZHI010000004.1	36199	36849	-	AG-337-G04_00545	AG-337-G04	216	OG0000965	NA	NA	NA	NA	NA	AG-337-G04_00547	-2
CABZHI010000004.1	36895	37902	-	AG-337-G04_00546	AG-337-G04	335	OG0000009	NA	NA	COG1063	Tdh	Threonine dehydrogenase or related Zn-dependent dehydrogenase	AG-337-G04_00547	-1
CABZHI010000004.1	37905	39362	-	AG-337-G04_00547	AG-337-G04	485	OG0000917	K03457	nucleobase:cation symporter-1, NCS1 family	COG1953	FUI1	Cytosine/uracil/thiamine/allantoin permease	AG-337-G04_00547	0
CABZHI010000004.1	39385	40320	+	AG-337-G04_00548	AG-337-G04	311	OG0001024	NA	NA	COG0697	EamA	Amino acid export permease, drug/metabolite transporter (DMT) superfamily	AG-337-G04_00547	1
CABZHI010000004.1	40310	41650	-	AG-337-G04_00549	AG-337-G04	446	OG0000987	K11690	C4-dicarboxylate transporter, DctM subunit	COG4664	FcbT3	TRAP-type mannitol/chloroaromatic compound transport system, large permease component	AG-337-G04_00547	2
CABZHI010000004.1	41641	42297	-	AG-337-G04_00550	AG-337-G04	218	OG0000994	NA	NA	COG4665	FcbT2	TRAP-type mannitol/chloroaromatic compound transport system, small permease component	AG-337-G04_00547	3
CABZHI010000004.1	42373	43461	-	AG-337-G04_00551	AG-337-G04	362	OG0000072	NA	NA	COG4663	FcbT1	TRAP-type mannitol/chloroaromatic compound transport system, periplasmic component	AG-337-G04_00547	4
CABZHI010000004.1	43586	44512	-	AG-337-G04_00552	AG-337-G04	308	OG0000005	K00020	3-hydroxyisobutyrate dehydrogenase [EC:1.1.1.31]	COG2084	MmsB	3-hydroxyisobutyrate dehydrogenase or related beta-hydroxyacid dehydrogenase	AG-337-G04_00547	5
CABZHM010000003.1	36638	37231	-	AG-337-G11_00290	AG-337-G11	197	OG0000922	NA	NA	COG0861	TerC	Tellurite resistance membrane protein TerC	AG-337-G11_00295	-5
CABZHM010000003.1	37231	38826	-	AG-337-G11_00291	AG-337-G11	531	OG0000054	NA	NA	COG2303	BetA	Choline dehydrogenase or related flavoprotein	AG-337-G11_00295	-4
CABZHM010000003.1	38960	40054	+	AG-337-G11_00292	AG-337-G11	364	OG0000072	NA	NA	COG4663	FcbT1	TRAP-type mannitol/chloroaromatic compound transport system, periplasmic component	AG-337-G11_00295	-3
CABZHM010000003.1	40121	40735	+	AG-337-G11_00293	AG-337-G11	204	OG0000994	NA	NA	COG4665	FcbT2	TRAP-type mannitol/chloroaromatic compound transport system, small permease component	AG-337-G11_00295	-2
CABZHM010000003.1	40732	42066	+	AG-337-G11_00294	AG-337-G11	444	OG0000987	K11690	C4-dicarboxylate transporter, DctM subunit	COG4664	FcbT3	TRAP-type mannitol/chloroaromatic compound transport system, large permease component	AG-337-G11_00295	-1
CABZHM010000003.1	42092	43549	+	AG-337-G11_00295	AG-337-G11	485	OG0000917	K03457	nucleobase:cation symporter-1, NCS1 family	COG1953	FUI1	Cytosine/uracil/thiamine/allantoin permease	AG-337-G11_00295	0
CABZHM010000003.1	43554	44306	+	AG-337-G11_00296	AG-337-G11	250	OG0001186	K21883	2-dehydro-3-deoxy-L-rhamnonate dehydrogenase (NAD+) [EC:1.1.1.401]	COG1028	FabG	NAD(P)-dependent dehydrogenase, short-chain alcohol dehydrogenase family	AG-337-G11_00295	1
CABZHM010000003.1	44303	44440	-	AG-337-G11_00297	AG-337-G11	45	OG0001265	NA	NA	NA	NA	NA	AG-337-G11_00295	2
CABZHM010000003.1	44529	45179	+	AG-337-G11_00298	AG-337-G11	216	OG0000965	NA	NA	NA	NA	NA	AG-337-G11_00295	3
CABZHM010000003.1	45180	45320	-	AG-337-G11_00299	AG-337-G11	46	OG0001143	NA	NA	NA	NA	NA	AG-337-G11_00295	4
CABZHM010000003.1	45377	45799	+	AG-337-G11_00300	AG-337-G11	140	OG0000808	K07107	acyl-CoA thioester hydrolase [EC:3.1.2.-]	COG0824	FadM	Acyl-CoA thioesterase FadM	AG-337-G11_00295	5
CACAYM010000004.1	127416	127556	+	AG-349-I05_00869	AG-349-I05	46	OG0001143	NA	NA	NA	NA	NA	AG-349-I05_00874	-5
CACAYM010000004.1	127557	128198	-	AG-349-I05_00870	AG-349-I05	213	OG0000965	NA	NA	NA	NA	NA	AG-349-I05_00874	-4
CACAYM010000004.1	128309	128515	+	AG-349-I05_00871	AG-349-I05	68	OG0001436	NA	NA	NA	NA	NA	AG-349-I05_00874	-3
CACAYM010000004.1	128512	128640	+	AG-349-I05_00872	AG-349-I05	42	OG0001265	NA	NA	NA	NA	NA	AG-349-I05_00874	-2
CACAYM010000004.1	128630	129373	-	AG-349-I05_00873	AG-349-I05	247	OG0001186	K21883	2-dehydro-3-deoxy-L-rhamnonate dehydrogenase (NAD+) [EC:1.1.1.401]	COG1028	FabG	NAD(P)-dependent dehydrogenase, short-chain alcohol dehydrogenase family	AG-349-I05_00874	-1
CACAYM010000004.1	129366	130829	-	AG-349-I05_00874	AG-349-I05	487	OG0000917	K03457	nucleobase:cation symporter-1, NCS1 family	COG1953	FUI1	Cytosine/uracil/thiamine/allantoin permease	AG-349-I05_00874	0
CACAYM010000004.1	130854	132188	-	AG-349-I05_00875	AG-349-I05	444	OG0000987	K11690	C4-dicarboxylate transporter, DctM subunit	COG4664	FcbT3	TRAP-type mannitol/chloroaromatic compound transport system, large permease component	AG-349-I05_00874	1
CACAYM010000004.1	132185	132799	-	AG-349-I05_00876	AG-349-I05	204	OG0000994	NA	NA	COG4665	FcbT2	TRAP-type mannitol/chloroaromatic compound transport system, small permease component	AG-349-I05_00874	2
CACAYM010000004.1	132863	133954	-	AG-349-I05_00877	AG-349-I05	363	OG0000072	NA	NA	COG4663	FcbT1	TRAP-type mannitol/chloroaromatic compound transport system, periplasmic component	AG-349-I05_00874	3
CACAYM010000004.1	134004	135659	+	AG-349-I05_00878	AG-349-I05	551	OG0000054	NA	NA	COG2303	BetA	Choline dehydrogenase or related flavoprotein	AG-349-I05_00874	4
CACAYM010000004.1	135659	136237	+	AG-349-I05_00879	AG-349-I05	192	OG0000922	NA	NA	COG0861	TerC	Tellurite resistance membrane protein TerC	AG-349-I05_00874	5
CACBCQ010000010.1	37805	38398	-	AG-349-L17_00965	AG-349-L17	197	OG0000922	NA	NA	COG0861	TerC	Tellurite resistance membrane protein TerC	AG-349-L17_00970	-5
CACBCQ010000010.1	38398	39993	-	AG-349-L17_00966	AG-349-L17	531	OG0000054	NA	NA	COG2303	BetA	Choline dehydrogenase or related flavoprotein	AG-349-L17_00970	-4
CACBCQ010000010.1	40135	41229	+	AG-349-L17_00967	AG-349-L17	364	OG0000072	NA	NA	COG4663	FcbT1	TRAP-type mannitol/chloroaromatic compound transport system, periplasmic component	AG-349-L17_00970	-3
CACBCQ010000010.1	41294	41908	+	AG-349-L17_00968	AG-349-L17	204	OG0000994	NA	NA	COG4665	FcbT2	TRAP-type mannitol/chloroaromatic compound transport system, small permease component	AG-349-L17_00970	-2
CACBCQ010000010.1	41905	43239	+	AG-349-L17_00969	AG-349-L17	444	OG0000987	K11690	C4-dicarboxylate transporter, DctM subunit	COG4664	FcbT3	TRAP-type mannitol/chloroaromatic compound transport system, large permease component	AG-349-L17_00970	-1
CACBCQ010000010.1	43265	44722	+	AG-349-L17_00970	AG-349-L17	485	OG0000917	K03457	nucleobase:cation symporter-1, NCS1 family	COG1953	FUI1	Cytosine/uracil/thiamine/allantoin permease	AG-349-L17_00970	0
CACBCQ010000010.1	44728	45474	+	AG-349-L17_00971	AG-349-L17	248	OG0001186	K21883	2-dehydro-3-deoxy-L-rhamnonate dehydrogenase (NAD+) [EC:1.1.1.401]	COG1028	FabG	NAD(P)-dependent dehydrogenase, short-chain alcohol dehydrogenase family	AG-349-L17_00970	1
CACBCQ010000010.1	45476	45607	-	AG-349-L17_00972	AG-349-L17	43	OG0001265	NA	NA	NA	NA	NA	AG-349-L17_00970	2
CACBCQ010000010.1	45688	46338	+	AG-349-L17_00973	AG-349-L17	216	OG0000965	NA	NA	NA	NA	NA	AG-349-L17_00970	3
CACBCQ010000010.1	46339	46479	-	AG-349-L17_00974	AG-349-L17	46	OG0001143	NA	NA	NA	NA	NA	AG-349-L17_00970	4
CACBCQ010000010.1	46537	46950	+	AG-349-L17_00975	AG-349-L17	137	OG0000808	K07107	acyl-CoA thioester hydrolase [EC:3.1.2.-]	COG0824	FadM	Acyl-CoA thioesterase FadM	AG-349-L17_00970	5
CACBGQ010000010.1	41	1030	+	AG-349-O05_00751	AG-349-O05	329	OG0000917	NA	NA	COG1953	FUI1	Cytosine/uracil/thiamine/allantoin permease	AG-349-O05_00751	0
CACBGQ010000010.1	1037	1783	+	AG-349-O05_00752	AG-349-O05	248	OG0001186	K21883	2-dehydro-3-deoxy-L-rhamnonate dehydrogenase (NAD+) [EC:1.1.1.401]	COG1028	FabG	NAD(P)-dependent dehydrogenase, short-chain alcohol dehydrogenase family	AG-349-O05_00751	1
CACBGQ010000010.1	1998	2648	+	AG-349-O05_00753	AG-349-O05	216	OG0000965	NA	NA	NA	NA	NA	AG-349-O05_00751	2
CACBGQ010000010.1	2649	2789	-	AG-349-O05_00754	AG-349-O05	46	OG0001143	NA	NA	NA	NA	NA	AG-349-O05_00751	3
CACBGQ010000010.1	2847	3260	+	AG-349-O05_00755	AG-349-O05	137	OG0000808	K07107	acyl-CoA thioester hydrolase [EC:3.1.2.-]	COG0824	FadM	Acyl-CoA thioesterase FadM	AG-349-O05_00751	4
CACBGQ010000010.1	3250	3930	-	AG-349-O05_00756	AG-349-O05	226	OG0001011	K21929	uracil-DNA glycosylase [EC:3.2.2.27]	COG1573	Udg4	Uracil-DNA glycosylase	AG-349-O05_00751	5
CACBKI010000003.1	110	688	-	AG-359-B05_00261	AG-359-B05	192	OG0000922	NA	NA	COG0861	TerC	Tellurite resistance membrane protein TerC	AG-359-B05_00266	-5
CACBKI010000003.1	685	2289	-	AG-359-B05_00262	AG-359-B05	534	OG0000054	NA	NA	COG2303	BetA	Choline dehydrogenase or related flavoprotein	AG-359-B05_00266	-4
CACBKI010000003.1	2425	3522	+	AG-359-B05_00263	AG-359-B05	365	OG0000072	NA	NA	COG4663	FcbT1	TRAP-type mannitol/chloroaromatic compound transport system, periplasmic component	AG-359-B05_00266	-3
CACBKI010000003.1	3576	4181	+	AG-359-B05_00264	AG-359-B05	201	OG0000994	NA	NA	COG4665	FcbT2	TRAP-type mannitol/chloroaromatic compound transport system, small permease component	AG-359-B05_00266	-2
CACBKI010000003.1	4181	5518	+	AG-359-B05_00265	AG-359-B05	445	OG0000987	K11690	C4-dicarboxylate transporter, DctM subunit	COG4664	FcbT3	TRAP-type mannitol/chloroaromatic compound transport system, large permease component	AG-359-B05_00266	-1
CACBKI010000003.1	5541	6995	+	AG-359-B05_00266	AG-359-B05	484	OG0000917	K03457	nucleobase:cation symporter-1, NCS1 family	COG1953	FUI1	Cytosine/uracil/thiamine/allantoin permease	AG-359-B05_00266	0
CACBKI010000003.1	6998	8002	+	AG-359-B05_00267	AG-359-B05	334	OG0000009	NA	NA	COG1063	Tdh	Threonine dehydrogenase or related Zn-dependent dehydrogenase	AG-359-B05_00266	1
CACBKI010000003.1	8226	8879	+	AG-359-B05_00268	AG-359-B05	217	OG0000965	NA	NA	NA	NA	NA	AG-359-B05_00266	2
CACBKI010000003.1	8899	9291	+	AG-359-B05_00269	AG-359-B05	130	OG0000808	K07107	acyl-CoA thioester hydrolase [EC:3.1.2.-]	COG0824	FadM	Acyl-CoA thioesterase FadM	AG-359-B05_00266	3
CACBKI010000003.1	9283	9990	-	AG-359-B05_00270	AG-359-B05	235	OG0001011	K21929	uracil-DNA glycosylase [EC:3.2.2.27]	COG1573	Udg4	Uracil-DNA glycosylase	AG-359-B05_00266	4
CACBKI010000003.1	9963	11114	-	AG-359-B05_00271	AG-359-B05	383	OG0001325	K00111	glycerol-3-phosphate dehydrogenase [EC:1.1.5.3]	COG0578	GlpA	Glycerol-3-phosphate dehydrogenase	AG-359-B05_00266	5
CACBKZ010000006.1	56132	56725	-	AG-359-C09_00715	AG-359-C09	197	OG0000922	NA	NA	COG0861	TerC	Tellurite resistance membrane protein TerC	AG-359-C09_00720	-5
CACBKZ010000006.1	56725	58320	-	AG-359-C09_00716	AG-359-C09	531	OG0000054	NA	NA	COG2303	BetA	Choline dehydrogenase or related flavoprotein	AG-359-C09_00720	-4
CACBKZ010000006.1	58461	59555	+	AG-359-C09_00717	AG-359-C09	364	OG0000072	NA	NA	COG4663	FcbT1	TRAP-type mannitol/chloroaromatic compound transport system, periplasmic component	AG-359-C09_00720	-3
CACBKZ010000006.1	59632	60246	+	AG-359-C09_00718	AG-359-C09	204	OG0000994	NA	NA	COG4665	FcbT2	TRAP-type mannitol/chloroaromatic compound transport system, small permease component	AG-359-C09_00720	-2
CACBKZ010000006.1	60225	61577	+	AG-359-C09_00719	AG-359-C09	450	OG0000987	K11690	C4-dicarboxylate transporter, DctM subunit	COG4664	FcbT3	TRAP-type mannitol/chloroaromatic compound transport system, large permease component	AG-359-C09_00720	-1
CACBKZ010000006.1	61603	63060	+	AG-359-C09_00720	AG-359-C09	485	OG0000917	K03457	nucleobase:cation symporter-1, NCS1 family	COG1953	FUI1	Cytosine/uracil/thiamine/allantoin permease	AG-359-C09_00720	0
CACBKZ010000006.1	63066	63812	+	AG-359-C09_00721	AG-359-C09	248	OG0001186	K21883	2-dehydro-3-deoxy-L-rhamnonate dehydrogenase (NAD+) [EC:1.1.1.401]	COG1028	FabG	NAD(P)-dependent dehydrogenase, short-chain alcohol dehydrogenase family	AG-359-C09_00720	1
CACBKZ010000006.1	64025	64675	+	AG-359-C09_00722	AG-359-C09	216	OG0000965	NA	NA	NA	NA	NA	AG-359-C09_00720	2
CACBKZ010000006.1	64672	64812	-	AG-359-C09_00723	AG-359-C09	46	OG0001143	NA	NA	NA	NA	NA	AG-359-C09_00720	3
CACBKZ010000006.1	64871	65284	+	AG-359-C09_00724	AG-359-C09	137	OG0000808	K07107	acyl-CoA thioester hydrolase [EC:3.1.2.-]	COG0824	FadM	Acyl-CoA thioesterase FadM	AG-359-C09_00720	4
CACBKZ010000006.1	65281	65961	-	AG-359-C09_00725	AG-359-C09	226	OG0001011	K21929	uracil-DNA glycosylase [EC:3.2.2.27]	COG1573	Udg4	Uracil-DNA glycosylase	AG-359-C09_00720	5
CACBMB010000001.1	130705	131298	-	AG-359-D09_00142	AG-359-D09	197	OG0000922	NA	NA	COG0861	TerC	Tellurite resistance membrane protein TerC	AG-359-D09_00147	-5
CACBMB010000001.1	131298	132893	-	AG-359-D09_00143	AG-359-D09	531	OG0000054	NA	NA	COG2303	BetA	Choline dehydrogenase or related flavoprotein	AG-359-D09_00147	-4
CACBMB010000001.1	133027	134121	+	AG-359-D09_00144	AG-359-D09	364	OG0000072	NA	NA	COG4663	FcbT1	TRAP-type mannitol/chloroaromatic compound transport system, periplasmic component	AG-359-D09_00147	-3
CACBMB010000001.1	134190	134804	+	AG-359-D09_00145	AG-359-D09	204	OG0000994	NA	NA	COG4665	FcbT2	TRAP-type mannitol/chloroaromatic compound transport system, small permease component	AG-359-D09_00147	-2
CACBMB010000001.1	134801	136135	+	AG-359-D09_00146	AG-359-D09	444	OG0000987	K11690	C4-dicarboxylate transporter, DctM subunit	COG4664	FcbT3	TRAP-type mannitol/chloroaromatic compound transport system, large permease component	AG-359-D09_00147	-1
CACBMB010000001.1	136161	137615	+	AG-359-D09_00147	AG-359-D09	484	OG0000917	K03457	nucleobase:cation symporter-1, NCS1 family	COG1953	FUI1	Cytosine/uracil/thiamine/allantoin permease	AG-359-D09_00147	0
CACBMB010000001.1	137620	138372	+	AG-359-D09_00148	AG-359-D09	250	OG0001186	K21883	2-dehydro-3-deoxy-L-rhamnonate dehydrogenase (NAD+) [EC:1.1.1.401]	COG1028	FabG	NAD(P)-dependent dehydrogenase, short-chain alcohol dehydrogenase family	AG-359-D09_00147	1
CACBMB010000001.1	138590	139240	+	AG-359-D09_00149	AG-359-D09	216	OG0000965	NA	NA	NA	NA	NA	AG-359-D09_00147	2
CACBMB010000001.1	139267	139689	+	AG-359-D09_00150	AG-359-D09	140	OG0000808	K07107	acyl-CoA thioester hydrolase [EC:3.1.2.-]	COG0824	FadM	Acyl-CoA thioesterase FadM	AG-359-D09_00147	3
CACBMB010000001.1	139679	140359	-	AG-359-D09_00151	AG-359-D09	226	OG0001011	K21929	uracil-DNA glycosylase [EC:3.2.2.27]	COG1573	Udg4	Uracil-DNA glycosylase	AG-359-D09_00147	4
CACBMB010000001.1	140362	140919	+	AG-359-D09_00152	AG-359-D09	185	OG0000787	NA	NA	COG2062	SixA	Phosphohistidine phosphatase SixA	AG-359-D09_00147	5
CACBOG010000008.1	32209	32802	-	AG-359-F04_00885	AG-359-F04	197	OG0000922	NA	NA	COG0861	TerC	Tellurite resistance membrane protein TerC	AG-359-F04_00890	-5
CACBOG010000008.1	32802	34412	-	AG-359-F04_00886	AG-359-F04	536	OG0000054	NA	NA	COG2303	BetA	Choline dehydrogenase or related flavoprotein	AG-359-F04_00890	-4
CACBOG010000008.1	34546	35640	+	AG-359-F04_00887	AG-359-F04	364	OG0000072	NA	NA	COG4663	FcbT1	TRAP-type mannitol/chloroaromatic compound transport system, periplasmic component	AG-359-F04_00890	-3
CACBOG010000008.1	35709	36323	+	AG-359-F04_00888	AG-359-F04	204	OG0000994	NA	NA	COG4665	FcbT2	TRAP-type mannitol/chloroaromatic compound transport system, small permease component	AG-359-F04_00890	-2
CACBOG010000008.1	36320	37654	+	AG-359-F04_00889	AG-359-F04	444	OG0000987	K11690	C4-dicarboxylate transporter, DctM subunit	COG4664	FcbT3	TRAP-type mannitol/chloroaromatic compound transport system, large permease component	AG-359-F04_00890	-1
CACBOG010000008.1	37680	39137	+	AG-359-F04_00890	AG-359-F04	485	OG0000917	K03457	nucleobase:cation symporter-1, NCS1 family	COG1953	FUI1	Cytosine/uracil/thiamine/allantoin permease	AG-359-F04_00890	0
CACBOG010000008.1	39142	39894	+	AG-359-F04_00891	AG-359-F04	250	OG0001186	K21883	2-dehydro-3-deoxy-L-rhamnonate dehydrogenase (NAD+) [EC:1.1.1.401]	COG1028	FabG	NAD(P)-dependent dehydrogenase, short-chain alcohol dehydrogenase family	AG-359-F04_00890	1
CACBOG010000008.1	40118	40768	+	AG-359-F04_00892	AG-359-F04	216	OG0000965	NA	NA	NA	NA	NA	AG-359-F04_00890	2
CACBOG010000008.1	40965	41387	+	AG-359-F04_00893	AG-359-F04	140	OG0000808	K07107	acyl-CoA thioester hydrolase [EC:3.1.2.-]	COG0824	FadM	Acyl-CoA thioesterase FadM	AG-359-F04_00890	3
CACBOG010000008.1	41377	42057	-	AG-359-F04_00894	AG-359-F04	226	OG0001011	K21929	uracil-DNA glycosylase [EC:3.2.2.27]	COG1573	Udg4	Uracil-DNA glycosylase	AG-359-F04_00890	4
CACBOG010000008.1	42061	42618	+	AG-359-F04_00895	AG-359-F04	185	OG0000787	NA	NA	COG2062	SixA	Phosphohistidine phosphatase SixA	AG-359-F04_00890	5
CACBQD010000004.1	66396	66974	-	AG-359-G17_00362	AG-359-G17	192	OG0000922	NA	NA	COG0861	TerC	Tellurite resistance membrane protein TerC	AG-359-G17_00367	-5
CACBQD010000004.1	66971	68575	-	AG-359-G17_00363	AG-359-G17	534	OG0000054	NA	NA	COG2303	BetA	Choline dehydrogenase or related flavoprotein	AG-359-G17_00367	-4
CACBQD010000004.1	68711	69808	+	AG-359-G17_00364	AG-359-G17	365	OG0000072	NA	NA	COG4663	FcbT1	TRAP-type mannitol/chloroaromatic compound transport system, periplasmic component	AG-359-G17_00367	-3
CACBQD010000004.1	69864	70469	+	AG-359-G17_00365	AG-359-G17	201	OG0000994	NA	NA	COG4665	FcbT2	TRAP-type mannitol/chloroaromatic compound transport system, small permease component	AG-359-G17_00367	-2
CACBQD010000004.1	70469	71806	+	AG-359-G17_00366	AG-359-G17	445	OG0000987	K11690	C4-dicarboxylate transporter, DctM subunit	COG4664	FcbT3	TRAP-type mannitol/chloroaromatic compound transport system, large permease component	AG-359-G17_00367	-1
CACBQD010000004.1	71829	73283	+	AG-359-G17_00367	AG-359-G17	484	OG0000917	K03457	nucleobase:cation symporter-1, NCS1 family	COG1953	FUI1	Cytosine/uracil/thiamine/allantoin permease	AG-359-G17_00367	0
CACBQD010000004.1	73286	74290	+	AG-359-G17_00368	AG-359-G17	334	OG0000009	NA	NA	COG1063	Tdh	Threonine dehydrogenase or related Zn-dependent dehydrogenase	AG-359-G17_00367	1
CACBQD010000004.1	74514	75167	+	AG-359-G17_00369	AG-359-G17	217	OG0000965	NA	NA	NA	NA	NA	AG-359-G17_00367	2
CACBQD010000004.1	75187	75579	+	AG-359-G17_00370	AG-359-G17	130	OG0000808	K07107	acyl-CoA thioester hydrolase [EC:3.1.2.-]	COG0824	FadM	Acyl-CoA thioesterase FadM	AG-359-G17_00367	3
CACBQD010000004.1	75571	76245	-	AG-359-G17_00371	AG-359-G17	224	OG0001011	K21929	uracil-DNA glycosylase [EC:3.2.2.27]	COG1573	Udg4	Uracil-DNA glycosylase	AG-359-G17_00367	4
CACBQD010000004.1	76248	76802	+	AG-359-G17_00372	AG-359-G17	184	OG0000787	NA	NA	COG2062	SixA	Phosphohistidine phosphatase SixA	AG-359-G17_00367	5
CACBWH010000003.1	80469	80882	-	AG-359-M21_00802	AG-359-M21	137	OG0000808	K07107	acyl-CoA thioester hydrolase [EC:3.1.2.-]	COG0824	FadM	Acyl-CoA thioesterase FadM	AG-359-M21_00807	-5
CACBWH010000003.1	80941	81081	+	AG-359-M21_00803	AG-359-M21	46	OG0001143	NA	NA	NA	NA	NA	AG-359-M21_00807	-4
CACBWH010000003.1	81078	81728	-	AG-359-M21_00804	AG-359-M21	216	OG0000965	NA	NA	NA	NA	NA	AG-359-M21_00807	-3
CACBWH010000003.1	81777	81944	+	AG-359-M21_00805	AG-359-M21	55	OG0001265	NA	NA	NA	NA	NA	AG-359-M21_00807	-2
CACBWH010000003.1	81928	82932	-	AG-359-M21_00806	AG-359-M21	334	OG0000009	NA	NA	COG1063	Tdh	Threonine dehydrogenase or related Zn-dependent dehydrogenase	AG-359-M21_00807	-1
CACBWH010000003.1	82934	84391	-	AG-359-M21_00807	AG-359-M21	485	OG0000917	K03457	nucleobase:cation symporter-1, NCS1 family	COG1953	FUI1	Cytosine/uracil/thiamine/allantoin permease	AG-359-M21_00807	0
CACBWH010000003.1	84457	85353	+	AG-359-M21_00808	AG-359-M21	298	OG0001024	NA	NA	COG0697	EamA	Amino acid export permease, drug/metabolite transporter (DMT) superfamily	AG-359-M21_00807	1
CACBWH010000003.1	85354	86685	-	AG-359-M21_00809	AG-359-M21	443	OG0000987	K11690	C4-dicarboxylate transporter, DctM subunit	COG4664	FcbT3	TRAP-type mannitol/chloroaromatic compound transport system, large permease component	AG-359-M21_00807	2
CACBWH010000003.1	86685	87341	-	AG-359-M21_00810	AG-359-M21	218	OG0000994	NA	NA	COG4665	FcbT2	TRAP-type mannitol/chloroaromatic compound transport system, small permease component	AG-359-M21_00807	3
CACBWH010000003.1	87414	88502	-	AG-359-M21_00811	AG-359-M21	362	OG0000072	NA	NA	COG4663	FcbT1	TRAP-type mannitol/chloroaromatic compound transport system, periplasmic component	AG-359-M21_00807	4
CACBWH010000003.1	88634	89560	-	AG-359-M21_00812	AG-359-M21	308	OG0000005	K00020	3-hydroxyisobutyrate dehydrogenase [EC:1.1.1.31]	COG2084	MmsB	3-hydroxyisobutyrate dehydrogenase or related beta-hydroxyacid dehydrogenase	AG-359-M21_00807	5
CACBWZ010000002.1	77529	78236	+	AG-359-O11_00261	AG-359-O11	235	OG0001011	K21929	uracil-DNA glycosylase [EC:3.2.2.27]	COG1573	Udg4	Uracil-DNA glycosylase	AG-359-O11_00266	-5
CACBWZ010000002.1	78233	78628	-	AG-359-O11_00262	AG-359-O11	131	OG0000808	K07107	acyl-CoA thioester hydrolase [EC:3.1.2.-]	COG0824	FadM	Acyl-CoA thioesterase FadM	AG-359-O11_00266	-4
CACBWZ010000002.1	78648	79301	-	AG-359-O11_00263	AG-359-O11	217	OG0000965	NA	NA	NA	NA	NA	AG-359-O11_00266	-3
CACBWZ010000002.1	79397	79528	+	AG-359-O11_00264	AG-359-O11	43	OG0001265	NA	NA	NA	NA	NA	AG-359-O11_00266	-2
CACBWZ010000002.1	79525	80532	-	AG-359-O11_00265	AG-359-O11	335	OG0000009	NA	NA	COG1063	Tdh	Threonine dehydrogenase or related Zn-dependent dehydrogenase	AG-359-O11_00266	-1
CACBWZ010000002.1	80529	81986	-	AG-359-O11_00266	AG-359-O11	485	OG0000917	K03457	nucleobase:cation symporter-1, NCS1 family	COG1953	FUI1	Cytosine/uracil/thiamine/allantoin permease	AG-359-O11_00266	0
CACBWZ010000002.1	82009	83346	-	AG-359-O11_00267	AG-359-O11	445	OG0000987	K11690	C4-dicarboxylate transporter, DctM subunit	COG4664	FcbT3	TRAP-type mannitol/chloroaromatic compound transport system, large permease component	AG-359-O11_00266	1
CACBWZ010000002.1	83346	83951	-	AG-359-O11_00268	AG-359-O11	201	OG0000994	NA	NA	COG4665	FcbT2	TRAP-type mannitol/chloroaromatic compound transport system, small permease component	AG-359-O11_00266	2
CACBWZ010000002.1	84004	85101	-	AG-359-O11_00269	AG-359-O11	365	OG0000072	NA	NA	COG4663	FcbT1	TRAP-type mannitol/chloroaromatic compound transport system, periplasmic component	AG-359-O11_00266	3
CACBWZ010000002.1	85237	86841	+	AG-359-O11_00270	AG-359-O11	534	OG0000054	NA	NA	COG2303	BetA	Choline dehydrogenase or related flavoprotein	AG-359-O11_00266	4
CACBWZ010000002.1	86838	87416	+	AG-359-O11_00271	AG-359-O11	192	OG0000922	NA	NA	COG0861	TerC	Tellurite resistance membrane protein TerC	AG-359-O11_00266	5
CACBYE010000001.1	38788	39468	+	AG-359-P18_00042	AG-359-P18	226	OG0001011	K21929	uracil-DNA glycosylase [EC:3.2.2.27]	COG1573	Udg4	Uracil-DNA glycosylase	AG-359-P18_00047	-5
CACBYE010000001.1	39458	39880	-	AG-359-P18_00043	AG-359-P18	140	OG0000808	K07107	acyl-CoA thioester hydrolase [EC:3.1.2.-]	COG0824	FadM	Acyl-CoA thioesterase FadM	AG-359-P18_00047	-4
CACBYE010000001.1	39938	40078	+	AG-359-P18_00044	AG-359-P18	46	OG0001143	NA	NA	NA	NA	NA	AG-359-P18_00047	-3
CACBYE010000001.1	40079	40729	-	AG-359-P18_00045	AG-359-P18	216	OG0000965	NA	NA	NA	NA	NA	AG-359-P18_00047	-2
CACBYE010000001.1	40947	41699	-	AG-359-P18_00046	AG-359-P18	250	OG0001186	K21883	2-dehydro-3-deoxy-L-rhamnonate dehydrogenase (NAD+) [EC:1.1.1.401]	COG1028	FabG	NAD(P)-dependent dehydrogenase, short-chain alcohol dehydrogenase family	AG-359-P18_00047	-1
CACBYE010000001.1	41703	43160	-	AG-359-P18_00047	AG-359-P18	485	OG0000917	K03457	nucleobase:cation symporter-1, NCS1 family	COG1953	FUI1	Cytosine/uracil/thiamine/allantoin permease	AG-359-P18_00047	0
CACBYE010000001.1	43186	44520	-	AG-359-P18_00048	AG-359-P18	444	OG0000987	K11690	C4-dicarboxylate transporter, DctM subunit	COG4664	FcbT3	TRAP-type mannitol/chloroaromatic compound transport system, large permease component	AG-359-P18_00047	1
CACBYE010000001.1	44520	45137	-	AG-359-P18_00049	AG-359-P18	205	OG0000994	NA	NA	COG4665	FcbT2	TRAP-type mannitol/chloroaromatic compound transport system, small permease component	AG-359-P18_00047	2
CACBYE010000001.1	45207	46301	-	AG-359-P18_00050	AG-359-P18	364	OG0000072	NA	NA	COG4663	FcbT1	TRAP-type mannitol/chloroaromatic compound transport system, periplasmic component	AG-359-P18_00047	3
CACBYE010000001.1	46435	48030	+	AG-359-P18_00051	AG-359-P18	531	OG0000054	NA	NA	COG2303	BetA	Choline dehydrogenase or related flavoprotein	AG-359-P18_00047	4
CACBYE010000001.1	48030	48623	+	AG-359-P18_00052	AG-359-P18	197	OG0000922	NA	NA	COG0861	TerC	Tellurite resistance membrane protein TerC	AG-359-P18_00047	5
CACFFB010000007.1	24821	25375	-	AG-365-D07_00556	AG-365-D07	184	OG0000787	NA	NA	COG2062	SixA	Phosphohistidine phosphatase SixA	AG-365-D07_00561	-5
CACFFB010000007.1	25378	26052	+	AG-365-D07_00557	AG-365-D07	224	OG0001011	K21929	uracil-DNA glycosylase [EC:3.2.2.27]	COG1573	Udg4	Uracil-DNA glycosylase	AG-365-D07_00561	-4
CACFFB010000007.1	26049	26447	-	AG-365-D07_00558	AG-365-D07	132	OG0000808	K07107	acyl-CoA thioester hydrolase [EC:3.1.2.-]	COG0824	FadM	Acyl-CoA thioesterase FadM	AG-365-D07_00561	-3
CACFFB010000007.1	26626	27276	-	AG-365-D07_00559	AG-365-D07	216	OG0000965	NA	NA	NA	NA	NA	AG-365-D07_00561	-2
CACFFB010000007.1	27493	28245	-	AG-365-D07_00560	AG-365-D07	250	OG0001186	K21883	2-dehydro-3-deoxy-L-rhamnonate dehydrogenase (NAD+) [EC:1.1.1.401]	COG1028	FabG	NAD(P)-dependent dehydrogenase, short-chain alcohol dehydrogenase family	AG-365-D07_00561	-1
CACFFB010000007.1	28246	29703	-	AG-365-D07_00561	AG-365-D07	485	OG0000917	K03457	nucleobase:cation symporter-1, NCS1 family	COG1953	FUI1	Cytosine/uracil/thiamine/allantoin permease	AG-365-D07_00561	0
CACFFB010000007.1	29726	31063	-	AG-365-D07_00562	AG-365-D07	445	OG0000987	K11690	C4-dicarboxylate transporter, DctM subunit	COG4664	FcbT3	TRAP-type mannitol/chloroaromatic compound transport system, large permease component	AG-365-D07_00561	1
CACFFB010000007.1	31060	31671	-	AG-365-D07_00563	AG-365-D07	203	OG0000994	NA	NA	COG4665	FcbT2	TRAP-type mannitol/chloroaromatic compound transport system, small permease component	AG-365-D07_00561	2
CACFFB010000007.1	31745	32839	-	AG-365-D07_00564	AG-365-D07	364	OG0000072	NA	NA	COG4663	FcbT1	TRAP-type mannitol/chloroaromatic compound transport system, periplasmic component	AG-365-D07_00561	3
CACFFB010000007.1	32985	34595	+	AG-365-D07_00565	AG-365-D07	536	OG0000054	NA	NA	COG2303	BetA	Choline dehydrogenase or related flavoprotein	AG-365-D07_00561	4
CACFFB010000007.1	34595	35173	+	AG-365-D07_00566	AG-365-D07	192	OG0000922	NA	NA	COG0861	TerC	Tellurite resistance membrane protein TerC	AG-365-D07_00561	5
CACDII010000006.1	19997	20404	-	AG-365-L04_00846	AG-365-L04	135	OG0000808	K07107	acyl-CoA thioester hydrolase [EC:3.1.2.-]	COG0824	FadM	Acyl-CoA thioesterase FadM	AG-365-L04_00851	-5
CACDII010000006.1	20460	20597	+	AG-365-L04_00847	AG-365-L04	45	OG0001143	NA	NA	NA	NA	NA	AG-365-L04_00851	-4
CACDII010000006.1	20601	21245	-	AG-365-L04_00848	AG-365-L04	214	OG0000965	NA	NA	NA	NA	NA	AG-365-L04_00851	-3
CACDII010000006.1	21354	21560	+	AG-365-L04_00849	AG-365-L04	68	OG0001436	NA	NA	NA	NA	NA	AG-365-L04_00851	-2
CACDII010000006.1	21675	22421	-	AG-365-L04_00850	AG-365-L04	248	OG0003412	K21883	2-dehydro-3-deoxy-L-rhamnonate dehydrogenase (NAD+) [EC:1.1.1.401]	COG1028	FabG	NAD(P)-dependent dehydrogenase, short-chain alcohol dehydrogenase family	AG-365-L04_00851	-1
CACDII010000006.1	22429	23886	-	AG-365-L04_00851	AG-365-L04	485	OG0000917	K03457	nucleobase:cation symporter-1, NCS1 family	COG1953	FUI1	Cytosine/uracil/thiamine/allantoin permease	AG-365-L04_00851	0
CACDII010000006.1	23912	25246	-	AG-365-L04_00852	AG-365-L04	444	OG0000987	K11690	C4-dicarboxylate transporter, DctM subunit	COG4664	FcbT3	TRAP-type mannitol/chloroaromatic compound transport system, large permease component	AG-365-L04_00851	1
CACDII010000006.1	25243	25857	-	AG-365-L04_00853	AG-365-L04	204	OG0000994	NA	NA	COG4665	FcbT2	TRAP-type mannitol/chloroaromatic compound transport system, small permease component	AG-365-L04_00851	2
CACDII010000006.1	25930	27021	-	AG-365-L04_00854	AG-365-L04	363	OG0000072	NA	NA	COG4663	FcbT1	TRAP-type mannitol/chloroaromatic compound transport system, periplasmic component	AG-365-L04_00851	3
CACDII010000006.1	27168	28781	+	AG-365-L04_00855	AG-365-L04	537	OG0000054	NA	NA	COG2303	BetA	Choline dehydrogenase or related flavoprotein	AG-365-L04_00851	4
CACDII010000006.1	28784	29359	+	AG-365-L04_00856	AG-365-L04	191	OG0000922	NA	NA	COG0861	TerC	Tellurite resistance membrane protein TerC	AG-365-L04_00851	5
CACDMX010000011.1	7075	7470	-	AG-365-O14_00963	AG-365-O14	131	OG0000808	K07107	acyl-CoA thioester hydrolase [EC:3.1.2.-]	COG0824	FadM	Acyl-CoA thioesterase FadM	AG-365-O14_00968	-5
CACDMX010000011.1	7521	7661	+	AG-365-O14_00964	AG-365-O14	46	OG0001143	NA	NA	NA	NA	NA	AG-365-O14_00968	-4
CACDMX010000011.1	7662	8312	-	AG-365-O14_00965	AG-365-O14	216	OG0000965	NA	NA	NA	NA	NA	AG-365-O14_00968	-3
CACDMX010000011.1	8412	8621	+	AG-365-O14_00966	AG-365-O14	69	OG0001436	NA	NA	NA	NA	NA	AG-365-O14_00968	-2
CACDMX010000011.1	8739	9332	-	AG-365-O14_00967	AG-365-O14	197	OG0001186	NA	NA	COG1028	FabG	NAD(P)-dependent dehydrogenase, short-chain alcohol dehydrogenase family	AG-365-O14_00968	-1
CACDMX010000011.1	9491	10948	-	AG-365-O14_00968	AG-365-O14	485	OG0000917	K03457	nucleobase:cation symporter-1, NCS1 family	COG1953	FUI1	Cytosine/uracil/thiamine/allantoin permease	AG-365-O14_00968	0
CACDMX010000011.1	10974	11252	-	AG-365-O14_00969	AG-365-O14	92	OG0000987	NA	NA	COG4664	FcbT3	TRAP-type mannitol/chloroaromatic compound transport system, large permease component	AG-365-O14_00968	1
CACDMX010000011.1	11296	11601	+	AG-365-O14_00970	AG-365-O14	101	OG0000054	NA	NA	COG2303	BetA	Choline dehydrogenase or related flavoprotein	AG-365-O14_00968	2
CACDMX010000011.1	11601	12179	+	AG-365-O14_00971	AG-365-O14	192	OG0000922	NA	NA	COG0861	TerC	Tellurite resistance membrane protein TerC	AG-365-O14_00968	3
CACDMX010000011.1	12181	12948	+	AG-365-O14_00972	AG-365-O14	255	OG0000007	K03331	L-xylulose reductase [EC:1.1.1.10]	COG1028	FabG	NAD(P)-dependent dehydrogenase, short-chain alcohol dehydrogenase family	AG-365-O14_00968	4
CACDMX010000011.1	12933	13724	+	AG-365-O14_00973	AG-365-O14	263	OG0000498	NA	NA	COG0739	NlpD	Murein endopeptidase or hydrolase activator MepM/NlpD, contains LysM domain	AG-365-O14_00968	5
CACDRL010000004.1	66322	67248	+	AG-390-C17_00623	AG-390-C17	308	OG0000005	K00020	3-hydroxyisobutyrate dehydrogenase [EC:1.1.1.31]	COG2084	MmsB	3-hydroxyisobutyrate dehydrogenase or related beta-hydroxyacid dehydrogenase	AG-390-C17_00628	-5
CACDRL010000004.1	67377	68465	+	AG-390-C17_00624	AG-390-C17	362	OG0000072	NA	NA	COG4663	FcbT1	TRAP-type mannitol/chloroaromatic compound transport system, periplasmic component	AG-390-C17_00628	-4
CACDRL010000004.1	68537	69193	+	AG-390-C17_00625	AG-390-C17	218	OG0000994	NA	NA	COG4665	FcbT2	TRAP-type mannitol/chloroaromatic compound transport system, small permease component	AG-390-C17_00628	-3
CACDRL010000004.1	69193	70524	+	AG-390-C17_00626	AG-390-C17	443	OG0000987	K11690	C4-dicarboxylate transporter, DctM subunit	COG4664	FcbT3	TRAP-type mannitol/chloroaromatic compound transport system, large permease component	AG-390-C17_00628	-2
CACDRL010000004.1	70526	71422	-	AG-390-C17_00627	AG-390-C17	298	OG0001024	NA	NA	COG0697	EamA	Amino acid export permease, drug/metabolite transporter (DMT) superfamily	AG-390-C17_00628	-1
CACDRL010000004.1	71489	72946	+	AG-390-C17_00628	AG-390-C17	485	OG0000917	K03457	nucleobase:cation symporter-1, NCS1 family	COG1953	FUI1	Cytosine/uracil/thiamine/allantoin permease	AG-390-C17_00628	0
CACDRL010000004.1	72948	73952	+	AG-390-C17_00629	AG-390-C17	334	OG0000009	NA	NA	COG1063	Tdh	Threonine dehydrogenase or related Zn-dependent dehydrogenase	AG-390-C17_00628	1
CACDRL010000004.1	73936	74070	-	AG-390-C17_00630	AG-390-C17	44	OG0001265	NA	NA	NA	NA	NA	AG-390-C17_00628	2
CACDRL010000004.1	74146	74796	+	AG-390-C17_00631	AG-390-C17	216	OG0000965	NA	NA	NA	NA	NA	AG-390-C17_00628	3
CACDRL010000004.1	74797	74937	-	AG-390-C17_00632	AG-390-C17	46	OG0001143	NA	NA	NA	NA	NA	AG-390-C17_00628	4
CACDRL010000004.1	74996	75412	+	AG-390-C17_00633	AG-390-C17	138	OG0000808	K07107	acyl-CoA thioester hydrolase [EC:3.1.2.-]	COG0824	FadM	Acyl-CoA thioesterase FadM	AG-390-C17_00628	5
CACDSN010000007.1	44259	44903	-	AG-390-C19_00611	AG-390-C19	214	OG0000832	NA	NA	NA	NA	NA	AG-390-C19_00616	-5
CACDSN010000007.1	44904	47573	-	AG-390-C19_00612	AG-390-C19	889	OG0000262	K01681	aconitate hydratase [EC:4.2.1.3]	COG1048	AcnA	Aconitase A	AG-390-C19_00616	-4
CACDSN010000007.1	47577	48167	-	AG-390-C19_00613	AG-390-C19	196	OG0000076	K11249	cysteine/O-acetylserine efflux protein	COG1280	RhtB	Threonine/homoserine/homoserine lactone efflux protein	AG-390-C19_00616	-3
CACDSN010000007.1	48171	48512	-	AG-390-C19_00614	AG-390-C19	113	OG0000837	K06878	tRNA-binding protein	COG0073	EMAP	tRNA-binding EMAP/Myf domain	AG-390-C19_00616	-2
CACDSN010000007.1	48536	49714	+	AG-390-C19_00615	AG-390-C19	392	OG0000997	K01438	acetylornithine deacetylase [EC:3.5.1.16]	COG0624	ArgE	Acetylornithine deacetylase/Succinyl-diaminopimelate desuccinylase or related deacylase	AG-390-C19_00616	-1
CACDSN010000007.1	49772	51226	-	AG-390-C19_00616	AG-390-C19	484	OG0000917	K03457	nucleobase:cation symporter-1, NCS1 family	COG1953	FUI1	Cytosine/uracil/thiamine/allantoin permease	AG-390-C19_00616	0
CACDSN010000007.1	51422	52855	-	AG-390-C19_00617	AG-390-C19	477	OG0000047	NA	NA	COG1012	AdhE	Acyl-CoA reductase or other NAD-dependent aldehyde dehydrogenase	AG-390-C19_00616	1
CACDSN010000007.1	52876	53835	-	AG-390-C19_00618	AG-390-C19	319	OG0001053	K25365	guanidinobutyrase / D-arginase [EC:3.5.3.7 3.5.3.10]	COG0010	SpeB	Arginase/agmatinase family enzyme	AG-390-C19_00616	2
CACDSN010000007.1	53888	54619	+	AG-390-C19_00619	AG-390-C19	243	OG0001014	NA	NA	NA	NA	NA	AG-390-C19_00616	3
CACDSN010000007.1	54619	55263	+	AG-390-C19_00620	AG-390-C19	214	OG0001013	NA	NA	COG0652	PpiB	Peptidyl-prolyl cis-trans isomerase (rotamase) - cyclophilin family	AG-390-C19_00616	4
CACDSN010000007.1	55260	57482	-	AG-390-C19_00621	AG-390-C19	740	OG0000071	K07516	3-hydroxyacyl-CoA dehydrogenase [EC:1.1.1.35]	COG1250	FadB	3-hydroxyacyl-CoA dehydrogenase	AG-390-C19_00616	5
CACDSN010000008.1	5378	5932	-	AG-390-C19_00632	AG-390-C19	184	OG0000787	NA	NA	COG2062	SixA	Phosphohistidine phosphatase SixA	AG-390-C19_00637	-5
CACDSN010000008.1	5935	6609	+	AG-390-C19_00633	AG-390-C19	224	OG0001011	K21929	uracil-DNA glycosylase [EC:3.2.2.27]	COG1573	Udg4	Uracil-DNA glycosylase	AG-390-C19_00637	-4
CACDSN010000008.1	6606	7004	-	AG-390-C19_00634	AG-390-C19	132	OG0000808	K07107	acyl-CoA thioester hydrolase [EC:3.1.2.-]	COG0824	FadM	Acyl-CoA thioesterase FadM	AG-390-C19_00637	-3
CACDSN010000008.1	7183	7833	-	AG-390-C19_00635	AG-390-C19	216	OG0000965	NA	NA	NA	NA	NA	AG-390-C19_00637	-2
CACDSN010000008.1	8051	8803	-	AG-390-C19_00636	AG-390-C19	250	OG0001186	K21883	2-dehydro-3-deoxy-L-rhamnonate dehydrogenase (NAD+) [EC:1.1.1.401]	COG1028	FabG	NAD(P)-dependent dehydrogenase, short-chain alcohol dehydrogenase family	AG-390-C19_00637	-1
CACDSN010000008.1	8804	10261	-	AG-390-C19_00637	AG-390-C19	485	OG0000917	K03457	nucleobase:cation symporter-1, NCS1 family	COG1953	FUI1	Cytosine/uracil/thiamine/allantoin permease	AG-390-C19_00637	0
CACDSN010000008.1	10287	11621	-	AG-390-C19_00638	AG-390-C19	444	OG0000987	K11690	C4-dicarboxylate transporter, DctM subunit	COG4664	FcbT3	TRAP-type mannitol/chloroaromatic compound transport system, large permease component	AG-390-C19_00637	1
CACDSN010000008.1	11618	12229	-	AG-390-C19_00639	AG-390-C19	203	OG0000994	NA	NA	COG4665	FcbT2	TRAP-type mannitol/chloroaromatic compound transport system, small permease component	AG-390-C19_00637	2
CACDSN010000008.1	12280	13374	-	AG-390-C19_00640	AG-390-C19	364	OG0000072	NA	NA	COG4663	FcbT1	TRAP-type mannitol/chloroaromatic compound transport system, periplasmic component	AG-390-C19_00637	3
CACDSN010000008.1	13521	15131	+	AG-390-C19_00641	AG-390-C19	536	OG0000054	NA	NA	COG2303	BetA	Choline dehydrogenase or related flavoprotein	AG-390-C19_00637	4
CACDSN010000008.1	15131	15709	+	AG-390-C19_00642	AG-390-C19	192	OG0000922	NA	NA	COG0861	TerC	Tellurite resistance membrane protein TerC	AG-390-C19_00637	5
CACDTA010000001.1	134542	134964	-	AG-390-D02_00146	AG-390-D02	140	OG0000808	K07107	acyl-CoA thioester hydrolase [EC:3.1.2.-]	COG0824	FadM	Acyl-CoA thioesterase FadM	AG-390-D02_00151	-5
CACDTA010000001.1	135016	135162	+	AG-390-D02_00147	AG-390-D02	48	OG0001143	NA	NA	NA	NA	NA	AG-390-D02_00151	-4
CACDTA010000001.1	135163	135813	-	AG-390-D02_00148	AG-390-D02	216	OG0000965	NA	NA	NA	NA	NA	AG-390-D02_00151	-3
CACDTA010000001.1	135899	136036	+	AG-390-D02_00149	AG-390-D02	45	OG0001265	NA	NA	NA	NA	NA	AG-390-D02_00151	-2
CACDTA010000001.1	136033	136785	-	AG-390-D02_00150	AG-390-D02	250	OG0001186	K21883	2-dehydro-3-deoxy-L-rhamnonate dehydrogenase (NAD+) [EC:1.1.1.401]	COG1028	FabG	NAD(P)-dependent dehydrogenase, short-chain alcohol dehydrogenase family	AG-390-D02_00151	-1
CACDTA010000001.1	136790	138247	-	AG-390-D02_00151	AG-390-D02	485	OG0000917	K03457	nucleobase:cation symporter-1, NCS1 family	COG1953	FUI1	Cytosine/uracil/thiamine/allantoin permease	AG-390-D02_00151	0
CACDTA010000001.1	138273	139607	-	AG-390-D02_00152	AG-390-D02	444	OG0000987	K11690	C4-dicarboxylate transporter, DctM subunit	COG4664	FcbT3	TRAP-type mannitol/chloroaromatic compound transport system, large permease component	AG-390-D02_00151	1
CACDTA010000001.1	139604	140218	-	AG-390-D02_00153	AG-390-D02	204	OG0000994	NA	NA	COG4665	FcbT2	TRAP-type mannitol/chloroaromatic compound transport system, small permease component	AG-390-D02_00151	2
CACDTA010000001.1	140288	141382	-	AG-390-D02_00154	AG-390-D02	364	OG0000072	NA	NA	COG4663	FcbT1	TRAP-type mannitol/chloroaromatic compound transport system, periplasmic component	AG-390-D02_00151	3
CACDTA010000001.1	141507	143111	+	AG-390-D02_00155	AG-390-D02	534	OG0000054	NA	NA	COG2303	BetA	Choline dehydrogenase or related flavoprotein	AG-390-D02_00151	4
CACDTA010000001.1	143101	143694	+	AG-390-D02_00156	AG-390-D02	197	OG0000922	NA	NA	COG0861	TerC	Tellurite resistance membrane protein TerC	AG-390-D02_00151	5
CACDTN010000010.1	23894	24316	-	AG-390-D15_01067	AG-390-D15	140	OG0000808	K07107	acyl-CoA thioester hydrolase [EC:3.1.2.-]	COG0824	FadM	Acyl-CoA thioesterase FadM	AG-390-D15_01072	-5
CACDTN010000010.1	24374	24514	+	AG-390-D15_01068	AG-390-D15	46	OG0001143	NA	NA	NA	NA	NA	AG-390-D15_01072	-4
CACDTN010000010.1	24515	25165	-	AG-390-D15_01069	AG-390-D15	216	OG0000965	NA	NA	NA	NA	NA	AG-390-D15_01072	-3
CACDTN010000010.1	25251	25388	+	AG-390-D15_01070	AG-390-D15	45	OG0001265	NA	NA	NA	NA	NA	AG-390-D15_01072	-2
CACDTN010000010.1	25385	26137	-	AG-390-D15_01071	AG-390-D15	250	OG0001186	K21883	2-dehydro-3-deoxy-L-rhamnonate dehydrogenase (NAD+) [EC:1.1.1.401]	COG1028	FabG	NAD(P)-dependent dehydrogenase, short-chain alcohol dehydrogenase family	AG-390-D15_01072	-1
CACDTN010000010.1	26142	27599	-	AG-390-D15_01072	AG-390-D15	485	OG0000917	K03457	nucleobase:cation symporter-1, NCS1 family	COG1953	FUI1	Cytosine/uracil/thiamine/allantoin permease	AG-390-D15_01072	0
CACDTN010000010.1	27625	28959	-	AG-390-D15_01073	AG-390-D15	444	OG0000987	K11690	C4-dicarboxylate transporter, DctM subunit	COG4664	FcbT3	TRAP-type mannitol/chloroaromatic compound transport system, large permease component	AG-390-D15_01072	1
CACDTN010000010.1	28956	29570	-	AG-390-D15_01074	AG-390-D15	204	OG0000994	NA	NA	COG4665	FcbT2	TRAP-type mannitol/chloroaromatic compound transport system, small permease component	AG-390-D15_01072	2
CACDTN010000010.1	29640	30734	-	AG-390-D15_01075	AG-390-D15	364	OG0000072	NA	NA	COG4663	FcbT1	TRAP-type mannitol/chloroaromatic compound transport system, periplasmic component	AG-390-D15_01072	3
CACDTN010000010.1	30867	32462	+	AG-390-D15_01076	AG-390-D15	531	OG0000054	NA	NA	COG2303	BetA	Choline dehydrogenase or related flavoprotein	AG-390-D15_01072	4
CACDTN010000010.1	32462	33055	+	AG-390-D15_01077	AG-390-D15	197	OG0000922	NA	NA	COG0861	TerC	Tellurite resistance membrane protein TerC	AG-390-D15_01072	5
CACDUS010000001.1	43764	45986	+	AG-390-E04_00048	AG-390-E04	740	OG0000071	K07516	3-hydroxyacyl-CoA dehydrogenase [EC:1.1.1.35]	COG1250	FadB	3-hydroxyacyl-CoA dehydrogenase	AG-390-E04_00053	-5
CACDUS010000001.1	45975	46622	-	AG-390-E04_00049	AG-390-E04	215	OG0001013	NA	NA	COG0652	PpiB	Peptidyl-prolyl cis-trans isomerase (rotamase) - cyclophilin family	AG-390-E04_00053	-4
CACDUS010000001.1	46619	47341	-	AG-390-E04_00050	AG-390-E04	240	OG0001014	NA	NA	NA	NA	NA	AG-390-E04_00053	-3
CACDUS010000001.1	47396	48355	+	AG-390-E04_00051	AG-390-E04	319	OG0001053	K25365	guanidinobutyrase / D-arginase [EC:3.5.3.7 3.5.3.10]	COG0010	SpeB	Arginase/agmatinase family enzyme	AG-390-E04_00053	-2
CACDUS010000001.1	48376	49812	+	AG-390-E04_00052	AG-390-E04	478	OG0000047	NA	NA	COG1012	AdhE	Acyl-CoA reductase or other NAD-dependent aldehyde dehydrogenase	AG-390-E04_00053	-1
CACDUS010000001.1	50001	51452	+	AG-390-E04_00053	AG-390-E04	483	OG0000917	K03457	nucleobase:cation symporter-1, NCS1 family	COG1953	FUI1	Cytosine/uracil/thiamine/allantoin permease	AG-390-E04_00053	0
CACDUS010000001.1	51501	52004	-	AG-390-E04_00054	AG-390-E04	167	OG0001453	K01483	ureidoglycolate lyase [EC:4.3.2.3]	COG3194	AllA	Ureidoglycolate hydrolase (allantoin degradation)	AG-390-E04_00053	1
CACDUS010000001.1	52001	52984	-	AG-390-E04_00055	AG-390-E04	327	OG0001450	K01477	allantoicase [EC:3.5.3.4]	COG4266	Alc	Allantoicase	AG-390-E04_00053	2
CACDUS010000001.1	52986	53885	-	AG-390-E04_00056	AG-390-E04	299	OG0001445	K16842	allantoinase [EC:3.5.2.5]	COG0726	PgaB	Peptidoglycan/xylan/chitin deacetylase, PgdA/NodB/CDA1 family	AG-390-E04_00053	3
CACDUS010000001.1	53924	55114	-	AG-390-E04_00057	AG-390-E04	396	OG0000997	K01438	acetylornithine deacetylase [EC:3.5.1.16]	COG0624	ArgE	Acetylornithine deacetylase/Succinyl-diaminopimelate desuccinylase or related deacylase	AG-390-E04_00053	4
CACDUS010000001.1	55144	55485	+	AG-390-E04_00058	AG-390-E04	113	OG0000837	K06878	tRNA-binding protein	COG0073	EMAP	tRNA-binding EMAP/Myf domain	AG-390-E04_00053	5
CACDUS010000004.1	108189	108782	-	AG-390-E04_00576	AG-390-E04	197	OG0000922	NA	NA	COG0861	TerC	Tellurite resistance membrane protein TerC	AG-390-E04_00581	-5
CACDUS010000004.1	108782	110392	-	AG-390-E04_00577	AG-390-E04	536	OG0000054	NA	NA	COG2303	BetA	Choline dehydrogenase or related flavoprotein	AG-390-E04_00581	-4
CACDUS010000004.1	110525	111619	+	AG-390-E04_00578	AG-390-E04	364	OG0000072	NA	NA	COG4663	FcbT1	TRAP-type mannitol/chloroaromatic compound transport system, periplasmic component	AG-390-E04_00581	-3
CACDUS010000004.1	111690	112304	+	AG-390-E04_00579	AG-390-E04	204	OG0000994	NA	NA	COG4665	FcbT2	TRAP-type mannitol/chloroaromatic compound transport system, small permease component	AG-390-E04_00581	-2
CACDUS010000004.1	112301	113635	+	AG-390-E04_00580	AG-390-E04	444	OG0000987	K11690	C4-dicarboxylate transporter, DctM subunit	COG4664	FcbT3	TRAP-type mannitol/chloroaromatic compound transport system, large permease component	AG-390-E04_00581	-1
CACDUS010000004.1	113661	115118	+	AG-390-E04_00581	AG-390-E04	485	OG0000917	K03457	nucleobase:cation symporter-1, NCS1 family	COG1953	FUI1	Cytosine/uracil/thiamine/allantoin permease	AG-390-E04_00581	0
CACDUS010000004.1	115119	115871	+	AG-390-E04_00582	AG-390-E04	250	OG0001186	K21883	2-dehydro-3-deoxy-L-rhamnonate dehydrogenase (NAD+) [EC:1.1.1.401]	COG1028	FabG	NAD(P)-dependent dehydrogenase, short-chain alcohol dehydrogenase family	AG-390-E04_00581	1
CACDUS010000004.1	116092	116742	+	AG-390-E04_00583	AG-390-E04	216	OG0000965	NA	NA	NA	NA	NA	AG-390-E04_00581	2
CACDUS010000004.1	116743	116883	-	AG-390-E04_00584	AG-390-E04	46	OG0001143	NA	NA	NA	NA	NA	AG-390-E04_00581	3
CACDUS010000004.1	116941	117363	+	AG-390-E04_00585	AG-390-E04	140	OG0000808	K07107	acyl-CoA thioester hydrolase [EC:3.1.2.-]	COG0824	FadM	Acyl-CoA thioesterase FadM	AG-390-E04_00581	4
CACDUS010000004.1	117353	118033	-	AG-390-E04_00586	AG-390-E04	226	OG0001011	K21929	uracil-DNA glycosylase [EC:3.2.2.27]	COG1573	Udg4	Uracil-DNA glycosylase	AG-390-E04_00581	5
CACDYK010000011.1	2315	3241	+	AG-390-G11_00990	AG-390-G11	308	OG0000005	K00020	3-hydroxyisobutyrate dehydrogenase [EC:1.1.1.31]	COG2084	MmsB	3-hydroxyisobutyrate dehydrogenase or related beta-hydroxyacid dehydrogenase	AG-390-G11_00995	-5
CACDYK010000011.1	3407	4495	+	AG-390-G11_00991	AG-390-G11	362	OG0000072	NA	NA	COG4663	FcbT1	TRAP-type mannitol/chloroaromatic compound transport system, periplasmic component	AG-390-G11_00995	-4
CACDYK010000011.1	4583	5239	+	AG-390-G11_00992	AG-390-G11	218	OG0000994	NA	NA	COG4665	FcbT2	TRAP-type mannitol/chloroaromatic compound transport system, small permease component	AG-390-G11_00995	-3
CACDYK010000011.1	5239	6570	+	AG-390-G11_00993	AG-390-G11	443	OG0000987	K11690	C4-dicarboxylate transporter, DctM subunit	COG4664	FcbT3	TRAP-type mannitol/chloroaromatic compound transport system, large permease component	AG-390-G11_00995	-2
CACDYK010000011.1	6574	7467	-	AG-390-G11_00994	AG-390-G11	297	OG0001024	NA	NA	COG0697	EamA	Amino acid export permease, drug/metabolite transporter (DMT) superfamily	AG-390-G11_00995	-1
CACDYK010000011.1	7535	8992	+	AG-390-G11_00995	AG-390-G11	485	OG0000917	K03457	nucleobase:cation symporter-1, NCS1 family	COG1953	FUI1	Cytosine/uracil/thiamine/allantoin permease	AG-390-G11_00995	0
CACDYK010000011.1	8998	9744	+	AG-390-G11_00996	AG-390-G11	248	OG0001186	K21883	2-dehydro-3-deoxy-L-rhamnonate dehydrogenase (NAD+) [EC:1.1.1.401]	COG1028	FabG	NAD(P)-dependent dehydrogenase, short-chain alcohol dehydrogenase family	AG-390-G11_00995	1
CACDYK010000011.1	9751	10401	+	AG-390-G11_00997	AG-390-G11	216	OG0000965	NA	NA	NA	NA	NA	AG-390-G11_00995	2
CACDYK010000011.1	10402	10542	-	AG-390-G11_00998	AG-390-G11	46	OG0001143	NA	NA	NA	NA	NA	AG-390-G11_00995	3
CACDYK010000011.1	10600	11022	+	AG-390-G11_00999	AG-390-G11	140	OG0000808	K07107	acyl-CoA thioester hydrolase [EC:3.1.2.-]	COG0824	FadM	Acyl-CoA thioesterase FadM	AG-390-G11_00995	4
CACDYK010000011.1	11012	11692	-	AG-390-G11_01000	AG-390-G11	226	OG0001011	K21929	uracil-DNA glycosylase [EC:3.2.2.27]	COG1573	Udg4	Uracil-DNA glycosylase	AG-390-G11_00995	5
CACDYR010000006.1	40401	40814	-	AG-390-G23_01000	AG-390-G23	137	OG0000808	K07107	acyl-CoA thioester hydrolase [EC:3.1.2.-]	COG0824	FadM	Acyl-CoA thioesterase FadM	AG-390-G23_01005	-5
CACDYR010000006.1	40872	41009	+	AG-390-G23_01001	AG-390-G23	45	OG0001143	NA	NA	NA	NA	NA	AG-390-G23_01005	-4
CACDYR010000006.1	41013	41663	-	AG-390-G23_01002	AG-390-G23	216	OG0000965	NA	NA	NA	NA	NA	AG-390-G23_01005	-3
CACDYR010000006.1	41744	41893	+	AG-390-G23_01003	AG-390-G23	49	OG0001265	NA	NA	NA	NA	NA	AG-390-G23_01005	-2
CACDYR010000006.1	41877	42881	-	AG-390-G23_01004	AG-390-G23	334	OG0000009	NA	NA	COG1063	Tdh	Threonine dehydrogenase or related Zn-dependent dehydrogenase	AG-390-G23_01005	-1
CACDYR010000006.1	42883	44340	-	AG-390-G23_01005	AG-390-G23	485	OG0000917	K03457	nucleobase:cation symporter-1, NCS1 family	COG1953	FUI1	Cytosine/uracil/thiamine/allantoin permease	AG-390-G23_01005	0
CACDYR010000006.1	44366	45700	-	AG-390-G23_01006	AG-390-G23	444	OG0000987	K11690	C4-dicarboxylate transporter, DctM subunit	COG4664	FcbT3	TRAP-type mannitol/chloroaromatic compound transport system, large permease component	AG-390-G23_01005	1
CACDYR010000006.1	45697	46311	-	AG-390-G23_01007	AG-390-G23	204	OG0000994	NA	NA	COG4665	FcbT2	TRAP-type mannitol/chloroaromatic compound transport system, small permease component	AG-390-G23_01005	2
CACDYR010000006.1	46377	47471	-	AG-390-G23_01008	AG-390-G23	364	OG0000072	NA	NA	COG4663	FcbT1	TRAP-type mannitol/chloroaromatic compound transport system, periplasmic component	AG-390-G23_01005	3
CACDYR010000006.1	47613	49208	+	AG-390-G23_01009	AG-390-G23	531	OG0000054	NA	NA	COG2303	BetA	Choline dehydrogenase or related flavoprotein	AG-390-G23_01005	4
CACDYR010000006.1	49208	49801	+	AG-390-G23_01010	AG-390-G23	197	OG0000922	NA	NA	COG0861	TerC	Tellurite resistance membrane protein TerC	AG-390-G23_01005	5
CACDZS010000009.1	284	424	+	AG-390-I15_00862	AG-390-I15	46	OG0001143	NA	NA	NA	NA	NA	AG-390-I15_00866	-4
CACDZS010000009.1	581	874	-	AG-390-I15_00863	AG-390-I15	97	OG0000965	NA	NA	NA	NA	NA	AG-390-I15_00866	-3
CACDZS010000009.1	813	1073	-	AG-390-I15_00864	AG-390-I15	86	OG0000965	NA	NA	NA	NA	NA	AG-390-I15_00866	-2
CACDZS010000009.1	1137	1883	-	AG-390-I15_00865	AG-390-I15	248	OG0001186	K21883	2-dehydro-3-deoxy-L-rhamnonate dehydrogenase (NAD+) [EC:1.1.1.401]	COG1028	FabG	NAD(P)-dependent dehydrogenase, short-chain alcohol dehydrogenase family	AG-390-I15_00866	-1
CACDZS010000009.1	1889	3346	-	AG-390-I15_00866	AG-390-I15	485	OG0000917	K03457	nucleobase:cation symporter-1, NCS1 family	COG1953	FUI1	Cytosine/uracil/thiamine/allantoin permease	AG-390-I15_00866	0
CACDZS010000009.1	3372	4724	-	AG-390-I15_00867	AG-390-I15	450	OG0000987	K11690	C4-dicarboxylate transporter, DctM subunit	COG4664	FcbT3	TRAP-type mannitol/chloroaromatic compound transport system, large permease component	AG-390-I15_00866	1
CACDZS010000009.1	4703	5350	-	AG-390-I15_00868	AG-390-I15	215	OG0000994	NA	NA	COG4665	FcbT2	TRAP-type mannitol/chloroaromatic compound transport system, small permease component	AG-390-I15_00866	2
CACDZS010000009.1	5392	6486	-	AG-390-I15_00869	AG-390-I15	364	OG0000072	NA	NA	COG4663	FcbT1	TRAP-type mannitol/chloroaromatic compound transport system, periplasmic component	AG-390-I15_00866	3
CACDZS010000009.1	6627	8222	+	AG-390-I15_00870	AG-390-I15	531	OG0000054	NA	NA	COG2303	BetA	Choline dehydrogenase or related flavoprotein	AG-390-I15_00866	4
CACDZS010000009.1	8222	8815	+	AG-390-I15_00871	AG-390-I15	197	OG0000922	NA	NA	COG0861	TerC	Tellurite resistance membrane protein TerC	AG-390-I15_00866	5
CACEBH010000007.1	6143	6736	-	AG-390-J21_00993	AG-390-J21	197	OG0000922	NA	NA	COG0861	TerC	Tellurite resistance membrane protein TerC	AG-390-J21_00998	-5
CACEBH010000007.1	6736	8331	-	AG-390-J21_00994	AG-390-J21	531	OG0000054	NA	NA	COG2303	BetA	Choline dehydrogenase or related flavoprotein	AG-390-J21_00998	-4
CACEBH010000007.1	8463	9557	+	AG-390-J21_00995	AG-390-J21	364	OG0000072	NA	NA	COG4663	FcbT1	TRAP-type mannitol/chloroaromatic compound transport system, periplasmic component	AG-390-J21_00998	-3
CACEBH010000007.1	9627	10241	+	AG-390-J21_00996	AG-390-J21	204	OG0000994	NA	NA	COG4665	FcbT2	TRAP-type mannitol/chloroaromatic compound transport system, small permease component	AG-390-J21_00998	-2
CACEBH010000007.1	10238	11572	+	AG-390-J21_00997	AG-390-J21	444	OG0000987	K11690	C4-dicarboxylate transporter, DctM subunit	COG4664	FcbT3	TRAP-type mannitol/chloroaromatic compound transport system, large permease component	AG-390-J21_00998	-1
CACEBH010000007.1	11598	13055	+	AG-390-J21_00998	AG-390-J21	485	OG0000917	K03457	nucleobase:cation symporter-1, NCS1 family	COG1953	FUI1	Cytosine/uracil/thiamine/allantoin permease	AG-390-J21_00998	0
CACEBH010000007.1	13060	13812	+	AG-390-J21_00999	AG-390-J21	250	OG0001186	K21883	2-dehydro-3-deoxy-L-rhamnonate dehydrogenase (NAD+) [EC:1.1.1.401]	COG1028	FabG	NAD(P)-dependent dehydrogenase, short-chain alcohol dehydrogenase family	AG-390-J21_00998	1
CACEBH010000007.1	14030	14680	+	AG-390-J21_01000	AG-390-J21	216	OG0000965	NA	NA	NA	NA	NA	AG-390-J21_00998	2
CACEBH010000007.1	14704	15126	+	AG-390-J21_01001	AG-390-J21	140	OG0000808	K07107	acyl-CoA thioester hydrolase [EC:3.1.2.-]	COG0824	FadM	Acyl-CoA thioesterase FadM	AG-390-J21_00998	3
CACEBH010000007.1	15116	15796	-	AG-390-J21_01002	AG-390-J21	226	OG0001011	K21929	uracil-DNA glycosylase [EC:3.2.2.27]	COG1573	Udg4	Uracil-DNA glycosylase	AG-390-J21_00998	4
CACEBH010000007.1	15799	16356	+	AG-390-J21_01003	AG-390-J21	185	OG0000787	NA	NA	COG2062	SixA	Phosphohistidine phosphatase SixA	AG-390-J21_00998	5
CACEEW010000012.1	47	544	+	AG-390-M02_00884	AG-390-M02	165	OG0000917	NA	NA	COG1953	FUI1	Cytosine/uracil/thiamine/allantoin permease	AG-390-M02_00884	0
CACEEW010000012.1	549	1301	+	AG-390-M02_00885	AG-390-M02	250	OG0001186	K21883	2-dehydro-3-deoxy-L-rhamnonate dehydrogenase (NAD+) [EC:1.1.1.401]	COG1028	FabG	NAD(P)-dependent dehydrogenase, short-chain alcohol dehydrogenase family	AG-390-M02_00884	1
CACEEW010000012.1	1400	2011	+	AG-390-M02_00886	AG-390-M02	203	OG0000965	NA	NA	NA	NA	NA	AG-390-M02_00884	2
CACEEW010000012.1	2012	2152	-	AG-390-M02_00887	AG-390-M02	46	OG0001143	NA	NA	NA	NA	NA	AG-390-M02_00884	3
CACEEW010000012.1	2210	2632	+	AG-390-M02_00888	AG-390-M02	140	OG0000808	K07107	acyl-CoA thioester hydrolase [EC:3.1.2.-]	COG0824	FadM	Acyl-CoA thioesterase FadM	AG-390-M02_00884	4
CACEEW010000012.1	2622	2855	-	AG-390-M02_00889	AG-390-M02	77	OG0001011	NA	NA	COG1573	Udg4	Uracil-DNA glycosylase	AG-390-M02_00884	5
CACEFF010000019.1	17	1474	-	AG-390-M07_01174	AG-390-M07	485	OG0000917	K03457	nucleobase:cation symporter-1, NCS1 family	COG1953	FUI1	Cytosine/uracil/thiamine/allantoin permease	AG-390-M07_01174	0
CACEFF010000019.1	1500	2834	-	AG-390-M07_01175	AG-390-M07	444	OG0000987	K11690	C4-dicarboxylate transporter, DctM subunit	COG4664	FcbT3	TRAP-type mannitol/chloroaromatic compound transport system, large permease component	AG-390-M07_01174	1
CACEFF010000019.1	2831	3445	-	AG-390-M07_01176	AG-390-M07	204	OG0000994	NA	NA	COG4665	FcbT2	TRAP-type mannitol/chloroaromatic compound transport system, small permease component	AG-390-M07_01174	2
CACEFF010000019.1	3516	4610	-	AG-390-M07_01177	AG-390-M07	364	OG0000072	NA	NA	COG4663	FcbT1	TRAP-type mannitol/chloroaromatic compound transport system, periplasmic component	AG-390-M07_01174	3
CACEFF010000019.1	4743	6338	+	AG-390-M07_01178	AG-390-M07	531	OG0000054	NA	NA	COG2303	BetA	Choline dehydrogenase or related flavoprotein	AG-390-M07_01174	4
CACEFK010000015.1	2740	3153	-	AG-390-M14_00966	AG-390-M14	137	OG0000808	K07107	acyl-CoA thioester hydrolase [EC:3.1.2.-]	COG0824	FadM	Acyl-CoA thioesterase FadM	AG-390-M14_00971	-5
CACEFK010000015.1	3211	3351	+	AG-390-M14_00967	AG-390-M14	46	OG0001143	NA	NA	NA	NA	NA	AG-390-M14_00971	-4
CACEFK010000015.1	3352	4002	-	AG-390-M14_00968	AG-390-M14	216	OG0000965	NA	NA	NA	NA	NA	AG-390-M14_00971	-3
CACEFK010000015.1	4083	4232	+	AG-390-M14_00969	AG-390-M14	49	OG0001265	NA	NA	NA	NA	NA	AG-390-M14_00971	-2
CACEFK010000015.1	4216	5220	-	AG-390-M14_00970	AG-390-M14	334	OG0000009	NA	NA	COG1063	Tdh	Threonine dehydrogenase or related Zn-dependent dehydrogenase	AG-390-M14_00971	-1
CACEFK010000015.1	5222	6679	-	AG-390-M14_00971	AG-390-M14	485	OG0000917	K03457	nucleobase:cation symporter-1, NCS1 family	COG1953	FUI1	Cytosine/uracil/thiamine/allantoin permease	AG-390-M14_00971	0
CACEFK010000015.1	6705	8039	-	AG-390-M14_00972	AG-390-M14	444	OG0000987	K11690	C4-dicarboxylate transporter, DctM subunit	COG4664	FcbT3	TRAP-type mannitol/chloroaromatic compound transport system, large permease component	AG-390-M14_00971	1
CACEFK010000015.1	8036	8650	-	AG-390-M14_00973	AG-390-M14	204	OG0000994	NA	NA	COG4665	FcbT2	TRAP-type mannitol/chloroaromatic compound transport system, small permease component	AG-390-M14_00971	2
CACEFK010000015.1	8716	9810	-	AG-390-M14_00974	AG-390-M14	364	OG0000072	NA	NA	COG4663	FcbT1	TRAP-type mannitol/chloroaromatic compound transport system, periplasmic component	AG-390-M14_00971	3
CACEFK010000015.1	9952	11547	+	AG-390-M14_00975	AG-390-M14	531	OG0000054	NA	NA	COG2303	BetA	Choline dehydrogenase or related flavoprotein	AG-390-M14_00971	4
CACEFK010000015.1	11547	12140	+	AG-390-M14_00976	AG-390-M14	197	OG0000922	NA	NA	COG0861	TerC	Tellurite resistance membrane protein TerC	AG-390-M14_00971	5
CACEIL010000005.1	57931	58206	-	AG-390-O04_00535	AG-390-O04	91	OG0000515	NA	NA	COG0776	HupA	DNA-binding chromatin protein HU or IHF, alpha or beta variants	AG-390-O04_00540	-5
CACEIL010000005.1	58365	59477	-	AG-390-O04_00536	AG-390-O04	370	OG0000776	K11749	regulator of sigma E protease [EC:3.4.24.-]	COG0750	RseP	Membrane-associated protease RseP, regulator of RpoE activity	AG-390-O04_00540	-4
CACEIL010000005.1	59479	60279	-	AG-390-O04_00537	AG-390-O04	266	OG0001021	NA	NA	COG0518	GuaA1	GMP synthase, glutamine amidotransferase domain/subunit	AG-390-O04_00540	-3
CACEIL010000005.1	60276	61442	-	AG-390-O04_00538	AG-390-O04	388	OG0000078	NA	NA	COG1454	EutG	Alcohol dehydrogenase, class IV	AG-390-O04_00540	-2
CACEIL010000005.1	61446	62018	-	AG-390-O04_00539	AG-390-O04	190	OG0001002	NA	NA	COG4785	NlpI	Lipoprotein NlpI, contains TPR repeats	AG-390-O04_00540	-1
CACEIL010000005.1	62109	63560	+	AG-390-O04_00540	AG-390-O04	483	OG0000917	K03457	nucleobase:cation symporter-1, NCS1 family	COG1953	FUI1	Cytosine/uracil/thiamine/allantoin permease	AG-390-O04_00540	0
CACEIL010000005.1	63609	64112	-	AG-390-O04_00541	AG-390-O04	167	OG0001453	K01483	ureidoglycolate lyase [EC:4.3.2.3]	COG3194	AllA	Ureidoglycolate hydrolase (allantoin degradation)	AG-390-O04_00540	1
CACEIL010000005.1	64109	65092	-	AG-390-O04_00542	AG-390-O04	327	OG0001450	K01477	allantoicase [EC:3.5.3.4]	COG4266	Alc	Allantoicase	AG-390-O04_00540	2
CACEIL010000005.1	65089	65991	-	AG-390-O04_00543	AG-390-O04	300	OG0001445	K16842	allantoinase [EC:3.5.2.5]	COG0726	PgaB	Peptidoglycan/xylan/chitin deacetylase, PgdA/NodB/CDA1 family	AG-390-O04_00540	3
CACEIL010000005.1	66029	66628	-	AG-390-O04_00544	AG-390-O04	199	OG0000392	K13985	N-acyl-phosphatidylethanolamine-hydrolysing phospholipase D [EC:3.1.4.54]	COG2220	UlaG	L-ascorbate lactonase UlaG, metallo-beta-lactamase superfamily	AG-390-O04_00540	4
CACEMD010000008.1	11314	11571	+	AG-404-B04_00862	AG-404-B04	85	OG0000990	K06938	uncharacterized protein	COG3313	YdhL	Predicted Fe-S protein YdhL, DUF1289 family	AG-404-B04_00867	-5
CACEMD010000008.1	11558	11728	+	AG-404-B04_00863	AG-404-B04	56	OG0001048	NA	NA	NA	NA	NA	AG-404-B04_00867	-4
CACEMD010000008.1	11706	12398	+	AG-404-B04_00864	AG-404-B04	230	OG0001011	K21929	uracil-DNA glycosylase [EC:3.2.2.27]	COG1573	Udg4	Uracil-DNA glycosylase	AG-404-B04_00867	-3
CACEMD010000008.1	12402	13055	-	AG-404-B04_00865	AG-404-B04	217	OG0000965	NA	NA	NA	NA	NA	AG-404-B04_00867	-2
CACEMD010000008.1	13107	13853	-	AG-404-B04_00866	AG-404-B04	248	OG0001186	K21883	2-dehydro-3-deoxy-L-rhamnonate dehydrogenase (NAD+) [EC:1.1.1.401]	COG1028	FabG	NAD(P)-dependent dehydrogenase, short-chain alcohol dehydrogenase family	AG-404-B04_00867	-1
CACEMD010000008.1	13856	15313	-	AG-404-B04_00867	AG-404-B04	485	OG0000917	K03457	nucleobase:cation symporter-1, NCS1 family	COG1953	FUI1	Cytosine/uracil/thiamine/allantoin permease	AG-404-B04_00867	0
CACEMD010000008.1	15340	16674	-	AG-404-B04_00868	AG-404-B04	444	OG0000987	K11690	C4-dicarboxylate transporter, DctM subunit	COG4664	FcbT3	TRAP-type mannitol/chloroaromatic compound transport system, large permease component	AG-404-B04_00867	1
CACEMD010000008.1	16671	17288	-	AG-404-B04_00869	AG-404-B04	205	OG0000994	NA	NA	COG4665	FcbT2	TRAP-type mannitol/chloroaromatic compound transport system, small permease component	AG-404-B04_00867	2
CACEMD010000008.1	17354	18445	-	AG-404-B04_00870	AG-404-B04	363	OG0000072	NA	NA	COG4663	FcbT1	TRAP-type mannitol/chloroaromatic compound transport system, periplasmic component	AG-404-B04_00867	3
CACEMD010000008.1	18587	20182	+	AG-404-B04_00871	AG-404-B04	531	OG0000054	NA	NA	COG2303	BetA	Choline dehydrogenase or related flavoprotein	AG-404-B04_00867	4
CACEMD010000008.1	20182	20760	+	AG-404-B04_00872	AG-404-B04	192	OG0000922	NA	NA	COG0861	TerC	Tellurite resistance membrane protein TerC	AG-404-B04_00867	5
CACEVB010000025.1	299	550	+	AG-404-J20_01139	AG-404-J20	83	OG0000917	NA	NA	COG1953	FUI1	Cytosine/uracil/thiamine/allantoin permease	AG-404-J20_01139	0
CACEVB010000025.1	553	1299	+	AG-404-J20_01140	AG-404-J20	248	OG0001186	K21883	2-dehydro-3-deoxy-L-rhamnonate dehydrogenase (NAD+) [EC:1.1.1.401]	COG1028	FabG	NAD(P)-dependent dehydrogenase, short-chain alcohol dehydrogenase family	AG-404-J20_01139	1
CACEVB010000025.1	1277	2011	+	AG-404-J20_01141	AG-404-J20	244	OG0000965	NA	NA	NA	NA	NA	AG-404-J20_01139	2
CACEVB010000025.1	2012	2152	-	AG-404-J20_01142	AG-404-J20	46	OG0001143	NA	NA	NA	NA	NA	AG-404-J20_01139	3
CACEVB010000025.1	2199	2606	+	AG-404-J20_01143	AG-404-J20	135	OG0000808	K07107	acyl-CoA thioester hydrolase [EC:3.1.2.-]	COG0824	FadM	Acyl-CoA thioesterase FadM	AG-404-J20_01139	4
CACEZQ010000001.1	50851	50991	+	AG-404-O05_00054	AG-404-O05	46	OG0001143	NA	NA	NA	NA	NA	AG-404-O05_00059	-5
CACEZQ010000001.1	50992	51642	-	AG-404-O05_00055	AG-404-O05	216	OG0000965	NA	NA	NA	NA	NA	AG-404-O05_00059	-4
CACEZQ010000001.1	51742	51951	+	AG-404-O05_00056	AG-404-O05	69	OG0001436	NA	NA	NA	NA	NA	AG-404-O05_00059	-3
CACEZQ010000001.1	51969	52079	+	AG-404-O05_00057	AG-404-O05	36	OG0001265	NA	NA	NA	NA	NA	AG-404-O05_00059	-2
CACEZQ010000001.1	52069	52815	-	AG-404-O05_00058	AG-404-O05	248	OG0001186	K21883	2-dehydro-3-deoxy-L-rhamnonate dehydrogenase (NAD+) [EC:1.1.1.401]	COG1028	FabG	NAD(P)-dependent dehydrogenase, short-chain alcohol dehydrogenase family	AG-404-O05_00059	-1
CACEZQ010000001.1	52823	54280	-	AG-404-O05_00059	AG-404-O05	485	OG0000917	K03457	nucleobase:cation symporter-1, NCS1 family	COG1953	FUI1	Cytosine/uracil/thiamine/allantoin permease	AG-404-O05_00059	0
CACEZQ010000001.1	54306	55640	-	AG-404-O05_00060	AG-404-O05	444	OG0000987	K11690	C4-dicarboxylate transporter, DctM subunit	COG4664	FcbT3	TRAP-type mannitol/chloroaromatic compound transport system, large permease component	AG-404-O05_00059	1
CACEZQ010000001.1	55637	56251	-	AG-404-O05_00061	AG-404-O05	204	OG0000994	NA	NA	COG4665	FcbT2	TRAP-type mannitol/chloroaromatic compound transport system, small permease component	AG-404-O05_00059	2
CACEZQ010000001.1	56321	57412	-	AG-404-O05_00062	AG-404-O05	363	OG0000072	NA	NA	COG4663	FcbT1	TRAP-type mannitol/chloroaromatic compound transport system, periplasmic component	AG-404-O05_00059	3
CACEZQ010000001.1	57547	59157	+	AG-404-O05_00063	AG-404-O05	536	OG0000054	NA	NA	COG2303	BetA	Choline dehydrogenase or related flavoprotein	AG-404-O05_00059	4
CACEZQ010000001.1	59157	59735	+	AG-404-O05_00064	AG-404-O05	192	OG0000922	NA	NA	COG0861	TerC	Tellurite resistance membrane protein TerC	AG-404-O05_00059	5
CACFIH010000006.1	39473	39895	-	AG-410-L19_00765	AG-410-L19	140	OG0000808	K07107	acyl-CoA thioester hydrolase [EC:3.1.2.-]	COG0824	FadM	Acyl-CoA thioesterase FadM	AG-410-L19_00770	-5
CACFIH010000006.1	39952	40092	+	AG-410-L19_00766	AG-410-L19	46	OG0001143	NA	NA	NA	NA	NA	AG-410-L19_00770	-4
CACFIH010000006.1	40093	40743	-	AG-410-L19_00767	AG-410-L19	216	OG0000965	NA	NA	NA	NA	NA	AG-410-L19_00770	-3
CACFIH010000006.1	40821	40964	+	AG-410-L19_00768	AG-410-L19	47	OG0001265	NA	NA	NA	NA	NA	AG-410-L19_00770	-2
CACFIH010000006.1	40961	41713	-	AG-410-L19_00769	AG-410-L19	250	OG0001186	K21883	2-dehydro-3-deoxy-L-rhamnonate dehydrogenase (NAD+) [EC:1.1.1.401]	COG1028	FabG	NAD(P)-dependent dehydrogenase, short-chain alcohol dehydrogenase family	AG-410-L19_00770	-1
CACFIH010000006.1	41718	43175	-	AG-410-L19_00770	AG-410-L19	485	OG0000917	K03457	nucleobase:cation symporter-1, NCS1 family	COG1953	FUI1	Cytosine/uracil/thiamine/allantoin permease	AG-410-L19_00770	0
CACFIH010000006.1	43201	44535	-	AG-410-L19_00771	AG-410-L19	444	OG0000987	K11690	C4-dicarboxylate transporter, DctM subunit	COG4664	FcbT3	TRAP-type mannitol/chloroaromatic compound transport system, large permease component	AG-410-L19_00770	1
CACFIH010000006.1	44532	45146	-	AG-410-L19_00772	AG-410-L19	204	OG0000994	NA	NA	COG4665	FcbT2	TRAP-type mannitol/chloroaromatic compound transport system, small permease component	AG-410-L19_00770	2
CACFIH010000006.1	45217	46311	-	AG-410-L19_00773	AG-410-L19	364	OG0000072	NA	NA	COG4663	FcbT1	TRAP-type mannitol/chloroaromatic compound transport system, periplasmic component	AG-410-L19_00770	3
CACFIH010000006.1	46444	48054	+	AG-410-L19_00774	AG-410-L19	536	OG0000054	NA	NA	COG2303	BetA	Choline dehydrogenase or related flavoprotein	AG-410-L19_00770	4
CACFIH010000006.1	48054	48647	+	AG-410-L19_00775	AG-410-L19	197	OG0000922	NA	NA	COG0861	TerC	Tellurite resistance membrane protein TerC	AG-410-L19_00770	5
CACFJT010000011.1	24679	25092	-	AG-410-O02_00968	AG-410-O02	137	OG0000808	K07107	acyl-CoA thioester hydrolase [EC:3.1.2.-]	COG0824	FadM	Acyl-CoA thioesterase FadM	AG-410-O02_00973	-5
CACFJT010000011.1	25150	25287	+	AG-410-O02_00969	AG-410-O02	45	OG0001143	NA	NA	NA	NA	NA	AG-410-O02_00973	-4
CACFJT010000011.1	25291	25941	-	AG-410-O02_00970	AG-410-O02	216	OG0000965	NA	NA	NA	NA	NA	AG-410-O02_00973	-3
CACFJT010000011.1	26022	26153	+	AG-410-O02_00971	AG-410-O02	43	OG0001265	NA	NA	NA	NA	NA	AG-410-O02_00973	-2
CACFJT010000011.1	26156	26902	-	AG-410-O02_00972	AG-410-O02	248	OG0001186	K21883	2-dehydro-3-deoxy-L-rhamnonate dehydrogenase (NAD+) [EC:1.1.1.401]	COG1028	FabG	NAD(P)-dependent dehydrogenase, short-chain alcohol dehydrogenase family	AG-410-O02_00973	-1
CACFJT010000011.1	26908	28365	-	AG-410-O02_00973	AG-410-O02	485	OG0000917	K03457	nucleobase:cation symporter-1, NCS1 family	COG1953	FUI1	Cytosine/uracil/thiamine/allantoin permease	AG-410-O02_00973	0
CACFJT010000011.1	28391	29725	-	AG-410-O02_00974	AG-410-O02	444	OG0000987	K11690	C4-dicarboxylate transporter, DctM subunit	COG4664	FcbT3	TRAP-type mannitol/chloroaromatic compound transport system, large permease component	AG-410-O02_00973	1
CACFJT010000011.1	29722	30336	-	AG-410-O02_00975	AG-410-O02	204	OG0000994	NA	NA	COG4665	FcbT2	TRAP-type mannitol/chloroaromatic compound transport system, small permease component	AG-410-O02_00973	2
CACFJT010000011.1	30401	31495	-	AG-410-O02_00976	AG-410-O02	364	OG0000072	NA	NA	COG4663	FcbT1	TRAP-type mannitol/chloroaromatic compound transport system, periplasmic component	AG-410-O02_00973	3
CACFJT010000011.1	31642	33237	+	AG-410-O02_00977	AG-410-O02	531	OG0000054	NA	NA	COG2303	BetA	Choline dehydrogenase or related flavoprotein	AG-410-O02_00973	4
CACFJT010000011.1	33237	33830	+	AG-410-O02_00978	AG-410-O02	197	OG0000922	NA	NA	COG0861	TerC	Tellurite resistance membrane protein TerC	AG-410-O02_00973	5
CACFLX010000007.1	64401	64742	-	AG-414-B08_00816	AG-414-B08	113	OG0000837	K06878	tRNA-binding protein	COG0073	EMAP	tRNA-binding EMAP/Myf domain	AG-414-B08_00821	-5
CACFLX010000007.1	64770	65960	+	AG-414-B08_00817	AG-414-B08	396	OG0000997	K01438	acetylornithine deacetylase [EC:3.5.1.16]	COG0624	ArgE	Acetylornithine deacetylase/Succinyl-diaminopimelate desuccinylase or related deacylase	AG-414-B08_00821	-4
CACFLX010000007.1	65965	66867	+	AG-414-B08_00818	AG-414-B08	300	OG0001445	K16842	allantoinase [EC:3.5.2.5]	COG0726	PgaB	Peptidoglycan/xylan/chitin deacetylase, PgdA/NodB/CDA1 family	AG-414-B08_00821	-3
CACFLX010000007.1	66876	67868	+	AG-414-B08_00819	AG-414-B08	330	OG0001450	K01477	allantoicase [EC:3.5.3.4]	COG4266	Alc	Allantoicase	AG-414-B08_00821	-2
CACFLX010000007.1	67865	68362	+	AG-414-B08_00820	AG-414-B08	165	OG0001453	K01483	ureidoglycolate lyase [EC:4.3.2.3]	COG3194	AllA	Ureidoglycolate hydrolase (allantoin degradation)	AG-414-B08_00821	-1
CACFLX010000007.1	68408	69862	-	AG-414-B08_00821	AG-414-B08	484	OG0000917	K03457	nucleobase:cation symporter-1, NCS1 family	COG1953	FUI1	Cytosine/uracil/thiamine/allantoin permease	AG-414-B08_00821	0
CACFLX010000007.1	70004	71437	-	AG-414-B08_00822	AG-414-B08	477	OG0000047	NA	NA	COG1012	AdhE	Acyl-CoA reductase or other NAD-dependent aldehyde dehydrogenase	AG-414-B08_00821	1
CACFLX010000007.1	71452	72411	-	AG-414-B08_00823	AG-414-B08	319	OG0001053	K25365	guanidinobutyrase / D-arginase [EC:3.5.3.7 3.5.3.10]	COG0010	SpeB	Arginase/agmatinase family enzyme	AG-414-B08_00821	2
CACFLX010000007.1	72443	73231	-	AG-414-B08_00824	AG-414-B08	262	OG0000112	K02028	polar amino acid transport system ATP-binding protein [EC:7.4.2.1]	COG1126	GlnQ	ABC-type polar amino acid transport system, ATPase component	AG-414-B08_00821	3
CACFLX010000007.1	73234	73908	-	AG-414-B08_00825	AG-414-B08	224	OG0000101	K02029	polar amino acid transport system permease protein	COG0765	HisM	ABC-type amino acid transport system, permease component	AG-414-B08_00821	4
CACFLX010000007.1	73921	74583	-	AG-414-B08_00826	AG-414-B08	220	OG0000101	K02029	polar amino acid transport system permease protein	COG0765	HisM	ABC-type amino acid transport system, permease component	AG-414-B08_00821	5
CACFLX010000008.1	14326	14574	+	AG-414-B08_00846	AG-414-B08	82	OG0000990	K06938	uncharacterized protein	COG3313	YdhL	Predicted Fe-S protein YdhL, DUF1289 family	AG-414-B08_00851	-5
CACFLX010000008.1	14578	15261	+	AG-414-B08_00847	AG-414-B08	227	OG0001011	K21929	uracil-DNA glycosylase [EC:3.2.2.27]	COG1573	Udg4	Uracil-DNA glycosylase	AG-414-B08_00851	-4
CACFLX010000008.1	15281	15421	+	AG-414-B08_00848	AG-414-B08	46	OG0001143	NA	NA	NA	NA	NA	AG-414-B08_00851	-3
CACFLX010000008.1	15422	16075	-	AG-414-B08_00849	AG-414-B08	217	OG0000965	NA	NA	NA	NA	NA	AG-414-B08_00851	-2
CACFLX010000008.1	16089	16835	-	AG-414-B08_00850	AG-414-B08	248	OG0001186	K21883	2-dehydro-3-deoxy-L-rhamnonate dehydrogenase (NAD+) [EC:1.1.1.401]	COG1028	FabG	NAD(P)-dependent dehydrogenase, short-chain alcohol dehydrogenase family	AG-414-B08_00851	-1
CACFLX010000008.1	16843	18300	-	AG-414-B08_00851	AG-414-B08	485	OG0000917	K03457	nucleobase:cation symporter-1, NCS1 family	COG1953	FUI1	Cytosine/uracil/thiamine/allantoin permease	AG-414-B08_00851	0
CACFLX010000008.1	18325	19659	-	AG-414-B08_00852	AG-414-B08	444	OG0000987	K11690	C4-dicarboxylate transporter, DctM subunit	COG4664	FcbT3	TRAP-type mannitol/chloroaromatic compound transport system, large permease component	AG-414-B08_00851	1
CACFLX010000008.1	19656	20267	-	AG-414-B08_00853	AG-414-B08	203	OG0000994	NA	NA	COG4665	FcbT2	TRAP-type mannitol/chloroaromatic compound transport system, small permease component	AG-414-B08_00851	2
CACFLX010000008.1	20336	21430	-	AG-414-B08_00854	AG-414-B08	364	OG0000072	NA	NA	COG4663	FcbT1	TRAP-type mannitol/chloroaromatic compound transport system, periplasmic component	AG-414-B08_00851	3
CACFLX010000008.1	21578	23182	+	AG-414-B08_00855	AG-414-B08	534	OG0000054	NA	NA	COG2303	BetA	Choline dehydrogenase or related flavoprotein	AG-414-B08_00851	4
CACFLX010000008.1	23179	23754	+	AG-414-B08_00856	AG-414-B08	191	OG0000922	NA	NA	COG0861	TerC	Tellurite resistance membrane protein TerC	AG-414-B08_00851	5
CACFOP010000003.1	162490	163494	-	AG-414-E02_00799	AG-414-E02	334	OG0000009	NA	NA	COG1063	Tdh	Threonine dehydrogenase or related Zn-dependent dehydrogenase	AG-414-E02_00804	-5
CACFOP010000003.1	163497	164783	-	AG-414-E02_00800	AG-414-E02	428	OG0000913	K15509	sulfopropanediol 3-dehydrogenase [EC:1.1.1.308]	COG0141	HisD	Histidinol dehydrogenase	AG-414-E02_00804	-4
CACFOP010000003.1	164836	165741	+	AG-414-E02_00801	AG-414-E02	301	OG0001445	K16842	allantoinase [EC:3.5.2.5]	COG0726	PgaB	Peptidoglycan/xylan/chitin deacetylase, PgdA/NodB/CDA1 family	AG-414-E02_00804	-3
CACFOP010000003.1	165750	166742	+	AG-414-E02_00802	AG-414-E02	330	OG0001450	K01477	allantoicase [EC:3.5.3.4]	COG4266	Alc	Allantoicase	AG-414-E02_00804	-2
CACFOP010000003.1	166742	167236	+	AG-414-E02_00803	AG-414-E02	164	OG0001453	K01483	ureidoglycolate lyase [EC:4.3.2.3]	COG3194	AllA	Ureidoglycolate hydrolase (allantoin degradation)	AG-414-E02_00804	-1
CACFOP010000003.1	167290	168720	-	AG-414-E02_00804	AG-414-E02	476	OG0000917	K03457	nucleobase:cation symporter-1, NCS1 family	COG1953	FUI1	Cytosine/uracil/thiamine/allantoin permease	AG-414-E02_00804	0
CACFOP010000003.1	168841	170175	-	AG-414-E02_00805	AG-414-E02	444	OG0000987	K11690	C4-dicarboxylate transporter, DctM subunit	COG4664	FcbT3	TRAP-type mannitol/chloroaromatic compound transport system, large permease component	AG-414-E02_00804	1
CACFOP010000003.1	170172	170783	-	AG-414-E02_00806	AG-414-E02	203	OG0000994	NA	NA	COG4665	FcbT2	TRAP-type mannitol/chloroaromatic compound transport system, small permease component	AG-414-E02_00804	2
CACFOP010000003.1	170858	171952	-	AG-414-E02_00807	AG-414-E02	364	OG0000072	NA	NA	COG4663	FcbT1	TRAP-type mannitol/chloroaromatic compound transport system, periplasmic component	AG-414-E02_00804	3
CACFOP010000003.1	172072	173676	+	AG-414-E02_00808	AG-414-E02	534	OG0000054	NA	NA	COG2303	BetA	Choline dehydrogenase or related flavoprotein	AG-414-E02_00804	4
CACFOP010000003.1	173673	174248	+	AG-414-E02_00809	AG-414-E02	191	OG0000922	NA	NA	COG0861	TerC	Tellurite resistance membrane protein TerC	AG-414-E02_00804	5
CACFTX010000001.1	492112	492510	-	AG-414-L04_00547	AG-414-L04	132	OG0000808	K07107	acyl-CoA thioester hydrolase [EC:3.1.2.-]	COG0824	FadM	Acyl-CoA thioesterase FadM	AG-414-L04_00552	-5
CACFTX010000001.1	492548	492688	+	AG-414-L04_00548	AG-414-L04	46	OG0001143	NA	NA	NA	NA	NA	AG-414-L04_00552	-4
CACFTX010000001.1	492689	493351	-	AG-414-L04_00549	AG-414-L04	220	OG0000965	NA	NA	NA	NA	NA	AG-414-L04_00552	-3
CACFTX010000001.1	493449	493658	+	AG-414-L04_00550	AG-414-L04	69	OG0001436	NA	NA	NA	NA	NA	AG-414-L04_00552	-2
CACFTX010000001.1	493776	494522	-	AG-414-L04_00551	AG-414-L04	248	OG0001186	K21883	2-dehydro-3-deoxy-L-rhamnonate dehydrogenase (NAD+) [EC:1.1.1.401]	COG1028	FabG	NAD(P)-dependent dehydrogenase, short-chain alcohol dehydrogenase family	AG-414-L04_00552	-1
CACFTX010000001.1	494530	495987	-	AG-414-L04_00552	AG-414-L04	485	OG0000917	K03457	nucleobase:cation symporter-1, NCS1 family	COG1953	FUI1	Cytosine/uracil/thiamine/allantoin permease	AG-414-L04_00552	0
CACFTX010000001.1	496013	497347	-	AG-414-L04_00553	AG-414-L04	444	OG0000987	K11690	C4-dicarboxylate transporter, DctM subunit	COG4664	FcbT3	TRAP-type mannitol/chloroaromatic compound transport system, large permease component	AG-414-L04_00552	1
CACFTX010000001.1	497344	497955	-	AG-414-L04_00554	AG-414-L04	203	OG0000994	NA	NA	COG4665	FcbT2	TRAP-type mannitol/chloroaromatic compound transport system, small permease component	AG-414-L04_00552	2
CACFTX010000001.1	498036	499112	-	AG-414-L04_00555	AG-414-L04	358	OG0000072	NA	NA	COG4663	FcbT1	TRAP-type mannitol/chloroaromatic compound transport system, periplasmic component	AG-414-L04_00552	3
CACFTX010000001.1	499265	500875	+	AG-414-L04_00556	AG-414-L04	536	OG0000054	NA	NA	COG2303	BetA	Choline dehydrogenase or related flavoprotein	AG-414-L04_00552	4
CACFTX010000001.1	500875	501453	+	AG-414-L04_00557	AG-414-L04	192	OG0000922	NA	NA	COG0861	TerC	Tellurite resistance membrane protein TerC	AG-414-L04_00552	5
CACFVS010000008.1	34181	36403	+	AG-414-M23_00694	AG-414-M23	740	OG0000071	K07516	3-hydroxyacyl-CoA dehydrogenase [EC:1.1.1.35]	COG1250	FadB	3-hydroxyacyl-CoA dehydrogenase	AG-414-M23_00699	-5
CACFVS010000008.1	36392	37039	-	AG-414-M23_00695	AG-414-M23	215	OG0001013	NA	NA	COG0652	PpiB	Peptidyl-prolyl cis-trans isomerase (rotamase) - cyclophilin family	AG-414-M23_00699	-4
CACFVS010000008.1	37040	37780	-	AG-414-M23_00696	AG-414-M23	246	OG0001014	NA	NA	NA	NA	NA	AG-414-M23_00699	-3
CACFVS010000008.1	37793	38758	+	AG-414-M23_00697	AG-414-M23	321	OG0001053	K25365	guanidinobutyrase / D-arginase [EC:3.5.3.7 3.5.3.10]	COG0010	SpeB	Arginase/agmatinase family enzyme	AG-414-M23_00699	-2
CACFVS010000008.1	38773	40206	+	AG-414-M23_00698	AG-414-M23	477	OG0000047	NA	NA	COG1012	AdhE	Acyl-CoA reductase or other NAD-dependent aldehyde dehydrogenase	AG-414-M23_00699	-1
CACFVS010000008.1	40312	41793	+	AG-414-M23_00699	AG-414-M23	493	OG0000917	K03457	nucleobase:cation symporter-1, NCS1 family	COG1953	FUI1	Cytosine/uracil/thiamine/allantoin permease	AG-414-M23_00699	0
CACFVS010000008.1	41855	43033	-	AG-414-M23_00700	AG-414-M23	392	OG0000997	K01438	acetylornithine deacetylase [EC:3.5.1.16]	COG0624	ArgE	Acetylornithine deacetylase/Succinyl-diaminopimelate desuccinylase or related deacylase	AG-414-M23_00699	1
CACFVS010000008.1	43057	43398	+	AG-414-M23_00701	AG-414-M23	113	OG0000837	K06878	tRNA-binding protein	COG0073	EMAP	tRNA-binding EMAP/Myf domain	AG-414-M23_00699	2
CACFVS010000008.1	43402	43992	+	AG-414-M23_00702	AG-414-M23	196	OG0000076	K11249	cysteine/O-acetylserine efflux protein	COG1280	RhtB	Threonine/homoserine/homoserine lactone efflux protein	AG-414-M23_00699	3
CACFVS010000008.1	43997	46666	+	AG-414-M23_00703	AG-414-M23	889	OG0000262	K01681	aconitate hydratase [EC:4.2.1.3]	COG1048	AcnA	Aconitase A	AG-414-M23_00699	4
CACFVS010000008.1	46668	47312	+	AG-414-M23_00704	AG-414-M23	214	OG0000832	NA	NA	NA	NA	NA	AG-414-M23_00699	5
CACFXK010000004.1	57577	58503	+	AG-414-O09_00562	AG-414-O09	308	OG0000005	K00020	3-hydroxyisobutyrate dehydrogenase [EC:1.1.1.31]	COG2084	MmsB	3-hydroxyisobutyrate dehydrogenase or related beta-hydroxyacid dehydrogenase	AG-414-O09_00567	-5
CACFXK010000004.1	58624	59712	+	AG-414-O09_00563	AG-414-O09	362	OG0000072	NA	NA	COG4663	FcbT1	TRAP-type mannitol/chloroaromatic compound transport system, periplasmic component	AG-414-O09_00567	-4
CACFXK010000004.1	59792	60448	+	AG-414-O09_00564	AG-414-O09	218	OG0000994	NA	NA	COG4665	FcbT2	TRAP-type mannitol/chloroaromatic compound transport system, small permease component	AG-414-O09_00567	-3
CACFXK010000004.1	60448	61779	+	AG-414-O09_00565	AG-414-O09	443	OG0000987	K11690	C4-dicarboxylate transporter, DctM subunit	COG4664	FcbT3	TRAP-type mannitol/chloroaromatic compound transport system, large permease component	AG-414-O09_00567	-2
CACFXK010000004.1	61776	62669	-	AG-414-O09_00566	AG-414-O09	297	OG0001024	NA	NA	COG0697	EamA	Amino acid export permease, drug/metabolite transporter (DMT) superfamily	AG-414-O09_00567	-1
CACFXK010000004.1	62735	64186	+	AG-414-O09_00567	AG-414-O09	483	OG0000917	K03457	nucleobase:cation symporter-1, NCS1 family	COG1953	FUI1	Cytosine/uracil/thiamine/allantoin permease	AG-414-O09_00567	0
CACFXK010000004.1	64189	65193	+	AG-414-O09_00568	AG-414-O09	334	OG0000009	NA	NA	COG1063	Tdh	Threonine dehydrogenase or related Zn-dependent dehydrogenase	AG-414-O09_00567	1
CACFXK010000004.1	65239	65901	+	AG-414-O09_00569	AG-414-O09	220	OG0000965	NA	NA	NA	NA	NA	AG-414-O09_00567	2
CACFXK010000004.1	65906	66043	-	AG-414-O09_00570	AG-414-O09	45	OG0001143	NA	NA	NA	NA	NA	AG-414-O09_00567	3
CACFXK010000004.1	66097	66492	+	AG-414-O09_00571	AG-414-O09	131	OG0000808	K07107	acyl-CoA thioester hydrolase [EC:3.1.2.-]	COG0824	FadM	Acyl-CoA thioesterase FadM	AG-414-O09_00567	4
CACFXK010000004.1	66485	67159	-	AG-414-O09_00572	AG-414-O09	224	OG0001011	K21929	uracil-DNA glycosylase [EC:3.2.2.27]	COG1573	Udg4	Uracil-DNA glycosylase	AG-414-O09_00567	5
CACFXO010000008.1	33901	34494	-	AG-414-O11_01104	AG-414-O11	197	OG0000922	NA	NA	COG0861	TerC	Tellurite resistance membrane protein TerC	AG-414-O11_01109	-5
CACFXO010000008.1	34494	36089	-	AG-414-O11_01105	AG-414-O11	531	OG0000054	NA	NA	COG2303	BetA	Choline dehydrogenase or related flavoprotein	AG-414-O11_01109	-4
CACFXO010000008.1	36230	37324	+	AG-414-O11_01106	AG-414-O11	364	OG0000072	NA	NA	COG4663	FcbT1	TRAP-type mannitol/chloroaromatic compound transport system, periplasmic component	AG-414-O11_01109	-3
CACFXO010000008.1	37368	38015	+	AG-414-O11_01107	AG-414-O11	215	OG0000994	NA	NA	COG4665	FcbT2	TRAP-type mannitol/chloroaromatic compound transport system, small permease component	AG-414-O11_01109	-2
CACFXO010000008.1	37994	39346	+	AG-414-O11_01108	AG-414-O11	450	OG0000987	K11690	C4-dicarboxylate transporter, DctM subunit	COG4664	FcbT3	TRAP-type mannitol/chloroaromatic compound transport system, large permease component	AG-414-O11_01109	-1
CACFXO010000008.1	39372	40829	+	AG-414-O11_01109	AG-414-O11	485	OG0000917	K03457	nucleobase:cation symporter-1, NCS1 family	COG1953	FUI1	Cytosine/uracil/thiamine/allantoin permease	AG-414-O11_01109	0
CACFXO010000008.1	40835	41581	+	AG-414-O11_01110	AG-414-O11	248	OG0001186	K21883	2-dehydro-3-deoxy-L-rhamnonate dehydrogenase (NAD+) [EC:1.1.1.401]	COG1028	FabG	NAD(P)-dependent dehydrogenase, short-chain alcohol dehydrogenase family	AG-414-O11_01109	1
CACFXO010000008.1	41794	42444	+	AG-414-O11_01111	AG-414-O11	216	OG0000965	NA	NA	NA	NA	NA	AG-414-O11_01109	2
CACFXO010000008.1	42441	42581	-	AG-414-O11_01112	AG-414-O11	46	OG0001143	NA	NA	NA	NA	NA	AG-414-O11_01109	3
CACFXO010000008.1	42640	43053	+	AG-414-O11_01113	AG-414-O11	137	OG0000808	K07107	acyl-CoA thioester hydrolase [EC:3.1.2.-]	COG0824	FadM	Acyl-CoA thioesterase FadM	AG-414-O11_01109	4
CACFXO010000008.1	43050	43730	-	AG-414-O11_01114	AG-414-O11	226	OG0001011	K21929	uracil-DNA glycosylase [EC:3.2.2.27]	COG1573	Udg4	Uracil-DNA glycosylase	AG-414-O11_01109	5
CACGAU010000002.1	131016	131429	-	AG-422-B22_00360	AG-422-B22	137	OG0000808	K07107	acyl-CoA thioester hydrolase [EC:3.1.2.-]	COG0824	FadM	Acyl-CoA thioesterase FadM	AG-422-B22_00365	-5
CACGAU010000002.1	131487	131627	+	AG-422-B22_00361	AG-422-B22	46	OG0001143	NA	NA	NA	NA	NA	AG-422-B22_00365	-4
CACGAU010000002.1	131628	132278	-	AG-422-B22_00362	AG-422-B22	216	OG0000965	NA	NA	NA	NA	NA	AG-422-B22_00365	-3
CACGAU010000002.1	132359	132490	+	AG-422-B22_00363	AG-422-B22	43	OG0001265	NA	NA	NA	NA	NA	AG-422-B22_00365	-2
CACGAU010000002.1	132493	133239	-	AG-422-B22_00364	AG-422-B22	248	OG0001186	K21883	2-dehydro-3-deoxy-L-rhamnonate dehydrogenase (NAD+) [EC:1.1.1.401]	COG1028	FabG	NAD(P)-dependent dehydrogenase, short-chain alcohol dehydrogenase family	AG-422-B22_00365	-1
CACGAU010000002.1	133245	134702	-	AG-422-B22_00365	AG-422-B22	485	OG0000917	K03457	nucleobase:cation symporter-1, NCS1 family	COG1953	FUI1	Cytosine/uracil/thiamine/allantoin permease	AG-422-B22_00365	0
CACGAU010000002.1	134728	136062	-	AG-422-B22_00366	AG-422-B22	444	OG0000987	K11690	C4-dicarboxylate transporter, DctM subunit	COG4664	FcbT3	TRAP-type mannitol/chloroaromatic compound transport system, large permease component	AG-422-B22_00365	1
CACGAU010000002.1	136059	136673	-	AG-422-B22_00367	AG-422-B22	204	OG0000994	NA	NA	COG4665	FcbT2	TRAP-type mannitol/chloroaromatic compound transport system, small permease component	AG-422-B22_00365	2
CACGAU010000002.1	136739	137833	-	AG-422-B22_00368	AG-422-B22	364	OG0000072	NA	NA	COG4663	FcbT1	TRAP-type mannitol/chloroaromatic compound transport system, periplasmic component	AG-422-B22_00365	3
CACGAU010000002.1	137975	139570	+	AG-422-B22_00369	AG-422-B22	531	OG0000054	NA	NA	COG2303	BetA	Choline dehydrogenase or related flavoprotein	AG-422-B22_00365	4
CACGAU010000002.1	139570	140163	+	AG-422-B22_00370	AG-422-B22	197	OG0000922	NA	NA	COG0861	TerC	Tellurite resistance membrane protein TerC	AG-422-B22_00365	5
CACGBP010000001.1	238778	241000	+	AG-422-C13_00250	AG-422-C13	740	OG0000071	K07516	3-hydroxyacyl-CoA dehydrogenase [EC:1.1.1.35]	COG1250	FadB	3-hydroxyacyl-CoA dehydrogenase	AG-422-C13_00255	-5
CACGBP010000001.1	240989	241636	-	AG-422-C13_00251	AG-422-C13	215	OG0001013	NA	NA	COG0652	PpiB	Peptidyl-prolyl cis-trans isomerase (rotamase) - cyclophilin family	AG-422-C13_00255	-4
CACGBP010000001.1	241633	242331	-	AG-422-C13_00252	AG-422-C13	232	OG0001014	NA	NA	NA	NA	NA	AG-422-C13_00255	-3
CACGBP010000001.1	242410	243369	+	AG-422-C13_00253	AG-422-C13	319	OG0001053	K25365	guanidinobutyrase / D-arginase [EC:3.5.3.7 3.5.3.10]	COG0010	SpeB	Arginase/agmatinase family enzyme	AG-422-C13_00255	-2
CACGBP010000001.1	243390	244826	+	AG-422-C13_00254	AG-422-C13	478	OG0000047	NA	NA	COG1012	AdhE	Acyl-CoA reductase or other NAD-dependent aldehyde dehydrogenase	AG-422-C13_00255	-1
CACGBP010000001.1	245007	246461	+	AG-422-C13_00255	AG-422-C13	484	OG0000917	K03457	nucleobase:cation symporter-1, NCS1 family	COG1953	FUI1	Cytosine/uracil/thiamine/allantoin permease	AG-422-C13_00255	0
CACGBP010000001.1	246511	247014	-	AG-422-C13_00256	AG-422-C13	167	OG0001453	K01483	ureidoglycolate lyase [EC:4.3.2.3]	COG3194	AllA	Ureidoglycolate hydrolase (allantoin degradation)	AG-422-C13_00255	1
CACGBP010000001.1	247011	247994	-	AG-422-C13_00257	AG-422-C13	327	OG0001450	K01477	allantoicase [EC:3.5.3.4]	COG4266	Alc	Allantoicase	AG-422-C13_00255	2
CACGBP010000001.1	247996	248895	-	AG-422-C13_00258	AG-422-C13	299	OG0001445	K16842	allantoinase [EC:3.5.2.5]	COG0726	PgaB	Peptidoglycan/xylan/chitin deacetylase, PgdA/NodB/CDA1 family	AG-422-C13_00255	3
CACGBP010000001.1	248934	250124	-	AG-422-C13_00259	AG-422-C13	396	OG0000997	K01438	acetylornithine deacetylase [EC:3.5.1.16]	COG0624	ArgE	Acetylornithine deacetylase/Succinyl-diaminopimelate desuccinylase or related deacylase	AG-422-C13_00255	4
CACGBP010000001.1	250154	250495	+	AG-422-C13_00260	AG-422-C13	113	OG0000837	K06878	tRNA-binding protein	COG0073	EMAP	tRNA-binding EMAP/Myf domain	AG-422-C13_00255	5
CACGBP010000004.1	62129	62809	+	AG-422-C13_00769	AG-422-C13	226	OG0001011	K21929	uracil-DNA glycosylase [EC:3.2.2.27]	COG1573	Udg4	Uracil-DNA glycosylase	AG-422-C13_00774	-5
CACGBP010000004.1	62799	63221	-	AG-422-C13_00770	AG-422-C13	140	OG0000808	K07107	acyl-CoA thioester hydrolase [EC:3.1.2.-]	COG0824	FadM	Acyl-CoA thioesterase FadM	AG-422-C13_00774	-4
CACGBP010000004.1	63279	63419	+	AG-422-C13_00771	AG-422-C13	46	OG0001143	NA	NA	NA	NA	NA	AG-422-C13_00774	-3
CACGBP010000004.1	63420	64070	-	AG-422-C13_00772	AG-422-C13	216	OG0000965	NA	NA	NA	NA	NA	AG-422-C13_00774	-2
CACGBP010000004.1	64281	65033	-	AG-422-C13_00773	AG-422-C13	250	OG0001186	K21883	2-dehydro-3-deoxy-L-rhamnonate dehydrogenase (NAD+) [EC:1.1.1.401]	COG1028	FabG	NAD(P)-dependent dehydrogenase, short-chain alcohol dehydrogenase family	AG-422-C13_00774	-1
CACGBP010000004.1	65038	66495	-	AG-422-C13_00774	AG-422-C13	485	OG0000917	K03457	nucleobase:cation symporter-1, NCS1 family	COG1953	FUI1	Cytosine/uracil/thiamine/allantoin permease	AG-422-C13_00774	0
CACGBP010000004.1	66521	67855	-	AG-422-C13_00775	AG-422-C13	444	OG0000987	K11690	C4-dicarboxylate transporter, DctM subunit	COG4664	FcbT3	TRAP-type mannitol/chloroaromatic compound transport system, large permease component	AG-422-C13_00774	1
CACGBP010000004.1	67852	68466	-	AG-422-C13_00776	AG-422-C13	204	OG0000994	NA	NA	COG4665	FcbT2	TRAP-type mannitol/chloroaromatic compound transport system, small permease component	AG-422-C13_00774	2
CACGBP010000004.1	68536	69630	-	AG-422-C13_00777	AG-422-C13	364	OG0000072	NA	NA	COG4663	FcbT1	TRAP-type mannitol/chloroaromatic compound transport system, periplasmic component	AG-422-C13_00774	3
CACGBP010000004.1	69763	71373	+	AG-422-C13_00778	AG-422-C13	536	OG0000054	NA	NA	COG2303	BetA	Choline dehydrogenase or related flavoprotein	AG-422-C13_00774	4
CACGBP010000004.1	71373	71966	+	AG-422-C13_00779	AG-422-C13	197	OG0000922	NA	NA	COG0861	TerC	Tellurite resistance membrane protein TerC	AG-422-C13_00774	5
CACGBZ010000004.1	65369	65962	-	AG-422-C20_00806	AG-422-C20	197	OG0000922	NA	NA	COG0861	TerC	Tellurite resistance membrane protein TerC	AG-422-C20_00811	-5
CACGBZ010000004.1	65962	67557	-	AG-422-C20_00807	AG-422-C20	531	OG0000054	NA	NA	COG2303	BetA	Choline dehydrogenase or related flavoprotein	AG-422-C20_00811	-4
CACGBZ010000004.1	67698	68792	+	AG-422-C20_00808	AG-422-C20	364	OG0000072	NA	NA	COG4663	FcbT1	TRAP-type mannitol/chloroaromatic compound transport system, periplasmic component	AG-422-C20_00811	-3
CACGBZ010000004.1	68866	69480	+	AG-422-C20_00809	AG-422-C20	204	OG0000994	NA	NA	COG4665	FcbT2	TRAP-type mannitol/chloroaromatic compound transport system, small permease component	AG-422-C20_00811	-2
CACGBZ010000004.1	69477	70811	+	AG-422-C20_00810	AG-422-C20	444	OG0000987	K11690	C4-dicarboxylate transporter, DctM subunit	COG4664	FcbT3	TRAP-type mannitol/chloroaromatic compound transport system, large permease component	AG-422-C20_00811	-1
CACGBZ010000004.1	70837	72294	+	AG-422-C20_00811	AG-422-C20	485	OG0000917	K03457	nucleobase:cation symporter-1, NCS1 family	COG1953	FUI1	Cytosine/uracil/thiamine/allantoin permease	AG-422-C20_00811	0
CACGBZ010000004.1	72300	73046	+	AG-422-C20_00812	AG-422-C20	248	OG0001186	K21883	2-dehydro-3-deoxy-L-rhamnonate dehydrogenase (NAD+) [EC:1.1.1.401]	COG1028	FabG	NAD(P)-dependent dehydrogenase, short-chain alcohol dehydrogenase family	AG-422-C20_00811	1
CACGBZ010000004.1	73049	73171	-	AG-422-C20_00813	AG-422-C20	40	OG0001265	NA	NA	NA	NA	NA	AG-422-C20_00811	2
CACGBZ010000004.1	73261	73911	+	AG-422-C20_00814	AG-422-C20	216	OG0000965	NA	NA	NA	NA	NA	AG-422-C20_00811	3
CACGBZ010000004.1	73912	74052	-	AG-422-C20_00815	AG-422-C20	46	OG0001143	NA	NA	NA	NA	NA	AG-422-C20_00811	4
CACGBZ010000004.1	74110	74523	+	AG-422-C20_00816	AG-422-C20	137	OG0000808	K07107	acyl-CoA thioester hydrolase [EC:3.1.2.-]	COG0824	FadM	Acyl-CoA thioesterase FadM	AG-422-C20_00811	5
CACGDQ010000010.1	70	1404	+	AG-422-D23_01033	AG-422-D23	444	OG0000987	K11690	C4-dicarboxylate transporter, DctM subunit	COG4664	FcbT3	TRAP-type mannitol/chloroaromatic compound transport system, large permease component	AG-422-D23_01034	-1
CACGDQ010000010.1	1430	2887	+	AG-422-D23_01034	AG-422-D23	485	OG0000917	K03457	nucleobase:cation symporter-1, NCS1 family	COG1953	FUI1	Cytosine/uracil/thiamine/allantoin permease	AG-422-D23_01034	0
CACGDQ010000010.1	2893	3639	+	AG-422-D23_01035	AG-422-D23	248	OG0001186	K21883	2-dehydro-3-deoxy-L-rhamnonate dehydrogenase (NAD+) [EC:1.1.1.401]	COG1028	FabG	NAD(P)-dependent dehydrogenase, short-chain alcohol dehydrogenase family	AG-422-D23_01034	1
CACGDQ010000010.1	3642	3764	-	AG-422-D23_01036	AG-422-D23	40	OG0001265	NA	NA	NA	NA	NA	AG-422-D23_01034	2
CACGDQ010000010.1	3854	4504	+	AG-422-D23_01037	AG-422-D23	216	OG0000965	NA	NA	NA	NA	NA	AG-422-D23_01034	3
CACGDQ010000010.1	4505	4645	-	AG-422-D23_01038	AG-422-D23	46	OG0001143	NA	NA	NA	NA	NA	AG-422-D23_01034	4
CACGDQ010000010.1	4703	5116	+	AG-422-D23_01039	AG-422-D23	137	OG0000808	K07107	acyl-CoA thioester hydrolase [EC:3.1.2.-]	COG0824	FadM	Acyl-CoA thioesterase FadM	AG-422-D23_01034	5
CACGDZ010000007.1	557	1303	-	AG-422-E09_00775	AG-422-E09	248	OG0001186	K21883	2-dehydro-3-deoxy-L-rhamnonate dehydrogenase (NAD+) [EC:1.1.1.401]	COG1028	FabG	NAD(P)-dependent dehydrogenase, short-chain alcohol dehydrogenase family	AG-422-E09_00776	-1
CACGDZ010000007.1	1309	2766	-	AG-422-E09_00776	AG-422-E09	485	OG0000917	K03457	nucleobase:cation symporter-1, NCS1 family	COG1953	FUI1	Cytosine/uracil/thiamine/allantoin permease	AG-422-E09_00776	0
CACGDZ010000007.1	2792	4126	-	AG-422-E09_00777	AG-422-E09	444	OG0000987	K11690	C4-dicarboxylate transporter, DctM subunit	COG4664	FcbT3	TRAP-type mannitol/chloroaromatic compound transport system, large permease component	AG-422-E09_00776	1
CACGDZ010000007.1	4123	4737	-	AG-422-E09_00778	AG-422-E09	204	OG0000994	NA	NA	COG4665	FcbT2	TRAP-type mannitol/chloroaromatic compound transport system, small permease component	AG-422-E09_00776	2
CACGDZ010000007.1	4806	5900	-	AG-422-E09_00779	AG-422-E09	364	OG0000072	NA	NA	COG4663	FcbT1	TRAP-type mannitol/chloroaromatic compound transport system, periplasmic component	AG-422-E09_00776	3
CACGDZ010000007.1	6047	7642	+	AG-422-E09_00780	AG-422-E09	531	OG0000054	NA	NA	COG2303	BetA	Choline dehydrogenase or related flavoprotein	AG-422-E09_00776	4
CACGDZ010000007.1	7642	8235	+	AG-422-E09_00781	AG-422-E09	197	OG0000922	NA	NA	COG0861	TerC	Tellurite resistance membrane protein TerC	AG-422-E09_00776	5
CACGGJ010000003.1	83497	84090	-	AG-422-G03_00442	AG-422-G03	197	OG0000922	NA	NA	COG0861	TerC	Tellurite resistance membrane protein TerC	AG-422-G03_00447	-5
CACGGJ010000003.1	84090	85685	-	AG-422-G03_00443	AG-422-G03	531	OG0000054	NA	NA	COG2303	BetA	Choline dehydrogenase or related flavoprotein	AG-422-G03_00447	-4
CACGGJ010000003.1	85827	86921	+	AG-422-G03_00444	AG-422-G03	364	OG0000072	NA	NA	COG4663	FcbT1	TRAP-type mannitol/chloroaromatic compound transport system, periplasmic component	AG-422-G03_00447	-3
CACGGJ010000003.1	86987	87601	+	AG-422-G03_00445	AG-422-G03	204	OG0000994	NA	NA	COG4665	FcbT2	TRAP-type mannitol/chloroaromatic compound transport system, small permease component	AG-422-G03_00447	-2
CACGGJ010000003.1	87598	88932	+	AG-422-G03_00446	AG-422-G03	444	OG0000987	K11690	C4-dicarboxylate transporter, DctM subunit	COG4664	FcbT3	TRAP-type mannitol/chloroaromatic compound transport system, large permease component	AG-422-G03_00447	-1
CACGGJ010000003.1	88958	90415	+	AG-422-G03_00447	AG-422-G03	485	OG0000917	K03457	nucleobase:cation symporter-1, NCS1 family	COG1953	FUI1	Cytosine/uracil/thiamine/allantoin permease	AG-422-G03_00447	0
CACGGJ010000003.1	90421	91167	+	AG-422-G03_00448	AG-422-G03	248	OG0001186	K21883	2-dehydro-3-deoxy-L-rhamnonate dehydrogenase (NAD+) [EC:1.1.1.401]	COG1028	FabG	NAD(P)-dependent dehydrogenase, short-chain alcohol dehydrogenase family	AG-422-G03_00447	1
CACGGJ010000003.1	91170	91301	-	AG-422-G03_00449	AG-422-G03	43	OG0001265	NA	NA	NA	NA	NA	AG-422-G03_00447	2
CACGGJ010000003.1	91382	92032	+	AG-422-G03_00450	AG-422-G03	216	OG0000965	NA	NA	NA	NA	NA	AG-422-G03_00447	3
CACGGJ010000003.1	92033	92173	-	AG-422-G03_00451	AG-422-G03	46	OG0001143	NA	NA	NA	NA	NA	AG-422-G03_00447	4
CACGGJ010000003.1	92231	92644	+	AG-422-G03_00452	AG-422-G03	137	OG0000808	K07107	acyl-CoA thioester hydrolase [EC:3.1.2.-]	COG0824	FadM	Acyl-CoA thioesterase FadM	AG-422-G03_00447	5
CACGOM010000001.1	37861	38505	-	AG-422-N14_00037	AG-422-N14	214	OG0000832	NA	NA	NA	NA	NA	AG-422-N14_00042	-5
CACGOM010000001.1	38506	41175	-	AG-422-N14_00038	AG-422-N14	889	OG0000262	K01681	aconitate hydratase [EC:4.2.1.3]	COG1048	AcnA	Aconitase A	AG-422-N14_00042	-4
CACGOM010000001.1	41179	41772	-	AG-422-N14_00039	AG-422-N14	197	OG0000076	K11249	cysteine/O-acetylserine efflux protein	COG1280	RhtB	Threonine/homoserine/homoserine lactone efflux protein	AG-422-N14_00042	-3
CACGOM010000001.1	41773	42114	-	AG-422-N14_00040	AG-422-N14	113	OG0000837	K06878	tRNA-binding protein	COG0073	EMAP	tRNA-binding EMAP/Myf domain	AG-422-N14_00042	-2
CACGOM010000001.1	42138	43316	+	AG-422-N14_00041	AG-422-N14	392	OG0000997	K01438	acetylornithine deacetylase [EC:3.5.1.16]	COG0624	ArgE	Acetylornithine deacetylase/Succinyl-diaminopimelate desuccinylase or related deacylase	AG-422-N14_00042	-1
CACGOM010000001.1	43374	44855	-	AG-422-N14_00042	AG-422-N14	493	OG0000917	K03457	nucleobase:cation symporter-1, NCS1 family	COG1953	FUI1	Cytosine/uracil/thiamine/allantoin permease	AG-422-N14_00042	0
CACGOM010000001.1	45025	46458	-	AG-422-N14_00043	AG-422-N14	477	OG0000047	NA	NA	COG1012	AdhE	Acyl-CoA reductase or other NAD-dependent aldehyde dehydrogenase	AG-422-N14_00042	1
CACGOM010000001.1	46479	47438	-	AG-422-N14_00044	AG-422-N14	319	OG0001053	K25365	guanidinobutyrase / D-arginase [EC:3.5.3.7 3.5.3.10]	COG0010	SpeB	Arginase/agmatinase family enzyme	AG-422-N14_00042	2
CACGOM010000001.1	47491	48222	+	AG-422-N14_00045	AG-422-N14	243	OG0001014	NA	NA	NA	NA	NA	AG-422-N14_00042	3
CACGOM010000001.1	48222	48866	+	AG-422-N14_00046	AG-422-N14	214	OG0001013	NA	NA	COG0652	PpiB	Peptidyl-prolyl cis-trans isomerase (rotamase) - cyclophilin family	AG-422-N14_00042	4
CACGOM010000001.1	48863	51085	-	AG-422-N14_00047	AG-422-N14	740	OG0000071	K07516	3-hydroxyacyl-CoA dehydrogenase [EC:1.1.1.35]	COG1250	FadB	3-hydroxyacyl-CoA dehydrogenase	AG-422-N14_00042	5
CACGOM010000007.1	13572	14147	-	AG-422-N14_00590	AG-422-N14	191	OG0000922	NA	NA	COG0861	TerC	Tellurite resistance membrane protein TerC	AG-422-N14_00595	-5
CACGOM010000007.1	14149	15759	-	AG-422-N14_00591	AG-422-N14	536	OG0000054	NA	NA	COG2303	BetA	Choline dehydrogenase or related flavoprotein	AG-422-N14_00595	-4
CACGOM010000007.1	15903	16997	+	AG-422-N14_00592	AG-422-N14	364	OG0000072	NA	NA	COG4663	FcbT1	TRAP-type mannitol/chloroaromatic compound transport system, periplasmic component	AG-422-N14_00595	-3
CACGOM010000007.1	17051	17662	+	AG-422-N14_00593	AG-422-N14	203	OG0000994	NA	NA	COG4665	FcbT2	TRAP-type mannitol/chloroaromatic compound transport system, small permease component	AG-422-N14_00595	-2
CACGOM010000007.1	17659	18993	+	AG-422-N14_00594	AG-422-N14	444	OG0000987	K11690	C4-dicarboxylate transporter, DctM subunit	COG4664	FcbT3	TRAP-type mannitol/chloroaromatic compound transport system, large permease component	AG-422-N14_00595	-1
CACGOM010000007.1	19019	20476	+	AG-422-N14_00595	AG-422-N14	485	OG0000917	K03457	nucleobase:cation symporter-1, NCS1 family	COG1953	FUI1	Cytosine/uracil/thiamine/allantoin permease	AG-422-N14_00595	0
CACGOM010000007.1	20478	21482	+	AG-422-N14_00596	AG-422-N14	334	OG0000009	NA	NA	COG1063	Tdh	Threonine dehydrogenase or related Zn-dependent dehydrogenase	AG-422-N14_00595	1
CACGOM010000007.1	21466	21609	-	AG-422-N14_00597	AG-422-N14	47	OG0001265	NA	NA	NA	NA	NA	AG-422-N14_00595	2
CACGOM010000007.1	21692	22342	+	AG-422-N14_00598	AG-422-N14	216	OG0000965	NA	NA	NA	NA	NA	AG-422-N14_00595	3
CACGOM010000007.1	22521	22919	+	AG-422-N14_00599	AG-422-N14	132	OG0000808	K07107	acyl-CoA thioester hydrolase [EC:3.1.2.-]	COG0824	FadM	Acyl-CoA thioesterase FadM	AG-422-N14_00595	4
CACGOM010000007.1	22916	23590	-	AG-422-N14_00600	AG-422-N14	224	OG0001011	K21929	uracil-DNA glycosylase [EC:3.2.2.27]	COG1573	Udg4	Uracil-DNA glycosylase	AG-422-N14_00595	5
CACGON010000012.1	2251	2826	-	AG-422-N15_00970	AG-422-N15	191	OG0000922	NA	NA	COG0861	TerC	Tellurite resistance membrane protein TerC	AG-422-N15_00975	-5
CACGON010000012.1	2826	4442	-	AG-422-N15_00971	AG-422-N15	538	OG0000054	NA	NA	COG2303	BetA	Choline dehydrogenase or related flavoprotein	AG-422-N15_00975	-4
CACGON010000012.1	4575	5666	+	AG-422-N15_00972	AG-422-N15	363	OG0000072	NA	NA	COG4663	FcbT1	TRAP-type mannitol/chloroaromatic compound transport system, periplasmic component	AG-422-N15_00975	-3
CACGON010000012.1	5734	6348	+	AG-422-N15_00973	AG-422-N15	204	OG0000994	NA	NA	COG4665	FcbT2	TRAP-type mannitol/chloroaromatic compound transport system, small permease component	AG-422-N15_00975	-2
CACGON010000012.1	6345	7679	+	AG-422-N15_00974	AG-422-N15	444	OG0000987	K11690	C4-dicarboxylate transporter, DctM subunit	COG4664	FcbT3	TRAP-type mannitol/chloroaromatic compound transport system, large permease component	AG-422-N15_00975	-1
CACGON010000012.1	7704	9170	+	AG-422-N15_00975	AG-422-N15	488	OG0000917	K03457	nucleobase:cation symporter-1, NCS1 family	COG1953	FUI1	Cytosine/uracil/thiamine/allantoin permease	AG-422-N15_00975	0
CACGON010000012.1	9163	9909	+	AG-422-N15_00976	AG-422-N15	248	OG0001186	K21883	2-dehydro-3-deoxy-L-rhamnonate dehydrogenase (NAD+) [EC:1.1.1.401]	COG1028	FabG	NAD(P)-dependent dehydrogenase, short-chain alcohol dehydrogenase family	AG-422-N15_00975	1
CACGON010000012.1	9899	10027	-	AG-422-N15_00977	AG-422-N15	42	OG0001265	NA	NA	NA	NA	NA	AG-422-N15_00975	2
CACGON010000012.1	10024	10230	-	AG-422-N15_00978	AG-422-N15	68	OG0001436	NA	NA	NA	NA	NA	AG-422-N15_00975	3
CACGON010000012.1	10286	10984	+	AG-422-N15_00979	AG-422-N15	232	OG0000965	NA	NA	NA	NA	NA	AG-422-N15_00975	4
CACGON010000012.1	11057	11449	+	AG-422-N15_00980	AG-422-N15	130	OG0000808	K07107	acyl-CoA thioester hydrolase [EC:3.1.2.-]	COG0824	FadM	Acyl-CoA thioesterase FadM	AG-422-N15_00975	5
CACGTJ010000006.1	47873	48550	+	AG-426-C04_00571	AG-426-C04	225	OG0000101	K02029	polar amino acid transport system permease protein	COG0765	HisM	ABC-type amino acid transport system, permease component	AG-426-C04_00576	-5
CACGTJ010000006.1	48550	49338	+	AG-426-C04_00572	AG-426-C04	262	OG0000112	K02028	polar amino acid transport system ATP-binding protein [EC:7.4.2.1]	COG1126	GlnQ	ABC-type polar amino acid transport system, ATPase component	AG-426-C04_00576	-4
CACGTJ010000006.1	49363	49545	+	AG-426-C04_00573	AG-426-C04	60	OG0002884	NA	NA	NA	NA	NA	AG-426-C04_00576	-3
CACGTJ010000006.1	49508	50512	+	AG-426-C04_00574	AG-426-C04	334	OG0001053	K25365	guanidinobutyrase / D-arginase [EC:3.5.3.7 3.5.3.10]	COG0010	SpeB	Arginase/agmatinase family enzyme	AG-426-C04_00576	-2
CACGTJ010000006.1	50527	51960	+	AG-426-C04_00575	AG-426-C04	477	OG0000047	NA	NA	COG1012	AdhE	Acyl-CoA reductase or other NAD-dependent aldehyde dehydrogenase	AG-426-C04_00576	-1
CACGTJ010000006.1	52101	53555	+	AG-426-C04_00576	AG-426-C04	484	OG0000917	K03457	nucleobase:cation symporter-1, NCS1 family	COG1953	FUI1	Cytosine/uracil/thiamine/allantoin permease	AG-426-C04_00576	0
CACGTJ010000006.1	53604	54101	-	AG-426-C04_00577	AG-426-C04	165	OG0001453	K01483	ureidoglycolate lyase [EC:4.3.2.3]	COG3194	AllA	Ureidoglycolate hydrolase (allantoin degradation)	AG-426-C04_00576	1
CACGTJ010000006.1	54098	55090	-	AG-426-C04_00578	AG-426-C04	330	OG0001450	K01477	allantoicase [EC:3.5.3.4]	COG4266	Alc	Allantoicase	AG-426-C04_00576	2
CACGTJ010000006.1	55098	56000	-	AG-426-C04_00579	AG-426-C04	300	OG0001445	K16842	allantoinase [EC:3.5.2.5]	COG0726	PgaB	Peptidoglycan/xylan/chitin deacetylase, PgdA/NodB/CDA1 family	AG-426-C04_00576	3
CACGTJ010000006.1	56005	57195	-	AG-426-C04_00580	AG-426-C04	396	OG0000997	K01438	acetylornithine deacetylase [EC:3.5.1.16]	COG0624	ArgE	Acetylornithine deacetylase/Succinyl-diaminopimelate desuccinylase or related deacylase	AG-426-C04_00576	4
CACGTJ010000006.1	57223	57564	+	AG-426-C04_00581	AG-426-C04	113	OG0000837	K06878	tRNA-binding protein	COG0073	EMAP	tRNA-binding EMAP/Myf domain	AG-426-C04_00576	5
CACGUZ010000008.1	909	1502	-	AG-426-D09_01161	AG-426-D09	197	OG0000922	NA	NA	COG0861	TerC	Tellurite resistance membrane protein TerC	AG-426-D09_01166	-5
CACGUZ010000008.1	1502	3097	-	AG-426-D09_01162	AG-426-D09	531	OG0000054	NA	NA	COG2303	BetA	Choline dehydrogenase or related flavoprotein	AG-426-D09_01166	-4
CACGUZ010000008.1	3231	4325	+	AG-426-D09_01163	AG-426-D09	364	OG0000072	NA	NA	COG4663	FcbT1	TRAP-type mannitol/chloroaromatic compound transport system, periplasmic component	AG-426-D09_01166	-3
CACGUZ010000008.1	4395	5012	+	AG-426-D09_01164	AG-426-D09	205	OG0000994	NA	NA	COG4665	FcbT2	TRAP-type mannitol/chloroaromatic compound transport system, small permease component	AG-426-D09_01166	-2
CACGUZ010000008.1	5012	6346	+	AG-426-D09_01165	AG-426-D09	444	OG0000987	K11690	C4-dicarboxylate transporter, DctM subunit	COG4664	FcbT3	TRAP-type mannitol/chloroaromatic compound transport system, large permease component	AG-426-D09_01166	-1
CACGUZ010000008.1	6372	7829	+	AG-426-D09_01166	AG-426-D09	485	OG0000917	K03457	nucleobase:cation symporter-1, NCS1 family	COG1953	FUI1	Cytosine/uracil/thiamine/allantoin permease	AG-426-D09_01166	0
CACGUZ010000008.1	7834	8586	+	AG-426-D09_01167	AG-426-D09	250	OG0001186	K21883	2-dehydro-3-deoxy-L-rhamnonate dehydrogenase (NAD+) [EC:1.1.1.401]	COG1028	FabG	NAD(P)-dependent dehydrogenase, short-chain alcohol dehydrogenase family	AG-426-D09_01166	1
CACGUZ010000008.1	8803	9453	+	AG-426-D09_01168	AG-426-D09	216	OG0000965	NA	NA	NA	NA	NA	AG-426-D09_01166	2
CACGUZ010000008.1	9454	9594	-	AG-426-D09_01169	AG-426-D09	46	OG0001143	NA	NA	NA	NA	NA	AG-426-D09_01166	3
CACGUZ010000008.1	9652	10074	+	AG-426-D09_01170	AG-426-D09	140	OG0000808	K07107	acyl-CoA thioester hydrolase [EC:3.1.2.-]	COG0824	FadM	Acyl-CoA thioesterase FadM	AG-426-D09_01166	4
CACGUZ010000008.1	10064	10744	-	AG-426-D09_01171	AG-426-D09	226	OG0001011	K21929	uracil-DNA glycosylase [EC:3.2.2.27]	COG1573	Udg4	Uracil-DNA glycosylase	AG-426-D09_01166	5
CACGWC010000002.1	32553	33704	+	AG-426-E13_00250	AG-426-E13	383	OG0001325	K00111	glycerol-3-phosphate dehydrogenase [EC:1.1.5.3]	COG0578	GlpA	Glycerol-3-phosphate dehydrogenase	AG-426-E13_00255	-5
CACGWC010000002.1	33677	34384	+	AG-426-E13_00251	AG-426-E13	235	OG0001011	K21929	uracil-DNA glycosylase [EC:3.2.2.27]	COG1573	Udg4	Uracil-DNA glycosylase	AG-426-E13_00255	-4
CACGWC010000002.1	34376	34768	-	AG-426-E13_00252	AG-426-E13	130	OG0000808	K07107	acyl-CoA thioester hydrolase [EC:3.1.2.-]	COG0824	FadM	Acyl-CoA thioesterase FadM	AG-426-E13_00255	-3
CACGWC010000002.1	34788	35441	-	AG-426-E13_00253	AG-426-E13	217	OG0000965	NA	NA	NA	NA	NA	AG-426-E13_00255	-2
CACGWC010000002.1	35665	36669	-	AG-426-E13_00254	AG-426-E13	334	OG0000009	NA	NA	COG1063	Tdh	Threonine dehydrogenase or related Zn-dependent dehydrogenase	AG-426-E13_00255	-1
CACGWC010000002.1	36672	38126	-	AG-426-E13_00255	AG-426-E13	484	OG0000917	K03457	nucleobase:cation symporter-1, NCS1 family	COG1953	FUI1	Cytosine/uracil/thiamine/allantoin permease	AG-426-E13_00255	0
CACGWC010000002.1	38149	39486	-	AG-426-E13_00256	AG-426-E13	445	OG0000987	K11690	C4-dicarboxylate transporter, DctM subunit	COG4664	FcbT3	TRAP-type mannitol/chloroaromatic compound transport system, large permease component	AG-426-E13_00255	1
CACGWC010000002.1	39486	40091	-	AG-426-E13_00257	AG-426-E13	201	OG0000994	NA	NA	COG4665	FcbT2	TRAP-type mannitol/chloroaromatic compound transport system, small permease component	AG-426-E13_00255	2
CACGWC010000002.1	40145	41242	-	AG-426-E13_00258	AG-426-E13	365	OG0000072	NA	NA	COG4663	FcbT1	TRAP-type mannitol/chloroaromatic compound transport system, periplasmic component	AG-426-E13_00255	3
CACGWC010000002.1	41378	42982	+	AG-426-E13_00259	AG-426-E13	534	OG0000054	NA	NA	COG2303	BetA	Choline dehydrogenase or related flavoprotein	AG-426-E13_00255	4
CACGWC010000002.1	42979	43557	+	AG-426-E13_00260	AG-426-E13	192	OG0000922	NA	NA	COG0861	TerC	Tellurite resistance membrane protein TerC	AG-426-E13_00255	5
CACGWU010000002.1	87230	87628	-	AG-426-E17_01124	AG-426-E17	132	OG0000808	K07107	acyl-CoA thioester hydrolase [EC:3.1.2.-]	COG0824	FadM	Acyl-CoA thioesterase FadM	AG-426-E17_01129	-5
CACGWU010000002.1	87639	88286	-	AG-426-E17_01125	AG-426-E17	215	OG0000965	NA	NA	NA	NA	NA	AG-426-E17_01129	-4
CACGWU010000002.1	88394	88600	+	AG-426-E17_01126	AG-426-E17	68	OG0001436	NA	NA	NA	NA	NA	AG-426-E17_01129	-3
CACGWU010000002.1	88618	88731	+	AG-426-E17_01127	AG-426-E17	37	OG0001265	NA	NA	NA	NA	NA	AG-426-E17_01129	-2
CACGWU010000002.1	88733	89479	-	AG-426-E17_01128	AG-426-E17	248	OG0001186	K21883	2-dehydro-3-deoxy-L-rhamnonate dehydrogenase (NAD+) [EC:1.1.1.401]	COG1028	FabG	NAD(P)-dependent dehydrogenase, short-chain alcohol dehydrogenase family	AG-426-E17_01129	-1
CACGWU010000002.1	89476	90936	-	AG-426-E17_01129	AG-426-E17	486	OG0000917	K03457	nucleobase:cation symporter-1, NCS1 family	COG1953	FUI1	Cytosine/uracil/thiamine/allantoin permease	AG-426-E17_01129	0
CACGWU010000002.1	90961	92295	-	AG-426-E17_01130	AG-426-E17	444	OG0000987	K11690	C4-dicarboxylate transporter, DctM subunit	COG4664	FcbT3	TRAP-type mannitol/chloroaromatic compound transport system, large permease component	AG-426-E17_01129	1
CACGWU010000002.1	92292	92906	-	AG-426-E17_01131	AG-426-E17	204	OG0000994	NA	NA	COG4665	FcbT2	TRAP-type mannitol/chloroaromatic compound transport system, small permease component	AG-426-E17_01129	2
CACGWU010000002.1	92976	94067	-	AG-426-E17_01132	AG-426-E17	363	OG0000072	NA	NA	COG4663	FcbT1	TRAP-type mannitol/chloroaromatic compound transport system, periplasmic component	AG-426-E17_01129	3
CACGWU010000002.1	94198	95817	+	AG-426-E17_01133	AG-426-E17	539	OG0000054	NA	NA	COG2303	BetA	Choline dehydrogenase or related flavoprotein	AG-426-E17_01129	4
CACGWU010000002.1	95814	96395	+	AG-426-E17_01134	AG-426-E17	193	OG0000922	NA	NA	COG0861	TerC	Tellurite resistance membrane protein TerC	AG-426-E17_01129	5
CACGYT010000002.1	30889	31533	-	AG-426-G09_00164	AG-426-G09	214	OG0000832	NA	NA	NA	NA	NA	AG-426-G09_00169	-5
CACGYT010000002.1	31534	34203	-	AG-426-G09_00165	AG-426-G09	889	OG0000262	K01681	aconitate hydratase [EC:4.2.1.3]	COG1048	AcnA	Aconitase A	AG-426-G09_00169	-4
CACGYT010000002.1	34207	34797	-	AG-426-G09_00166	AG-426-G09	196	OG0000076	K11249	cysteine/O-acetylserine efflux protein	COG1280	RhtB	Threonine/homoserine/homoserine lactone efflux protein	AG-426-G09_00169	-3
CACGYT010000002.1	34801	35142	-	AG-426-G09_00167	AG-426-G09	113	OG0000837	K06878	tRNA-binding protein	COG0073	EMAP	tRNA-binding EMAP/Myf domain	AG-426-G09_00169	-2
CACGYT010000002.1	35166	36344	+	AG-426-G09_00168	AG-426-G09	392	OG0000997	K01438	acetylornithine deacetylase [EC:3.5.1.16]	COG0624	ArgE	Acetylornithine deacetylase/Succinyl-diaminopimelate desuccinylase or related deacylase	AG-426-G09_00169	-1
CACGYT010000002.1	36403	37884	-	AG-426-G09_00169	AG-426-G09	493	OG0000917	K03457	nucleobase:cation symporter-1, NCS1 family	COG1953	FUI1	Cytosine/uracil/thiamine/allantoin permease	AG-426-G09_00169	0
CACGYT010000002.1	38053	39486	-	AG-426-G09_00170	AG-426-G09	477	OG0000047	NA	NA	COG1012	AdhE	Acyl-CoA reductase or other NAD-dependent aldehyde dehydrogenase	AG-426-G09_00169	1
CACGYT010000002.1	39507	40466	-	AG-426-G09_00171	AG-426-G09	319	OG0001053	K25365	guanidinobutyrase / D-arginase [EC:3.5.3.7 3.5.3.10]	COG0010	SpeB	Arginase/agmatinase family enzyme	AG-426-G09_00169	2
CACGYT010000002.1	40519	41250	+	AG-426-G09_00172	AG-426-G09	243	OG0001014	NA	NA	NA	NA	NA	AG-426-G09_00169	3
CACGYT010000002.1	41250	41894	+	AG-426-G09_00173	AG-426-G09	214	OG0001013	NA	NA	COG0652	PpiB	Peptidyl-prolyl cis-trans isomerase (rotamase) - cyclophilin family	AG-426-G09_00169	4
CACGYT010000002.1	41891	44113	-	AG-426-G09_00174	AG-426-G09	740	OG0000071	K07516	3-hydroxyacyl-CoA dehydrogenase [EC:1.1.1.35]	COG1250	FadB	3-hydroxyacyl-CoA dehydrogenase	AG-426-G09_00169	5
CACGYT010000006.1	58814	59368	-	AG-426-G09_00554	AG-426-G09	184	OG0000787	NA	NA	COG2062	SixA	Phosphohistidine phosphatase SixA	AG-426-G09_00559	-5
CACGYT010000006.1	59371	60045	+	AG-426-G09_00555	AG-426-G09	224	OG0001011	K21929	uracil-DNA glycosylase [EC:3.2.2.27]	COG1573	Udg4	Uracil-DNA glycosylase	AG-426-G09_00559	-4
CACGYT010000006.1	60042	60440	-	AG-426-G09_00556	AG-426-G09	132	OG0000808	K07107	acyl-CoA thioester hydrolase [EC:3.1.2.-]	COG0824	FadM	Acyl-CoA thioesterase FadM	AG-426-G09_00559	-3
CACGYT010000006.1	60619	61269	-	AG-426-G09_00557	AG-426-G09	216	OG0000965	NA	NA	NA	NA	NA	AG-426-G09_00559	-2
CACGYT010000006.1	61485	62237	-	AG-426-G09_00558	AG-426-G09	250	OG0001186	K21883	2-dehydro-3-deoxy-L-rhamnonate dehydrogenase (NAD+) [EC:1.1.1.401]	COG1028	FabG	NAD(P)-dependent dehydrogenase, short-chain alcohol dehydrogenase family	AG-426-G09_00559	-1
CACGYT010000006.1	62238	63695	-	AG-426-G09_00559	AG-426-G09	485	OG0000917	K03457	nucleobase:cation symporter-1, NCS1 family	COG1953	FUI1	Cytosine/uracil/thiamine/allantoin permease	AG-426-G09_00559	0
CACGYT010000006.1	63721	65055	-	AG-426-G09_00560	AG-426-G09	444	OG0000987	K11690	C4-dicarboxylate transporter, DctM subunit	COG4664	FcbT3	TRAP-type mannitol/chloroaromatic compound transport system, large permease component	AG-426-G09_00559	1
CACGYT010000006.1	65052	65663	-	AG-426-G09_00561	AG-426-G09	203	OG0000994	NA	NA	COG4665	FcbT2	TRAP-type mannitol/chloroaromatic compound transport system, small permease component	AG-426-G09_00559	2
CACGYT010000006.1	65736	66830	-	AG-426-G09_00562	AG-426-G09	364	OG0000072	NA	NA	COG4663	FcbT1	TRAP-type mannitol/chloroaromatic compound transport system, periplasmic component	AG-426-G09_00559	3
CACGYT010000006.1	66976	68586	+	AG-426-G09_00563	AG-426-G09	536	OG0000054	NA	NA	COG2303	BetA	Choline dehydrogenase or related flavoprotein	AG-426-G09_00559	4
CACGYT010000006.1	68586	69164	+	AG-426-G09_00564	AG-426-G09	192	OG0000922	NA	NA	COG0861	TerC	Tellurite resistance membrane protein TerC	AG-426-G09_00559	5
CACGZG010000008.1	15122	15715	-	AG-426-I10_00833	AG-426-I10	197	OG0000922	NA	NA	COG0861	TerC	Tellurite resistance membrane protein TerC	AG-426-I10_00838	-5
CACGZG010000008.1	15715	17325	-	AG-426-I10_00834	AG-426-I10	536	OG0000054	NA	NA	COG2303	BetA	Choline dehydrogenase or related flavoprotein	AG-426-I10_00838	-4
CACGZG010000008.1	17459	18553	+	AG-426-I10_00835	AG-426-I10	364	OG0000072	NA	NA	COG4663	FcbT1	TRAP-type mannitol/chloroaromatic compound transport system, periplasmic component	AG-426-I10_00838	-3
CACGZG010000008.1	18622	19236	+	AG-426-I10_00836	AG-426-I10	204	OG0000994	NA	NA	COG4665	FcbT2	TRAP-type mannitol/chloroaromatic compound transport system, small permease component	AG-426-I10_00838	-2
CACGZG010000008.1	19233	20567	+	AG-426-I10_00837	AG-426-I10	444	OG0000987	K11690	C4-dicarboxylate transporter, DctM subunit	COG4664	FcbT3	TRAP-type mannitol/chloroaromatic compound transport system, large permease component	AG-426-I10_00838	-1
CACGZG010000008.1	20593	22050	+	AG-426-I10_00838	AG-426-I10	485	OG0000917	K03457	nucleobase:cation symporter-1, NCS1 family	COG1953	FUI1	Cytosine/uracil/thiamine/allantoin permease	AG-426-I10_00838	0
CACGZG010000008.1	22055	22807	+	AG-426-I10_00839	AG-426-I10	250	OG0001186	K21883	2-dehydro-3-deoxy-L-rhamnonate dehydrogenase (NAD+) [EC:1.1.1.401]	COG1028	FabG	NAD(P)-dependent dehydrogenase, short-chain alcohol dehydrogenase family	AG-426-I10_00838	1
CACGZG010000008.1	23029	23679	+	AG-426-I10_00840	AG-426-I10	216	OG0000965	NA	NA	NA	NA	NA	AG-426-I10_00838	2
CACGZG010000008.1	23699	25081	-	AG-426-I10_00841	AG-426-I10	460	OG0001526	K00873	pyruvate kinase [EC:2.7.1.40]	COG0469	PykF	Pyruvate kinase	AG-426-I10_00838	3
CACGZG010000008.1	25078	26076	-	AG-426-I10_00842	AG-426-I10	332	OG0001992	NA	NA	COG2046	MET3	ATP sulfurylase (sulfate adenylyltransferase)	AG-426-I10_00838	4
CACGZG010000008.1	26054	26527	-	AG-426-I10_00843	AG-426-I10	157	OG0000966	NA	NA	COG0529	CysC	Adenylylsulfate kinase or related kinase	AG-426-I10_00838	5
CACPHV010000001.1	127092	127685	-	AG-426-M05_00148	AG-426-M05	197	OG0000922	NA	NA	COG0861	TerC	Tellurite resistance membrane protein TerC	AG-426-M05_00153	-5
CACPHV010000001.1	127685	129280	-	AG-426-M05_00149	AG-426-M05	531	OG0000054	NA	NA	COG2303	BetA	Choline dehydrogenase or related flavoprotein	AG-426-M05_00153	-4
CACPHV010000001.1	129425	130519	+	AG-426-M05_00150	AG-426-M05	364	OG0000072	NA	NA	COG4663	FcbT1	TRAP-type mannitol/chloroaromatic compound transport system, periplasmic component	AG-426-M05_00153	-3
CACPHV010000001.1	130588	131202	+	AG-426-M05_00151	AG-426-M05	204	OG0000994	NA	NA	COG4665	FcbT2	TRAP-type mannitol/chloroaromatic compound transport system, small permease component	AG-426-M05_00153	-2
CACPHV010000001.1	131199	132533	+	AG-426-M05_00152	AG-426-M05	444	OG0000987	K11690	C4-dicarboxylate transporter, DctM subunit	COG4664	FcbT3	TRAP-type mannitol/chloroaromatic compound transport system, large permease component	AG-426-M05_00153	-1
CACPHV010000001.1	132559	134016	+	AG-426-M05_00153	AG-426-M05	485	OG0000917	K03457	nucleobase:cation symporter-1, NCS1 family	COG1953	FUI1	Cytosine/uracil/thiamine/allantoin permease	AG-426-M05_00153	0
CACPHV010000001.1	134022	134768	+	AG-426-M05_00154	AG-426-M05	248	OG0001186	K21883	2-dehydro-3-deoxy-L-rhamnonate dehydrogenase (NAD+) [EC:1.1.1.401]	COG1028	FabG	NAD(P)-dependent dehydrogenase, short-chain alcohol dehydrogenase family	AG-426-M05_00153	1
CACPHV010000001.1	134771	134893	-	AG-426-M05_00155	AG-426-M05	40	OG0001265	NA	NA	NA	NA	NA	AG-426-M05_00153	2
CACPHV010000001.1	134983	135633	+	AG-426-M05_00156	AG-426-M05	216	OG0000965	NA	NA	NA	NA	NA	AG-426-M05_00153	3
CACPHV010000001.1	135634	135774	-	AG-426-M05_00157	AG-426-M05	46	OG0001143	NA	NA	NA	NA	NA	AG-426-M05_00153	4
CACPHV010000001.1	135832	136245	+	AG-426-M05_00158	AG-426-M05	137	OG0000808	K07107	acyl-CoA thioester hydrolase [EC:3.1.2.-]	COG0824	FadM	Acyl-CoA thioesterase FadM	AG-426-M05_00153	5
CACHEQ010000004.1	59958	60536	-	AG-426-M19_00643	AG-426-M19	192	OG0000922	NA	NA	COG0861	TerC	Tellurite resistance membrane protein TerC	AG-426-M19_00648	-5
CACHEQ010000004.1	60533	62137	-	AG-426-M19_00644	AG-426-M19	534	OG0000054	NA	NA	COG2303	BetA	Choline dehydrogenase or related flavoprotein	AG-426-M19_00648	-4
CACHEQ010000004.1	62273	63370	+	AG-426-M19_00645	AG-426-M19	365	OG0000072	NA	NA	COG4663	FcbT1	TRAP-type mannitol/chloroaromatic compound transport system, periplasmic component	AG-426-M19_00648	-3
CACHEQ010000004.1	63424	64029	+	AG-426-M19_00646	AG-426-M19	201	OG0000994	NA	NA	COG4665	FcbT2	TRAP-type mannitol/chloroaromatic compound transport system, small permease component	AG-426-M19_00648	-2
CACHEQ010000004.1	64029	65366	+	AG-426-M19_00647	AG-426-M19	445	OG0000987	K11690	C4-dicarboxylate transporter, DctM subunit	COG4664	FcbT3	TRAP-type mannitol/chloroaromatic compound transport system, large permease component	AG-426-M19_00648	-1
CACHEQ010000004.1	65389	66843	+	AG-426-M19_00648	AG-426-M19	484	OG0000917	K03457	nucleobase:cation symporter-1, NCS1 family	COG1953	FUI1	Cytosine/uracil/thiamine/allantoin permease	AG-426-M19_00648	0
CACHEQ010000004.1	66846	67850	+	AG-426-M19_00649	AG-426-M19	334	OG0000009	NA	NA	COG1063	Tdh	Threonine dehydrogenase or related Zn-dependent dehydrogenase	AG-426-M19_00648	1
CACHEQ010000004.1	68074	68727	+	AG-426-M19_00650	AG-426-M19	217	OG0000965	NA	NA	NA	NA	NA	AG-426-M19_00648	2
CACHEQ010000004.1	68747	69139	+	AG-426-M19_00651	AG-426-M19	130	OG0000808	K07107	acyl-CoA thioester hydrolase [EC:3.1.2.-]	COG0824	FadM	Acyl-CoA thioesterase FadM	AG-426-M19_00648	3
CACHEQ010000004.1	69131	69838	-	AG-426-M19_00652	AG-426-M19	235	OG0001011	K21929	uracil-DNA glycosylase [EC:3.2.2.27]	COG1573	Udg4	Uracil-DNA glycosylase	AG-426-M19_00648	4
CACHEQ010000004.1	69811	70962	-	AG-426-M19_00653	AG-426-M19	383	OG0001325	K00111	glycerol-3-phosphate dehydrogenase [EC:1.1.5.3]	COG0578	GlpA	Glycerol-3-phosphate dehydrogenase	AG-426-M19_00648	5
CACHEF010000001.1	188954	189547	-	AG-426-P08_00207	AG-426-P08	197	OG0000922	NA	NA	COG0861	TerC	Tellurite resistance membrane protein TerC	AG-426-P08_00212	-5
CACHEF010000001.1	189547	191157	-	AG-426-P08_00208	AG-426-P08	536	OG0000054	NA	NA	COG2303	BetA	Choline dehydrogenase or related flavoprotein	AG-426-P08_00212	-4
CACHEF010000001.1	191291	192385	+	AG-426-P08_00209	AG-426-P08	364	OG0000072	NA	NA	COG4663	FcbT1	TRAP-type mannitol/chloroaromatic compound transport system, periplasmic component	AG-426-P08_00212	-3
CACHEF010000001.1	192455	193069	+	AG-426-P08_00210	AG-426-P08	204	OG0000994	NA	NA	COG4665	FcbT2	TRAP-type mannitol/chloroaromatic compound transport system, small permease component	AG-426-P08_00212	-2
CACHEF010000001.1	193066	194400	+	AG-426-P08_00211	AG-426-P08	444	OG0000987	K11690	C4-dicarboxylate transporter, DctM subunit	COG4664	FcbT3	TRAP-type mannitol/chloroaromatic compound transport system, large permease component	AG-426-P08_00212	-1
CACHEF010000001.1	194426	195883	+	AG-426-P08_00212	AG-426-P08	485	OG0000917	K03457	nucleobase:cation symporter-1, NCS1 family	COG1953	FUI1	Cytosine/uracil/thiamine/allantoin permease	AG-426-P08_00212	0
CACHEF010000001.1	195888	196640	+	AG-426-P08_00213	AG-426-P08	250	OG0001186	K21883	2-dehydro-3-deoxy-L-rhamnonate dehydrogenase (NAD+) [EC:1.1.1.401]	COG1028	FabG	NAD(P)-dependent dehydrogenase, short-chain alcohol dehydrogenase family	AG-426-P08_00212	1
CACHEF010000001.1	196858	197508	+	AG-426-P08_00214	AG-426-P08	216	OG0000965	NA	NA	NA	NA	NA	AG-426-P08_00212	2
CACHEF010000001.1	197509	197649	-	AG-426-P08_00215	AG-426-P08	46	OG0001143	NA	NA	NA	NA	NA	AG-426-P08_00212	3
CACHEF010000001.1	197708	198130	+	AG-426-P08_00216	AG-426-P08	140	OG0000808	K07107	acyl-CoA thioester hydrolase [EC:3.1.2.-]	COG0824	FadM	Acyl-CoA thioesterase FadM	AG-426-P08_00212	4
CACHEF010000001.1	198120	198800	-	AG-426-P08_00217	AG-426-P08	226	OG0001011	K21929	uracil-DNA glycosylase [EC:3.2.2.27]	COG1573	Udg4	Uracil-DNA glycosylase	AG-426-P08_00212	5
CACHIV010000001.1	67201	67623	-	AG-430-B09_00072	AG-430-B09	140	OG0000808	K07107	acyl-CoA thioester hydrolase [EC:3.1.2.-]	COG0824	FadM	Acyl-CoA thioesterase FadM	AG-430-B09_00077	-5
CACHIV010000001.1	67681	67821	+	AG-430-B09_00073	AG-430-B09	46	OG0001143	NA	NA	NA	NA	NA	AG-430-B09_00077	-4
CACHIV010000001.1	67822	68469	-	AG-430-B09_00074	AG-430-B09	215	OG0000965	NA	NA	NA	NA	NA	AG-430-B09_00077	-3
CACHIV010000001.1	68499	68693	+	AG-430-B09_00075	AG-430-B09	64	OG0001265	NA	NA	NA	NA	NA	AG-430-B09_00077	-2
CACHIV010000001.1	68690	69436	-	AG-430-B09_00076	AG-430-B09	248	OG0001186	K21883	2-dehydro-3-deoxy-L-rhamnonate dehydrogenase (NAD+) [EC:1.1.1.401]	COG1028	FabG	NAD(P)-dependent dehydrogenase, short-chain alcohol dehydrogenase family	AG-430-B09_00077	-1
CACHIV010000001.1	69441	70898	-	AG-430-B09_00077	AG-430-B09	485	OG0000917	K03457	nucleobase:cation symporter-1, NCS1 family	COG1953	FUI1	Cytosine/uracil/thiamine/allantoin permease	AG-430-B09_00077	0
CACHIV010000001.1	70924	72258	-	AG-430-B09_00078	AG-430-B09	444	OG0000987	K11690	C4-dicarboxylate transporter, DctM subunit	COG4664	FcbT3	TRAP-type mannitol/chloroaromatic compound transport system, large permease component	AG-430-B09_00077	1
CACHIV010000001.1	72255	72869	-	AG-430-B09_00079	AG-430-B09	204	OG0000994	NA	NA	COG4665	FcbT2	TRAP-type mannitol/chloroaromatic compound transport system, small permease component	AG-430-B09_00077	2
CACHIV010000001.1	72941	74011	-	AG-430-B09_00080	AG-430-B09	356	OG0000072	NA	NA	COG4663	FcbT1	TRAP-type mannitol/chloroaromatic compound transport system, periplasmic component	AG-430-B09_00077	3
CACHIV010000001.1	74166	75776	+	AG-430-B09_00081	AG-430-B09	536	OG0000054	NA	NA	COG2303	BetA	Choline dehydrogenase or related flavoprotein	AG-430-B09_00077	4
CACHIV010000001.1	75776	76369	+	AG-430-B09_00082	AG-430-B09	197	OG0000922	NA	NA	COG0861	TerC	Tellurite resistance membrane protein TerC	AG-430-B09_00077	5
CACHIY010000001.1	34161	34841	+	AG-430-E20_00038	AG-430-E20	226	OG0001011	K21929	uracil-DNA glycosylase [EC:3.2.2.27]	COG1573	Udg4	Uracil-DNA glycosylase	AG-430-E20_00043	-5
CACHIY010000001.1	34838	35251	-	AG-430-E20_00039	AG-430-E20	137	OG0000808	K07107	acyl-CoA thioester hydrolase [EC:3.1.2.-]	COG0824	FadM	Acyl-CoA thioesterase FadM	AG-430-E20_00043	-4
CACHIY010000001.1	35310	35450	+	AG-430-E20_00040	AG-430-E20	46	OG0001143	NA	NA	NA	NA	NA	AG-430-E20_00043	-3
CACHIY010000001.1	35447	36097	-	AG-430-E20_00041	AG-430-E20	216	OG0000965	NA	NA	NA	NA	NA	AG-430-E20_00043	-2
CACHIY010000001.1	36310	37056	-	AG-430-E20_00042	AG-430-E20	248	OG0001186	K21883	2-dehydro-3-deoxy-L-rhamnonate dehydrogenase (NAD+) [EC:1.1.1.401]	COG1028	FabG	NAD(P)-dependent dehydrogenase, short-chain alcohol dehydrogenase family	AG-430-E20_00043	-1
CACHIY010000001.1	37062	38519	-	AG-430-E20_00043	AG-430-E20	485	OG0000917	K03457	nucleobase:cation symporter-1, NCS1 family	COG1953	FUI1	Cytosine/uracil/thiamine/allantoin permease	AG-430-E20_00043	0
CACHIY010000001.1	38545	39879	-	AG-430-E20_00044	AG-430-E20	444	OG0000987	K11690	C4-dicarboxylate transporter, DctM subunit	COG4664	FcbT3	TRAP-type mannitol/chloroaromatic compound transport system, large permease component	AG-430-E20_00043	1
CACHIY010000001.1	39876	40490	-	AG-430-E20_00045	AG-430-E20	204	OG0000994	NA	NA	COG4665	FcbT2	TRAP-type mannitol/chloroaromatic compound transport system, small permease component	AG-430-E20_00043	2
CACHIY010000001.1	40566	41660	-	AG-430-E20_00046	AG-430-E20	364	OG0000072	NA	NA	COG4663	FcbT1	TRAP-type mannitol/chloroaromatic compound transport system, periplasmic component	AG-430-E20_00043	3
CACHIY010000001.1	41801	43396	+	AG-430-E20_00047	AG-430-E20	531	OG0000054	NA	NA	COG2303	BetA	Choline dehydrogenase or related flavoprotein	AG-430-E20_00043	4
CACHIY010000001.1	43396	43989	+	AG-430-E20_00048	AG-430-E20	197	OG0000922	NA	NA	COG0861	TerC	Tellurite resistance membrane protein TerC	AG-430-E20_00043	5
CACHLM010000001.1	287492	288070	-	AG-430-F16_00322	AG-430-F16	192	OG0000922	NA	NA	COG0861	TerC	Tellurite resistance membrane protein TerC	AG-430-F16_00327	-5
CACHLM010000001.1	288070	289665	-	AG-430-F16_00323	AG-430-F16	531	OG0000054	NA	NA	COG2303	BetA	Choline dehydrogenase or related flavoprotein	AG-430-F16_00327	-4
CACHLM010000001.1	289808	290899	+	AG-430-F16_00324	AG-430-F16	363	OG0000072	NA	NA	COG4663	FcbT1	TRAP-type mannitol/chloroaromatic compound transport system, periplasmic component	AG-430-F16_00327	-3
CACHLM010000001.1	290966	291580	+	AG-430-F16_00325	AG-430-F16	204	OG0000994	NA	NA	COG4665	FcbT2	TRAP-type mannitol/chloroaromatic compound transport system, small permease component	AG-430-F16_00327	-2
CACHLM010000001.1	291577	292911	+	AG-430-F16_00326	AG-430-F16	444	OG0000987	K11690	C4-dicarboxylate transporter, DctM subunit	COG4664	FcbT3	TRAP-type mannitol/chloroaromatic compound transport system, large permease component	AG-430-F16_00327	-1
CACHLM010000001.1	292936	294393	+	AG-430-F16_00327	AG-430-F16	485	OG0000917	K03457	nucleobase:cation symporter-1, NCS1 family	COG1953	FUI1	Cytosine/uracil/thiamine/allantoin permease	AG-430-F16_00327	0
CACHLM010000001.1	294393	295139	+	AG-430-F16_00328	AG-430-F16	248	OG0001186	K21883	2-dehydro-3-deoxy-L-rhamnonate dehydrogenase (NAD+) [EC:1.1.1.401]	COG1028	FabG	NAD(P)-dependent dehydrogenase, short-chain alcohol dehydrogenase family	AG-430-F16_00327	1
CACHLM010000001.1	295257	295430	-	AG-430-F16_00329	AG-430-F16	57	OG0001436	NA	NA	NA	NA	NA	AG-430-F16_00327	2
CACHLM010000001.1	295570	296220	+	AG-430-F16_00330	AG-430-F16	216	OG0000965	NA	NA	NA	NA	NA	AG-430-F16_00327	3
CACHLM010000001.1	296238	296639	+	AG-430-F16_00331	AG-430-F16	133	OG0000808	K07107	acyl-CoA thioester hydrolase [EC:3.1.2.-]	COG0824	FadM	Acyl-CoA thioesterase FadM	AG-430-F16_00327	4
CACHLM010000001.1	296631	297305	-	AG-430-F16_00332	AG-430-F16	224	OG0001011	K21929	uracil-DNA glycosylase [EC:3.2.2.27]	COG1573	Udg4	Uracil-DNA glycosylase	AG-430-F16_00327	5
CACHSC010000003.1	75807	75962	+	AG-430-G11_00409	AG-430-G11	51	OG0001143	NA	NA	NA	NA	NA	AG-430-G11_00414	-5
CACHSC010000003.1	75963	76604	-	AG-430-G11_00410	AG-430-G11	213	OG0000965	NA	NA	NA	NA	NA	AG-430-G11_00414	-4
CACHSC010000003.1	76715	76921	+	AG-430-G11_00411	AG-430-G11	68	OG0001436	NA	NA	NA	NA	NA	AG-430-G11_00414	-3
CACHSC010000003.1	76918	77046	+	AG-430-G11_00412	AG-430-G11	42	OG0001265	NA	NA	NA	NA	NA	AG-430-G11_00414	-2
CACHSC010000003.1	77036	77779	-	AG-430-G11_00413	AG-430-G11	247	OG0001186	K21883	2-dehydro-3-deoxy-L-rhamnonate dehydrogenase (NAD+) [EC:1.1.1.401]	COG1028	FabG	NAD(P)-dependent dehydrogenase, short-chain alcohol dehydrogenase family	AG-430-G11_00414	-1
CACHSC010000003.1	77779	79236	-	AG-430-G11_00414	AG-430-G11	485	OG0000917	K03457	nucleobase:cation symporter-1, NCS1 family	COG1953	FUI1	Cytosine/uracil/thiamine/allantoin permease	AG-430-G11_00414	0
CACHSC010000003.1	79261	80595	-	AG-430-G11_00415	AG-430-G11	444	OG0000987	K11690	C4-dicarboxylate transporter, DctM subunit	COG4664	FcbT3	TRAP-type mannitol/chloroaromatic compound transport system, large permease component	AG-430-G11_00414	1
CACHSC010000003.1	80592	81206	-	AG-430-G11_00416	AG-430-G11	204	OG0000994	NA	NA	COG4665	FcbT2	TRAP-type mannitol/chloroaromatic compound transport system, small permease component	AG-430-G11_00414	2
CACHSC010000003.1	81276	82367	-	AG-430-G11_00417	AG-430-G11	363	OG0000072	NA	NA	COG4663	FcbT1	TRAP-type mannitol/chloroaromatic compound transport system, periplasmic component	AG-430-G11_00414	3
CACHSC010000003.1	82485	84080	+	AG-430-G11_00418	AG-430-G11	531	OG0000054	NA	NA	COG2303	BetA	Choline dehydrogenase or related flavoprotein	AG-430-G11_00414	4
CACHSC010000003.1	84080	84658	+	AG-430-G11_00419	AG-430-G11	192	OG0000922	NA	NA	COG0861	TerC	Tellurite resistance membrane protein TerC	AG-430-G11_00414	5
CACHRP010000002.1	121010	121150	+	AG-430-I18_00352	AG-430-I18	46	OG0001143	NA	NA	NA	NA	NA	AG-430-I18_00357	-5
CACHRP010000002.1	121151	121792	-	AG-430-I18_00353	AG-430-I18	213	OG0000965	NA	NA	NA	NA	NA	AG-430-I18_00357	-4
CACHRP010000002.1	121900	122106	+	AG-430-I18_00354	AG-430-I18	68	OG0001436	NA	NA	NA	NA	NA	AG-430-I18_00357	-3
CACHRP010000002.1	122103	122231	+	AG-430-I18_00355	AG-430-I18	42	OG0001265	NA	NA	NA	NA	NA	AG-430-I18_00357	-2
CACHRP010000002.1	122221	122964	-	AG-430-I18_00356	AG-430-I18	247	OG0001186	K21883	2-dehydro-3-deoxy-L-rhamnonate dehydrogenase (NAD+) [EC:1.1.1.401]	COG1028	FabG	NAD(P)-dependent dehydrogenase, short-chain alcohol dehydrogenase family	AG-430-I18_00357	-1
CACHRP010000002.1	122957	124420	-	AG-430-I18_00357	AG-430-I18	487	OG0000917	K03457	nucleobase:cation symporter-1, NCS1 family	COG1953	FUI1	Cytosine/uracil/thiamine/allantoin permease	AG-430-I18_00357	0
CACHRP010000002.1	124445	125779	-	AG-430-I18_00358	AG-430-I18	444	OG0000987	K11690	C4-dicarboxylate transporter, DctM subunit	COG4664	FcbT3	TRAP-type mannitol/chloroaromatic compound transport system, large permease component	AG-430-I18_00357	1
CACHRP010000002.1	125776	126390	-	AG-430-I18_00359	AG-430-I18	204	OG0000994	NA	NA	COG4665	FcbT2	TRAP-type mannitol/chloroaromatic compound transport system, small permease component	AG-430-I18_00357	2
CACHRP010000002.1	126458	127549	-	AG-430-I18_00360	AG-430-I18	363	OG0000072	NA	NA	COG4663	FcbT1	TRAP-type mannitol/chloroaromatic compound transport system, periplasmic component	AG-430-I18_00357	3
CACHRP010000002.1	127659	129254	+	AG-430-I18_00361	AG-430-I18	531	OG0000054	NA	NA	COG2303	BetA	Choline dehydrogenase or related flavoprotein	AG-430-I18_00357	4
CACHRP010000002.1	129254	129832	+	AG-430-I18_00362	AG-430-I18	192	OG0000922	NA	NA	COG0861	TerC	Tellurite resistance membrane protein TerC	AG-430-I18_00357	5
CACHQX010000002.1	50595	51269	+	AG-430-J04_00325	AG-430-J04	224	OG0001011	K21929	uracil-DNA glycosylase [EC:3.2.2.27]	COG1573	Udg4	Uracil-DNA glycosylase	AG-430-J04_00330	-5
CACHQX010000002.1	51261	51662	-	AG-430-J04_00326	AG-430-J04	133	OG0000808	K07107	acyl-CoA thioester hydrolase [EC:3.1.2.-]	COG0824	FadM	Acyl-CoA thioesterase FadM	AG-430-J04_00330	-4
CACHQX010000002.1	51680	52339	-	AG-430-J04_00327	AG-430-J04	219	OG0000965	NA	NA	NA	NA	NA	AG-430-J04_00330	-3
CACHQX010000002.1	52472	52645	+	AG-430-J04_00328	AG-430-J04	57	OG0001436	NA	NA	NA	NA	NA	AG-430-J04_00330	-2
CACHQX010000002.1	52763	53509	-	AG-430-J04_00329	AG-430-J04	248	OG0001186	K21883	2-dehydro-3-deoxy-L-rhamnonate dehydrogenase (NAD+) [EC:1.1.1.401]	COG1028	FabG	NAD(P)-dependent dehydrogenase, short-chain alcohol dehydrogenase family	AG-430-J04_00330	-1
CACHQX010000002.1	53509	54966	-	AG-430-J04_00330	AG-430-J04	485	OG0000917	K03457	nucleobase:cation symporter-1, NCS1 family	COG1953	FUI1	Cytosine/uracil/thiamine/allantoin permease	AG-430-J04_00330	0
CACHQX010000002.1	54991	56325	-	AG-430-J04_00331	AG-430-J04	444	OG0000987	K11690	C4-dicarboxylate transporter, DctM subunit	COG4664	FcbT3	TRAP-type mannitol/chloroaromatic compound transport system, large permease component	AG-430-J04_00330	1
CACHQX010000002.1	56322	56936	-	AG-430-J04_00332	AG-430-J04	204	OG0000994	NA	NA	COG4665	FcbT2	TRAP-type mannitol/chloroaromatic compound transport system, small permease component	AG-430-J04_00330	2
CACHQX010000002.1	57003	58094	-	AG-430-J04_00333	AG-430-J04	363	OG0000072	NA	NA	COG4663	FcbT1	TRAP-type mannitol/chloroaromatic compound transport system, periplasmic component	AG-430-J04_00330	3
CACHQX010000002.1	58237	59832	+	AG-430-J04_00334	AG-430-J04	531	OG0000054	NA	NA	COG2303	BetA	Choline dehydrogenase or related flavoprotein	AG-430-J04_00330	4
CACHQX010000002.1	59833	60411	+	AG-430-J04_00335	AG-430-J04	192	OG0000922	NA	NA	COG0861	TerC	Tellurite resistance membrane protein TerC	AG-430-J04_00330	5
CACPHT010000006.1	46672	47226	-	AG-430-J21_00621	AG-430-J21	184	OG0000787	NA	NA	COG2062	SixA	Phosphohistidine phosphatase SixA	AG-430-J21_00626	-5
CACPHT010000006.1	47229	47903	+	AG-430-J21_00622	AG-430-J21	224	OG0001011	K21929	uracil-DNA glycosylase [EC:3.2.2.27]	COG1573	Udg4	Uracil-DNA glycosylase	AG-430-J21_00626	-4
CACPHT010000006.1	47900	48298	-	AG-430-J21_00623	AG-430-J21	132	OG0000808	K07107	acyl-CoA thioester hydrolase [EC:3.1.2.-]	COG0824	FadM	Acyl-CoA thioesterase FadM	AG-430-J21_00626	-3
CACPHT010000006.1	48477	49139	-	AG-430-J21_00624	AG-430-J21	220	OG0000965	NA	NA	NA	NA	NA	AG-430-J21_00626	-2
CACPHT010000006.1	49355	50101	-	AG-430-J21_00625	AG-430-J21	248	OG0001186	K21883	2-dehydro-3-deoxy-L-rhamnonate dehydrogenase (NAD+) [EC:1.1.1.401]	COG1028	FabG	NAD(P)-dependent dehydrogenase, short-chain alcohol dehydrogenase family	AG-430-J21_00626	-1
CACPHT010000006.1	50108	51565	-	AG-430-J21_00626	AG-430-J21	485	OG0000917	K03457	nucleobase:cation symporter-1, NCS1 family	COG1953	FUI1	Cytosine/uracil/thiamine/allantoin permease	AG-430-J21_00626	0
CACPHT010000006.1	51590	52924	-	AG-430-J21_00627	AG-430-J21	444	OG0000987	K11690	C4-dicarboxylate transporter, DctM subunit	COG4664	FcbT3	TRAP-type mannitol/chloroaromatic compound transport system, large permease component	AG-430-J21_00626	1
CACPHT010000006.1	52921	53532	-	AG-430-J21_00628	AG-430-J21	203	OG0000994	NA	NA	COG4665	FcbT2	TRAP-type mannitol/chloroaromatic compound transport system, small permease component	AG-430-J21_00626	2
CACPHT010000006.1	53588	54682	-	AG-430-J21_00629	AG-430-J21	364	OG0000072	NA	NA	COG4663	FcbT1	TRAP-type mannitol/chloroaromatic compound transport system, periplasmic component	AG-430-J21_00626	3
CACPHT010000006.1	54819	56438	+	AG-430-J21_00630	AG-430-J21	539	OG0000054	NA	NA	COG2303	BetA	Choline dehydrogenase or related flavoprotein	AG-430-J21_00626	4
CACPHT010000006.1	56435	57010	+	AG-430-J21_00631	AG-430-J21	191	OG0000922	NA	NA	COG0861	TerC	Tellurite resistance membrane protein TerC	AG-430-J21_00626	5
CACHVT010000020.1	8482	9276	-	AG-430-K07_01035	AG-430-K07	264	OG0000498	NA	NA	COG0739	NlpD	Murein endopeptidase or hydrolase activator MepM/NlpD, contains LysM domain	AG-430-K07_01040	-5
CACHVT010000020.1	9261	10028	-	AG-430-K07_01036	AG-430-K07	255	OG0000007	K03331	L-xylulose reductase [EC:1.1.1.10]	COG1028	FabG	NAD(P)-dependent dehydrogenase, short-chain alcohol dehydrogenase family	AG-430-K07_01040	-4
CACHVT010000020.1	10030	10608	-	AG-430-K07_01037	AG-430-K07	192	OG0000922	NA	NA	COG0861	TerC	Tellurite resistance membrane protein TerC	AG-430-K07_01040	-3
CACHVT010000020.1	10608	10733	-	AG-430-K07_01038	AG-430-K07	41	OG0000054	NA	NA	COG2303	BetA	Choline dehydrogenase or related flavoprotein	AG-430-K07_01040	-2
CACHVT010000020.1	10806	10913	-	AG-430-K07_01039	AG-430-K07	35	OG0000054	NA	NA	NA	NA	NA	AG-430-K07_01040	-1
CACHVT010000020.1	11088	12545	+	AG-430-K07_01040	AG-430-K07	485	OG0000917	K03457	nucleobase:cation symporter-1, NCS1 family	COG1953	FUI1	Cytosine/uracil/thiamine/allantoin permease	AG-430-K07_01040	0
CACHVT010000020.1	12902	13111	-	AG-430-K07_01041	AG-430-K07	69	OG0001436	NA	NA	NA	NA	NA	AG-430-K07_01040	1
CACHVT010000020.1	13193	13861	+	AG-430-K07_01042	AG-430-K07	222	OG0000965	NA	NA	NA	NA	NA	AG-430-K07_01040	2
CACHVT010000020.1	13862	14002	-	AG-430-K07_01043	AG-430-K07	46	OG0001143	NA	NA	NA	NA	NA	AG-430-K07_01040	3
CACHVT010000020.1	14040	14399	+	AG-430-K07_01044	AG-430-K07	119	OG0000808	K07107	acyl-CoA thioester hydrolase [EC:3.1.2.-]	COG0824	FadM	Acyl-CoA thioesterase FadM	AG-430-K07_01040	4
CACHVT010000020.1	14436	15098	-	AG-430-K07_01045	AG-430-K07	220	OG0001011	K21929	uracil-DNA glycosylase [EC:3.2.2.27]	COG1573	Udg4	Uracil-DNA glycosylase	AG-430-K07_01040	5
CACPJJ010000001.1	16639	17214	-	AG-439-B12_00020	AG-439-B12	191	OG0000922	NA	NA	COG0861	TerC	Tellurite resistance membrane protein TerC	AG-439-B12_00025	-5
CACPJJ010000001.1	17211	18815	-	AG-439-B12_00021	AG-439-B12	534	OG0000054	NA	NA	COG2303	BetA	Choline dehydrogenase or related flavoprotein	AG-439-B12_00025	-4
CACPJJ010000001.1	18951	20045	+	AG-439-B12_00022	AG-439-B12	364	OG0000072	NA	NA	COG4663	FcbT1	TRAP-type mannitol/chloroaromatic compound transport system, periplasmic component	AG-439-B12_00025	-3
CACPJJ010000001.1	20128	20739	+	AG-439-B12_00023	AG-439-B12	203	OG0000994	NA	NA	COG4665	FcbT2	TRAP-type mannitol/chloroaromatic compound transport system, small permease component	AG-439-B12_00025	-2
CACPJJ010000001.1	20736	22070	+	AG-439-B12_00024	AG-439-B12	444	OG0000987	K11690	C4-dicarboxylate transporter, DctM subunit	COG4664	FcbT3	TRAP-type mannitol/chloroaromatic compound transport system, large permease component	AG-439-B12_00025	-1
CACPJJ010000001.1	22095	23552	+	AG-439-B12_00025	AG-439-B12	485	OG0000917	K03457	nucleobase:cation symporter-1, NCS1 family	COG1953	FUI1	Cytosine/uracil/thiamine/allantoin permease	AG-439-B12_00025	0
CACPJJ010000001.1	23558	24304	+	AG-439-B12_00026	AG-439-B12	248	OG0001186	K21883	2-dehydro-3-deoxy-L-rhamnonate dehydrogenase (NAD+) [EC:1.1.1.401]	COG1028	FabG	NAD(P)-dependent dehydrogenase, short-chain alcohol dehydrogenase family	AG-439-B12_00025	1
CACPJJ010000001.1	24318	24971	+	AG-439-B12_00027	AG-439-B12	217	OG0000965	NA	NA	NA	NA	NA	AG-439-B12_00025	2
CACPJJ010000001.1	24972	25112	-	AG-439-B12_00028	AG-439-B12	46	OG0001143	NA	NA	NA	NA	NA	AG-439-B12_00025	3
CACPJJ010000001.1	25129	25815	-	AG-439-B12_00029	AG-439-B12	228	OG0001011	K21929	uracil-DNA glycosylase [EC:3.2.2.27]	COG1573	Udg4	Uracil-DNA glycosylase	AG-439-B12_00025	4
CACPJJ010000001.1	25819	26067	-	AG-439-B12_00030	AG-439-B12	82	OG0000990	K06938	uncharacterized protein	COG3313	YdhL	Predicted Fe-S protein YdhL, DUF1289 family	AG-439-B12_00025	5
CACPJJ010000034.1	243	332	+	AG-439-B12_01193	AG-439-B12	29	OG0001450	NA	NA	COG4266	Alc	Allantoicase	AG-439-B12_01195	-2
CACPJJ010000034.1	329	826	+	AG-439-B12_01194	AG-439-B12	165	OG0001453	K01483	ureidoglycolate lyase [EC:4.3.2.3]	COG3194	AllA	Ureidoglycolate hydrolase (allantoin degradation)	AG-439-B12_01195	-1
CACPJJ010000034.1	872	2326	-	AG-439-B12_01195	AG-439-B12	484	OG0000917	K03457	nucleobase:cation symporter-1, NCS1 family	COG1953	FUI1	Cytosine/uracil/thiamine/allantoin permease	AG-439-B12_01195	0
CACPJJ010000034.1	2467	3351	-	AG-439-B12_01196	AG-439-B12	294	OG0000047	NA	NA	COG1012	AdhE	Acyl-CoA reductase or other NAD-dependent aldehyde dehydrogenase	AG-439-B12_01195	1
CACIRD010000004.1	170420	170815	-	AG-439-C18_00909	AG-439-C18	131	OG0000808	K07107	acyl-CoA thioester hydrolase [EC:3.1.2.-]	COG0824	FadM	Acyl-CoA thioesterase FadM	AG-439-C18_00914	-5
CACIRD010000004.1	170874	171014	+	AG-439-C18_00910	AG-439-C18	46	OG0001143	NA	NA	NA	NA	NA	AG-439-C18_00914	-4
CACIRD010000004.1	171015	171656	-	AG-439-C18_00911	AG-439-C18	213	OG0000965	NA	NA	NA	NA	NA	AG-439-C18_00914	-3
CACIRD010000004.1	171766	171972	+	AG-439-C18_00912	AG-439-C18	68	OG0001436	NA	NA	NA	NA	NA	AG-439-C18_00914	-2
CACIRD010000004.1	172090	172836	-	AG-439-C18_00913	AG-439-C18	248	OG0001186	K21883	2-dehydro-3-deoxy-L-rhamnonate dehydrogenase (NAD+) [EC:1.1.1.401]	COG1028	FabG	NAD(P)-dependent dehydrogenase, short-chain alcohol dehydrogenase family	AG-439-C18_00914	-1
CACIRD010000004.1	172833	174293	-	AG-439-C18_00914	AG-439-C18	486	OG0000917	K03457	nucleobase:cation symporter-1, NCS1 family	COG1953	FUI1	Cytosine/uracil/thiamine/allantoin permease	AG-439-C18_00914	0
CACIRD010000004.1	174318	175652	-	AG-439-C18_00915	AG-439-C18	444	OG0000987	K11690	C4-dicarboxylate transporter, DctM subunit	COG4664	FcbT3	TRAP-type mannitol/chloroaromatic compound transport system, large permease component	AG-439-C18_00914	1
CACIRD010000004.1	175649	176263	-	AG-439-C18_00916	AG-439-C18	204	OG0000994	NA	NA	COG4665	FcbT2	TRAP-type mannitol/chloroaromatic compound transport system, small permease component	AG-439-C18_00914	2
CACIRD010000004.1	176335	177426	-	AG-439-C18_00917	AG-439-C18	363	OG0000072	NA	NA	COG4663	FcbT1	TRAP-type mannitol/chloroaromatic compound transport system, periplasmic component	AG-439-C18_00914	3
CACIRD010000004.1	177574	179193	+	AG-439-C18_00918	AG-439-C18	539	OG0000054	NA	NA	COG2303	BetA	Choline dehydrogenase or related flavoprotein	AG-439-C18_00914	4
CACIRD010000004.1	179190	179765	+	AG-439-C18_00919	AG-439-C18	191	OG0000922	NA	NA	COG0861	TerC	Tellurite resistance membrane protein TerC	AG-439-C18_00914	5
CACIUK010000011.1	12451	13113	+	AG-439-E23_00872	AG-439-E23	220	OG0000101	K02029	polar amino acid transport system permease protein	COG0765	HisM	ABC-type amino acid transport system, permease component	AG-439-E23_00877	-5
CACIUK010000011.1	13126	13803	+	AG-439-E23_00873	AG-439-E23	225	OG0000101	K02029	polar amino acid transport system permease protein	COG0765	HisM	ABC-type amino acid transport system, permease component	AG-439-E23_00877	-4
CACIUK010000011.1	13803	14591	+	AG-439-E23_00874	AG-439-E23	262	OG0000112	K02028	polar amino acid transport system ATP-binding protein [EC:7.4.2.1]	COG1126	GlnQ	ABC-type polar amino acid transport system, ATPase component	AG-439-E23_00877	-3
CACIUK010000011.1	14623	15582	+	AG-439-E23_00875	AG-439-E23	319	OG0001053	K25365	guanidinobutyrase / D-arginase [EC:3.5.3.7 3.5.3.10]	COG0010	SpeB	Arginase/agmatinase family enzyme	AG-439-E23_00877	-2
CACIUK010000011.1	15597	17030	+	AG-439-E23_00876	AG-439-E23	477	OG0000047	NA	NA	COG1012	AdhE	Acyl-CoA reductase or other NAD-dependent aldehyde dehydrogenase	AG-439-E23_00877	-1
CACIUK010000011.1	17169	18623	+	AG-439-E23_00877	AG-439-E23	484	OG0000917	K03457	nucleobase:cation symporter-1, NCS1 family	COG1953	FUI1	Cytosine/uracil/thiamine/allantoin permease	AG-439-E23_00877	0
CACIUK010000011.1	18669	19166	-	AG-439-E23_00878	AG-439-E23	165	OG0001453	K01483	ureidoglycolate lyase [EC:4.3.2.3]	COG3194	AllA	Ureidoglycolate hydrolase (allantoin degradation)	AG-439-E23_00877	1
CACIUK010000011.1	19163	20155	-	AG-439-E23_00879	AG-439-E23	330	OG0001450	K01477	allantoicase [EC:3.5.3.4]	COG4266	Alc	Allantoicase	AG-439-E23_00877	2
CACIUK010000011.1	20163	21065	-	AG-439-E23_00880	AG-439-E23	300	OG0001445	K16842	allantoinase [EC:3.5.2.5]	COG0726	PgaB	Peptidoglycan/xylan/chitin deacetylase, PgdA/NodB/CDA1 family	AG-439-E23_00877	3
CACIUK010000011.1	21070	22260	-	AG-439-E23_00881	AG-439-E23	396	OG0000997	K01438	acetylornithine deacetylase [EC:3.5.1.16]	COG0624	ArgE	Acetylornithine deacetylase/Succinyl-diaminopimelate desuccinylase or related deacylase	AG-439-E23_00877	4
CACIUK010000011.1	22288	22629	+	AG-439-E23_00882	AG-439-E23	113	OG0000837	K06878	tRNA-binding protein	COG0073	EMAP	tRNA-binding EMAP/Myf domain	AG-439-E23_00877	5
CACISU010000001.1	91850	92425	-	AG-439-G19_00112	AG-439-G19	191	OG0000922	NA	NA	COG0861	TerC	Tellurite resistance membrane protein TerC	AG-439-G19_00117	-5
CACISU010000001.1	92422	94026	-	AG-439-G19_00113	AG-439-G19	534	OG0000054	NA	NA	COG2303	BetA	Choline dehydrogenase or related flavoprotein	AG-439-G19_00117	-4
CACISU010000001.1	94172	95266	+	AG-439-G19_00114	AG-439-G19	364	OG0000072	NA	NA	COG4663	FcbT1	TRAP-type mannitol/chloroaromatic compound transport system, periplasmic component	AG-439-G19_00117	-3
CACISU010000001.1	95331	95945	+	AG-439-G19_00115	AG-439-G19	204	OG0000994	NA	NA	COG4665	FcbT2	TRAP-type mannitol/chloroaromatic compound transport system, small permease component	AG-439-G19_00117	-2
CACISU010000001.1	95942	97276	+	AG-439-G19_00116	AG-439-G19	444	OG0000987	K11690	C4-dicarboxylate transporter, DctM subunit	COG4664	FcbT3	TRAP-type mannitol/chloroaromatic compound transport system, large permease component	AG-439-G19_00117	-1
CACISU010000001.1	97301	98758	+	AG-439-G19_00117	AG-439-G19	485	OG0000917	K03457	nucleobase:cation symporter-1, NCS1 family	COG1953	FUI1	Cytosine/uracil/thiamine/allantoin permease	AG-439-G19_00117	0
CACISU010000001.1	98758	99762	+	AG-439-G19_00118	AG-439-G19	334	OG0000009	NA	NA	COG1063	Tdh	Threonine dehydrogenase or related Zn-dependent dehydrogenase	AG-439-G19_00117	1
CACISU010000001.1	100000	100644	+	AG-439-G19_00119	AG-439-G19	214	OG0000965	NA	NA	NA	NA	NA	AG-439-G19_00117	2
CACISU010000001.1	100645	100785	-	AG-439-G19_00120	AG-439-G19	46	OG0001143	NA	NA	NA	NA	NA	AG-439-G19_00117	3
CACISU010000001.1	100831	101226	+	AG-439-G19_00121	AG-439-G19	131	OG0000808	K07107	acyl-CoA thioester hydrolase [EC:3.1.2.-]	COG0824	FadM	Acyl-CoA thioesterase FadM	AG-439-G19_00117	4
CACISU010000001.1	101232	101906	-	AG-439-G19_00122	AG-439-G19	224	OG0001011	K21929	uracil-DNA glycosylase [EC:3.2.2.27]	COG1573	Udg4	Uracil-DNA glycosylase	AG-439-G19_00117	5
CACPLW010000005.1	21332	22006	+	AG-439-O15_00518	AG-439-O15	224	OG0001011	K21929	uracil-DNA glycosylase [EC:3.2.2.27]	COG1573	Udg4	Uracil-DNA glycosylase	AG-439-O15_00523	-5
CACPLW010000005.1	22014	22154	+	AG-439-O15_00519	AG-439-O15	46	OG0001143	NA	NA	NA	NA	NA	AG-439-O15_00523	-4
CACPLW010000005.1	22155	22805	-	AG-439-O15_00520	AG-439-O15	216	OG0000965	NA	NA	NA	NA	NA	AG-439-O15_00523	-3
CACPLW010000005.1	22937	23032	+	AG-439-O15_00521	AG-439-O15	31	OG0001265	NA	NA	NA	NA	NA	AG-439-O15_00523	-2
CACPLW010000005.1	23016	24020	-	AG-439-O15_00522	AG-439-O15	334	OG0000009	NA	NA	COG1063	Tdh	Threonine dehydrogenase or related Zn-dependent dehydrogenase	AG-439-O15_00523	-1
CACPLW010000005.1	24022	25479	-	AG-439-O15_00523	AG-439-O15	485	OG0000917	K03457	nucleobase:cation symporter-1, NCS1 family	COG1953	FUI1	Cytosine/uracil/thiamine/allantoin permease	AG-439-O15_00523	0
CACPLW010000005.1	25505	26839	-	AG-439-O15_00524	AG-439-O15	444	OG0000987	K11690	C4-dicarboxylate transporter, DctM subunit	COG4664	FcbT3	TRAP-type mannitol/chloroaromatic compound transport system, large permease component	AG-439-O15_00523	1
CACPLW010000005.1	26836	27447	-	AG-439-O15_00525	AG-439-O15	203	OG0000994	NA	NA	COG4665	FcbT2	TRAP-type mannitol/chloroaromatic compound transport system, small permease component	AG-439-O15_00523	2
CACPLW010000005.1	27519	28613	-	AG-439-O15_00526	AG-439-O15	364	OG0000072	NA	NA	COG4663	FcbT1	TRAP-type mannitol/chloroaromatic compound transport system, periplasmic component	AG-439-O15_00523	3
CACPLW010000005.1	28758	30368	+	AG-439-O15_00527	AG-439-O15	536	OG0000054	NA	NA	COG2303	BetA	Choline dehydrogenase or related flavoprotein	AG-439-O15_00523	4
CACPLW010000005.1	30368	30946	+	AG-439-O15_00528	AG-439-O15	192	OG0000922	NA	NA	COG0861	TerC	Tellurite resistance membrane protein TerC	AG-439-O15_00523	5
CACPLW010000030.1	138	710	+	AG-439-O15_01154	AG-439-O15	190	OG0000047	NA	NA	COG1012	AdhE	Acyl-CoA reductase or other NAD-dependent aldehyde dehydrogenase	AG-439-O15_01155	-1
CACPLW010000030.1	816	2297	+	AG-439-O15_01155	AG-439-O15	493	OG0000917	K03457	nucleobase:cation symporter-1, NCS1 family	COG1953	FUI1	Cytosine/uracil/thiamine/allantoin permease	AG-439-O15_01155	0
CACPLW010000030.1	2359	3537	-	AG-439-O15_01156	AG-439-O15	392	OG0000997	K01438	acetylornithine deacetylase [EC:3.5.1.16]	COG0624	ArgE	Acetylornithine deacetylase/Succinyl-diaminopimelate desuccinylase or related deacylase	AG-439-O15_01155	1
CACPLW010000030.1	3561	3902	+	AG-439-O15_01157	AG-439-O15	113	OG0000837	K06878	tRNA-binding protein	COG0073	EMAP	tRNA-binding EMAP/Myf domain	AG-439-O15_01155	2
CACJDV010000002.1	80041	80463	-	AG-447-B22_00358	AG-447-B22	140	OG0000808	K07107	acyl-CoA thioester hydrolase [EC:3.1.2.-]	COG0824	FadM	Acyl-CoA thioesterase FadM	AG-447-B22_00363	-5
CACJDV010000002.1	80521	80661	+	AG-447-B22_00359	AG-447-B22	46	OG0001143	NA	NA	NA	NA	NA	AG-447-B22_00363	-4
CACJDV010000002.1	80662	81312	-	AG-447-B22_00360	AG-447-B22	216	OG0000965	NA	NA	NA	NA	NA	AG-447-B22_00363	-3
CACJDV010000002.1	81395	81532	+	AG-447-B22_00361	AG-447-B22	45	OG0001265	NA	NA	NA	NA	NA	AG-447-B22_00363	-2
CACJDV010000002.1	81529	82281	-	AG-447-B22_00362	AG-447-B22	250	OG0001186	K21883	2-dehydro-3-deoxy-L-rhamnonate dehydrogenase (NAD+) [EC:1.1.1.401]	COG1028	FabG	NAD(P)-dependent dehydrogenase, short-chain alcohol dehydrogenase family	AG-447-B22_00363	-1
CACJDV010000002.1	82286	83743	-	AG-447-B22_00363	AG-447-B22	485	OG0000917	K03457	nucleobase:cation symporter-1, NCS1 family	COG1953	FUI1	Cytosine/uracil/thiamine/allantoin permease	AG-447-B22_00363	0
CACJDV010000002.1	83769	85103	-	AG-447-B22_00364	AG-447-B22	444	OG0000987	K11690	C4-dicarboxylate transporter, DctM subunit	COG4664	FcbT3	TRAP-type mannitol/chloroaromatic compound transport system, large permease component	AG-447-B22_00363	1
CACJDV010000002.1	85100	85714	-	AG-447-B22_00365	AG-447-B22	204	OG0000994	NA	NA	COG4665	FcbT2	TRAP-type mannitol/chloroaromatic compound transport system, small permease component	AG-447-B22_00363	2
CACJDV010000002.1	85784	86878	-	AG-447-B22_00366	AG-447-B22	364	OG0000072	NA	NA	COG4663	FcbT1	TRAP-type mannitol/chloroaromatic compound transport system, periplasmic component	AG-447-B22_00363	3
CACJDV010000002.1	87012	88607	+	AG-447-B22_00367	AG-447-B22	531	OG0000054	NA	NA	COG2303	BetA	Choline dehydrogenase or related flavoprotein	AG-447-B22_00363	4
CACJEG010000002.1	141592	142005	-	AG-447-C08_00527	AG-447-C08	137	OG0000808	K07107	acyl-CoA thioester hydrolase [EC:3.1.2.-]	COG0824	FadM	Acyl-CoA thioesterase FadM	AG-447-C08_00532	-5
CACJEG010000002.1	142063	142203	+	AG-447-C08_00528	AG-447-C08	46	OG0001143	NA	NA	NA	NA	NA	AG-447-C08_00532	-4
CACJEG010000002.1	142204	142854	-	AG-447-C08_00529	AG-447-C08	216	OG0000965	NA	NA	NA	NA	NA	AG-447-C08_00532	-3
CACJEG010000002.1	142944	143066	+	AG-447-C08_00530	AG-447-C08	40	OG0001265	NA	NA	NA	NA	NA	AG-447-C08_00532	-2
CACJEG010000002.1	143069	143815	-	AG-447-C08_00531	AG-447-C08	248	OG0001186	K21883	2-dehydro-3-deoxy-L-rhamnonate dehydrogenase (NAD+) [EC:1.1.1.401]	COG1028	FabG	NAD(P)-dependent dehydrogenase, short-chain alcohol dehydrogenase family	AG-447-C08_00532	-1
CACJEG010000002.1	143821	145278	-	AG-447-C08_00532	AG-447-C08	485	OG0000917	K03457	nucleobase:cation symporter-1, NCS1 family	COG1953	FUI1	Cytosine/uracil/thiamine/allantoin permease	AG-447-C08_00532	0
CACJEG010000002.1	145304	146638	-	AG-447-C08_00533	AG-447-C08	444	OG0000987	K11690	C4-dicarboxylate transporter, DctM subunit	COG4664	FcbT3	TRAP-type mannitol/chloroaromatic compound transport system, large permease component	AG-447-C08_00532	1
CACJEG010000002.1	146635	147249	-	AG-447-C08_00534	AG-447-C08	204	OG0000994	NA	NA	COG4665	FcbT2	TRAP-type mannitol/chloroaromatic compound transport system, small permease component	AG-447-C08_00532	2
CACJEG010000002.1	147315	148409	-	AG-447-C08_00535	AG-447-C08	364	OG0000072	NA	NA	COG4663	FcbT1	TRAP-type mannitol/chloroaromatic compound transport system, periplasmic component	AG-447-C08_00532	3
CACJEG010000002.1	148549	150159	+	AG-447-C08_00536	AG-447-C08	536	OG0000054	NA	NA	COG2303	BetA	Choline dehydrogenase or related flavoprotein	AG-447-C08_00532	4
CACJEG010000002.1	150159	150752	+	AG-447-C08_00537	AG-447-C08	197	OG0000922	NA	NA	COG0861	TerC	Tellurite resistance membrane protein TerC	AG-447-C08_00532	5
CACJIJ010000004.1	155	790	+	AG-447-E19_00236	AG-447-E19	211	OG0000917	NA	NA	COG1953	FUI1	Cytosine/uracil/thiamine/allantoin permease	AG-447-E19_00236	0
CACJIJ010000004.1	796	1542	+	AG-447-E19_00237	AG-447-E19	248	OG0001186	K21883	2-dehydro-3-deoxy-L-rhamnonate dehydrogenase (NAD+) [EC:1.1.1.401]	COG1028	FabG	NAD(P)-dependent dehydrogenase, short-chain alcohol dehydrogenase family	AG-447-E19_00236	1
CACJIJ010000004.1	1545	1667	-	AG-447-E19_00238	AG-447-E19	40	OG0001265	NA	NA	NA	NA	NA	AG-447-E19_00236	2
CACJIJ010000004.1	1757	2407	+	AG-447-E19_00239	AG-447-E19	216	OG0000965	NA	NA	NA	NA	NA	AG-447-E19_00236	3
CACJIJ010000004.1	2411	2548	-	AG-447-E19_00240	AG-447-E19	45	OG0001143	NA	NA	NA	NA	NA	AG-447-E19_00236	4
CACJIJ010000004.1	2606	3019	+	AG-447-E19_00241	AG-447-E19	137	OG0000808	K07107	acyl-CoA thioester hydrolase [EC:3.1.2.-]	COG0824	FadM	Acyl-CoA thioesterase FadM	AG-447-E19_00236	5
CACJJV010000011.1	1296	1889	-	AG-447-F10_00932	AG-447-F10	197	OG0000922	NA	NA	COG0861	TerC	Tellurite resistance membrane protein TerC	AG-447-F10_00937	-5
CACJJV010000011.1	1889	3484	-	AG-447-F10_00933	AG-447-F10	531	OG0000054	NA	NA	COG2303	BetA	Choline dehydrogenase or related flavoprotein	AG-447-F10_00937	-4
CACJJV010000011.1	3618	4712	+	AG-447-F10_00934	AG-447-F10	364	OG0000072	NA	NA	COG4663	FcbT1	TRAP-type mannitol/chloroaromatic compound transport system, periplasmic component	AG-447-F10_00937	-3
CACJJV010000011.1	4782	5399	+	AG-447-F10_00935	AG-447-F10	205	OG0000994	NA	NA	COG4665	FcbT2	TRAP-type mannitol/chloroaromatic compound transport system, small permease component	AG-447-F10_00937	-2
CACJJV010000011.1	5399	6733	+	AG-447-F10_00936	AG-447-F10	444	OG0000987	K11690	C4-dicarboxylate transporter, DctM subunit	COG4664	FcbT3	TRAP-type mannitol/chloroaromatic compound transport system, large permease component	AG-447-F10_00937	-1
CACJJV010000011.1	6759	8216	+	AG-447-F10_00937	AG-447-F10	485	OG0000917	K03457	nucleobase:cation symporter-1, NCS1 family	COG1953	FUI1	Cytosine/uracil/thiamine/allantoin permease	AG-447-F10_00937	0
CACJJV010000011.1	8221	8973	+	AG-447-F10_00938	AG-447-F10	250	OG0001186	K21883	2-dehydro-3-deoxy-L-rhamnonate dehydrogenase (NAD+) [EC:1.1.1.401]	COG1028	FabG	NAD(P)-dependent dehydrogenase, short-chain alcohol dehydrogenase family	AG-447-F10_00937	1
CACJJV010000011.1	9191	9841	+	AG-447-F10_00939	AG-447-F10	216	OG0000965	NA	NA	NA	NA	NA	AG-447-F10_00937	2
CACJJV010000011.1	9842	9982	-	AG-447-F10_00940	AG-447-F10	46	OG0001143	NA	NA	NA	NA	NA	AG-447-F10_00937	3
CACJJV010000011.1	10040	10462	+	AG-447-F10_00941	AG-447-F10	140	OG0000808	K07107	acyl-CoA thioester hydrolase [EC:3.1.2.-]	COG0824	FadM	Acyl-CoA thioesterase FadM	AG-447-F10_00937	4
CACJJV010000011.1	10452	11132	-	AG-447-F10_00942	AG-447-F10	226	OG0001011	K21929	uracil-DNA glycosylase [EC:3.2.2.27]	COG1573	Udg4	Uracil-DNA glycosylase	AG-447-F10_00937	5
CACJLJ010000001.1	414522	415091	+	AG-447-K09_00442	AG-447-K09	189	OG0001145	NA	NA	NA	NA	NA	AG-447-K09_00447	-5
CACJLJ010000001.1	415127	416026	+	AG-447-K09_00443	AG-447-K09	299	OG0001445	K16842	allantoinase [EC:3.5.2.5]	COG0726	PgaB	Peptidoglycan/xylan/chitin deacetylase, PgdA/NodB/CDA1 family	AG-447-K09_00447	-4
CACJLJ010000001.1	416028	417011	+	AG-447-K09_00444	AG-447-K09	327	OG0001450	K01477	allantoicase [EC:3.5.3.4]	COG4266	Alc	Allantoicase	AG-447-K09_00447	-3
CACJLJ010000001.1	417008	417511	+	AG-447-K09_00445	AG-447-K09	167	OG0001453	K01483	ureidoglycolate lyase [EC:4.3.2.3]	COG3194	AllA	Ureidoglycolate hydrolase (allantoin degradation)	AG-447-K09_00447	-2
CACJLJ010000001.1	417511	418416	+	AG-447-K09_00446	AG-447-K09	301	OG0000036	K00852	ribokinase [EC:2.7.1.15]	COG0524	RbsK	Sugar or nucleoside kinase, ribokinase family	AG-447-K09_00447	-1
CACJLJ010000001.1	418469	419920	-	AG-447-K09_00447	AG-447-K09	483	OG0000917	K03457	nucleobase:cation symporter-1, NCS1 family	COG1953	FUI1	Cytosine/uracil/thiamine/allantoin permease	AG-447-K09_00447	0
CACJLJ010000001.1	419986	420585	+	AG-447-K09_00448	AG-447-K09	199	OG0001002	NA	NA	COG4785	NlpI	Lipoprotein NlpI, contains TPR repeats	AG-447-K09_00447	1
CACJLJ010000001.1	420641	421150	+	AG-447-K09_00449	AG-447-K09	169	OG0000033	NA	NA	COG4665	FcbT2	TRAP-type mannitol/chloroaromatic compound transport system, small permease component	AG-447-K09_00447	2
CACJLJ010000001.1	421153	422490	+	AG-447-K09_00450	AG-447-K09	445	OG0002196	K11690	C4-dicarboxylate transporter, DctM subunit	COG4664	FcbT3	TRAP-type mannitol/chloroaromatic compound transport system, large permease component	AG-447-K09_00447	3
CACJLJ010000001.1	422621	423697	+	AG-447-K09_00451	AG-447-K09	358	OG0000072	NA	NA	COG1638	DctP	TRAP-type C4-dicarboxylate transport system, periplasmic component	AG-447-K09_00447	4
CACJLJ010000001.1	423741	424496	-	AG-447-K09_00452	AG-447-K09	251	OG0000007	NA	NA	COG1028	FabG	NAD(P)-dependent dehydrogenase, short-chain alcohol dehydrogenase family	AG-447-K09_00447	5
CACJLJ010000001.1	459987	460580	-	AG-447-K09_00494	AG-447-K09	197	OG0000922	NA	NA	COG0861	TerC	Tellurite resistance membrane protein TerC	AG-447-K09_00499	-5
CACJLJ010000001.1	460580	462175	-	AG-447-K09_00495	AG-447-K09	531	OG0000054	NA	NA	COG2303	BetA	Choline dehydrogenase or related flavoprotein	AG-447-K09_00499	-4
CACJLJ010000001.1	462309	463403	+	AG-447-K09_00496	AG-447-K09	364	OG0000072	NA	NA	COG4663	FcbT1	TRAP-type mannitol/chloroaromatic compound transport system, periplasmic component	AG-447-K09_00499	-3
CACJLJ010000001.1	463473	464087	+	AG-447-K09_00497	AG-447-K09	204	OG0000994	NA	NA	COG4665	FcbT2	TRAP-type mannitol/chloroaromatic compound transport system, small permease component	AG-447-K09_00499	-2
CACJLJ010000001.1	464084	465418	+	AG-447-K09_00498	AG-447-K09	444	OG0000987	K11690	C4-dicarboxylate transporter, DctM subunit	COG4664	FcbT3	TRAP-type mannitol/chloroaromatic compound transport system, large permease component	AG-447-K09_00499	-1
CACJLJ010000001.1	465610	466905	+	AG-447-K09_00499	AG-447-K09	431	OG0000917	K03457	nucleobase:cation symporter-1, NCS1 family	COG1953	FUI1	Cytosine/uracil/thiamine/allantoin permease	AG-447-K09_00499	0
CACJLJ010000001.1	466906	467658	+	AG-447-K09_00500	AG-447-K09	250	OG0001186	K21883	2-dehydro-3-deoxy-L-rhamnonate dehydrogenase (NAD+) [EC:1.1.1.401]	COG1028	FabG	NAD(P)-dependent dehydrogenase, short-chain alcohol dehydrogenase family	AG-447-K09_00499	1
CACJLJ010000001.1	467655	467747	-	AG-447-K09_00501	AG-447-K09	30	OG0001265	NA	NA	NA	NA	NA	AG-447-K09_00499	2
CACJLJ010000001.1	467884	468534	+	AG-447-K09_00502	AG-447-K09	216	OG0000965	NA	NA	NA	NA	NA	AG-447-K09_00499	3
CACJLJ010000001.1	468558	468980	+	AG-447-K09_00503	AG-447-K09	140	OG0000808	K07107	acyl-CoA thioester hydrolase [EC:3.1.2.-]	COG0824	FadM	Acyl-CoA thioesterase FadM	AG-447-K09_00499	4
CACJLJ010000001.1	468970	469650	-	AG-447-K09_00504	AG-447-K09	226	OG0001011	K21929	uracil-DNA glycosylase [EC:3.2.2.27]	COG1573	Udg4	Uracil-DNA glycosylase	AG-447-K09_00499	5
CACJNJ010000011.1	21947	22540	-	AG-447-K11_01000	AG-447-K11	197	OG0000922	NA	NA	COG0861	TerC	Tellurite resistance membrane protein TerC	AG-447-K11_01005	-5
CACJNJ010000011.1	22540	24135	-	AG-447-K11_01001	AG-447-K11	531	OG0000054	NA	NA	COG2303	BetA	Choline dehydrogenase or related flavoprotein	AG-447-K11_01005	-4
CACJNJ010000011.1	24278	25372	+	AG-447-K11_01002	AG-447-K11	364	OG0000072	NA	NA	COG4663	FcbT1	TRAP-type mannitol/chloroaromatic compound transport system, periplasmic component	AG-447-K11_01005	-3
CACJNJ010000011.1	25446	26060	+	AG-447-K11_01003	AG-447-K11	204	OG0000994	NA	NA	COG4665	FcbT2	TRAP-type mannitol/chloroaromatic compound transport system, small permease component	AG-447-K11_01005	-2
CACJNJ010000011.1	26057	27391	+	AG-447-K11_01004	AG-447-K11	444	OG0000987	K11690	C4-dicarboxylate transporter, DctM subunit	COG4664	FcbT3	TRAP-type mannitol/chloroaromatic compound transport system, large permease component	AG-447-K11_01005	-1
CACJNJ010000011.1	27418	28875	+	AG-447-K11_01005	AG-447-K11	485	OG0000917	K03457	nucleobase:cation symporter-1, NCS1 family	COG1953	FUI1	Cytosine/uracil/thiamine/allantoin permease	AG-447-K11_01005	0
CACJNJ010000011.1	28877	29881	+	AG-447-K11_01006	AG-447-K11	334	OG0000009	NA	NA	COG1063	Tdh	Threonine dehydrogenase or related Zn-dependent dehydrogenase	AG-447-K11_01005	1
CACJNJ010000011.1	29865	29999	-	AG-447-K11_01007	AG-447-K11	44	OG0001265	NA	NA	NA	NA	NA	AG-447-K11_01005	2
CACJNJ010000011.1	30075	30725	+	AG-447-K11_01008	AG-447-K11	216	OG0000965	NA	NA	NA	NA	NA	AG-447-K11_01005	3
CACJNJ010000011.1	30726	30866	-	AG-447-K11_01009	AG-447-K11	46	OG0001143	NA	NA	NA	NA	NA	AG-447-K11_01005	4
CACJNJ010000011.1	30925	31341	+	AG-447-K11_01010	AG-447-K11	138	OG0000808	K07107	acyl-CoA thioester hydrolase [EC:3.1.2.-]	COG0824	FadM	Acyl-CoA thioesterase FadM	AG-447-K11_01005	5
CACJMB010000001.1	135277	135870	-	AG-447-L03_00149	AG-447-L03	197	OG0000922	NA	NA	COG0861	TerC	Tellurite resistance membrane protein TerC	AG-447-L03_00154	-5
CACJMB010000001.1	135870	137465	-	AG-447-L03_00150	AG-447-L03	531	OG0000054	NA	NA	COG2303	BetA	Choline dehydrogenase or related flavoprotein	AG-447-L03_00154	-4
CACJMB010000001.1	137605	138699	+	AG-447-L03_00151	AG-447-L03	364	OG0000072	NA	NA	COG4663	FcbT1	TRAP-type mannitol/chloroaromatic compound transport system, periplasmic component	AG-447-L03_00154	-3
CACJMB010000001.1	138765	139379	+	AG-447-L03_00152	AG-447-L03	204	OG0000994	NA	NA	COG4665	FcbT2	TRAP-type mannitol/chloroaromatic compound transport system, small permease component	AG-447-L03_00154	-2
CACJMB010000001.1	139376	140710	+	AG-447-L03_00153	AG-447-L03	444	OG0000987	K11690	C4-dicarboxylate transporter, DctM subunit	COG4664	FcbT3	TRAP-type mannitol/chloroaromatic compound transport system, large permease component	AG-447-L03_00154	-1
CACJMB010000001.1	140736	142193	+	AG-447-L03_00154	AG-447-L03	485	OG0000917	K03457	nucleobase:cation symporter-1, NCS1 family	COG1953	FUI1	Cytosine/uracil/thiamine/allantoin permease	AG-447-L03_00154	0
CACJMB010000001.1	142195	143199	+	AG-447-L03_00155	AG-447-L03	334	OG0000009	NA	NA	COG1063	Tdh	Threonine dehydrogenase or related Zn-dependent dehydrogenase	AG-447-L03_00154	1
CACJMB010000001.1	143413	144063	+	AG-447-L03_00156	AG-447-L03	216	OG0000965	NA	NA	NA	NA	NA	AG-447-L03_00154	2
CACJMB010000001.1	144064	144204	-	AG-447-L03_00157	AG-447-L03	46	OG0001143	NA	NA	NA	NA	NA	AG-447-L03_00154	3
CACJMB010000001.1	144262	144672	+	AG-447-L03_00158	AG-447-L03	136	OG0000808	K07107	acyl-CoA thioester hydrolase [EC:3.1.2.-]	COG0824	FadM	Acyl-CoA thioesterase FadM	AG-447-L03_00154	4
CACJMB010000001.1	144665	145345	-	AG-447-L03_00159	AG-447-L03	226	OG0001011	K21929	uracil-DNA glycosylase [EC:3.2.2.27]	COG1573	Udg4	Uracil-DNA glycosylase	AG-447-L03_00154	5
CACPOX010000001.1	105286	105930	-	AG-447-L10_00116	AG-447-L10	214	OG0000832	NA	NA	NA	NA	NA	AG-447-L10_00121	-5
CACPOX010000001.1	105933	108602	-	AG-447-L10_00117	AG-447-L10	889	OG0000262	K01681	aconitate hydratase [EC:4.2.1.3]	COG1048	AcnA	Aconitase A	AG-447-L10_00121	-4
CACPOX010000001.1	108604	109197	-	AG-447-L10_00118	AG-447-L10	197	OG0000076	K11249	cysteine/O-acetylserine efflux protein	COG1280	RhtB	Threonine/homoserine/homoserine lactone efflux protein	AG-447-L10_00121	-3
CACPOX010000001.1	109200	109541	-	AG-447-L10_00119	AG-447-L10	113	OG0000837	K06878	tRNA-binding protein	COG0073	EMAP	tRNA-binding EMAP/Myf domain	AG-447-L10_00121	-2
CACPOX010000001.1	109560	110759	+	AG-447-L10_00120	AG-447-L10	399	OG0000997	K01438	acetylornithine deacetylase [EC:3.5.1.16]	COG0624	ArgE	Acetylornithine deacetylase/Succinyl-diaminopimelate desuccinylase or related deacylase	AG-447-L10_00121	-1
CACPOX010000001.1	110822	112270	-	AG-447-L10_00121	AG-447-L10	482	OG0000917	K03457	nucleobase:cation symporter-1, NCS1 family	COG1953	FUI1	Cytosine/uracil/thiamine/allantoin permease	AG-447-L10_00121	0
CACPOX010000001.1	112486	113922	-	AG-447-L10_00122	AG-447-L10	478	OG0000047	NA	NA	COG1012	AdhE	Acyl-CoA reductase or other NAD-dependent aldehyde dehydrogenase	AG-447-L10_00121	1
CACPOX010000001.1	113943	114902	-	AG-447-L10_00123	AG-447-L10	319	OG0001053	K25365	guanidinobutyrase / D-arginase [EC:3.5.3.7 3.5.3.10]	COG0010	SpeB	Arginase/agmatinase family enzyme	AG-447-L10_00121	2
CACPOX010000001.1	114953	115681	+	AG-447-L10_00124	AG-447-L10	242	OG0001014	NA	NA	NA	NA	NA	AG-447-L10_00121	3
CACPOX010000001.1	115684	116328	+	AG-447-L10_00125	AG-447-L10	214	OG0001013	NA	NA	COG0652	PpiB	Peptidyl-prolyl cis-trans isomerase (rotamase) - cyclophilin family	AG-447-L10_00121	4
CACPOX010000001.1	116333	118555	-	AG-447-L10_00126	AG-447-L10	740	OG0000071	K07516	3-hydroxyacyl-CoA dehydrogenase [EC:1.1.1.35]	COG1250	FadB	3-hydroxyacyl-CoA dehydrogenase	AG-447-L10_00121	5
CACPOX010000016.1	883	1440	-	AG-447-L10_00993	AG-447-L10	185	OG0000787	NA	NA	COG2062	SixA	Phosphohistidine phosphatase SixA	AG-447-L10_00998	-5
CACPOX010000016.1	1443	2123	+	AG-447-L10_00994	AG-447-L10	226	OG0001011	K21929	uracil-DNA glycosylase [EC:3.2.2.27]	COG1573	Udg4	Uracil-DNA glycosylase	AG-447-L10_00998	-4
CACPOX010000016.1	2120	2533	-	AG-447-L10_00995	AG-447-L10	137	OG0000808	K07107	acyl-CoA thioester hydrolase [EC:3.1.2.-]	COG0824	FadM	Acyl-CoA thioesterase FadM	AG-447-L10_00998	-3
CACPOX010000016.1	2538	3188	-	AG-447-L10_00996	AG-447-L10	216	OG0000965	NA	NA	NA	NA	NA	AG-447-L10_00998	-2
CACPOX010000016.1	3207	4211	-	AG-447-L10_00997	AG-447-L10	334	OG0000009	NA	NA	COG1063	Tdh	Threonine dehydrogenase or related Zn-dependent dehydrogenase	AG-447-L10_00998	-1
CACPOX010000016.1	4213	5670	-	AG-447-L10_00998	AG-447-L10	485	OG0000917	K03457	nucleobase:cation symporter-1, NCS1 family	COG1953	FUI1	Cytosine/uracil/thiamine/allantoin permease	AG-447-L10_00998	0
CACPOX010000016.1	5696	7030	-	AG-447-L10_00999	AG-447-L10	444	OG0000987	K11690	C4-dicarboxylate transporter, DctM subunit	COG4664	FcbT3	TRAP-type mannitol/chloroaromatic compound transport system, large permease component	AG-447-L10_00998	1
CACPOX010000016.1	7027	7641	-	AG-447-L10_01000	AG-447-L10	204	OG0000994	NA	NA	COG4665	FcbT2	TRAP-type mannitol/chloroaromatic compound transport system, small permease component	AG-447-L10_00998	2
CACPOX010000016.1	7710	8804	-	AG-447-L10_01001	AG-447-L10	364	OG0000072	NA	NA	COG4663	FcbT1	TRAP-type mannitol/chloroaromatic compound transport system, periplasmic component	AG-447-L10_00998	3
CACPOX010000016.1	8947	10542	+	AG-447-L10_01002	AG-447-L10	531	OG0000054	NA	NA	COG2303	BetA	Choline dehydrogenase or related flavoprotein	AG-447-L10_00998	4
CACPOX010000016.1	10542	11135	+	AG-447-L10_01003	AG-447-L10	197	OG0000922	NA	NA	COG0861	TerC	Tellurite resistance membrane protein TerC	AG-447-L10_00998	5
CACJOA010000005.1	60477	60617	+	AG-447-L14_00572	AG-447-L14	46	OG0001143	NA	NA	NA	NA	NA	AG-447-L14_00577	-5
CACJOA010000005.1	60618	60950	-	AG-447-L14_00573	AG-447-L14	110	OG0000965	NA	NA	NA	NA	NA	AG-447-L14_00577	-4
CACJOA010000005.1	60889	61269	-	AG-447-L14_00574	AG-447-L14	126	OG0000965	NA	NA	NA	NA	NA	AG-447-L14_00577	-3
CACJOA010000005.1	61360	61497	+	AG-447-L14_00575	AG-447-L14	45	OG0001265	NA	NA	NA	NA	NA	AG-447-L14_00577	-2
CACJOA010000005.1	61494	62246	-	AG-447-L14_00576	AG-447-L14	250	OG0001186	K21883	2-dehydro-3-deoxy-L-rhamnonate dehydrogenase (NAD+) [EC:1.1.1.401]	COG1028	FabG	NAD(P)-dependent dehydrogenase, short-chain alcohol dehydrogenase family	AG-447-L14_00577	-1
CACJOA010000005.1	62251	63240	-	AG-447-L14_00577	AG-447-L14	329	OG0000917	NA	NA	COG1953	FUI1	Cytosine/uracil/thiamine/allantoin permease	AG-447-L14_00577	0
CACJQI010000004.1	52360	52953	-	AG-447-M05_00652	AG-447-M05	197	OG0000922	NA	NA	COG0861	TerC	Tellurite resistance membrane protein TerC	AG-447-M05_00657	-5
CACJQI010000004.1	52954	54549	-	AG-447-M05_00653	AG-447-M05	531	OG0000054	NA	NA	COG2303	BetA	Choline dehydrogenase or related flavoprotein	AG-447-M05_00657	-4
CACJQI010000004.1	54694	55788	+	AG-447-M05_00654	AG-447-M05	364	OG0000072	NA	NA	COG4663	FcbT1	TRAP-type mannitol/chloroaromatic compound transport system, periplasmic component	AG-447-M05_00657	-3
CACJQI010000004.1	55858	56472	+	AG-447-M05_00655	AG-447-M05	204	OG0000994	NA	NA	COG4665	FcbT2	TRAP-type mannitol/chloroaromatic compound transport system, small permease component	AG-447-M05_00657	-2
CACJQI010000004.1	56469	57803	+	AG-447-M05_00656	AG-447-M05	444	OG0000987	K11690	C4-dicarboxylate transporter, DctM subunit	COG4664	FcbT3	TRAP-type mannitol/chloroaromatic compound transport system, large permease component	AG-447-M05_00657	-1
CACJQI010000004.1	57830	59287	+	AG-447-M05_00657	AG-447-M05	485	OG0000917	K03457	nucleobase:cation symporter-1, NCS1 family	COG1953	FUI1	Cytosine/uracil/thiamine/allantoin permease	AG-447-M05_00657	0
CACJQI010000004.1	59292	60038	+	AG-447-M05_00658	AG-447-M05	248	OG0001186	K21883	2-dehydro-3-deoxy-L-rhamnonate dehydrogenase (NAD+) [EC:1.1.1.401]	COG1028	FabG	NAD(P)-dependent dehydrogenase, short-chain alcohol dehydrogenase family	AG-447-M05_00657	1
CACJQI010000004.1	60256	60906	+	AG-447-M05_00659	AG-447-M05	216	OG0000965	NA	NA	NA	NA	NA	AG-447-M05_00657	2
CACJQI010000004.1	60954	61376	+	AG-447-M05_00660	AG-447-M05	140	OG0000808	K07107	acyl-CoA thioester hydrolase [EC:3.1.2.-]	COG0824	FadM	Acyl-CoA thioesterase FadM	AG-447-M05_00657	3
CACJQI010000004.1	61366	62046	-	AG-447-M05_00661	AG-447-M05	226	OG0001011	K21929	uracil-DNA glycosylase [EC:3.2.2.27]	COG1573	Udg4	Uracil-DNA glycosylase	AG-447-M05_00657	4
CACJQI010000004.1	62049	62606	+	AG-447-M05_00662	AG-447-M05	185	OG0000787	NA	NA	COG2062	SixA	Phosphohistidine phosphatase SixA	AG-447-M05_00657	5
CACJQD010000005.1	45002	47224	+	AG-447-M10_00690	AG-447-M10	740	OG0000071	K07516	3-hydroxyacyl-CoA dehydrogenase [EC:1.1.1.35]	COG1250	FadB	3-hydroxyacyl-CoA dehydrogenase	AG-447-M10_00695	-5
CACJQD010000005.1	47228	47872	-	AG-447-M10_00691	AG-447-M10	214	OG0001013	NA	NA	COG0652	PpiB	Peptidyl-prolyl cis-trans isomerase (rotamase) - cyclophilin family	AG-447-M10_00695	-4
CACJQD010000005.1	47875	48603	-	AG-447-M10_00692	AG-447-M10	242	OG0001014	NA	NA	NA	NA	NA	AG-447-M10_00695	-3
CACJQD010000005.1	48654	49613	+	AG-447-M10_00693	AG-447-M10	319	OG0001053	K25365	guanidinobutyrase / D-arginase [EC:3.5.3.7 3.5.3.10]	COG0010	SpeB	Arginase/agmatinase family enzyme	AG-447-M10_00695	-2
CACJQD010000005.1	49634	51070	+	AG-447-M10_00694	AG-447-M10	478	OG0000047	NA	NA	COG1012	AdhE	Acyl-CoA reductase or other NAD-dependent aldehyde dehydrogenase	AG-447-M10_00695	-1
CACJQD010000005.1	51285	52733	+	AG-447-M10_00695	AG-447-M10	482	OG0000917	K03457	nucleobase:cation symporter-1, NCS1 family	COG1953	FUI1	Cytosine/uracil/thiamine/allantoin permease	AG-447-M10_00695	0
CACJQD010000005.1	52795	53985	-	AG-447-M10_00696	AG-447-M10	396	OG0000997	K01438	acetylornithine deacetylase [EC:3.5.1.16]	COG0624	ArgE	Acetylornithine deacetylase/Succinyl-diaminopimelate desuccinylase or related deacylase	AG-447-M10_00695	1
CACJQD010000005.1	54013	54354	+	AG-447-M10_00697	AG-447-M10	113	OG0000837	K06878	tRNA-binding protein	COG0073	EMAP	tRNA-binding EMAP/Myf domain	AG-447-M10_00695	2
CACJQD010000005.1	54357	54950	+	AG-447-M10_00698	AG-447-M10	197	OG0000076	K11249	cysteine/O-acetylserine efflux protein	COG1280	RhtB	Threonine/homoserine/homoserine lactone efflux protein	AG-447-M10_00695	3
CACJQD010000005.1	54952	57621	+	AG-447-M10_00699	AG-447-M10	889	OG0000262	K01681	aconitate hydratase [EC:4.2.1.3]	COG1048	AcnA	Aconitase A	AG-447-M10_00695	4
CACJQD010000005.1	57624	58274	+	AG-447-M10_00700	AG-447-M10	216	OG0000832	NA	NA	COG1729	CpoB	Cell division protein CpoB, coordinates peptidoglycan biosynthesis and outer membrane constriction	AG-447-M10_00695	5
CACJOY010000001.1	324224	324364	+	AG-447-N08_00366	AG-447-N08	46	OG0001143	NA	NA	NA	NA	NA	AG-447-N08_00371	-5
CACJOY010000001.1	324365	325015	-	AG-447-N08_00367	AG-447-N08	216	OG0000965	NA	NA	NA	NA	NA	AG-447-N08_00371	-4
CACJOY010000001.1	325093	325212	+	AG-447-N08_00368	AG-447-N08	39	OG0001265	NA	NA	NA	NA	NA	AG-447-N08_00371	-3
CACJOY010000001.1	325239	326567	-	AG-447-N08_00369	AG-447-N08	442	OG0001129	NA	NA	NA	NA	NA	AG-447-N08_00371	-2
CACJOY010000001.1	326548	327300	-	AG-447-N08_00370	AG-447-N08	250	OG0001186	K21883	2-dehydro-3-deoxy-L-rhamnonate dehydrogenase (NAD+) [EC:1.1.1.401]	COG1028	FabG	NAD(P)-dependent dehydrogenase, short-chain alcohol dehydrogenase family	AG-447-N08_00371	-1
CACJOY010000001.1	327305	328762	-	AG-447-N08_00371	AG-447-N08	485	OG0000917	K03457	nucleobase:cation symporter-1, NCS1 family	COG1953	FUI1	Cytosine/uracil/thiamine/allantoin permease	AG-447-N08_00371	0
CACJOY010000001.1	328788	330122	-	AG-447-N08_00372	AG-447-N08	444	OG0000987	K11690	C4-dicarboxylate transporter, DctM subunit	COG4664	FcbT3	TRAP-type mannitol/chloroaromatic compound transport system, large permease component	AG-447-N08_00371	1
CACJOY010000001.1	330119	330733	-	AG-447-N08_00373	AG-447-N08	204	OG0000994	NA	NA	COG4665	FcbT2	TRAP-type mannitol/chloroaromatic compound transport system, small permease component	AG-447-N08_00371	2
CACJOY010000001.1	330805	331899	-	AG-447-N08_00374	AG-447-N08	364	OG0000072	NA	NA	COG4663	FcbT1	TRAP-type mannitol/chloroaromatic compound transport system, periplasmic component	AG-447-N08_00371	3
CACJOY010000001.1	332033	333628	+	AG-447-N08_00375	AG-447-N08	531	OG0000054	NA	NA	COG2303	BetA	Choline dehydrogenase or related flavoprotein	AG-447-N08_00371	4
CACJOY010000001.1	333628	334221	+	AG-447-N08_00376	AG-447-N08	197	OG0000922	NA	NA	COG0861	TerC	Tellurite resistance membrane protein TerC	AG-447-N08_00371	5
CACJPF010000010.1	4201	4413	-	AG-447-N18_00901	AG-447-N18	70	OG0003244	NA	NA	NA	NA	NA	AG-447-N18_00906	-5
CACJPF010000010.1	4418	6013	-	AG-447-N18_00902	AG-447-N18	531	OG0000054	NA	NA	COG2303	BetA	Choline dehydrogenase or related flavoprotein	AG-447-N18_00906	-4
CACJPF010000010.1	6146	7240	+	AG-447-N18_00903	AG-447-N18	364	OG0000072	NA	NA	COG4663	FcbT1	TRAP-type mannitol/chloroaromatic compound transport system, periplasmic component	AG-447-N18_00906	-3
CACJPF010000010.1	7310	7924	+	AG-447-N18_00904	AG-447-N18	204	OG0000994	NA	NA	COG4665	FcbT2	TRAP-type mannitol/chloroaromatic compound transport system, small permease component	AG-447-N18_00906	-2
CACJPF010000010.1	7921	9255	+	AG-447-N18_00905	AG-447-N18	444	OG0000987	K11690	C4-dicarboxylate transporter, DctM subunit	COG4664	FcbT3	TRAP-type mannitol/chloroaromatic compound transport system, large permease component	AG-447-N18_00906	-1
CACJPF010000010.1	9281	10738	+	AG-447-N18_00906	AG-447-N18	485	OG0000917	K03457	nucleobase:cation symporter-1, NCS1 family	COG1953	FUI1	Cytosine/uracil/thiamine/allantoin permease	AG-447-N18_00906	0
CACJPF010000010.1	10743	11495	+	AG-447-N18_00907	AG-447-N18	250	OG0001186	K21883	2-dehydro-3-deoxy-L-rhamnonate dehydrogenase (NAD+) [EC:1.1.1.401]	COG1028	FabG	NAD(P)-dependent dehydrogenase, short-chain alcohol dehydrogenase family	AG-447-N18_00906	1
CACJPF010000010.1	11713	12363	+	AG-447-N18_00908	AG-447-N18	216	OG0000965	NA	NA	NA	NA	NA	AG-447-N18_00906	2
CACJPF010000010.1	12387	12809	+	AG-447-N18_00909	AG-447-N18	140	OG0000808	K07107	acyl-CoA thioester hydrolase [EC:3.1.2.-]	COG0824	FadM	Acyl-CoA thioesterase FadM	AG-447-N18_00906	3
CACJPF010000010.1	12799	13479	-	AG-447-N18_00910	AG-447-N18	226	OG0001011	K21929	uracil-DNA glycosylase [EC:3.2.2.27]	COG1573	Udg4	Uracil-DNA glycosylase	AG-447-N18_00906	4
CACJPF010000010.1	13482	14039	+	AG-447-N18_00911	AG-447-N18	185	OG0000787	NA	NA	COG2062	SixA	Phosphohistidine phosphatase SixA	AG-447-N18_00906	5
CACPPS010000012.1	8519	9094	-	AG-447-N21_01030	AG-447-N21	191	OG0000922	NA	NA	COG0861	TerC	Tellurite resistance membrane protein TerC	AG-447-N21_01035	-5
CACPPS010000012.1	9091	10695	-	AG-447-N21_01031	AG-447-N21	534	OG0000054	NA	NA	COG2303	BetA	Choline dehydrogenase or related flavoprotein	AG-447-N21_01035	-4
CACPPS010000012.1	10771	11928	+	AG-447-N21_01032	AG-447-N21	385	OG0000072	NA	NA	COG4663	FcbT1	TRAP-type mannitol/chloroaromatic compound transport system, periplasmic component	AG-447-N21_01035	-3
CACPPS010000012.1	11998	12609	+	AG-447-N21_01033	AG-447-N21	203	OG0000994	NA	NA	COG4665	FcbT2	TRAP-type mannitol/chloroaromatic compound transport system, small permease component	AG-447-N21_01035	-2
CACPPS010000012.1	12606	13940	+	AG-447-N21_01034	AG-447-N21	444	OG0000987	K11690	C4-dicarboxylate transporter, DctM subunit	COG4664	FcbT3	TRAP-type mannitol/chloroaromatic compound transport system, large permease component	AG-447-N21_01035	-1
CACPPS010000012.1	13965	15428	+	AG-447-N21_01035	AG-447-N21	487	OG0000917	K03457	nucleobase:cation symporter-1, NCS1 family	COG1953	FUI1	Cytosine/uracil/thiamine/allantoin permease	AG-447-N21_01035	0
CACPPS010000012.1	15435	16181	+	AG-447-N21_01036	AG-447-N21	248	OG0001186	K21883	2-dehydro-3-deoxy-L-rhamnonate dehydrogenase (NAD+) [EC:1.1.1.401]	COG1028	FabG	NAD(P)-dependent dehydrogenase, short-chain alcohol dehydrogenase family	AG-447-N21_01035	1
CACPPS010000012.1	16237	16887	+	AG-447-N21_01037	AG-447-N21	216	OG0000965	NA	NA	NA	NA	NA	AG-447-N21_01035	2
CACPPS010000012.1	16888	17040	-	AG-447-N21_01038	AG-447-N21	50	OG0001143	NA	NA	NA	NA	NA	AG-447-N21_01035	3
CACPPS010000012.1	17079	17480	+	AG-447-N21_01039	AG-447-N21	133	OG0000808	K07107	acyl-CoA thioester hydrolase [EC:3.1.2.-]	COG0824	FadM	Acyl-CoA thioesterase FadM	AG-447-N21_01035	4
CACPPS010000012.1	17477	18169	-	AG-447-N21_01040	AG-447-N21	230	OG0001011	K21929	uracil-DNA glycosylase [EC:3.2.2.27]	COG1573	Udg4	Uracil-DNA glycosylase	AG-447-N21_01035	5
CACJSJ010000016.1	42	722	+	AG-447-O23_01011	AG-447-O23	226	OG0001011	K21929	uracil-DNA glycosylase [EC:3.2.2.27]	COG1573	Udg4	Uracil-DNA glycosylase	AG-447-O23_01016	-5
CACJSJ010000016.1	712	1134	-	AG-447-O23_01012	AG-447-O23	140	OG0000808	K07107	acyl-CoA thioester hydrolase [EC:3.1.2.-]	COG0824	FadM	Acyl-CoA thioesterase FadM	AG-447-O23_01016	-4
CACJSJ010000016.1	1334	1984	-	AG-447-O23_01013	AG-447-O23	216	OG0000965	NA	NA	NA	NA	NA	AG-447-O23_01016	-3
CACJSJ010000016.1	2070	2207	+	AG-447-O23_01014	AG-447-O23	45	OG0001265	NA	NA	NA	NA	NA	AG-447-O23_01016	-2
CACJSJ010000016.1	2204	2956	-	AG-447-O23_01015	AG-447-O23	250	OG0001186	K21883	2-dehydro-3-deoxy-L-rhamnonate dehydrogenase (NAD+) [EC:1.1.1.401]	COG1028	FabG	NAD(P)-dependent dehydrogenase, short-chain alcohol dehydrogenase family	AG-447-O23_01016	-1
CACJSJ010000016.1	2960	4417	-	AG-447-O23_01016	AG-447-O23	485	OG0000917	K03457	nucleobase:cation symporter-1, NCS1 family	COG1953	FUI1	Cytosine/uracil/thiamine/allantoin permease	AG-447-O23_01016	0
CACJSJ010000016.1	4443	5777	-	AG-447-O23_01017	AG-447-O23	444	OG0000987	K11690	C4-dicarboxylate transporter, DctM subunit	COG4664	FcbT3	TRAP-type mannitol/chloroaromatic compound transport system, large permease component	AG-447-O23_01016	1
CACJSJ010000016.1	5774	6388	-	AG-447-O23_01018	AG-447-O23	204	OG0000994	NA	NA	COG4665	FcbT2	TRAP-type mannitol/chloroaromatic compound transport system, small permease component	AG-447-O23_01016	2
CACJSJ010000016.1	6460	7554	-	AG-447-O23_01019	AG-447-O23	364	OG0000072	NA	NA	COG4663	FcbT1	TRAP-type mannitol/chloroaromatic compound transport system, periplasmic component	AG-447-O23_01016	3
CACJSJ010000016.1	7688	9298	+	AG-447-O23_01020	AG-447-O23	536	OG0000054	NA	NA	COG2303	BetA	Choline dehydrogenase or related flavoprotein	AG-447-O23_01016	4
CACJSJ010000016.1	9298	9891	+	AG-447-O23_01021	AG-447-O23	197	OG0000922	NA	NA	COG0861	TerC	Tellurite resistance membrane protein TerC	AG-447-O23_01016	5
CACJTU010000002.1	17074	17667	-	AG-447-P03_00202	AG-447-P03	197	OG0000922	NA	NA	COG0861	TerC	Tellurite resistance membrane protein TerC	AG-447-P03_00207	-5
CACJTU010000002.1	17667	19262	-	AG-447-P03_00203	AG-447-P03	531	OG0000054	NA	NA	COG2303	BetA	Choline dehydrogenase or related flavoprotein	AG-447-P03_00207	-4
CACJTU010000002.1	19408	20502	+	AG-447-P03_00204	AG-447-P03	364	OG0000072	NA	NA	COG4663	FcbT1	TRAP-type mannitol/chloroaromatic compound transport system, periplasmic component	AG-447-P03_00207	-3
CACJTU010000002.1	20568	21182	+	AG-447-P03_00205	AG-447-P03	204	OG0000994	NA	NA	COG4665	FcbT2	TRAP-type mannitol/chloroaromatic compound transport system, small permease component	AG-447-P03_00207	-2
CACJTU010000002.1	21179	22513	+	AG-447-P03_00206	AG-447-P03	444	OG0000987	K11690	C4-dicarboxylate transporter, DctM subunit	COG4664	FcbT3	TRAP-type mannitol/chloroaromatic compound transport system, large permease component	AG-447-P03_00207	-1
CACJTU010000002.1	22539	23996	+	AG-447-P03_00207	AG-447-P03	485	OG0000917	K03457	nucleobase:cation symporter-1, NCS1 family	COG1953	FUI1	Cytosine/uracil/thiamine/allantoin permease	AG-447-P03_00207	0
CACJTU010000002.1	23998	25002	+	AG-447-P03_00208	AG-447-P03	334	OG0000009	NA	NA	COG1063	Tdh	Threonine dehydrogenase or related Zn-dependent dehydrogenase	AG-447-P03_00207	1
CACJTU010000002.1	25218	25868	+	AG-447-P03_00209	AG-447-P03	216	OG0000965	NA	NA	NA	NA	NA	AG-447-P03_00207	2
CACJTU010000002.1	25872	26009	-	AG-447-P03_00210	AG-447-P03	45	OG0001143	NA	NA	NA	NA	NA	AG-447-P03_00207	3
CACJTU010000002.1	26066	26488	+	AG-447-P03_00211	AG-447-P03	140	OG0000808	K07107	acyl-CoA thioester hydrolase [EC:3.1.2.-]	COG0824	FadM	Acyl-CoA thioesterase FadM	AG-447-P03_00207	4
CACJTU010000002.1	26504	27619	+	AG-447-P03_00212	AG-447-P03	371	OG0002125	NA	NA	NA	NA	NA	AG-447-P03_00207	5
CACJVT010000013.1	116	766	-	AG-447-P22_01110	AG-447-P22	216	OG0000965	NA	NA	NA	NA	NA	AG-447-P22_01112	-2
CACJVT010000013.1	984	1736	-	AG-447-P22_01111	AG-447-P22	250	OG0001186	K21883	2-dehydro-3-deoxy-L-rhamnonate dehydrogenase (NAD+) [EC:1.1.1.401]	COG1028	FabG	NAD(P)-dependent dehydrogenase, short-chain alcohol dehydrogenase family	AG-447-P22_01112	-1
CACJVT010000013.1	1741	3198	-	AG-447-P22_01112	AG-447-P22	485	OG0000917	K03457	nucleobase:cation symporter-1, NCS1 family	COG1953	FUI1	Cytosine/uracil/thiamine/allantoin permease	AG-447-P22_01112	0
CACJVT010000013.1	3224	4558	-	AG-447-P22_01113	AG-447-P22	444	OG0000987	K11690	C4-dicarboxylate transporter, DctM subunit	COG4664	FcbT3	TRAP-type mannitol/chloroaromatic compound transport system, large permease component	AG-447-P22_01112	1
CACJVT010000013.1	4558	5175	-	AG-447-P22_01114	AG-447-P22	205	OG0000994	NA	NA	COG4665	FcbT2	TRAP-type mannitol/chloroaromatic compound transport system, small permease component	AG-447-P22_01112	2
CACJVT010000013.1	5245	6339	-	AG-447-P22_01115	AG-447-P22	364	OG0000072	NA	NA	COG4663	FcbT1	TRAP-type mannitol/chloroaromatic compound transport system, periplasmic component	AG-447-P22_01112	3
CACJVT010000013.1	6473	8068	+	AG-447-P22_01116	AG-447-P22	531	OG0000054	NA	NA	COG2303	BetA	Choline dehydrogenase or related flavoprotein	AG-447-P22_01112	4
CACJVT010000013.1	8068	8661	+	AG-447-P22_01117	AG-447-P22	197	OG0000922	NA	NA	COG0861	TerC	Tellurite resistance membrane protein TerC	AG-447-P22_01112	5
CACKFV010000012.1	19631	20305	+	AG-453-K22_00838	AG-453-K22	224	OG0001011	K21929	uracil-DNA glycosylase [EC:3.2.2.27]	COG1573	Udg4	Uracil-DNA glycosylase	AG-453-K22_00843	-5
CACKFV010000012.1	20297	20698	-	AG-453-K22_00839	AG-453-K22	133	OG0000808	K07107	acyl-CoA thioester hydrolase [EC:3.1.2.-]	COG0824	FadM	Acyl-CoA thioesterase FadM	AG-453-K22_00843	-4
CACKFV010000012.1	20716	21366	-	AG-453-K22_00840	AG-453-K22	216	OG0000965	NA	NA	NA	NA	NA	AG-453-K22_00843	-3
CACKFV010000012.1	21506	21679	+	AG-453-K22_00841	AG-453-K22	57	OG0001436	NA	NA	NA	NA	NA	AG-453-K22_00843	-2
CACKFV010000012.1	21797	22543	-	AG-453-K22_00842	AG-453-K22	248	OG0001186	K21883	2-dehydro-3-deoxy-L-rhamnonate dehydrogenase (NAD+) [EC:1.1.1.401]	COG1028	FabG	NAD(P)-dependent dehydrogenase, short-chain alcohol dehydrogenase family	AG-453-K22_00843	-1
CACKFV010000012.1	22543	24000	-	AG-453-K22_00843	AG-453-K22	485	OG0000917	K03457	nucleobase:cation symporter-1, NCS1 family	COG1953	FUI1	Cytosine/uracil/thiamine/allantoin permease	AG-453-K22_00843	0
CACKFV010000012.1	24025	25077	-	AG-453-K22_00844	AG-453-K22	350	OG0000987	K11690	C4-dicarboxylate transporter, DctM subunit	COG4664	FcbT3	TRAP-type mannitol/chloroaromatic compound transport system, large permease component	AG-453-K22_00843	1
CACKOH010000001.1	104097	105212	-	AG-457-B14_00117	AG-457-B14	371	OG0002125	NA	NA	NA	NA	NA	AG-457-B14_00122	-5
CACKOH010000001.1	105228	105650	-	AG-457-B14_00118	AG-457-B14	140	OG0000808	K07107	acyl-CoA thioester hydrolase [EC:3.1.2.-]	COG0824	FadM	Acyl-CoA thioesterase FadM	AG-457-B14_00122	-4
CACKOH010000001.1	105706	105846	+	AG-457-B14_00119	AG-457-B14	46	OG0001143	NA	NA	NA	NA	NA	AG-457-B14_00122	-3
CACKOH010000001.1	105847	106497	-	AG-457-B14_00120	AG-457-B14	216	OG0000965	NA	NA	NA	NA	NA	AG-457-B14_00122	-2
CACKOH010000001.1	106560	107306	-	AG-457-B14_00121	AG-457-B14	248	OG0001186	K21883	2-dehydro-3-deoxy-L-rhamnonate dehydrogenase (NAD+) [EC:1.1.1.401]	COG1028	FabG	NAD(P)-dependent dehydrogenase, short-chain alcohol dehydrogenase family	AG-457-B14_00122	-1
CACKOH010000001.1	107312	108769	-	AG-457-B14_00122	AG-457-B14	485	OG0000917	K03457	nucleobase:cation symporter-1, NCS1 family	COG1953	FUI1	Cytosine/uracil/thiamine/allantoin permease	AG-457-B14_00122	0
CACKOH010000001.1	108794	110128	-	AG-457-B14_00123	AG-457-B14	444	OG0000987	K11690	C4-dicarboxylate transporter, DctM subunit	COG4664	FcbT3	TRAP-type mannitol/chloroaromatic compound transport system, large permease component	AG-457-B14_00122	1
CACKOH010000001.1	110125	110739	-	AG-457-B14_00124	AG-457-B14	204	OG0000994	NA	NA	COG4665	FcbT2	TRAP-type mannitol/chloroaromatic compound transport system, small permease component	AG-457-B14_00122	2
CACKOH010000001.1	110813	111907	-	AG-457-B14_00125	AG-457-B14	364	OG0000072	NA	NA	COG4663	FcbT1	TRAP-type mannitol/chloroaromatic compound transport system, periplasmic component	AG-457-B14_00122	3
CACKOH010000001.1	112048	113643	+	AG-457-B14_00126	AG-457-B14	531	OG0000054	NA	NA	COG2303	BetA	Choline dehydrogenase or related flavoprotein	AG-457-B14_00122	4
CACKOH010000001.1	113643	114236	+	AG-457-B14_00127	AG-457-B14	197	OG0000922	NA	NA	COG0861	TerC	Tellurite resistance membrane protein TerC	AG-457-B14_00122	5
CACLEJ010000005.1	74633	75307	+	AG-461-L09_00801	AG-461-L09	224	OG0001011	K21929	uracil-DNA glycosylase [EC:3.2.2.27]	COG1573	Udg4	Uracil-DNA glycosylase	AG-461-L09_00806	-5
CACLEJ010000005.1	75300	75695	-	AG-461-L09_00802	AG-461-L09	131	OG0000808	K07107	acyl-CoA thioester hydrolase [EC:3.1.2.-]	COG0824	FadM	Acyl-CoA thioesterase FadM	AG-461-L09_00806	-4
CACLEJ010000005.1	75749	75886	+	AG-461-L09_00803	AG-461-L09	45	OG0001143	NA	NA	NA	NA	NA	AG-461-L09_00806	-3
CACLEJ010000005.1	75891	76553	-	AG-461-L09_00804	AG-461-L09	220	OG0000965	NA	NA	NA	NA	NA	AG-461-L09_00806	-2
CACLEJ010000005.1	76599	77603	-	AG-461-L09_00805	AG-461-L09	334	OG0000009	NA	NA	COG1063	Tdh	Threonine dehydrogenase or related Zn-dependent dehydrogenase	AG-461-L09_00806	-1
CACLEJ010000005.1	77606	79057	-	AG-461-L09_00806	AG-461-L09	483	OG0000917	K03457	nucleobase:cation symporter-1, NCS1 family	COG1953	FUI1	Cytosine/uracil/thiamine/allantoin permease	AG-461-L09_00806	0
CACLEJ010000005.1	79123	80016	+	AG-461-L09_00807	AG-461-L09	297	OG0001024	NA	NA	COG0697	EamA	Amino acid export permease, drug/metabolite transporter (DMT) superfamily	AG-461-L09_00806	1
CACLEJ010000005.1	80013	81353	-	AG-461-L09_00808	AG-461-L09	446	OG0000987	K11690	C4-dicarboxylate transporter, DctM subunit	COG4664	FcbT3	TRAP-type mannitol/chloroaromatic compound transport system, large permease component	AG-461-L09_00806	2
CACLEJ010000005.1	81344	82000	-	AG-461-L09_00809	AG-461-L09	218	OG0000994	NA	NA	COG4665	FcbT2	TRAP-type mannitol/chloroaromatic compound transport system, small permease component	AG-461-L09_00806	3
CACLEJ010000005.1	82078	83166	-	AG-461-L09_00810	AG-461-L09	362	OG0000072	NA	NA	COG4663	FcbT1	TRAP-type mannitol/chloroaromatic compound transport system, periplasmic component	AG-461-L09_00806	4
CACLEJ010000005.1	83291	84217	-	AG-461-L09_00811	AG-461-L09	308	OG0000005	K00020	3-hydroxyisobutyrate dehydrogenase [EC:1.1.1.31]	COG2084	MmsB	3-hydroxyisobutyrate dehydrogenase or related beta-hydroxyacid dehydrogenase	AG-461-L09_00806	5
CACLFM010000007.1	16451	17032	-	AG-461-M18_00742	AG-461-M18	193	OG0000922	NA	NA	COG0861	TerC	Tellurite resistance membrane protein TerC	AG-461-M18_00747	-5
CACLFM010000007.1	17032	18648	-	AG-461-M18_00743	AG-461-M18	538	OG0000054	NA	NA	COG2303	BetA	Choline dehydrogenase or related flavoprotein	AG-461-M18_00747	-4
CACLFM010000007.1	18780	19871	+	AG-461-M18_00744	AG-461-M18	363	OG0000072	NA	NA	COG4663	FcbT1	TRAP-type mannitol/chloroaromatic compound transport system, periplasmic component	AG-461-M18_00747	-3
CACLFM010000007.1	19939	20553	+	AG-461-M18_00745	AG-461-M18	204	OG0000994	NA	NA	COG4665	FcbT2	TRAP-type mannitol/chloroaromatic compound transport system, small permease component	AG-461-M18_00747	-2
CACLFM010000007.1	20550	21884	+	AG-461-M18_00746	AG-461-M18	444	OG0000987	K11690	C4-dicarboxylate transporter, DctM subunit	COG4664	FcbT3	TRAP-type mannitol/chloroaromatic compound transport system, large permease component	AG-461-M18_00747	-1
CACLFM010000007.1	21909	23369	+	AG-461-M18_00747	AG-461-M18	486	OG0000917	K03457	nucleobase:cation symporter-1, NCS1 family	COG1953	FUI1	Cytosine/uracil/thiamine/allantoin permease	AG-461-M18_00747	0
CACLFM010000007.1	23366	24112	+	AG-461-M18_00748	AG-461-M18	248	OG0001186	K21883	2-dehydro-3-deoxy-L-rhamnonate dehydrogenase (NAD+) [EC:1.1.1.401]	COG1028	FabG	NAD(P)-dependent dehydrogenase, short-chain alcohol dehydrogenase family	AG-461-M18_00747	1
CACLFM010000007.1	24240	24446	-	AG-461-M18_00749	AG-461-M18	68	OG0001436	NA	NA	NA	NA	NA	AG-461-M18_00747	2
CACLFM010000007.1	24555	25202	+	AG-461-M18_00750	AG-461-M18	215	OG0000965	NA	NA	NA	NA	NA	AG-461-M18_00747	3
CACLFM010000007.1	25214	25612	+	AG-461-M18_00751	AG-461-M18	132	OG0000808	K07107	acyl-CoA thioester hydrolase [EC:3.1.2.-]	COG0824	FadM	Acyl-CoA thioesterase FadM	AG-461-M18_00747	4
CACLFM010000007.1	25605	26279	-	AG-461-M18_00752	AG-461-M18	224	OG0001011	K21929	uracil-DNA glycosylase [EC:3.2.2.27]	COG1573	Udg4	Uracil-DNA glycosylase	AG-461-M18_00747	5
CACLNT010000002.1	34351	34599	+	AG-464-P13_00132	AG-464-P13	82	OG0000990	K06938	uncharacterized protein	COG3313	YdhL	Predicted Fe-S protein YdhL, DUF1289 family	AG-464-P13_00137	-5
CACLNT010000002.1	34603	35289	+	AG-464-P13_00133	AG-464-P13	228	OG0001011	K21929	uracil-DNA glycosylase [EC:3.2.2.27]	COG1573	Udg4	Uracil-DNA glycosylase	AG-464-P13_00137	-4
CACLNT010000002.1	35298	35942	-	AG-464-P13_00134	AG-464-P13	214	OG0000965	NA	NA	NA	NA	NA	AG-464-P13_00137	-3
CACLNT010000002.1	36049	36255	+	AG-464-P13_00135	AG-464-P13	68	OG0001436	NA	NA	NA	NA	NA	AG-464-P13_00137	-2
CACLNT010000002.1	36373	37119	-	AG-464-P13_00136	AG-464-P13	248	OG0003412	K21883	2-dehydro-3-deoxy-L-rhamnonate dehydrogenase (NAD+) [EC:1.1.1.401]	COG1028	FabG	NAD(P)-dependent dehydrogenase, short-chain alcohol dehydrogenase family	AG-464-P13_00137	-1
CACLNT010000002.1	37126	38583	-	AG-464-P13_00137	AG-464-P13	485	OG0000917	K03457	nucleobase:cation symporter-1, NCS1 family	COG1953	FUI1	Cytosine/uracil/thiamine/allantoin permease	AG-464-P13_00137	0
CACLNT010000002.1	38628	40232	+	AG-464-P13_00138	AG-464-P13	534	OG0000054	NA	NA	COG2303	BetA	Choline dehydrogenase or related flavoprotein	AG-464-P13_00137	1
CACLNT010000002.1	40229	40804	+	AG-464-P13_00139	AG-464-P13	191	OG0000922	NA	NA	COG0861	TerC	Tellurite resistance membrane protein TerC	AG-464-P13_00137	2
CACLNT010000002.1	40807	41574	+	AG-464-P13_00140	AG-464-P13	255	OG0000007	K03331	L-xylulose reductase [EC:1.1.1.10]	COG1028	FabG	NAD(P)-dependent dehydrogenase, short-chain alcohol dehydrogenase family	AG-464-P13_00137	3
CACLNT010000002.1	41559	42359	+	AG-464-P13_00141	AG-464-P13	266	OG0000498	NA	NA	COG0739	NlpD	Murein endopeptidase or hydrolase activator MepM/NlpD, contains LysM domain	AG-464-P13_00137	4
CACLNT010000002.1	42381	42941	-	AG-464-P13_00142	AG-464-P13	186	OG0001806	NA	NA	COG4122	TrmR	tRNA 5-hydroxyU34 O-methylase TrmR/YrrM	AG-464-P13_00137	5
CACLNT010000011.1	21916	23160	-	AG-464-P13_00873	AG-464-P13	414	OG0000815	NA	NA	COG2907	Ppro0129	Predicted flavin-containing amine oxidase	AG-464-P13_00878	-5
CACLNT010000011.1	23162	24028	-	AG-464-P13_00874	AG-464-P13	288	OG0000658	NA	NA	COG0697	EamA	Amino acid export permease, drug/metabolite transporter (DMT) superfamily	AG-464-P13_00878	-4
CACLNT010000011.1	24025	24978	-	AG-464-P13_00875	AG-464-P13	317	OG0000967	NA	NA	COG1984	PxpC	5-oxoprolinase subunit C/Allophanate hydrolase subunit 2	AG-464-P13_00878	-3
CACLNT010000011.1	24971	25657	-	AG-464-P13_00876	AG-464-P13	228	OG0000980	NA	NA	COG2049	PxpB	5-oxoprolinase subunit B/Allophanate hydrolase subunit 1	AG-464-P13_00878	-2
CACLNT010000011.1	25685	26458	+	AG-464-P13_00877	AG-464-P13	257	OG0000952	K07160	5-oxoprolinase (ATP-hydrolysing) subunit A [EC:3.5.2.9]	COG1540	PxpA	5-oxoprolinase subunit A	AG-464-P13_00878	-1
CACLNT010000011.1	26525	27979	-	AG-464-P13_00878	AG-464-P13	484	OG0000917	K03457	nucleobase:cation symporter-1, NCS1 family	COG1953	FUI1	Cytosine/uracil/thiamine/allantoin permease	AG-464-P13_00878	0
CACLNT010000011.1	28217	28780	+	AG-464-P13_00879	AG-464-P13	187	OG0000906	NA	NA	COG0861	TerC	Tellurite resistance membrane protein TerC	AG-464-P13_00878	1
CACLNT010000011.1	28782	29558	-	AG-464-P13_00880	AG-464-P13	258	OG0000073	K00606	3-methyl-2-oxobutanoate hydroxymethyltransferase [EC:2.1.2.11]	COG0413	PanB	Ketopantoate hydroxymethyltransferase	AG-464-P13_00878	2
CACLNT010000011.1	29570	30736	-	AG-464-P13_00881	AG-464-P13	388	OG0001372	NA	NA	COG1680	AmpC	CubicO group peptidase, beta-lactamase class C family	AG-464-P13_00878	3
CACLNT010000011.1	30736	32301	-	AG-464-P13_00882	AG-464-P13	521	OG0000582	K01951	GMP synthase (glutamine-hydrolysing) [EC:6.3.5.2]	COG0519	GuaA2	GMP synthase, PP-ATPase domain/subunit	AG-464-P13_00878	4
CACLNT010000011.1	32291	32728	-	AG-464-P13_00883	AG-464-P13	145	OG0000762	NA	NA	COG3914	Spy	Predicted O-linked N-acetylglucosamine transferase, SPINDLY family	AG-464-P13_00878	5
CACLQB010000010.1	11602	12195	-	AG-470-D02_00918	AG-470-D02	197	OG0000922	NA	NA	COG0861	TerC	Tellurite resistance membrane protein TerC	AG-470-D02_00923	-5
CACLQB010000010.1	12195	13790	-	AG-470-D02_00919	AG-470-D02	531	OG0000054	NA	NA	COG2303	BetA	Choline dehydrogenase or related flavoprotein	AG-470-D02_00923	-4
CACLQB010000010.1	13931	15025	+	AG-470-D02_00920	AG-470-D02	364	OG0000072	NA	NA	COG4663	FcbT1	TRAP-type mannitol/chloroaromatic compound transport system, periplasmic component	AG-470-D02_00923	-3
CACLQB010000010.1	15099	15713	+	AG-470-D02_00921	AG-470-D02	204	OG0000994	NA	NA	COG4665	FcbT2	TRAP-type mannitol/chloroaromatic compound transport system, small permease component	AG-470-D02_00923	-2
CACLQB010000010.1	15710	17044	+	AG-470-D02_00922	AG-470-D02	444	OG0000987	K11690	C4-dicarboxylate transporter, DctM subunit	COG4664	FcbT3	TRAP-type mannitol/chloroaromatic compound transport system, large permease component	AG-470-D02_00923	-1
CACLQB010000010.1	17070	18527	+	AG-470-D02_00923	AG-470-D02	485	OG0000917	K03457	nucleobase:cation symporter-1, NCS1 family	COG1953	FUI1	Cytosine/uracil/thiamine/allantoin permease	AG-470-D02_00923	0
CACLQB010000010.1	18533	19279	+	AG-470-D02_00924	AG-470-D02	248	OG0001186	K21883	2-dehydro-3-deoxy-L-rhamnonate dehydrogenase (NAD+) [EC:1.1.1.401]	COG1028	FabG	NAD(P)-dependent dehydrogenase, short-chain alcohol dehydrogenase family	AG-470-D02_00923	1
CACLQB010000010.1	19342	19992	+	AG-470-D02_00925	AG-470-D02	216	OG0000965	NA	NA	NA	NA	NA	AG-470-D02_00923	2
CACLQB010000010.1	20188	20601	+	AG-470-D02_00926	AG-470-D02	137	OG0000808	K07107	acyl-CoA thioester hydrolase [EC:3.1.2.-]	COG0824	FadM	Acyl-CoA thioesterase FadM	AG-470-D02_00923	3
CACLQB010000010.1	20591	21277	-	AG-470-D02_00927	AG-470-D02	228	OG0001011	K21929	uracil-DNA glycosylase [EC:3.2.2.27]	COG1573	Udg4	Uracil-DNA glycosylase	AG-470-D02_00923	4
CACLQB010000010.1	21280	21837	+	AG-470-D02_00928	AG-470-D02	185	OG0000787	NA	NA	COG2062	SixA	Phosphohistidine phosphatase SixA	AG-470-D02_00923	5
CACLZL010000008.1	12637	13230	-	AG-891-A05_00874	AG-891-A05	197	OG0000922	NA	NA	COG0861	TerC	Tellurite resistance membrane protein TerC	AG-891-A05_00879	-5
CACLZL010000008.1	13230	14825	-	AG-891-A05_00875	AG-891-A05	531	OG0000054	NA	NA	COG2303	BetA	Choline dehydrogenase or related flavoprotein	AG-891-A05_00879	-4
CACLZL010000008.1	14973	16067	+	AG-891-A05_00876	AG-891-A05	364	OG0000072	NA	NA	COG4663	FcbT1	TRAP-type mannitol/chloroaromatic compound transport system, periplasmic component	AG-891-A05_00879	-3
CACLZL010000008.1	16133	16747	+	AG-891-A05_00877	AG-891-A05	204	OG0000994	NA	NA	COG4665	FcbT2	TRAP-type mannitol/chloroaromatic compound transport system, small permease component	AG-891-A05_00879	-2
CACLZL010000008.1	16744	18078	+	AG-891-A05_00878	AG-891-A05	444	OG0000987	K11690	C4-dicarboxylate transporter, DctM subunit	COG4664	FcbT3	TRAP-type mannitol/chloroaromatic compound transport system, large permease component	AG-891-A05_00879	-1
CACLZL010000008.1	18104	19561	+	AG-891-A05_00879	AG-891-A05	485	OG0000917	K03457	nucleobase:cation symporter-1, NCS1 family	COG1953	FUI1	Cytosine/uracil/thiamine/allantoin permease	AG-891-A05_00879	0
CACLZL010000008.1	19568	20314	+	AG-891-A05_00880	AG-891-A05	248	OG0001186	K21883	2-dehydro-3-deoxy-L-rhamnonate dehydrogenase (NAD+) [EC:1.1.1.401]	COG1028	FabG	NAD(P)-dependent dehydrogenase, short-chain alcohol dehydrogenase family	AG-891-A05_00879	1
CACLZL010000008.1	20317	20439	-	AG-891-A05_00881	AG-891-A05	40	OG0001265	NA	NA	NA	NA	NA	AG-891-A05_00879	2
CACLZL010000008.1	20529	21179	+	AG-891-A05_00882	AG-891-A05	216	OG0000965	NA	NA	NA	NA	NA	AG-891-A05_00879	3
CACLZL010000008.1	21180	21320	-	AG-891-A05_00883	AG-891-A05	46	OG0001143	NA	NA	NA	NA	NA	AG-891-A05_00879	4
CACLZL010000008.1	21378	21791	+	AG-891-A05_00884	AG-891-A05	137	OG0000808	K07107	acyl-CoA thioester hydrolase [EC:3.1.2.-]	COG0824	FadM	Acyl-CoA thioesterase FadM	AG-891-A05_00879	5
CACMBY010000005.1	71549	72142	-	AG-891-C15_00756	AG-891-C15	197	OG0000922	NA	NA	COG0861	TerC	Tellurite resistance membrane protein TerC	AG-891-C15_00761	-5
CACMBY010000005.1	72142	73737	-	AG-891-C15_00757	AG-891-C15	531	OG0000054	NA	NA	COG2303	BetA	Choline dehydrogenase or related flavoprotein	AG-891-C15_00761	-4
CACMBY010000005.1	73870	74964	+	AG-891-C15_00758	AG-891-C15	364	OG0000072	NA	NA	COG4663	FcbT1	TRAP-type mannitol/chloroaromatic compound transport system, periplasmic component	AG-891-C15_00761	-3
CACMBY010000005.1	75035	75649	+	AG-891-C15_00759	AG-891-C15	204	OG0000994	NA	NA	COG4665	FcbT2	TRAP-type mannitol/chloroaromatic compound transport system, small permease component	AG-891-C15_00761	-2
CACMBY010000005.1	75646	76980	+	AG-891-C15_00760	AG-891-C15	444	OG0000987	K11690	C4-dicarboxylate transporter, DctM subunit	COG4664	FcbT3	TRAP-type mannitol/chloroaromatic compound transport system, large permease component	AG-891-C15_00761	-1
CACMBY010000005.1	77006	78463	+	AG-891-C15_00761	AG-891-C15	485	OG0000917	K03457	nucleobase:cation symporter-1, NCS1 family	COG1953	FUI1	Cytosine/uracil/thiamine/allantoin permease	AG-891-C15_00761	0
CACMBY010000005.1	78468	79220	+	AG-891-C15_00762	AG-891-C15	250	OG0001186	K21883	2-dehydro-3-deoxy-L-rhamnonate dehydrogenase (NAD+) [EC:1.1.1.401]	COG1028	FabG	NAD(P)-dependent dehydrogenase, short-chain alcohol dehydrogenase family	AG-891-C15_00761	1
CACMBY010000005.1	79217	79309	-	AG-891-C15_00763	AG-891-C15	30	OG0001265	NA	NA	NA	NA	NA	AG-891-C15_00761	2
CACMBY010000005.1	79438	80088	+	AG-891-C15_00764	AG-891-C15	216	OG0000965	NA	NA	NA	NA	NA	AG-891-C15_00761	3
CACMBY010000005.1	80113	80535	+	AG-891-C15_00765	AG-891-C15	140	OG0000808	K07107	acyl-CoA thioester hydrolase [EC:3.1.2.-]	COG0824	FadM	Acyl-CoA thioesterase FadM	AG-891-C15_00761	4
CACMBY010000005.1	80525	81205	-	AG-891-C15_00766	AG-891-C15	226	OG0001011	K21929	uracil-DNA glycosylase [EC:3.2.2.27]	COG1573	Udg4	Uracil-DNA glycosylase	AG-891-C15_00761	5
CACMEG010000001.1	71271	71669	-	AG-891-E06_00076	AG-891-E06	132	OG0000808	K07107	acyl-CoA thioester hydrolase [EC:3.1.2.-]	COG0824	FadM	Acyl-CoA thioesterase FadM	AG-891-E06_00081	-5
CACMEG010000001.1	71680	72327	-	AG-891-E06_00077	AG-891-E06	215	OG0000965	NA	NA	NA	NA	NA	AG-891-E06_00081	-4
CACMEG010000001.1	72435	72641	+	AG-891-E06_00078	AG-891-E06	68	OG0001436	NA	NA	NA	NA	NA	AG-891-E06_00081	-3
CACMEG010000001.1	72659	72772	+	AG-891-E06_00079	AG-891-E06	37	OG0001265	NA	NA	NA	NA	NA	AG-891-E06_00081	-2
CACMEG010000001.1	72774	73520	-	AG-891-E06_00080	AG-891-E06	248	OG0001186	K21883	2-dehydro-3-deoxy-L-rhamnonate dehydrogenase (NAD+) [EC:1.1.1.401]	COG1028	FabG	NAD(P)-dependent dehydrogenase, short-chain alcohol dehydrogenase family	AG-891-E06_00081	-1
CACMEG010000001.1	73517	74977	-	AG-891-E06_00081	AG-891-E06	486	OG0000917	K03457	nucleobase:cation symporter-1, NCS1 family	COG1953	FUI1	Cytosine/uracil/thiamine/allantoin permease	AG-891-E06_00081	0
CACMEG010000001.1	75002	76336	-	AG-891-E06_00082	AG-891-E06	444	OG0000987	K11690	C4-dicarboxylate transporter, DctM subunit	COG4664	FcbT3	TRAP-type mannitol/chloroaromatic compound transport system, large permease component	AG-891-E06_00081	1
CACMEG010000001.1	76333	76947	-	AG-891-E06_00083	AG-891-E06	204	OG0000994	NA	NA	COG4665	FcbT2	TRAP-type mannitol/chloroaromatic compound transport system, small permease component	AG-891-E06_00081	2
CACMEG010000001.1	77017	78108	-	AG-891-E06_00084	AG-891-E06	363	OG0000072	NA	NA	COG4663	FcbT1	TRAP-type mannitol/chloroaromatic compound transport system, periplasmic component	AG-891-E06_00081	3
CACMEG010000001.1	78233	79858	+	AG-891-E06_00085	AG-891-E06	541	OG0000054	NA	NA	COG2303	BetA	Choline dehydrogenase or related flavoprotein	AG-891-E06_00081	4
CACMEG010000001.1	79855	80436	+	AG-891-E06_00086	AG-891-E06	193	OG0000922	NA	NA	COG0861	TerC	Tellurite resistance membrane protein TerC	AG-891-E06_00081	5
CACMGO010000012.1	17532	18458	+	AG-891-G02_01227	AG-891-G02	308	OG0000005	K00020	3-hydroxyisobutyrate dehydrogenase [EC:1.1.1.31]	COG2084	MmsB	3-hydroxyisobutyrate dehydrogenase or related beta-hydroxyacid dehydrogenase	AG-891-G02_01232	-5
CACMGO010000012.1	18587	19675	+	AG-891-G02_01228	AG-891-G02	362	OG0000072	NA	NA	COG4663	FcbT1	TRAP-type mannitol/chloroaromatic compound transport system, periplasmic component	AG-891-G02_01232	-4
CACMGO010000012.1	19747	20403	+	AG-891-G02_01229	AG-891-G02	218	OG0000994	NA	NA	COG4665	FcbT2	TRAP-type mannitol/chloroaromatic compound transport system, small permease component	AG-891-G02_01232	-3
CACMGO010000012.1	20394	21734	+	AG-891-G02_01230	AG-891-G02	446	OG0000987	K11690	C4-dicarboxylate transporter, DctM subunit	COG4664	FcbT3	TRAP-type mannitol/chloroaromatic compound transport system, large permease component	AG-891-G02_01232	-2
CACMGO010000012.1	21736	22632	-	AG-891-G02_01231	AG-891-G02	298	OG0001024	NA	NA	COG0697	EamA	Amino acid export permease, drug/metabolite transporter (DMT) superfamily	AG-891-G02_01232	-1
CACMGO010000012.1	22699	24156	+	AG-891-G02_01232	AG-891-G02	485	OG0000917	K03457	nucleobase:cation symporter-1, NCS1 family	COG1953	FUI1	Cytosine/uracil/thiamine/allantoin permease	AG-891-G02_01232	0
CACMGO010000012.1	24158	25162	+	AG-891-G02_01233	AG-891-G02	334	OG0000009	NA	NA	COG1063	Tdh	Threonine dehydrogenase or related Zn-dependent dehydrogenase	AG-891-G02_01232	1
CACMGO010000012.1	25146	25280	-	AG-891-G02_01234	AG-891-G02	44	OG0001265	NA	NA	NA	NA	NA	AG-891-G02_01232	2
CACMGO010000012.1	25356	26006	+	AG-891-G02_01235	AG-891-G02	216	OG0000965	NA	NA	NA	NA	NA	AG-891-G02_01232	3
CACMGO010000012.1	26007	26147	-	AG-891-G02_01236	AG-891-G02	46	OG0001143	NA	NA	NA	NA	NA	AG-891-G02_01232	4
CACMGO010000012.1	26206	26622	+	AG-891-G02_01237	AG-891-G02	138	OG0000808	K07107	acyl-CoA thioester hydrolase [EC:3.1.2.-]	COG0824	FadM	Acyl-CoA thioesterase FadM	AG-891-G02_01232	5
CACMIH010000005.1	12398	12811	-	AG-891-I18_00875	AG-891-I18	137	OG0000808	K07107	acyl-CoA thioester hydrolase [EC:3.1.2.-]	COG0824	FadM	Acyl-CoA thioesterase FadM	AG-891-I18_00880	-5
CACMIH010000005.1	12869	13009	+	AG-891-I18_00876	AG-891-I18	46	OG0001143	NA	NA	NA	NA	NA	AG-891-I18_00880	-4
CACMIH010000005.1	13010	13660	-	AG-891-I18_00877	AG-891-I18	216	OG0000965	NA	NA	NA	NA	NA	AG-891-I18_00880	-3
CACMIH010000005.1	13750	13872	+	AG-891-I18_00878	AG-891-I18	40	OG0001265	NA	NA	NA	NA	NA	AG-891-I18_00880	-2
CACMIH010000005.1	13875	14621	-	AG-891-I18_00879	AG-891-I18	248	OG0001186	K21883	2-dehydro-3-deoxy-L-rhamnonate dehydrogenase (NAD+) [EC:1.1.1.401]	COG1028	FabG	NAD(P)-dependent dehydrogenase, short-chain alcohol dehydrogenase family	AG-891-I18_00880	-1
CACMIH010000005.1	14627	16084	-	AG-891-I18_00880	AG-891-I18	485	OG0000917	K03457	nucleobase:cation symporter-1, NCS1 family	COG1953	FUI1	Cytosine/uracil/thiamine/allantoin permease	AG-891-I18_00880	0
CACMIH010000005.1	16110	17444	-	AG-891-I18_00881	AG-891-I18	444	OG0000987	K11690	C4-dicarboxylate transporter, DctM subunit	COG4664	FcbT3	TRAP-type mannitol/chloroaromatic compound transport system, large permease component	AG-891-I18_00880	1
CACMIH010000005.1	17441	18055	-	AG-891-I18_00882	AG-891-I18	204	OG0000994	NA	NA	COG4665	FcbT2	TRAP-type mannitol/chloroaromatic compound transport system, small permease component	AG-891-I18_00880	2
CACMIH010000005.1	18124	19218	-	AG-891-I18_00883	AG-891-I18	364	OG0000072	NA	NA	COG4663	FcbT1	TRAP-type mannitol/chloroaromatic compound transport system, periplasmic component	AG-891-I18_00880	3
CACMIH010000005.1	19364	20959	+	AG-891-I18_00884	AG-891-I18	531	OG0000054	NA	NA	COG2303	BetA	Choline dehydrogenase or related flavoprotein	AG-891-I18_00880	4
CACMIH010000005.1	20959	21552	+	AG-891-I18_00885	AG-891-I18	197	OG0000922	NA	NA	COG0861	TerC	Tellurite resistance membrane protein TerC	AG-891-I18_00880	5
CACMIX010000015.1	360	1040	+	AG-891-J07_01292	AG-891-J07	226	OG0001011	K21929	uracil-DNA glycosylase [EC:3.2.2.27]	COG1573	Udg4	Uracil-DNA glycosylase	AG-891-J07_01297	-5
CACMIX010000015.1	1033	1449	-	AG-891-J07_01293	AG-891-J07	138	OG0000808	K07107	acyl-CoA thioester hydrolase [EC:3.1.2.-]	COG0824	FadM	Acyl-CoA thioesterase FadM	AG-891-J07_01297	-4
CACMIX010000015.1	1496	1648	+	AG-891-J07_01294	AG-891-J07	50	OG0001143	NA	NA	NA	NA	NA	AG-891-J07_01297	-3
CACMIX010000015.1	1645	2295	-	AG-891-J07_01295	AG-891-J07	216	OG0000965	NA	NA	NA	NA	NA	AG-891-J07_01297	-2
CACMIX010000015.1	2358	3104	-	AG-891-J07_01296	AG-891-J07	248	OG0001186	K21883	2-dehydro-3-deoxy-L-rhamnonate dehydrogenase (NAD+) [EC:1.1.1.401]	COG1028	FabG	NAD(P)-dependent dehydrogenase, short-chain alcohol dehydrogenase family	AG-891-J07_01297	-1
CACMIX010000015.1	3110	3823	-	AG-891-J07_01297	AG-891-J07	237	OG0000917	NA	NA	COG1953	FUI1	Cytosine/uracil/thiamine/allantoin permease	AG-891-J07_01297	0
CACMND010000012.1	6214	6792	-	AG-891-N03_01172	AG-891-N03	192	OG0000922	NA	NA	COG0861	TerC	Tellurite resistance membrane protein TerC	AG-891-N03_01177	-5
CACMND010000012.1	6789	8393	-	AG-891-N03_01173	AG-891-N03	534	OG0000054	NA	NA	COG2303	BetA	Choline dehydrogenase or related flavoprotein	AG-891-N03_01177	-4
CACMND010000012.1	8529	9626	+	AG-891-N03_01174	AG-891-N03	365	OG0000072	NA	NA	COG4663	FcbT1	TRAP-type mannitol/chloroaromatic compound transport system, periplasmic component	AG-891-N03_01177	-3
CACMND010000012.1	9680	10285	+	AG-891-N03_01175	AG-891-N03	201	OG0000994	NA	NA	COG4665	FcbT2	TRAP-type mannitol/chloroaromatic compound transport system, small permease component	AG-891-N03_01177	-2
CACMND010000012.1	10285	11622	+	AG-891-N03_01176	AG-891-N03	445	OG0000987	K11690	C4-dicarboxylate transporter, DctM subunit	COG4664	FcbT3	TRAP-type mannitol/chloroaromatic compound transport system, large permease component	AG-891-N03_01177	-1
CACMND010000012.1	11645	13099	+	AG-891-N03_01177	AG-891-N03	484	OG0000917	K03457	nucleobase:cation symporter-1, NCS1 family	COG1953	FUI1	Cytosine/uracil/thiamine/allantoin permease	AG-891-N03_01177	0
CACMND010000012.1	13102	14106	+	AG-891-N03_01178	AG-891-N03	334	OG0000009	NA	NA	COG1063	Tdh	Threonine dehydrogenase or related Zn-dependent dehydrogenase	AG-891-N03_01177	1
CACMND010000012.1	14330	14983	+	AG-891-N03_01179	AG-891-N03	217	OG0000965	NA	NA	NA	NA	NA	AG-891-N03_01177	2
CACMND010000012.1	15003	15395	+	AG-891-N03_01180	AG-891-N03	130	OG0000808	K07107	acyl-CoA thioester hydrolase [EC:3.1.2.-]	COG0824	FadM	Acyl-CoA thioesterase FadM	AG-891-N03_01177	3
CACMND010000012.1	15387	16094	-	AG-891-N03_01181	AG-891-N03	235	OG0001011	K21929	uracil-DNA glycosylase [EC:3.2.2.27]	COG1573	Udg4	Uracil-DNA glycosylase	AG-891-N03_01177	4
CACMND010000012.1	16067	17218	-	AG-891-N03_01182	AG-891-N03	383	OG0001325	K00111	glycerol-3-phosphate dehydrogenase [EC:1.1.5.3]	COG0578	GlpA	Glycerol-3-phosphate dehydrogenase	AG-891-N03_01177	5
CACMRC010000002.1	151335	151928	-	AG-892-A22_00408	AG-892-A22	197	OG0000922	NA	NA	COG0861	TerC	Tellurite resistance membrane protein TerC	AG-892-A22_00413	-5
CACMRC010000002.1	151928	153523	-	AG-892-A22_00409	AG-892-A22	531	OG0000054	NA	NA	COG2303	BetA	Choline dehydrogenase or related flavoprotein	AG-892-A22_00413	-4
CACMRC010000002.1	153669	154763	+	AG-892-A22_00410	AG-892-A22	364	OG0000072	NA	NA	COG4663	FcbT1	TRAP-type mannitol/chloroaromatic compound transport system, periplasmic component	AG-892-A22_00413	-3
CACMRC010000002.1	154829	155443	+	AG-892-A22_00411	AG-892-A22	204	OG0000994	NA	NA	COG4665	FcbT2	TRAP-type mannitol/chloroaromatic compound transport system, small permease component	AG-892-A22_00413	-2
CACMRC010000002.1	155440	156774	+	AG-892-A22_00412	AG-892-A22	444	OG0000987	K11690	C4-dicarboxylate transporter, DctM subunit	COG4664	FcbT3	TRAP-type mannitol/chloroaromatic compound transport system, large permease component	AG-892-A22_00413	-1
CACMRC010000002.1	156800	158257	+	AG-892-A22_00413	AG-892-A22	485	OG0000917	K03457	nucleobase:cation symporter-1, NCS1 family	COG1953	FUI1	Cytosine/uracil/thiamine/allantoin permease	AG-892-A22_00413	0
CACMRC010000002.1	158264	159010	+	AG-892-A22_00414	AG-892-A22	248	OG0001186	K21883	2-dehydro-3-deoxy-L-rhamnonate dehydrogenase (NAD+) [EC:1.1.1.401]	COG1028	FabG	NAD(P)-dependent dehydrogenase, short-chain alcohol dehydrogenase family	AG-892-A22_00413	1
CACMRC010000002.1	159225	159875	+	AG-892-A22_00415	AG-892-A22	216	OG0000965	NA	NA	NA	NA	NA	AG-892-A22_00413	2
CACMRC010000002.1	159879	160016	-	AG-892-A22_00416	AG-892-A22	45	OG0001143	NA	NA	NA	NA	NA	AG-892-A22_00413	3
CACMRC010000002.1	160074	160487	+	AG-892-A22_00417	AG-892-A22	137	OG0000808	K07107	acyl-CoA thioester hydrolase [EC:3.1.2.-]	COG0824	FadM	Acyl-CoA thioesterase FadM	AG-892-A22_00413	4
CACMRC010000002.1	160477	161157	-	AG-892-A22_00418	AG-892-A22	226	OG0001011	K21929	uracil-DNA glycosylase [EC:3.2.2.27]	COG1573	Udg4	Uracil-DNA glycosylase	AG-892-A22_00413	5
CACMSB010000003.1	113198	113776	-	AG-892-B11_00944	AG-892-B11	192	OG0000922	NA	NA	COG0861	TerC	Tellurite resistance membrane protein TerC	AG-892-B11_00949	-5
CACMSB010000003.1	113773	115377	-	AG-892-B11_00945	AG-892-B11	534	OG0000054	NA	NA	COG2303	BetA	Choline dehydrogenase or related flavoprotein	AG-892-B11_00949	-4
CACMSB010000003.1	115513	116610	+	AG-892-B11_00946	AG-892-B11	365	OG0000072	NA	NA	COG4663	FcbT1	TRAP-type mannitol/chloroaromatic compound transport system, periplasmic component	AG-892-B11_00949	-3
CACMSB010000003.1	116664	117269	+	AG-892-B11_00947	AG-892-B11	201	OG0000994	NA	NA	COG4665	FcbT2	TRAP-type mannitol/chloroaromatic compound transport system, small permease component	AG-892-B11_00949	-2
CACMSB010000003.1	117269	118606	+	AG-892-B11_00948	AG-892-B11	445	OG0000987	K11690	C4-dicarboxylate transporter, DctM subunit	COG4664	FcbT3	TRAP-type mannitol/chloroaromatic compound transport system, large permease component	AG-892-B11_00949	-1
CACMSB010000003.1	118629	120083	+	AG-892-B11_00949	AG-892-B11	484	OG0000917	K03457	nucleobase:cation symporter-1, NCS1 family	COG1953	FUI1	Cytosine/uracil/thiamine/allantoin permease	AG-892-B11_00949	0
CACMSB010000003.1	120086	121090	+	AG-892-B11_00950	AG-892-B11	334	OG0000009	NA	NA	COG1063	Tdh	Threonine dehydrogenase or related Zn-dependent dehydrogenase	AG-892-B11_00949	1
CACMSB010000003.1	121314	121967	+	AG-892-B11_00951	AG-892-B11	217	OG0000965	NA	NA	NA	NA	NA	AG-892-B11_00949	2
CACMSB010000003.1	121987	122379	+	AG-892-B11_00952	AG-892-B11	130	OG0000808	K07107	acyl-CoA thioester hydrolase [EC:3.1.2.-]	COG0824	FadM	Acyl-CoA thioesterase FadM	AG-892-B11_00949	3
CACMSB010000003.1	122371	123078	-	AG-892-B11_00953	AG-892-B11	235	OG0001011	K21929	uracil-DNA glycosylase [EC:3.2.2.27]	COG1573	Udg4	Uracil-DNA glycosylase	AG-892-B11_00949	4
CACMSB010000003.1	123051	124202	-	AG-892-B11_00954	AG-892-B11	383	OG0001325	K00111	glycerol-3-phosphate dehydrogenase [EC:1.1.5.3]	COG0578	GlpA	Glycerol-3-phosphate dehydrogenase	AG-892-B11_00949	5
CACMTO010000001.1	17592	18167	-	AG-892-C18_00022	AG-892-C18	191	OG0000922	NA	NA	COG0861	TerC	Tellurite resistance membrane protein TerC	AG-892-C18_00027	-5
CACMTO010000001.1	18167	19786	-	AG-892-C18_00023	AG-892-C18	539	OG0000054	NA	NA	COG2303	BetA	Choline dehydrogenase or related flavoprotein	AG-892-C18_00027	-4
CACMTO010000001.1	19916	21010	+	AG-892-C18_00024	AG-892-C18	364	OG0000072	NA	NA	COG4663	FcbT1	TRAP-type mannitol/chloroaromatic compound transport system, periplasmic component	AG-892-C18_00027	-3
CACMTO010000001.1	21081	21695	+	AG-892-C18_00025	AG-892-C18	204	OG0000994	NA	NA	COG4665	FcbT2	TRAP-type mannitol/chloroaromatic compound transport system, small permease component	AG-892-C18_00027	-2
CACMTO010000001.1	21699	23033	+	AG-892-C18_00026	AG-892-C18	444	OG0000987	K11690	C4-dicarboxylate transporter, DctM subunit	COG4664	FcbT3	TRAP-type mannitol/chloroaromatic compound transport system, large permease component	AG-892-C18_00027	-1
CACMTO010000001.1	23059	24516	+	AG-892-C18_00027	AG-892-C18	485	OG0000917	K03457	nucleobase:cation symporter-1, NCS1 family	COG1953	FUI1	Cytosine/uracil/thiamine/allantoin permease	AG-892-C18_00027	0
CACMTO010000001.1	24521	25273	+	AG-892-C18_00028	AG-892-C18	250	OG0001186	K21883	2-dehydro-3-deoxy-L-rhamnonate dehydrogenase (NAD+) [EC:1.1.1.401]	COG1028	FabG	NAD(P)-dependent dehydrogenase, short-chain alcohol dehydrogenase family	AG-892-C18_00027	1
CACMTO010000001.1	25482	26132	+	AG-892-C18_00029	AG-892-C18	216	OG0000965	NA	NA	NA	NA	NA	AG-892-C18_00027	2
CACMTO010000001.1	26133	26273	-	AG-892-C18_00030	AG-892-C18	46	OG0001143	NA	NA	NA	NA	NA	AG-892-C18_00027	3
CACMTO010000001.1	26332	26754	+	AG-892-C18_00031	AG-892-C18	140	OG0000808	K07107	acyl-CoA thioester hydrolase [EC:3.1.2.-]	COG0824	FadM	Acyl-CoA thioesterase FadM	AG-892-C18_00027	4
CACMTO010000001.1	26744	27424	-	AG-892-C18_00032	AG-892-C18	226	OG0001011	K21929	uracil-DNA glycosylase [EC:3.2.2.27]	COG1573	Udg4	Uracil-DNA glycosylase	AG-892-C18_00027	5
CACMVC010000003.1	52266	52859	-	AG-892-E08_00649	AG-892-E08	197	OG0000922	NA	NA	COG0861	TerC	Tellurite resistance membrane protein TerC	AG-892-E08_00654	-5
CACMVC010000003.1	52859	54454	-	AG-892-E08_00650	AG-892-E08	531	OG0000054	NA	NA	COG2303	BetA	Choline dehydrogenase or related flavoprotein	AG-892-E08_00654	-4
CACMVC010000003.1	54595	55689	+	AG-892-E08_00651	AG-892-E08	364	OG0000072	NA	NA	COG4663	FcbT1	TRAP-type mannitol/chloroaromatic compound transport system, periplasmic component	AG-892-E08_00654	-3
CACMVC010000003.1	55731	56378	+	AG-892-E08_00652	AG-892-E08	215	OG0000994	NA	NA	COG4665	FcbT2	TRAP-type mannitol/chloroaromatic compound transport system, small permease component	AG-892-E08_00654	-2
CACMVC010000003.1	56357	57709	+	AG-892-E08_00653	AG-892-E08	450	OG0000987	K11690	C4-dicarboxylate transporter, DctM subunit	COG4664	FcbT3	TRAP-type mannitol/chloroaromatic compound transport system, large permease component	AG-892-E08_00654	-1
CACMVC010000003.1	57735	59192	+	AG-892-E08_00654	AG-892-E08	485	OG0000917	K03457	nucleobase:cation symporter-1, NCS1 family	COG1953	FUI1	Cytosine/uracil/thiamine/allantoin permease	AG-892-E08_00654	0
CACMVC010000003.1	59198	59944	+	AG-892-E08_00655	AG-892-E08	248	OG0001186	K21883	2-dehydro-3-deoxy-L-rhamnonate dehydrogenase (NAD+) [EC:1.1.1.401]	COG1028	FabG	NAD(P)-dependent dehydrogenase, short-chain alcohol dehydrogenase family	AG-892-E08_00654	1
CACMVC010000003.1	60157	60807	+	AG-892-E08_00656	AG-892-E08	216	OG0000965	NA	NA	NA	NA	NA	AG-892-E08_00654	2
CACMVC010000003.1	60804	60956	-	AG-892-E08_00657	AG-892-E08	50	OG0001143	NA	NA	NA	NA	NA	AG-892-E08_00654	3
CACMVC010000003.1	61003	61416	+	AG-892-E08_00658	AG-892-E08	137	OG0000808	K07107	acyl-CoA thioester hydrolase [EC:3.1.2.-]	COG0824	FadM	Acyl-CoA thioesterase FadM	AG-892-E08_00654	4
CACMVC010000003.1	61413	62093	-	AG-892-E08_00659	AG-892-E08	226	OG0001011	K21929	uracil-DNA glycosylase [EC:3.2.2.27]	COG1573	Udg4	Uracil-DNA glycosylase	AG-892-E08_00654	5
CACMWB010000002.1	106422	106835	-	AG-892-F02_00382	AG-892-F02	137	OG0000808	K07107	acyl-CoA thioester hydrolase [EC:3.1.2.-]	COG0824	FadM	Acyl-CoA thioesterase FadM	AG-892-F02_00387	-5
CACMWB010000002.1	106893	107033	+	AG-892-F02_00383	AG-892-F02	46	OG0001143	NA	NA	NA	NA	NA	AG-892-F02_00387	-4
CACMWB010000002.1	107034	107684	-	AG-892-F02_00384	AG-892-F02	216	OG0000965	NA	NA	NA	NA	NA	AG-892-F02_00387	-3
CACMWB010000002.1	107774	107896	+	AG-892-F02_00385	AG-892-F02	40	OG0001265	NA	NA	NA	NA	NA	AG-892-F02_00387	-2
CACMWB010000002.1	107899	108645	-	AG-892-F02_00386	AG-892-F02	248	OG0001186	K21883	2-dehydro-3-deoxy-L-rhamnonate dehydrogenase (NAD+) [EC:1.1.1.401]	COG1028	FabG	NAD(P)-dependent dehydrogenase, short-chain alcohol dehydrogenase family	AG-892-F02_00387	-1
CACMWB010000002.1	108651	110108	-	AG-892-F02_00387	AG-892-F02	485	OG0000917	K03457	nucleobase:cation symporter-1, NCS1 family	COG1953	FUI1	Cytosine/uracil/thiamine/allantoin permease	AG-892-F02_00387	0
CACMWB010000002.1	110134	111468	-	AG-892-F02_00388	AG-892-F02	444	OG0000987	K11690	C4-dicarboxylate transporter, DctM subunit	COG4664	FcbT3	TRAP-type mannitol/chloroaromatic compound transport system, large permease component	AG-892-F02_00387	1
CACMWB010000002.1	111465	112079	-	AG-892-F02_00389	AG-892-F02	204	OG0000994	NA	NA	COG4665	FcbT2	TRAP-type mannitol/chloroaromatic compound transport system, small permease component	AG-892-F02_00387	2
CACMWB010000002.1	112145	113239	-	AG-892-F02_00390	AG-892-F02	364	OG0000072	NA	NA	COG4663	FcbT1	TRAP-type mannitol/chloroaromatic compound transport system, periplasmic component	AG-892-F02_00387	3
CACMWB010000002.1	113385	114980	+	AG-892-F02_00391	AG-892-F02	531	OG0000054	NA	NA	COG2303	BetA	Choline dehydrogenase or related flavoprotein	AG-892-F02_00387	4
CACMWB010000002.1	114980	115573	+	AG-892-F02_00392	AG-892-F02	197	OG0000922	NA	NA	COG0861	TerC	Tellurite resistance membrane protein TerC	AG-892-F02_00387	5
CACMWQ010000003.1	125336	126487	+	AG-892-F15_00783	AG-892-F15	383	OG0001325	K00111	glycerol-3-phosphate dehydrogenase [EC:1.1.5.3]	COG0578	GlpA	Glycerol-3-phosphate dehydrogenase	AG-892-F15_00788	-5
CACMWQ010000003.1	126460	127167	+	AG-892-F15_00784	AG-892-F15	235	OG0001011	K21929	uracil-DNA glycosylase [EC:3.2.2.27]	COG1573	Udg4	Uracil-DNA glycosylase	AG-892-F15_00788	-4
CACMWQ010000003.1	127159	127551	-	AG-892-F15_00785	AG-892-F15	130	OG0000808	K07107	acyl-CoA thioester hydrolase [EC:3.1.2.-]	COG0824	FadM	Acyl-CoA thioesterase FadM	AG-892-F15_00788	-3
CACMWQ010000003.1	127571	128224	-	AG-892-F15_00786	AG-892-F15	217	OG0000965	NA	NA	NA	NA	NA	AG-892-F15_00788	-2
CACMWQ010000003.1	128448	129452	-	AG-892-F15_00787	AG-892-F15	334	OG0000009	NA	NA	COG1063	Tdh	Threonine dehydrogenase or related Zn-dependent dehydrogenase	AG-892-F15_00788	-1
CACMWQ010000003.1	129455	130909	-	AG-892-F15_00788	AG-892-F15	484	OG0000917	K03457	nucleobase:cation symporter-1, NCS1 family	COG1953	FUI1	Cytosine/uracil/thiamine/allantoin permease	AG-892-F15_00788	0
CACMWQ010000003.1	130932	132269	-	AG-892-F15_00789	AG-892-F15	445	OG0000987	K11690	C4-dicarboxylate transporter, DctM subunit	COG4664	FcbT3	TRAP-type mannitol/chloroaromatic compound transport system, large permease component	AG-892-F15_00788	1
CACMWQ010000003.1	132269	132874	-	AG-892-F15_00790	AG-892-F15	201	OG0000994	NA	NA	COG4665	FcbT2	TRAP-type mannitol/chloroaromatic compound transport system, small permease component	AG-892-F15_00788	2
CACMWQ010000003.1	132928	134025	-	AG-892-F15_00791	AG-892-F15	365	OG0000072	NA	NA	COG4663	FcbT1	TRAP-type mannitol/chloroaromatic compound transport system, periplasmic component	AG-892-F15_00788	3
CACMWQ010000003.1	134161	135765	+	AG-892-F15_00792	AG-892-F15	534	OG0000054	NA	NA	COG2303	BetA	Choline dehydrogenase or related flavoprotein	AG-892-F15_00788	4
CACMWQ010000003.1	135762	136340	+	AG-892-F15_00793	AG-892-F15	192	OG0000922	NA	NA	COG0861	TerC	Tellurite resistance membrane protein TerC	AG-892-F15_00788	5
CACMZL010000003.1	149397	149975	-	AG-892-J03_00910	AG-892-J03	192	OG0000922	NA	NA	COG0861	TerC	Tellurite resistance membrane protein TerC	AG-892-J03_00915	-5
CACMZL010000003.1	149972	151576	-	AG-892-J03_00911	AG-892-J03	534	OG0000054	NA	NA	COG2303	BetA	Choline dehydrogenase or related flavoprotein	AG-892-J03_00915	-4
CACMZL010000003.1	151712	152809	+	AG-892-J03_00912	AG-892-J03	365	OG0000072	NA	NA	COG4663	FcbT1	TRAP-type mannitol/chloroaromatic compound transport system, periplasmic component	AG-892-J03_00915	-3
CACMZL010000003.1	152864	153469	+	AG-892-J03_00913	AG-892-J03	201	OG0000994	NA	NA	COG4665	FcbT2	TRAP-type mannitol/chloroaromatic compound transport system, small permease component	AG-892-J03_00915	-2
CACMZL010000003.1	153469	154806	+	AG-892-J03_00914	AG-892-J03	445	OG0000987	K11690	C4-dicarboxylate transporter, DctM subunit	COG4664	FcbT3	TRAP-type mannitol/chloroaromatic compound transport system, large permease component	AG-892-J03_00915	-1
CACMZL010000003.1	154829	156283	+	AG-892-J03_00915	AG-892-J03	484	OG0000917	K03457	nucleobase:cation symporter-1, NCS1 family	COG1953	FUI1	Cytosine/uracil/thiamine/allantoin permease	AG-892-J03_00915	0
CACMZL010000003.1	156283	157290	+	AG-892-J03_00916	AG-892-J03	335	OG0000009	NA	NA	COG1063	Tdh	Threonine dehydrogenase or related Zn-dependent dehydrogenase	AG-892-J03_00915	1
CACMZL010000003.1	157287	157418	-	AG-892-J03_00917	AG-892-J03	43	OG0001265	NA	NA	NA	NA	NA	AG-892-J03_00915	2
CACMZL010000003.1	157514	158167	+	AG-892-J03_00918	AG-892-J03	217	OG0000965	NA	NA	NA	NA	NA	AG-892-J03_00915	3
CACMZL010000003.1	158187	158579	+	AG-892-J03_00919	AG-892-J03	130	OG0000808	K07107	acyl-CoA thioester hydrolase [EC:3.1.2.-]	COG0824	FadM	Acyl-CoA thioesterase FadM	AG-892-J03_00915	4
CACMZL010000003.1	158571	159278	-	AG-892-J03_00920	AG-892-J03	235	OG0001011	K21929	uracil-DNA glycosylase [EC:3.2.2.27]	COG1573	Udg4	Uracil-DNA glycosylase	AG-892-J03_00915	5
CACNAR010000006.1	27531	28124	-	AG-892-K05_00935	AG-892-K05	197	OG0000922	NA	NA	COG0861	TerC	Tellurite resistance membrane protein TerC	AG-892-K05_00940	-5
CACNAR010000006.1	28124	29719	-	AG-892-K05_00936	AG-892-K05	531	OG0000054	NA	NA	COG2303	BetA	Choline dehydrogenase or related flavoprotein	AG-892-K05_00940	-4
CACNAR010000006.1	29853	30947	+	AG-892-K05_00937	AG-892-K05	364	OG0000072	NA	NA	COG4663	FcbT1	TRAP-type mannitol/chloroaromatic compound transport system, periplasmic component	AG-892-K05_00940	-3
CACNAR010000006.1	31014	31628	+	AG-892-K05_00938	AG-892-K05	204	OG0000994	NA	NA	COG4665	FcbT2	TRAP-type mannitol/chloroaromatic compound transport system, small permease component	AG-892-K05_00940	-2
CACNAR010000006.1	31625	32959	+	AG-892-K05_00939	AG-892-K05	444	OG0000987	K11690	C4-dicarboxylate transporter, DctM subunit	COG4664	FcbT3	TRAP-type mannitol/chloroaromatic compound transport system, large permease component	AG-892-K05_00940	-1
CACNAR010000006.1	32985	34442	+	AG-892-K05_00940	AG-892-K05	485	OG0000917	K03457	nucleobase:cation symporter-1, NCS1 family	COG1953	FUI1	Cytosine/uracil/thiamine/allantoin permease	AG-892-K05_00940	0
CACNAR010000006.1	34447	35199	+	AG-892-K05_00941	AG-892-K05	250	OG0001186	K21883	2-dehydro-3-deoxy-L-rhamnonate dehydrogenase (NAD+) [EC:1.1.1.401]	COG1028	FabG	NAD(P)-dependent dehydrogenase, short-chain alcohol dehydrogenase family	AG-892-K05_00940	1
CACNAR010000006.1	35196	35333	-	AG-892-K05_00942	AG-892-K05	45	OG0001265	NA	NA	NA	NA	NA	AG-892-K05_00940	2
CACNAR010000006.1	35423	36073	+	AG-892-K05_00943	AG-892-K05	216	OG0000965	NA	NA	NA	NA	NA	AG-892-K05_00940	3
CACNAR010000006.1	36074	36214	-	AG-892-K05_00944	AG-892-K05	46	OG0001143	NA	NA	NA	NA	NA	AG-892-K05_00940	4
CACNAR010000006.1	36271	36693	+	AG-892-K05_00945	AG-892-K05	140	OG0000808	K07107	acyl-CoA thioester hydrolase [EC:3.1.2.-]	COG0824	FadM	Acyl-CoA thioesterase FadM	AG-892-K05_00940	5
CACNCJ010000033.1	29	442	-	AG-892-L17_01126	AG-892-L17	137	OG0000808	K07107	acyl-CoA thioester hydrolase [EC:3.1.2.-]	COG0824	FadM	Acyl-CoA thioesterase FadM	AG-892-L17_01131	-5
CACNCJ010000033.1	500	640	+	AG-892-L17_01127	AG-892-L17	46	OG0001143	NA	NA	NA	NA	NA	AG-892-L17_01131	-4
CACNCJ010000033.1	641	1291	-	AG-892-L17_01128	AG-892-L17	216	OG0000965	NA	NA	NA	NA	NA	AG-892-L17_01131	-3
CACNCJ010000033.1	1381	1503	+	AG-892-L17_01129	AG-892-L17	40	OG0001265	NA	NA	NA	NA	NA	AG-892-L17_01131	-2
CACNCJ010000033.1	1506	2252	-	AG-892-L17_01130	AG-892-L17	248	OG0001186	K21883	2-dehydro-3-deoxy-L-rhamnonate dehydrogenase (NAD+) [EC:1.1.1.401]	COG1028	FabG	NAD(P)-dependent dehydrogenase, short-chain alcohol dehydrogenase family	AG-892-L17_01131	-1
CACNCJ010000033.1	2258	2506	-	AG-892-L17_01131	AG-892-L17	82	OG0000917	NA	NA	COG1953	FUI1	Cytosine/uracil/thiamine/allantoin permease	AG-892-L17_01131	0
CACNLV010000001.1	457100	457693	-	AG-893-F11_00472	AG-893-F11	197	OG0000922	NA	NA	COG0861	TerC	Tellurite resistance membrane protein TerC	AG-893-F11_00477	-5
CACNLV010000001.1	457693	459288	-	AG-893-F11_00473	AG-893-F11	531	OG0000054	NA	NA	COG2303	BetA	Choline dehydrogenase or related flavoprotein	AG-893-F11_00477	-4
CACNLV010000001.1	459422	460516	+	AG-893-F11_00474	AG-893-F11	364	OG0000072	NA	NA	COG4663	FcbT1	TRAP-type mannitol/chloroaromatic compound transport system, periplasmic component	AG-893-F11_00477	-3
CACNLV010000001.1	460554	461198	+	AG-893-F11_00475	AG-893-F11	214	OG0000994	NA	NA	COG4665	FcbT2	TRAP-type mannitol/chloroaromatic compound transport system, small permease component	AG-893-F11_00477	-2
CACNLV010000001.1	461195	462529	+	AG-893-F11_00476	AG-893-F11	444	OG0000987	K11690	C4-dicarboxylate transporter, DctM subunit	COG4664	FcbT3	TRAP-type mannitol/chloroaromatic compound transport system, large permease component	AG-893-F11_00477	-1
CACNLV010000001.1	462555	464012	+	AG-893-F11_00477	AG-893-F11	485	OG0000917	K03457	nucleobase:cation symporter-1, NCS1 family	COG1953	FUI1	Cytosine/uracil/thiamine/allantoin permease	AG-893-F11_00477	0
CACNLV010000001.1	464017	464769	+	AG-893-F11_00478	AG-893-F11	250	OG0001186	K21883	2-dehydro-3-deoxy-L-rhamnonate dehydrogenase (NAD+) [EC:1.1.1.401]	COG1028	FabG	NAD(P)-dependent dehydrogenase, short-chain alcohol dehydrogenase family	AG-893-F11_00477	1
CACNLV010000001.1	464766	464903	-	AG-893-F11_00479	AG-893-F11	45	OG0001265	NA	NA	NA	NA	NA	AG-893-F11_00477	2
CACNLV010000001.1	464990	465640	+	AG-893-F11_00480	AG-893-F11	216	OG0000965	NA	NA	NA	NA	NA	AG-893-F11_00477	3
CACNLV010000001.1	465641	465781	-	AG-893-F11_00481	AG-893-F11	46	OG0001143	NA	NA	NA	NA	NA	AG-893-F11_00477	4
CACNLV010000001.1	465838	466260	+	AG-893-F11_00482	AG-893-F11	140	OG0000808	K07107	acyl-CoA thioester hydrolase [EC:3.1.2.-]	COG0824	FadM	Acyl-CoA thioesterase FadM	AG-893-F11_00477	5
CACNOT010000002.1	117792	118385	-	AG-893-I20_00560	AG-893-I20	197	OG0000922	NA	NA	COG0861	TerC	Tellurite resistance membrane protein TerC	AG-893-I20_00565	-5
CACNOT010000002.1	118385	119980	-	AG-893-I20_00561	AG-893-I20	531	OG0000054	NA	NA	COG2303	BetA	Choline dehydrogenase or related flavoprotein	AG-893-I20_00565	-4
CACNOT010000002.1	120114	121208	+	AG-893-I20_00562	AG-893-I20	364	OG0000072	NA	NA	COG4663	FcbT1	TRAP-type mannitol/chloroaromatic compound transport system, periplasmic component	AG-893-I20_00565	-3
CACNOT010000002.1	121278	121895	+	AG-893-I20_00563	AG-893-I20	205	OG0000994	NA	NA	COG4665	FcbT2	TRAP-type mannitol/chloroaromatic compound transport system, small permease component	AG-893-I20_00565	-2
CACNOT010000002.1	121895	123229	+	AG-893-I20_00564	AG-893-I20	444	OG0000987	K11690	C4-dicarboxylate transporter, DctM subunit	COG4664	FcbT3	TRAP-type mannitol/chloroaromatic compound transport system, large permease component	AG-893-I20_00565	-1
CACNOT010000002.1	123255	124712	+	AG-893-I20_00565	AG-893-I20	485	OG0000917	K03457	nucleobase:cation symporter-1, NCS1 family	COG1953	FUI1	Cytosine/uracil/thiamine/allantoin permease	AG-893-I20_00565	0
CACNOT010000002.1	124717	125469	+	AG-893-I20_00566	AG-893-I20	250	OG0001186	K21883	2-dehydro-3-deoxy-L-rhamnonate dehydrogenase (NAD+) [EC:1.1.1.401]	COG1028	FabG	NAD(P)-dependent dehydrogenase, short-chain alcohol dehydrogenase family	AG-893-I20_00565	1
CACNOT010000002.1	125466	125603	-	AG-893-I20_00567	AG-893-I20	45	OG0001265	NA	NA	NA	NA	NA	AG-893-I20_00565	2
CACNOT010000002.1	125659	126327	+	AG-893-I20_00568	AG-893-I20	222	OG0000965	NA	NA	NA	NA	NA	AG-893-I20_00565	3
CACNOT010000002.1	126328	126468	-	AG-893-I20_00569	AG-893-I20	46	OG0001143	NA	NA	NA	NA	NA	AG-893-I20_00565	4
CACNOT010000002.1	126526	126948	+	AG-893-I20_00570	AG-893-I20	140	OG0000808	K07107	acyl-CoA thioester hydrolase [EC:3.1.2.-]	COG0824	FadM	Acyl-CoA thioesterase FadM	AG-893-I20_00565	5
CACNPC010000006.1	8797	9375	-	AG-893-J08_01102	AG-893-J08	192	OG0000922	NA	NA	COG0861	TerC	Tellurite resistance membrane protein TerC	AG-893-J08_01107	-5
CACNPC010000006.1	9372	10976	-	AG-893-J08_01103	AG-893-J08	534	OG0000054	NA	NA	COG2303	BetA	Choline dehydrogenase or related flavoprotein	AG-893-J08_01107	-4
CACNPC010000006.1	11112	12209	+	AG-893-J08_01104	AG-893-J08	365	OG0000072	NA	NA	COG4663	FcbT1	TRAP-type mannitol/chloroaromatic compound transport system, periplasmic component	AG-893-J08_01107	-3
CACNPC010000006.1	12263	12868	+	AG-893-J08_01105	AG-893-J08	201	OG0000994	NA	NA	COG4665	FcbT2	TRAP-type mannitol/chloroaromatic compound transport system, small permease component	AG-893-J08_01107	-2
CACNPC010000006.1	12868	14205	+	AG-893-J08_01106	AG-893-J08	445	OG0000987	K11690	C4-dicarboxylate transporter, DctM subunit	COG4664	FcbT3	TRAP-type mannitol/chloroaromatic compound transport system, large permease component	AG-893-J08_01107	-1
CACNPC010000006.1	14228	15682	+	AG-893-J08_01107	AG-893-J08	484	OG0000917	K03457	nucleobase:cation symporter-1, NCS1 family	COG1953	FUI1	Cytosine/uracil/thiamine/allantoin permease	AG-893-J08_01107	0
CACNPC010000006.1	15685	16689	+	AG-893-J08_01108	AG-893-J08	334	OG0000009	NA	NA	COG1063	Tdh	Threonine dehydrogenase or related Zn-dependent dehydrogenase	AG-893-J08_01107	1
CACNPC010000006.1	16686	16817	-	AG-893-J08_01109	AG-893-J08	43	OG0001265	NA	NA	NA	NA	NA	AG-893-J08_01107	2
CACNPC010000006.1	16916	17569	+	AG-893-J08_01110	AG-893-J08	217	OG0000965	NA	NA	NA	NA	NA	AG-893-J08_01107	3
CACNPC010000006.1	17589	17981	+	AG-893-J08_01111	AG-893-J08	130	OG0000808	K07107	acyl-CoA thioester hydrolase [EC:3.1.2.-]	COG0824	FadM	Acyl-CoA thioesterase FadM	AG-893-J08_01107	4
CACNPC010000006.1	17973	18680	-	AG-893-J08_01112	AG-893-J08	235	OG0001011	K21929	uracil-DNA glycosylase [EC:3.2.2.27]	COG1573	Udg4	Uracil-DNA glycosylase	AG-893-J08_01107	5
CACNQD010000004.1	16610	17284	+	AG-893-K09_01037	AG-893-K09	224	OG0001011	K21929	uracil-DNA glycosylase [EC:3.2.2.27]	COG1573	Udg4	Uracil-DNA glycosylase	AG-893-K09_01042	-5
CACNQD010000004.1	17281	17676	-	AG-893-K09_01038	AG-893-K09	131	OG0000808	K07107	acyl-CoA thioester hydrolase [EC:3.1.2.-]	COG0824	FadM	Acyl-CoA thioesterase FadM	AG-893-K09_01042	-4
CACNQD010000004.1	17688	18335	-	AG-893-K09_01039	AG-893-K09	215	OG0000965	NA	NA	NA	NA	NA	AG-893-K09_01042	-3
CACNQD010000004.1	18443	18649	+	AG-893-K09_01040	AG-893-K09	68	OG0001436	NA	NA	NA	NA	NA	AG-893-K09_01042	-2
CACNQD010000004.1	18782	19528	-	AG-893-K09_01041	AG-893-K09	248	OG0001186	K21883	2-dehydro-3-deoxy-L-rhamnonate dehydrogenase (NAD+) [EC:1.1.1.401]	COG1028	FabG	NAD(P)-dependent dehydrogenase, short-chain alcohol dehydrogenase family	AG-893-K09_01042	-1
CACNQD010000004.1	19525	20985	-	AG-893-K09_01042	AG-893-K09	486	OG0000917	K03457	nucleobase:cation symporter-1, NCS1 family	COG1953	FUI1	Cytosine/uracil/thiamine/allantoin permease	AG-893-K09_01042	0
CACNQD010000004.1	21010	22344	-	AG-893-K09_01043	AG-893-K09	444	OG0000987	K11690	C4-dicarboxylate transporter, DctM subunit	COG4664	FcbT3	TRAP-type mannitol/chloroaromatic compound transport system, large permease component	AG-893-K09_01042	1
CACNQD010000004.1	22341	22955	-	AG-893-K09_01044	AG-893-K09	204	OG0000994	NA	NA	COG4665	FcbT2	TRAP-type mannitol/chloroaromatic compound transport system, small permease component	AG-893-K09_01042	2
CACNQD010000004.1	23025	24116	-	AG-893-K09_01045	AG-893-K09	363	OG0000072	NA	NA	COG4663	FcbT1	TRAP-type mannitol/chloroaromatic compound transport system, periplasmic component	AG-893-K09_01042	3
CACNQD010000004.1	24247	25866	+	AG-893-K09_01046	AG-893-K09	539	OG0000054	NA	NA	COG2303	BetA	Choline dehydrogenase or related flavoprotein	AG-893-K09_01042	4
CACNQD010000004.1	25863	26444	+	AG-893-K09_01047	AG-893-K09	193	OG0000922	NA	NA	COG0861	TerC	Tellurite resistance membrane protein TerC	AG-893-K09_01042	5
CACNRC010000001.1	34177	34851	+	AG-893-L07_00036	AG-893-L07	224	OG0001011	K21929	uracil-DNA glycosylase [EC:3.2.2.27]	COG1573	Udg4	Uracil-DNA glycosylase	AG-893-L07_00041	-5
CACNRC010000001.1	34844	35239	-	AG-893-L07_00037	AG-893-L07	131	OG0000808	K07107	acyl-CoA thioester hydrolase [EC:3.1.2.-]	COG0824	FadM	Acyl-CoA thioesterase FadM	AG-893-L07_00041	-4
CACNRC010000001.1	35293	35430	+	AG-893-L07_00038	AG-893-L07	45	OG0001143	NA	NA	NA	NA	NA	AG-893-L07_00041	-3
CACNRC010000001.1	35435	36097	-	AG-893-L07_00039	AG-893-L07	220	OG0000965	NA	NA	NA	NA	NA	AG-893-L07_00041	-2
CACNRC010000001.1	36143	37147	-	AG-893-L07_00040	AG-893-L07	334	OG0000009	NA	NA	COG1063	Tdh	Threonine dehydrogenase or related Zn-dependent dehydrogenase	AG-893-L07_00041	-1
CACNRC010000001.1	37150	38601	-	AG-893-L07_00041	AG-893-L07	483	OG0000917	K03457	nucleobase:cation symporter-1, NCS1 family	COG1953	FUI1	Cytosine/uracil/thiamine/allantoin permease	AG-893-L07_00041	0
CACNRC010000001.1	38667	39560	+	AG-893-L07_00042	AG-893-L07	297	OG0001024	NA	NA	COG0697	EamA	Amino acid export permease, drug/metabolite transporter (DMT) superfamily	AG-893-L07_00041	1
CACNRC010000001.1	39557	40897	-	AG-893-L07_00043	AG-893-L07	446	OG0000987	K11690	C4-dicarboxylate transporter, DctM subunit	COG4664	FcbT3	TRAP-type mannitol/chloroaromatic compound transport system, large permease component	AG-893-L07_00041	2
CACNRC010000001.1	40888	41544	-	AG-893-L07_00044	AG-893-L07	218	OG0000994	NA	NA	COG4665	FcbT2	TRAP-type mannitol/chloroaromatic compound transport system, small permease component	AG-893-L07_00041	3
CACNRC010000001.1	41623	42711	-	AG-893-L07_00045	AG-893-L07	362	OG0000072	NA	NA	COG4663	FcbT1	TRAP-type mannitol/chloroaromatic compound transport system, periplasmic component	AG-893-L07_00041	4
CACNRC010000001.1	42832	43758	-	AG-893-L07_00046	AG-893-L07	308	OG0000005	K00020	3-hydroxyisobutyrate dehydrogenase [EC:1.1.1.31]	COG2084	MmsB	3-hydroxyisobutyrate dehydrogenase or related beta-hydroxyacid dehydrogenase	AG-893-L07_00041	5
CACNRV010000010.1	7551	8129	-	AG-893-L13_00971	AG-893-L13	192	OG0000922	NA	NA	COG0861	TerC	Tellurite resistance membrane protein TerC	AG-893-L13_00976	-5
CACNRV010000010.1	8129	9724	-	AG-893-L13_00972	AG-893-L13	531	OG0000054	NA	NA	COG2303	BetA	Choline dehydrogenase or related flavoprotein	AG-893-L13_00976	-4
CACNRV010000010.1	9835	10926	+	AG-893-L13_00973	AG-893-L13	363	OG0000072	NA	NA	COG4663	FcbT1	TRAP-type mannitol/chloroaromatic compound transport system, periplasmic component	AG-893-L13_00976	-3
CACNRV010000010.1	10992	11606	+	AG-893-L13_00974	AG-893-L13	204	OG0000994	NA	NA	COG4665	FcbT2	TRAP-type mannitol/chloroaromatic compound transport system, small permease component	AG-893-L13_00976	-2
CACNRV010000010.1	11603	12937	+	AG-893-L13_00975	AG-893-L13	444	OG0000987	K11690	C4-dicarboxylate transporter, DctM subunit	COG4664	FcbT3	TRAP-type mannitol/chloroaromatic compound transport system, large permease component	AG-893-L13_00976	-1
CACNRV010000010.1	12963	14414	+	AG-893-L13_00976	AG-893-L13	483	OG0000917	K03457	nucleobase:cation symporter-1, NCS1 family	COG1953	FUI1	Cytosine/uracil/thiamine/allantoin permease	AG-893-L13_00976	0
CACNRV010000010.1	14414	15418	+	AG-893-L13_00977	AG-893-L13	334	OG0000009	NA	NA	COG1063	Tdh	Threonine dehydrogenase or related Zn-dependent dehydrogenase	AG-893-L13_00976	1
CACNRV010000010.1	15420	16064	+	AG-893-L13_00978	AG-893-L13	214	OG0000965	NA	NA	NA	NA	NA	AG-893-L13_00976	2
CACNRV010000010.1	16065	16205	-	AG-893-L13_00979	AG-893-L13	46	OG0001143	NA	NA	NA	NA	NA	AG-893-L13_00976	3
CACNRV010000010.1	16252	16659	+	AG-893-L13_00980	AG-893-L13	135	OG0000808	K07107	acyl-CoA thioester hydrolase [EC:3.1.2.-]	COG0824	FadM	Acyl-CoA thioesterase FadM	AG-893-L13_00976	4
CACNRV010000010.1	16652	17329	-	AG-893-L13_00981	AG-893-L13	225	OG0001011	K21929	uracil-DNA glycosylase [EC:3.2.2.27]	COG1573	Udg4	Uracil-DNA glycosylase	AG-893-L13_00976	5
CACNTH010000007.1	33620	34327	+	AG-893-M22_01147	AG-893-M22	235	OG0001011	K21929	uracil-DNA glycosylase [EC:3.2.2.27]	COG1573	Udg4	Uracil-DNA glycosylase	AG-893-M22_01152	-5
CACNTH010000007.1	34319	34711	-	AG-893-M22_01148	AG-893-M22	130	OG0000808	K07107	acyl-CoA thioester hydrolase [EC:3.1.2.-]	COG0824	FadM	Acyl-CoA thioesterase FadM	AG-893-M22_01152	-4
CACNTH010000007.1	34731	35384	-	AG-893-M22_01149	AG-893-M22	217	OG0000965	NA	NA	NA	NA	NA	AG-893-M22_01152	-3
CACNTH010000007.1	35480	35611	+	AG-893-M22_01150	AG-893-M22	43	OG0001265	NA	NA	NA	NA	NA	AG-893-M22_01152	-2
CACNTH010000007.1	35608	36615	-	AG-893-M22_01151	AG-893-M22	335	OG0000009	NA	NA	COG1063	Tdh	Threonine dehydrogenase or related Zn-dependent dehydrogenase	AG-893-M22_01152	-1
CACNTH010000007.1	36615	38069	-	AG-893-M22_01152	AG-893-M22	484	OG0000917	K03457	nucleobase:cation symporter-1, NCS1 family	COG1953	FUI1	Cytosine/uracil/thiamine/allantoin permease	AG-893-M22_01152	0
CACNTH010000007.1	38092	39429	-	AG-893-M22_01153	AG-893-M22	445	OG0000987	K11690	C4-dicarboxylate transporter, DctM subunit	COG4664	FcbT3	TRAP-type mannitol/chloroaromatic compound transport system, large permease component	AG-893-M22_01152	1
CACNTH010000007.1	39429	40034	-	AG-893-M22_01154	AG-893-M22	201	OG0000994	NA	NA	COG4665	FcbT2	TRAP-type mannitol/chloroaromatic compound transport system, small permease component	AG-893-M22_01152	2
CACNTH010000007.1	40088	41185	-	AG-893-M22_01155	AG-893-M22	365	OG0000072	NA	NA	COG4663	FcbT1	TRAP-type mannitol/chloroaromatic compound transport system, periplasmic component	AG-893-M22_01152	3
CACNTH010000007.1	41321	42925	+	AG-893-M22_01156	AG-893-M22	534	OG0000054	NA	NA	COG2303	BetA	Choline dehydrogenase or related flavoprotein	AG-893-M22_01152	4
CACNTH010000007.1	42922	43500	+	AG-893-M22_01157	AG-893-M22	192	OG0000922	NA	NA	COG0861	TerC	Tellurite resistance membrane protein TerC	AG-893-M22_01152	5
CACNTW010000011.1	15156	15863	+	AG-893-N07_01104	AG-893-N07	235	OG0001011	K21929	uracil-DNA glycosylase [EC:3.2.2.27]	COG1573	Udg4	Uracil-DNA glycosylase	AG-893-N07_01109	-5
CACNTW010000011.1	15855	16247	-	AG-893-N07_01105	AG-893-N07	130	OG0000808	K07107	acyl-CoA thioester hydrolase [EC:3.1.2.-]	COG0824	FadM	Acyl-CoA thioesterase FadM	AG-893-N07_01109	-4
CACNTW010000011.1	16267	16920	-	AG-893-N07_01106	AG-893-N07	217	OG0000965	NA	NA	NA	NA	NA	AG-893-N07_01109	-3
CACNTW010000011.1	17016	17147	+	AG-893-N07_01107	AG-893-N07	43	OG0001265	NA	NA	NA	NA	NA	AG-893-N07_01109	-2
CACNTW010000011.1	17144	18151	-	AG-893-N07_01108	AG-893-N07	335	OG0000009	NA	NA	COG1063	Tdh	Threonine dehydrogenase or related Zn-dependent dehydrogenase	AG-893-N07_01109	-1
CACNTW010000011.1	18151	19605	-	AG-893-N07_01109	AG-893-N07	484	OG0000917	K03457	nucleobase:cation symporter-1, NCS1 family	COG1953	FUI1	Cytosine/uracil/thiamine/allantoin permease	AG-893-N07_01109	0
CACNTW010000011.1	19709	21313	+	AG-893-N07_01110	AG-893-N07	534	OG0000054	NA	NA	COG2303	BetA	Choline dehydrogenase or related flavoprotein	AG-893-N07_01109	1
CACNTW010000011.1	21310	21888	+	AG-893-N07_01111	AG-893-N07	192	OG0000922	NA	NA	COG0861	TerC	Tellurite resistance membrane protein TerC	AG-893-N07_01109	2
CACNTW010000011.1	21889	22647	+	AG-893-N07_01112	AG-893-N07	252	OG0000007	K03331	L-xylulose reductase [EC:1.1.1.10]	COG1028	FabG	NAD(P)-dependent dehydrogenase, short-chain alcohol dehydrogenase family	AG-893-N07_01109	3
CACNTW010000011.1	22647	23435	+	AG-893-N07_01113	AG-893-N07	262	OG0000498	NA	NA	COG0739	NlpD	Murein endopeptidase or hydrolase activator MepM/NlpD, contains LysM domain	AG-893-N07_01109	4
CACNTW010000011.1	23445	24218	+	AG-893-N07_01114	AG-893-N07	257	OG0001132	NA	NA	COG3971	MhpD	2-keto-4-pentenoate hydratase	AG-893-N07_01109	5
CACNVR010000004.1	87473	88153	+	AG-893-P10_00567	AG-893-P10	226	OG0001011	K21929	uracil-DNA glycosylase [EC:3.2.2.27]	COG1573	Udg4	Uracil-DNA glycosylase	AG-893-P10_00572	-5
CACNVR010000004.1	88143	88535	-	AG-893-P10_00568	AG-893-P10	130	OG0000808	K07107	acyl-CoA thioester hydrolase [EC:3.1.2.-]	COG0824	FadM	Acyl-CoA thioesterase FadM	AG-893-P10_00572	-4
CACNVR010000004.1	88545	88757	+	AG-893-P10_00569	AG-893-P10	70	OG0001143	NA	NA	NA	NA	NA	AG-893-P10_00572	-3
CACNVR010000004.1	88758	89408	-	AG-893-P10_00570	AG-893-P10	216	OG0000965	NA	NA	NA	NA	NA	AG-893-P10_00572	-2
CACNVR010000004.1	89629	90381	-	AG-893-P10_00571	AG-893-P10	250	OG0001186	K21883	2-dehydro-3-deoxy-L-rhamnonate dehydrogenase (NAD+) [EC:1.1.1.401]	COG1028	FabG	NAD(P)-dependent dehydrogenase, short-chain alcohol dehydrogenase family	AG-893-P10_00572	-1
CACNVR010000004.1	90386	91843	-	AG-893-P10_00572	AG-893-P10	485	OG0000917	K03457	nucleobase:cation symporter-1, NCS1 family	COG1953	FUI1	Cytosine/uracil/thiamine/allantoin permease	AG-893-P10_00572	0
CACNVR010000004.1	91869	93203	-	AG-893-P10_00573	AG-893-P10	444	OG0000987	K11690	C4-dicarboxylate transporter, DctM subunit	COG4664	FcbT3	TRAP-type mannitol/chloroaromatic compound transport system, large permease component	AG-893-P10_00572	1
CACNVR010000004.1	93200	93814	-	AG-893-P10_00574	AG-893-P10	204	OG0000994	NA	NA	COG4665	FcbT2	TRAP-type mannitol/chloroaromatic compound transport system, small permease component	AG-893-P10_00572	2
CACNVR010000004.1	93885	94979	-	AG-893-P10_00575	AG-893-P10	364	OG0000072	NA	NA	COG4663	FcbT1	TRAP-type mannitol/chloroaromatic compound transport system, periplasmic component	AG-893-P10_00572	3
CACNVR010000004.1	95112	96722	+	AG-893-P10_00576	AG-893-P10	536	OG0000054	NA	NA	COG2303	BetA	Choline dehydrogenase or related flavoprotein	AG-893-P10_00572	4
CACNVR010000004.1	96722	97315	+	AG-893-P10_00577	AG-893-P10	197	OG0000922	NA	NA	COG0861	TerC	Tellurite resistance membrane protein TerC	AG-893-P10_00572	5
CABYDS010000001.1	191223	191801	-	AG-894-A03_00208	AG-894-A03	192	OG0000922	NA	NA	COG0861	TerC	Tellurite resistance membrane protein TerC	AG-894-A03_00213	-5
CABYDS010000001.1	191798	193402	-	AG-894-A03_00209	AG-894-A03	534	OG0000054	NA	NA	COG2303	BetA	Choline dehydrogenase or related flavoprotein	AG-894-A03_00213	-4
CABYDS010000001.1	193538	194635	+	AG-894-A03_00210	AG-894-A03	365	OG0000072	NA	NA	COG4663	FcbT1	TRAP-type mannitol/chloroaromatic compound transport system, periplasmic component	AG-894-A03_00213	-3
CABYDS010000001.1	194659	195294	+	AG-894-A03_00211	AG-894-A03	211	OG0000994	NA	NA	COG4665	FcbT2	TRAP-type mannitol/chloroaromatic compound transport system, small permease component	AG-894-A03_00213	-2
CABYDS010000001.1	195294	196631	+	AG-894-A03_00212	AG-894-A03	445	OG0000987	K11690	C4-dicarboxylate transporter, DctM subunit	COG4664	FcbT3	TRAP-type mannitol/chloroaromatic compound transport system, large permease component	AG-894-A03_00213	-1
CABYDS010000001.1	196654	198108	+	AG-894-A03_00213	AG-894-A03	484	OG0000917	K03457	nucleobase:cation symporter-1, NCS1 family	COG1953	FUI1	Cytosine/uracil/thiamine/allantoin permease	AG-894-A03_00213	0
CABYDS010000001.1	198111	199115	+	AG-894-A03_00214	AG-894-A03	334	OG0000009	NA	NA	COG1063	Tdh	Threonine dehydrogenase or related Zn-dependent dehydrogenase	AG-894-A03_00213	1
CABYDS010000001.1	199112	199243	-	AG-894-A03_00215	AG-894-A03	43	OG0001265	NA	NA	NA	NA	NA	AG-894-A03_00213	2
CABYDS010000001.1	199339	199992	+	AG-894-A03_00216	AG-894-A03	217	OG0000965	NA	NA	NA	NA	NA	AG-894-A03_00213	3
CABYDS010000001.1	200012	200404	+	AG-894-A03_00217	AG-894-A03	130	OG0000808	K07107	acyl-CoA thioester hydrolase [EC:3.1.2.-]	COG0824	FadM	Acyl-CoA thioesterase FadM	AG-894-A03_00213	4
CABYDS010000001.1	200396	201103	-	AG-894-A03_00218	AG-894-A03	235	OG0001011	K21929	uracil-DNA glycosylase [EC:3.2.2.27]	COG1573	Udg4	Uracil-DNA glycosylase	AG-894-A03_00213	5
CABYFB010000002.1	146996	147574	-	AG-894-B06_00421	AG-894-B06	192	OG0000922	NA	NA	COG0861	TerC	Tellurite resistance membrane protein TerC	AG-894-B06_00426	-5
CABYFB010000002.1	147571	149175	-	AG-894-B06_00422	AG-894-B06	534	OG0000054	NA	NA	COG2303	BetA	Choline dehydrogenase or related flavoprotein	AG-894-B06_00426	-4
CABYFB010000002.1	149311	150408	+	AG-894-B06_00423	AG-894-B06	365	OG0000072	NA	NA	COG4663	FcbT1	TRAP-type mannitol/chloroaromatic compound transport system, periplasmic component	AG-894-B06_00426	-3
CABYFB010000002.1	150462	151067	+	AG-894-B06_00424	AG-894-B06	201	OG0000994	NA	NA	COG4665	FcbT2	TRAP-type mannitol/chloroaromatic compound transport system, small permease component	AG-894-B06_00426	-2
CABYFB010000002.1	151067	152404	+	AG-894-B06_00425	AG-894-B06	445	OG0000987	K11690	C4-dicarboxylate transporter, DctM subunit	COG4664	FcbT3	TRAP-type mannitol/chloroaromatic compound transport system, large permease component	AG-894-B06_00426	-1
CABYFB010000002.1	152427	153881	+	AG-894-B06_00426	AG-894-B06	484	OG0000917	K03457	nucleobase:cation symporter-1, NCS1 family	COG1953	FUI1	Cytosine/uracil/thiamine/allantoin permease	AG-894-B06_00426	0
CABYFB010000002.1	153884	154888	+	AG-894-B06_00427	AG-894-B06	334	OG0000009	NA	NA	COG1063	Tdh	Threonine dehydrogenase or related Zn-dependent dehydrogenase	AG-894-B06_00426	1
CABYFB010000002.1	154885	155016	-	AG-894-B06_00428	AG-894-B06	43	OG0001265	NA	NA	NA	NA	NA	AG-894-B06_00426	2
CABYFB010000002.1	155112	155765	+	AG-894-B06_00429	AG-894-B06	217	OG0000965	NA	NA	NA	NA	NA	AG-894-B06_00426	3
CABYFB010000002.1	155785	156177	+	AG-894-B06_00430	AG-894-B06	130	OG0000808	K07107	acyl-CoA thioester hydrolase [EC:3.1.2.-]	COG0824	FadM	Acyl-CoA thioesterase FadM	AG-894-B06_00426	4
CABYFB010000002.1	156169	156876	-	AG-894-B06_00431	AG-894-B06	235	OG0001011	K21929	uracil-DNA glycosylase [EC:3.2.2.27]	COG1573	Udg4	Uracil-DNA glycosylase	AG-894-B06_00426	5
CABYFA010000002.1	74212	74805	-	AG-894-B07_00387	AG-894-B07	197	OG0000922	NA	NA	COG0861	TerC	Tellurite resistance membrane protein TerC	AG-894-B07_00392	-5
CABYFA010000002.1	74805	76466	-	AG-894-B07_00388	AG-894-B07	553	OG0000054	NA	NA	COG2303	BetA	Choline dehydrogenase or related flavoprotein	AG-894-B07_00392	-4
CABYFA010000002.1	76532	77626	+	AG-894-B07_00389	AG-894-B07	364	OG0000072	NA	NA	COG4663	FcbT1	TRAP-type mannitol/chloroaromatic compound transport system, periplasmic component	AG-894-B07_00392	-3
CABYFA010000002.1	77696	78310	+	AG-894-B07_00390	AG-894-B07	204	OG0000994	NA	NA	COG4665	FcbT2	TRAP-type mannitol/chloroaromatic compound transport system, small permease component	AG-894-B07_00392	-2
CABYFA010000002.1	78307	79641	+	AG-894-B07_00391	AG-894-B07	444	OG0000987	K11690	C4-dicarboxylate transporter, DctM subunit	COG4664	FcbT3	TRAP-type mannitol/chloroaromatic compound transport system, large permease component	AG-894-B07_00392	-1
CABYFA010000002.1	79667	81124	+	AG-894-B07_00392	AG-894-B07	485	OG0000917	K03457	nucleobase:cation symporter-1, NCS1 family	COG1953	FUI1	Cytosine/uracil/thiamine/allantoin permease	AG-894-B07_00392	0
CABYFA010000002.1	81129	81881	+	AG-894-B07_00393	AG-894-B07	250	OG0001186	K21883	2-dehydro-3-deoxy-L-rhamnonate dehydrogenase (NAD+) [EC:1.1.1.401]	COG1028	FabG	NAD(P)-dependent dehydrogenase, short-chain alcohol dehydrogenase family	AG-894-B07_00392	1
CABYFA010000002.1	81878	82015	-	AG-894-B07_00394	AG-894-B07	45	OG0001265	NA	NA	NA	NA	NA	AG-894-B07_00392	2
CABYFA010000002.1	82099	82749	+	AG-894-B07_00395	AG-894-B07	216	OG0000965	NA	NA	NA	NA	NA	AG-894-B07_00392	3
CABYFA010000002.1	82774	83196	+	AG-894-B07_00396	AG-894-B07	140	OG0000808	K07107	acyl-CoA thioester hydrolase [EC:3.1.2.-]	COG0824	FadM	Acyl-CoA thioesterase FadM	AG-894-B07_00392	4
CABYFA010000002.1	83186	83866	-	AG-894-B07_00397	AG-894-B07	226	OG0001011	K21929	uracil-DNA glycosylase [EC:3.2.2.27]	COG1573	Udg4	Uracil-DNA glycosylase	AG-894-B07_00392	5
CABYGC010000003.1	213933	214526	-	AG-894-C14_00953	AG-894-C14	197	OG0000922	NA	NA	COG0861	TerC	Tellurite resistance membrane protein TerC	AG-894-C14_00958	-5
CABYGC010000003.1	214526	216121	-	AG-894-C14_00954	AG-894-C14	531	OG0000054	NA	NA	COG2303	BetA	Choline dehydrogenase or related flavoprotein	AG-894-C14_00958	-4
CABYGC010000003.1	216263	217357	+	AG-894-C14_00955	AG-894-C14	364	OG0000072	NA	NA	COG4663	FcbT1	TRAP-type mannitol/chloroaromatic compound transport system, periplasmic component	AG-894-C14_00958	-3
CABYGC010000003.1	217432	218046	+	AG-894-C14_00956	AG-894-C14	204	OG0000994	NA	NA	COG4665	FcbT2	TRAP-type mannitol/chloroaromatic compound transport system, small permease component	AG-894-C14_00958	-2
CABYGC010000003.1	218025	219377	+	AG-894-C14_00957	AG-894-C14	450	OG0000987	K11690	C4-dicarboxylate transporter, DctM subunit	COG4664	FcbT3	TRAP-type mannitol/chloroaromatic compound transport system, large permease component	AG-894-C14_00958	-1
CABYGC010000003.1	219403	220860	+	AG-894-C14_00958	AG-894-C14	485	OG0000917	K03457	nucleobase:cation symporter-1, NCS1 family	COG1953	FUI1	Cytosine/uracil/thiamine/allantoin permease	AG-894-C14_00958	0
CABYGC010000003.1	220866	221612	+	AG-894-C14_00959	AG-894-C14	248	OG0001186	K21883	2-dehydro-3-deoxy-L-rhamnonate dehydrogenase (NAD+) [EC:1.1.1.401]	COG1028	FabG	NAD(P)-dependent dehydrogenase, short-chain alcohol dehydrogenase family	AG-894-C14_00958	1
CABYGC010000003.1	221825	222475	+	AG-894-C14_00960	AG-894-C14	216	OG0000965	NA	NA	NA	NA	NA	AG-894-C14_00958	2
CABYGC010000003.1	222472	222612	-	AG-894-C14_00961	AG-894-C14	46	OG0001143	NA	NA	NA	NA	NA	AG-894-C14_00958	3
CABYGC010000003.1	222671	223084	+	AG-894-C14_00962	AG-894-C14	137	OG0000808	K07107	acyl-CoA thioester hydrolase [EC:3.1.2.-]	COG0824	FadM	Acyl-CoA thioesterase FadM	AG-894-C14_00958	4
CABYGC010000003.1	223081	223761	-	AG-894-C14_00963	AG-894-C14	226	OG0001011	K21929	uracil-DNA glycosylase [EC:3.2.2.27]	COG1573	Udg4	Uracil-DNA glycosylase	AG-894-C14_00958	5
CABYID010000007.1	4781	5362	-	AG-894-E10_01115	AG-894-E10	193	OG0000922	NA	NA	COG0861	TerC	Tellurite resistance membrane protein TerC	AG-894-E10_01120	-5
CABYID010000007.1	5362	6972	-	AG-894-E10_01116	AG-894-E10	536	OG0000054	NA	NA	COG2303	BetA	Choline dehydrogenase or related flavoprotein	AG-894-E10_01120	-4
CABYID010000007.1	7109	8206	+	AG-894-E10_01117	AG-894-E10	365	OG0000072	NA	NA	COG4663	FcbT1	TRAP-type mannitol/chloroaromatic compound transport system, periplasmic component	AG-894-E10_01120	-3
CABYID010000007.1	8260	8865	+	AG-894-E10_01118	AG-894-E10	201	OG0000994	NA	NA	COG4665	FcbT2	TRAP-type mannitol/chloroaromatic compound transport system, small permease component	AG-894-E10_01120	-2
CABYID010000007.1	8865	10202	+	AG-894-E10_01119	AG-894-E10	445	OG0000987	K11690	C4-dicarboxylate transporter, DctM subunit	COG4664	FcbT3	TRAP-type mannitol/chloroaromatic compound transport system, large permease component	AG-894-E10_01120	-1
CABYID010000007.1	10225	11679	+	AG-894-E10_01120	AG-894-E10	484	OG0000917	K03457	nucleobase:cation symporter-1, NCS1 family	COG1953	FUI1	Cytosine/uracil/thiamine/allantoin permease	AG-894-E10_01120	0
CABYID010000007.1	11682	12686	+	AG-894-E10_01121	AG-894-E10	334	OG0000009	NA	NA	COG1063	Tdh	Threonine dehydrogenase or related Zn-dependent dehydrogenase	AG-894-E10_01120	1
CABYID010000007.1	12683	12814	-	AG-894-E10_01122	AG-894-E10	43	OG0001265	NA	NA	NA	NA	NA	AG-894-E10_01120	2
CABYID010000007.1	12910	13563	+	AG-894-E10_01123	AG-894-E10	217	OG0000965	NA	NA	NA	NA	NA	AG-894-E10_01120	3
CABYID010000007.1	13583	13975	+	AG-894-E10_01124	AG-894-E10	130	OG0000808	K07107	acyl-CoA thioester hydrolase [EC:3.1.2.-]	COG0824	FadM	Acyl-CoA thioesterase FadM	AG-894-E10_01120	4
CABYID010000007.1	13967	14641	-	AG-894-E10_01125	AG-894-E10	224	OG0001011	K21929	uracil-DNA glycosylase [EC:3.2.2.27]	COG1573	Udg4	Uracil-DNA glycosylase	AG-894-E10_01120	5
CABYNS010000005.1	21800	22393	-	AG-894-K14_00840	AG-894-K14	197	OG0000922	NA	NA	COG0861	TerC	Tellurite resistance membrane protein TerC	AG-894-K14_00845	-5
CABYNS010000005.1	22393	24003	-	AG-894-K14_00841	AG-894-K14	536	OG0000054	NA	NA	COG2303	BetA	Choline dehydrogenase or related flavoprotein	AG-894-K14_00845	-4
CABYNS010000005.1	24134	25228	+	AG-894-K14_00842	AG-894-K14	364	OG0000072	NA	NA	COG4663	FcbT1	TRAP-type mannitol/chloroaromatic compound transport system, periplasmic component	AG-894-K14_00845	-3
CABYNS010000005.1	25298	25912	+	AG-894-K14_00843	AG-894-K14	204	OG0000994	NA	NA	COG4665	FcbT2	TRAP-type mannitol/chloroaromatic compound transport system, small permease component	AG-894-K14_00845	-2
CABYNS010000005.1	25909	27243	+	AG-894-K14_00844	AG-894-K14	444	OG0000987	K11690	C4-dicarboxylate transporter, DctM subunit	COG4664	FcbT3	TRAP-type mannitol/chloroaromatic compound transport system, large permease component	AG-894-K14_00845	-1
CABYNS010000005.1	27269	28726	+	AG-894-K14_00845	AG-894-K14	485	OG0000917	K03457	nucleobase:cation symporter-1, NCS1 family	COG1953	FUI1	Cytosine/uracil/thiamine/allantoin permease	AG-894-K14_00845	0
CABYNS010000005.1	28731	29483	+	AG-894-K14_00846	AG-894-K14	250	OG0001186	K21883	2-dehydro-3-deoxy-L-rhamnonate dehydrogenase (NAD+) [EC:1.1.1.401]	COG1028	FabG	NAD(P)-dependent dehydrogenase, short-chain alcohol dehydrogenase family	AG-894-K14_00845	1
CABYNS010000005.1	29700	30350	+	AG-894-K14_00847	AG-894-K14	216	OG0000965	NA	NA	NA	NA	NA	AG-894-K14_00845	2
CABYNS010000005.1	30374	30796	+	AG-894-K14_00848	AG-894-K14	140	OG0000808	K07107	acyl-CoA thioester hydrolase [EC:3.1.2.-]	COG0824	FadM	Acyl-CoA thioesterase FadM	AG-894-K14_00845	3
CABYNS010000005.1	30786	31466	-	AG-894-K14_00849	AG-894-K14	226	OG0001011	K21929	uracil-DNA glycosylase [EC:3.2.2.27]	COG1573	Udg4	Uracil-DNA glycosylase	AG-894-K14_00845	4
CABYNS010000005.1	31469	32026	+	AG-894-K14_00850	AG-894-K14	185	OG0000787	NA	NA	COG2062	SixA	Phosphohistidine phosphatase SixA	AG-894-K14_00845	5
CABYNY010000006.1	36777	37199	-	AG-894-K15_00644	AG-894-K15	140	OG0000808	K07107	acyl-CoA thioester hydrolase [EC:3.1.2.-]	COG0824	FadM	Acyl-CoA thioesterase FadM	AG-894-K15_00649	-5
CABYNY010000006.1	37256	37396	+	AG-894-K15_00645	AG-894-K15	46	OG0001143	NA	NA	NA	NA	NA	AG-894-K15_00649	-4
CABYNY010000006.1	37397	38047	-	AG-894-K15_00646	AG-894-K15	216	OG0000965	NA	NA	NA	NA	NA	AG-894-K15_00649	-3
CABYNY010000006.1	38136	38273	+	AG-894-K15_00647	AG-894-K15	45	OG0001265	NA	NA	NA	NA	NA	AG-894-K15_00649	-2
CABYNY010000006.1	38270	39022	-	AG-894-K15_00648	AG-894-K15	250	OG0001186	K21883	2-dehydro-3-deoxy-L-rhamnonate dehydrogenase (NAD+) [EC:1.1.1.401]	COG1028	FabG	NAD(P)-dependent dehydrogenase, short-chain alcohol dehydrogenase family	AG-894-K15_00649	-1
CABYNY010000006.1	39027	40484	-	AG-894-K15_00649	AG-894-K15	485	OG0000917	K03457	nucleobase:cation symporter-1, NCS1 family	COG1953	FUI1	Cytosine/uracil/thiamine/allantoin permease	AG-894-K15_00649	0
CABYNY010000006.1	40510	41844	-	AG-894-K15_00650	AG-894-K15	444	OG0000987	K11690	C4-dicarboxylate transporter, DctM subunit	COG4664	FcbT3	TRAP-type mannitol/chloroaromatic compound transport system, large permease component	AG-894-K15_00649	1
CABYNY010000006.1	41841	42455	-	AG-894-K15_00651	AG-894-K15	204	OG0000994	NA	NA	COG4665	FcbT2	TRAP-type mannitol/chloroaromatic compound transport system, small permease component	AG-894-K15_00649	2
CABYNY010000006.1	42522	43616	-	AG-894-K15_00652	AG-894-K15	364	OG0000072	NA	NA	COG4663	FcbT1	TRAP-type mannitol/chloroaromatic compound transport system, periplasmic component	AG-894-K15_00649	3
CABYNY010000006.1	43751	45346	+	AG-894-K15_00653	AG-894-K15	531	OG0000054	NA	NA	COG2303	BetA	Choline dehydrogenase or related flavoprotein	AG-894-K15_00649	4
CABYNY010000006.1	45346	45939	+	AG-894-K15_00654	AG-894-K15	197	OG0000922	NA	NA	COG0861	TerC	Tellurite resistance membrane protein TerC	AG-894-K15_00649	5
CABYOW010000001.1	505615	506037	-	AG-894-L13_00570	AG-894-L13	140	OG0000808	K07107	acyl-CoA thioester hydrolase [EC:3.1.2.-]	COG0824	FadM	Acyl-CoA thioesterase FadM	AG-894-L13_00575	-5
CABYOW010000001.1	506094	506234	+	AG-894-L13_00571	AG-894-L13	46	OG0001143	NA	NA	NA	NA	NA	AG-894-L13_00575	-4
CABYOW010000001.1	506235	506885	-	AG-894-L13_00572	AG-894-L13	216	OG0000965	NA	NA	NA	NA	NA	AG-894-L13_00575	-3
CABYOW010000001.1	506975	507112	+	AG-894-L13_00573	AG-894-L13	45	OG0001265	NA	NA	NA	NA	NA	AG-894-L13_00575	-2
CABYOW010000001.1	507109	507861	-	AG-894-L13_00574	AG-894-L13	250	OG0001186	K21883	2-dehydro-3-deoxy-L-rhamnonate dehydrogenase (NAD+) [EC:1.1.1.401]	COG1028	FabG	NAD(P)-dependent dehydrogenase, short-chain alcohol dehydrogenase family	AG-894-L13_00575	-1
CABYOW010000001.1	507866	509323	-	AG-894-L13_00575	AG-894-L13	485	OG0000917	K03457	nucleobase:cation symporter-1, NCS1 family	COG1953	FUI1	Cytosine/uracil/thiamine/allantoin permease	AG-894-L13_00575	0
CABYOW010000001.1	509349	510683	-	AG-894-L13_00576	AG-894-L13	444	OG0000987	K11690	C4-dicarboxylate transporter, DctM subunit	COG4664	FcbT3	TRAP-type mannitol/chloroaromatic compound transport system, large permease component	AG-894-L13_00575	1
CABYOW010000001.1	510680	511294	-	AG-894-L13_00577	AG-894-L13	204	OG0000994	NA	NA	COG4665	FcbT2	TRAP-type mannitol/chloroaromatic compound transport system, small permease component	AG-894-L13_00575	2
CABYOW010000001.1	511361	512455	-	AG-894-L13_00578	AG-894-L13	364	OG0000072	NA	NA	COG4663	FcbT1	TRAP-type mannitol/chloroaromatic compound transport system, periplasmic component	AG-894-L13_00575	3
CABYOW010000001.1	512589	514184	+	AG-894-L13_00579	AG-894-L13	531	OG0000054	NA	NA	COG2303	BetA	Choline dehydrogenase or related flavoprotein	AG-894-L13_00575	4
CABYOW010000001.1	514184	514777	+	AG-894-L13_00580	AG-894-L13	197	OG0000922	NA	NA	COG0861	TerC	Tellurite resistance membrane protein TerC	AG-894-L13_00575	5
CABYOT010000008.1	21890	22564	+	AG-894-L17_00945	AG-894-L17	224	OG0001011	K21929	uracil-DNA glycosylase [EC:3.2.2.27]	COG1573	Udg4	Uracil-DNA glycosylase	AG-894-L17_00950	-5
CABYOT010000008.1	22557	22952	-	AG-894-L17_00946	AG-894-L17	131	OG0000808	K07107	acyl-CoA thioester hydrolase [EC:3.1.2.-]	COG0824	FadM	Acyl-CoA thioesterase FadM	AG-894-L17_00950	-4
CABYOT010000008.1	23006	23143	+	AG-894-L17_00947	AG-894-L17	45	OG0001143	NA	NA	NA	NA	NA	AG-894-L17_00950	-3
CABYOT010000008.1	23148	23810	-	AG-894-L17_00948	AG-894-L17	220	OG0000965	NA	NA	NA	NA	NA	AG-894-L17_00950	-2
CABYOT010000008.1	23856	24860	-	AG-894-L17_00949	AG-894-L17	334	OG0000009	NA	NA	COG1063	Tdh	Threonine dehydrogenase or related Zn-dependent dehydrogenase	AG-894-L17_00950	-1
CABYOT010000008.1	24863	26314	-	AG-894-L17_00950	AG-894-L17	483	OG0000917	K03457	nucleobase:cation symporter-1, NCS1 family	COG1953	FUI1	Cytosine/uracil/thiamine/allantoin permease	AG-894-L17_00950	0
CABYOT010000008.1	26380	27273	+	AG-894-L17_00951	AG-894-L17	297	OG0001024	NA	NA	COG0697	EamA	Amino acid export permease, drug/metabolite transporter (DMT) superfamily	AG-894-L17_00950	1
CABYOT010000008.1	27270	28610	-	AG-894-L17_00952	AG-894-L17	446	OG0000987	K11690	C4-dicarboxylate transporter, DctM subunit	COG4664	FcbT3	TRAP-type mannitol/chloroaromatic compound transport system, large permease component	AG-894-L17_00950	2
CABYOT010000008.1	28601	29257	-	AG-894-L17_00953	AG-894-L17	218	OG0000994	NA	NA	COG4665	FcbT2	TRAP-type mannitol/chloroaromatic compound transport system, small permease component	AG-894-L17_00950	3
CABYOT010000008.1	29336	30424	-	AG-894-L17_00954	AG-894-L17	362	OG0000072	NA	NA	COG4663	FcbT1	TRAP-type mannitol/chloroaromatic compound transport system, periplasmic component	AG-894-L17_00950	4
CABYOT010000008.1	30549	31475	-	AG-894-L17_00955	AG-894-L17	308	OG0000005	K00020	3-hydroxyisobutyrate dehydrogenase [EC:1.1.1.31]	COG2084	MmsB	3-hydroxyisobutyrate dehydrogenase or related beta-hydroxyacid dehydrogenase	AG-894-L17_00950	5
CABYPJ010000008.1	9641	10792	+	AG-894-L19_00808	AG-894-L19	383	OG0001325	K00111	glycerol-3-phosphate dehydrogenase [EC:1.1.5.3]	COG0578	GlpA	Glycerol-3-phosphate dehydrogenase	AG-894-L19_00813	-5
CABYPJ010000008.1	10765	11472	+	AG-894-L19_00809	AG-894-L19	235	OG0001011	K21929	uracil-DNA glycosylase [EC:3.2.2.27]	COG1573	Udg4	Uracil-DNA glycosylase	AG-894-L19_00813	-4
CABYPJ010000008.1	11464	11856	-	AG-894-L19_00810	AG-894-L19	130	OG0000808	K07107	acyl-CoA thioester hydrolase [EC:3.1.2.-]	COG0824	FadM	Acyl-CoA thioesterase FadM	AG-894-L19_00813	-3
CABYPJ010000008.1	11876	12529	-	AG-894-L19_00811	AG-894-L19	217	OG0000965	NA	NA	NA	NA	NA	AG-894-L19_00813	-2
CABYPJ010000008.1	12753	13757	-	AG-894-L19_00812	AG-894-L19	334	OG0000009	NA	NA	COG1063	Tdh	Threonine dehydrogenase or related Zn-dependent dehydrogenase	AG-894-L19_00813	-1
CABYPJ010000008.1	13760	15214	-	AG-894-L19_00813	AG-894-L19	484	OG0000917	K03457	nucleobase:cation symporter-1, NCS1 family	COG1953	FUI1	Cytosine/uracil/thiamine/allantoin permease	AG-894-L19_00813	0
CABYPJ010000008.1	15237	16574	-	AG-894-L19_00814	AG-894-L19	445	OG0000987	K11690	C4-dicarboxylate transporter, DctM subunit	COG4664	FcbT3	TRAP-type mannitol/chloroaromatic compound transport system, large permease component	AG-894-L19_00813	1
CABYPJ010000008.1	16574	17179	-	AG-894-L19_00815	AG-894-L19	201	OG0000994	NA	NA	COG4665	FcbT2	TRAP-type mannitol/chloroaromatic compound transport system, small permease component	AG-894-L19_00813	2
CABYPJ010000008.1	17234	18331	-	AG-894-L19_00816	AG-894-L19	365	OG0000072	NA	NA	COG4663	FcbT1	TRAP-type mannitol/chloroaromatic compound transport system, periplasmic component	AG-894-L19_00813	3
CABYPJ010000008.1	18467	20071	+	AG-894-L19_00817	AG-894-L19	534	OG0000054	NA	NA	COG2303	BetA	Choline dehydrogenase or related flavoprotein	AG-894-L19_00813	4
CABYPJ010000008.1	20068	20646	+	AG-894-L19_00818	AG-894-L19	192	OG0000922	NA	NA	COG0861	TerC	Tellurite resistance membrane protein TerC	AG-894-L19_00813	5
CABYSJ010000001.1	163891	164304	-	AG-894-O09_00184	AG-894-O09	137	OG0000808	K07107	acyl-CoA thioester hydrolase [EC:3.1.2.-]	COG0824	FadM	Acyl-CoA thioesterase FadM	AG-894-O09_00189	-5
CABYSJ010000001.1	164362	164499	+	AG-894-O09_00185	AG-894-O09	45	OG0001143	NA	NA	NA	NA	NA	AG-894-O09_00189	-4
CABYSJ010000001.1	164503	165153	-	AG-894-O09_00186	AG-894-O09	216	OG0000965	NA	NA	NA	NA	NA	AG-894-O09_00189	-3
CABYSJ010000001.1	165243	165365	+	AG-894-O09_00187	AG-894-O09	40	OG0001265	NA	NA	NA	NA	NA	AG-894-O09_00189	-2
CABYSJ010000001.1	165368	166114	-	AG-894-O09_00188	AG-894-O09	248	OG0001186	K21883	2-dehydro-3-deoxy-L-rhamnonate dehydrogenase (NAD+) [EC:1.1.1.401]	COG1028	FabG	NAD(P)-dependent dehydrogenase, short-chain alcohol dehydrogenase family	AG-894-O09_00189	-1
CABYSJ010000001.1	166120	167577	-	AG-894-O09_00189	AG-894-O09	485	OG0000917	K03457	nucleobase:cation symporter-1, NCS1 family	COG1953	FUI1	Cytosine/uracil/thiamine/allantoin permease	AG-894-O09_00189	0
CABYSJ010000001.1	167603	168937	-	AG-894-O09_00190	AG-894-O09	444	OG0000987	K11690	C4-dicarboxylate transporter, DctM subunit	COG4664	FcbT3	TRAP-type mannitol/chloroaromatic compound transport system, large permease component	AG-894-O09_00189	1
CABYSJ010000001.1	168934	169548	-	AG-894-O09_00191	AG-894-O09	204	OG0000994	NA	NA	COG4665	FcbT2	TRAP-type mannitol/chloroaromatic compound transport system, small permease component	AG-894-O09_00189	2
CABYSJ010000001.1	169614	170708	-	AG-894-O09_00192	AG-894-O09	364	OG0000072	NA	NA	COG4663	FcbT1	TRAP-type mannitol/chloroaromatic compound transport system, periplasmic component	AG-894-O09_00189	3
CABYSJ010000001.1	170852	172447	+	AG-894-O09_00193	AG-894-O09	531	OG0000054	NA	NA	COG2303	BetA	Choline dehydrogenase or related flavoprotein	AG-894-O09_00189	4
CABYSJ010000001.1	172447	173040	+	AG-894-O09_00194	AG-894-O09	197	OG0000922	NA	NA	COG0861	TerC	Tellurite resistance membrane protein TerC	AG-894-O09_00189	5
CABYUV010000001.1	26662	27780	-	AG-894-P23_00032	AG-894-P23	372	OG0002125	NA	NA	NA	NA	NA	AG-894-P23_00037	-5
CABYUV010000001.1	27810	28220	-	AG-894-P23_00033	AG-894-P23	136	OG0000808	K07107	acyl-CoA thioester hydrolase [EC:3.1.2.-]	COG0824	FadM	Acyl-CoA thioesterase FadM	AG-894-P23_00037	-4
CABYUV010000001.1	28277	28417	+	AG-894-P23_00034	AG-894-P23	46	OG0001143	NA	NA	NA	NA	NA	AG-894-P23_00037	-3
CABYUV010000001.1	28418	29071	-	AG-894-P23_00035	AG-894-P23	217	OG0000965	NA	NA	NA	NA	NA	AG-894-P23_00037	-2
CABYUV010000001.1	29280	30284	-	AG-894-P23_00036	AG-894-P23	334	OG0000009	NA	NA	COG1063	Tdh	Threonine dehydrogenase or related Zn-dependent dehydrogenase	AG-894-P23_00037	-1
CABYUV010000001.1	30286	31743	-	AG-894-P23_00037	AG-894-P23	485	OG0000917	K03457	nucleobase:cation symporter-1, NCS1 family	COG1953	FUI1	Cytosine/uracil/thiamine/allantoin permease	AG-894-P23_00037	0
CABYUV010000001.1	31810	32727	+	AG-894-P23_00038	AG-894-P23	305	OG0001024	NA	NA	COG0697	EamA	Amino acid export permease, drug/metabolite transporter (DMT) superfamily	AG-894-P23_00037	1
CABYUV010000001.1	32708	34048	-	AG-894-P23_00039	AG-894-P23	446	OG0000987	K11690	C4-dicarboxylate transporter, DctM subunit	COG4664	FcbT3	TRAP-type mannitol/chloroaromatic compound transport system, large permease component	AG-894-P23_00037	2
CABYUV010000001.1	34039	34695	-	AG-894-P23_00040	AG-894-P23	218	OG0000994	NA	NA	COG4665	FcbT2	TRAP-type mannitol/chloroaromatic compound transport system, small permease component	AG-894-P23_00037	3
CABYUV010000001.1	34759	35847	-	AG-894-P23_00041	AG-894-P23	362	OG0000072	NA	NA	COG4663	FcbT1	TRAP-type mannitol/chloroaromatic compound transport system, periplasmic component	AG-894-P23_00037	4
CABYUV010000001.1	35976	36902	-	AG-894-P23_00042	AG-894-P23	308	OG0000005	K00020	3-hydroxyisobutyrate dehydrogenase [EC:1.1.1.31]	COG2084	MmsB	3-hydroxyisobutyrate dehydrogenase or related beta-hydroxyacid dehydrogenase	AG-894-P23_00037	5
CABYZT010000009.1	59	307	+	AG-895-F17_01162	AG-895-F17	82	OG0000917	NA	NA	COG1953	FUI1	Cytosine/uracil/thiamine/allantoin permease	AG-895-F17_01162	0
CABYZT010000009.1	314	1060	+	AG-895-F17_01163	AG-895-F17	248	OG0001186	K21883	2-dehydro-3-deoxy-L-rhamnonate dehydrogenase (NAD+) [EC:1.1.1.401]	COG1028	FabG	NAD(P)-dependent dehydrogenase, short-chain alcohol dehydrogenase family	AG-895-F17_01162	1
CABYZT010000009.1	1063	1185	-	AG-895-F17_01164	AG-895-F17	40	OG0001265	NA	NA	NA	NA	NA	AG-895-F17_01162	2
CABYZT010000009.1	1275	1925	+	AG-895-F17_01165	AG-895-F17	216	OG0000965	NA	NA	NA	NA	NA	AG-895-F17_01162	3
CABYZT010000009.1	1929	2066	-	AG-895-F17_01166	AG-895-F17	45	OG0001143	NA	NA	NA	NA	NA	AG-895-F17_01162	4
CABYZT010000009.1	2124	2537	+	AG-895-F17_01167	AG-895-F17	137	OG0000808	K07107	acyl-CoA thioester hydrolase [EC:3.1.2.-]	COG0824	FadM	Acyl-CoA thioesterase FadM	AG-895-F17_01162	5
CABZAK010000006.1	45692	46267	-	AG-895-G15_00923	AG-895-G15	191	OG0000922	NA	NA	COG0861	TerC	Tellurite resistance membrane protein TerC	AG-895-G15_00928	-5
CABZAK010000006.1	46264	47883	-	AG-895-G15_00924	AG-895-G15	539	OG0000054	NA	NA	COG2303	BetA	Choline dehydrogenase or related flavoprotein	AG-895-G15_00928	-4
CABZAK010000006.1	48020	49114	+	AG-895-G15_00925	AG-895-G15	364	OG0000072	NA	NA	COG4663	FcbT1	TRAP-type mannitol/chloroaromatic compound transport system, periplasmic component	AG-895-G15_00928	-3
CABZAK010000006.1	49170	49781	+	AG-895-G15_00926	AG-895-G15	203	OG0000994	NA	NA	COG4665	FcbT2	TRAP-type mannitol/chloroaromatic compound transport system, small permease component	AG-895-G15_00928	-2
CABZAK010000006.1	49778	51112	+	AG-895-G15_00927	AG-895-G15	444	OG0000987	K11690	C4-dicarboxylate transporter, DctM subunit	COG4664	FcbT3	TRAP-type mannitol/chloroaromatic compound transport system, large permease component	AG-895-G15_00928	-1
CABZAK010000006.1	51137	52594	+	AG-895-G15_00928	AG-895-G15	485	OG0000917	K03457	nucleobase:cation symporter-1, NCS1 family	COG1953	FUI1	Cytosine/uracil/thiamine/allantoin permease	AG-895-G15_00928	0
CABZAK010000006.1	52601	53347	+	AG-895-G15_00929	AG-895-G15	248	OG0001186	K21883	2-dehydro-3-deoxy-L-rhamnonate dehydrogenase (NAD+) [EC:1.1.1.401]	COG1028	FabG	NAD(P)-dependent dehydrogenase, short-chain alcohol dehydrogenase family	AG-895-G15_00928	1
CABZAK010000006.1	53572	54225	+	AG-895-G15_00930	AG-895-G15	217	OG0000965	NA	NA	NA	NA	NA	AG-895-G15_00928	2
CABZAK010000006.1	54226	54366	-	AG-895-G15_00931	AG-895-G15	46	OG0001143	NA	NA	NA	NA	NA	AG-895-G15_00928	3
CABZDR010000004.1	34576	35169	-	AG-895-K10_01047	AG-895-K10	197	OG0000922	NA	NA	COG0861	TerC	Tellurite resistance membrane protein TerC	AG-895-K10_01052	-5
CABZDR010000004.1	35169	36764	-	AG-895-K10_01048	AG-895-K10	531	OG0000054	NA	NA	COG2303	BetA	Choline dehydrogenase or related flavoprotein	AG-895-K10_01052	-4
CABZDR010000004.1	36898	37992	+	AG-895-K10_01049	AG-895-K10	364	OG0000072	NA	NA	COG4663	FcbT1	TRAP-type mannitol/chloroaromatic compound transport system, periplasmic component	AG-895-K10_01052	-3
CABZDR010000004.1	38062	38676	+	AG-895-K10_01050	AG-895-K10	204	OG0000994	NA	NA	COG4665	FcbT2	TRAP-type mannitol/chloroaromatic compound transport system, small permease component	AG-895-K10_01052	-2
CABZDR010000004.1	38673	40007	+	AG-895-K10_01051	AG-895-K10	444	OG0000987	K11690	C4-dicarboxylate transporter, DctM subunit	COG4664	FcbT3	TRAP-type mannitol/chloroaromatic compound transport system, large permease component	AG-895-K10_01052	-1
CABZDR010000004.1	40033	41493	+	AG-895-K10_01052	AG-895-K10	486	OG0000917	K03457	nucleobase:cation symporter-1, NCS1 family	COG1953	FUI1	Cytosine/uracil/thiamine/allantoin permease	AG-895-K10_01052	0
CABZDR010000004.1	41503	42255	+	AG-895-K10_01053	AG-895-K10	250	OG0001186	K21883	2-dehydro-3-deoxy-L-rhamnonate dehydrogenase (NAD+) [EC:1.1.1.401]	COG1028	FabG	NAD(P)-dependent dehydrogenase, short-chain alcohol dehydrogenase family	AG-895-K10_01052	1
CABZDR010000004.1	42252	42389	-	AG-895-K10_01054	AG-895-K10	45	OG0001265	NA	NA	NA	NA	NA	AG-895-K10_01052	2
CABZDR010000004.1	42464	43114	+	AG-895-K10_01055	AG-895-K10	216	OG0000965	NA	NA	NA	NA	NA	AG-895-K10_01052	3
CABZDR010000004.1	43115	43255	-	AG-895-K10_01056	AG-895-K10	46	OG0001143	NA	NA	NA	NA	NA	AG-895-K10_01052	4
CABZDR010000004.1	43313	43735	+	AG-895-K10_01057	AG-895-K10	140	OG0000808	K07107	acyl-CoA thioester hydrolase [EC:3.1.2.-]	COG0824	FadM	Acyl-CoA thioesterase FadM	AG-895-K10_01052	5
CABZLS010000005.1	22	504	+	AG-896-C18_00508	AG-896-C18	160	OG0000917	NA	NA	COG1953	FUI1	Cytosine/uracil/thiamine/allantoin permease	AG-896-C18_00508	0
CABZLS010000005.1	510	1262	+	AG-896-C18_00509	AG-896-C18	250	OG0001186	K21883	2-dehydro-3-deoxy-L-rhamnonate dehydrogenase (NAD+) [EC:1.1.1.401]	COG1028	FabG	NAD(P)-dependent dehydrogenase, short-chain alcohol dehydrogenase family	AG-896-C18_00508	1
CABZLS010000005.1	1482	2132	+	AG-896-C18_00510	AG-896-C18	216	OG0000965	NA	NA	NA	NA	NA	AG-896-C18_00508	2
CABZLS010000005.1	2133	2273	-	AG-896-C18_00511	AG-896-C18	46	OG0001143	NA	NA	NA	NA	NA	AG-896-C18_00508	3
CABZLS010000005.1	2331	2753	+	AG-896-C18_00512	AG-896-C18	140	OG0000808	K07107	acyl-CoA thioester hydrolase [EC:3.1.2.-]	COG0824	FadM	Acyl-CoA thioesterase FadM	AG-896-C18_00508	4
CABZLS010000005.1	2743	3423	-	AG-896-C18_00513	AG-896-C18	226	OG0001011	K21929	uracil-DNA glycosylase [EC:3.2.2.27]	COG1573	Udg4	Uracil-DNA glycosylase	AG-896-C18_00508	5
CABZOF010000003.1	186406	187080	+	AG-896-F06_01231	AG-896-F06	224	OG0001011	K21929	uracil-DNA glycosylase [EC:3.2.2.27]	COG1573	Udg4	Uracil-DNA glycosylase	AG-896-F06_01236	-5
CABZOF010000003.1	187073	187468	-	AG-896-F06_01232	AG-896-F06	131	OG0000808	K07107	acyl-CoA thioester hydrolase [EC:3.1.2.-]	COG0824	FadM	Acyl-CoA thioesterase FadM	AG-896-F06_01236	-4
CABZOF010000003.1	187522	187659	+	AG-896-F06_01233	AG-896-F06	45	OG0001143	NA	NA	NA	NA	NA	AG-896-F06_01236	-3
CABZOF010000003.1	187664	188326	-	AG-896-F06_01234	AG-896-F06	220	OG0000965	NA	NA	NA	NA	NA	AG-896-F06_01236	-2
CABZOF010000003.1	188372	189376	-	AG-896-F06_01235	AG-896-F06	334	OG0000009	NA	NA	COG1063	Tdh	Threonine dehydrogenase or related Zn-dependent dehydrogenase	AG-896-F06_01236	-1
CABZOF010000003.1	189379	190830	-	AG-896-F06_01236	AG-896-F06	483	OG0000917	K03457	nucleobase:cation symporter-1, NCS1 family	COG1953	FUI1	Cytosine/uracil/thiamine/allantoin permease	AG-896-F06_01236	0
CABZOF010000003.1	190896	191789	+	AG-896-F06_01237	AG-896-F06	297	OG0001024	NA	NA	COG0697	EamA	Amino acid export permease, drug/metabolite transporter (DMT) superfamily	AG-896-F06_01236	1
CABZOF010000003.1	191786	193126	-	AG-896-F06_01238	AG-896-F06	446	OG0000987	K11690	C4-dicarboxylate transporter, DctM subunit	COG4664	FcbT3	TRAP-type mannitol/chloroaromatic compound transport system, large permease component	AG-896-F06_01236	2
CABZOF010000003.1	193117	193773	-	AG-896-F06_01239	AG-896-F06	218	OG0000994	NA	NA	COG4665	FcbT2	TRAP-type mannitol/chloroaromatic compound transport system, small permease component	AG-896-F06_01236	3
CABZOF010000003.1	193853	194941	-	AG-896-F06_01240	AG-896-F06	362	OG0000072	NA	NA	COG4663	FcbT1	TRAP-type mannitol/chloroaromatic compound transport system, periplasmic component	AG-896-F06_01236	4
CABZOF010000003.1	195062	195988	-	AG-896-F06_01241	AG-896-F06	308	OG0000005	K00020	3-hydroxyisobutyrate dehydrogenase [EC:1.1.1.31]	COG2084	MmsB	3-hydroxyisobutyrate dehydrogenase or related beta-hydroxyacid dehydrogenase	AG-896-F06_01236	5
CABZPQ010000004.1	91508	92086	-	AG-896-G07_00858	AG-896-G07	192	OG0000922	NA	NA	COG0861	TerC	Tellurite resistance membrane protein TerC	AG-896-G07_00863	-5
CABZPQ010000004.1	92083	93687	-	AG-896-G07_00859	AG-896-G07	534	OG0000054	NA	NA	COG2303	BetA	Choline dehydrogenase or related flavoprotein	AG-896-G07_00863	-4
CABZPQ010000004.1	93823	94920	+	AG-896-G07_00860	AG-896-G07	365	OG0000072	NA	NA	COG4663	FcbT1	TRAP-type mannitol/chloroaromatic compound transport system, periplasmic component	AG-896-G07_00863	-3
CABZPQ010000004.1	94974	95579	+	AG-896-G07_00861	AG-896-G07	201	OG0000994	NA	NA	COG4665	FcbT2	TRAP-type mannitol/chloroaromatic compound transport system, small permease component	AG-896-G07_00863	-2
CABZPQ010000004.1	95579	96916	+	AG-896-G07_00862	AG-896-G07	445	OG0000987	K11690	C4-dicarboxylate transporter, DctM subunit	COG4664	FcbT3	TRAP-type mannitol/chloroaromatic compound transport system, large permease component	AG-896-G07_00863	-1
CABZPQ010000004.1	96939	98393	+	AG-896-G07_00863	AG-896-G07	484	OG0000917	K03457	nucleobase:cation symporter-1, NCS1 family	COG1953	FUI1	Cytosine/uracil/thiamine/allantoin permease	AG-896-G07_00863	0
CABZPQ010000004.1	98396	99400	+	AG-896-G07_00864	AG-896-G07	334	OG0000009	NA	NA	COG1063	Tdh	Threonine dehydrogenase or related Zn-dependent dehydrogenase	AG-896-G07_00863	1
CABZPQ010000004.1	99397	99528	-	AG-896-G07_00865	AG-896-G07	43	OG0001265	NA	NA	NA	NA	NA	AG-896-G07_00863	2
CABZPQ010000004.1	99624	100277	+	AG-896-G07_00866	AG-896-G07	217	OG0000965	NA	NA	NA	NA	NA	AG-896-G07_00863	3
CABZPQ010000004.1	100297	100689	+	AG-896-G07_00867	AG-896-G07	130	OG0000808	K07107	acyl-CoA thioester hydrolase [EC:3.1.2.-]	COG0824	FadM	Acyl-CoA thioesterase FadM	AG-896-G07_00863	4
CABZPQ010000004.1	100681	101388	-	AG-896-G07_00868	AG-896-G07	235	OG0001011	K21929	uracil-DNA glycosylase [EC:3.2.2.27]	COG1573	Udg4	Uracil-DNA glycosylase	AG-896-G07_00863	5
CABZTB010000004.1	76614	77294	+	AG-896-K10_00930	AG-896-K10	226	OG0001011	K21929	uracil-DNA glycosylase [EC:3.2.2.27]	COG1573	Udg4	Uracil-DNA glycosylase	AG-896-K10_00935	-5
CABZTB010000004.1	77284	77706	-	AG-896-K10_00931	AG-896-K10	140	OG0000808	K07107	acyl-CoA thioester hydrolase [EC:3.1.2.-]	COG0824	FadM	Acyl-CoA thioesterase FadM	AG-896-K10_00935	-4
CABZTB010000004.1	77731	78381	-	AG-896-K10_00932	AG-896-K10	216	OG0000965	NA	NA	NA	NA	NA	AG-896-K10_00935	-3
CABZTB010000004.1	78507	78599	+	AG-896-K10_00933	AG-896-K10	30	OG0001265	NA	NA	NA	NA	NA	AG-896-K10_00935	-2
CABZTB010000004.1	78596	79348	-	AG-896-K10_00934	AG-896-K10	250	OG0001186	K21883	2-dehydro-3-deoxy-L-rhamnonate dehydrogenase (NAD+) [EC:1.1.1.401]	COG1028	FabG	NAD(P)-dependent dehydrogenase, short-chain alcohol dehydrogenase family	AG-896-K10_00935	-1
CABZTB010000004.1	79353	80810	-	AG-896-K10_00935	AG-896-K10	485	OG0000917	K03457	nucleobase:cation symporter-1, NCS1 family	COG1953	FUI1	Cytosine/uracil/thiamine/allantoin permease	AG-896-K10_00935	0
CABZTB010000004.1	80836	82170	-	AG-896-K10_00936	AG-896-K10	444	OG0000987	K11690	C4-dicarboxylate transporter, DctM subunit	COG4664	FcbT3	TRAP-type mannitol/chloroaromatic compound transport system, large permease component	AG-896-K10_00935	1
CABZTB010000004.1	82167	82781	-	AG-896-K10_00937	AG-896-K10	204	OG0000994	NA	NA	COG4665	FcbT2	TRAP-type mannitol/chloroaromatic compound transport system, small permease component	AG-896-K10_00935	2
CABZTB010000004.1	82851	83945	-	AG-896-K10_00938	AG-896-K10	364	OG0000072	NA	NA	COG4663	FcbT1	TRAP-type mannitol/chloroaromatic compound transport system, periplasmic component	AG-896-K10_00935	3
CABZTB010000004.1	84078	85673	+	AG-896-K10_00939	AG-896-K10	531	OG0000054	NA	NA	COG2303	BetA	Choline dehydrogenase or related flavoprotein	AG-896-K10_00935	4
CABZTB010000004.1	85673	86266	+	AG-896-K10_00940	AG-896-K10	197	OG0000922	NA	NA	COG0861	TerC	Tellurite resistance membrane protein TerC	AG-896-K10_00935	5
CABZUL010000002.1	31171	31593	-	AG-896-L20_00284	AG-896-L20	140	OG0000808	K07107	acyl-CoA thioester hydrolase [EC:3.1.2.-]	COG0824	FadM	Acyl-CoA thioesterase FadM	AG-896-L20_00289	-5
CABZUL010000002.1	31651	31791	+	AG-896-L20_00285	AG-896-L20	46	OG0001143	NA	NA	NA	NA	NA	AG-896-L20_00289	-4
CABZUL010000002.1	31792	32442	-	AG-896-L20_00286	AG-896-L20	216	OG0000965	NA	NA	NA	NA	NA	AG-896-L20_00289	-3
CABZUL010000002.1	32527	32664	+	AG-896-L20_00287	AG-896-L20	45	OG0001265	NA	NA	NA	NA	NA	AG-896-L20_00289	-2
CABZUL010000002.1	32661	33413	-	AG-896-L20_00288	AG-896-L20	250	OG0001186	K21883	2-dehydro-3-deoxy-L-rhamnonate dehydrogenase (NAD+) [EC:1.1.1.401]	COG1028	FabG	NAD(P)-dependent dehydrogenase, short-chain alcohol dehydrogenase family	AG-896-L20_00289	-1
CABZUL010000002.1	33418	34875	-	AG-896-L20_00289	AG-896-L20	485	OG0000917	K03457	nucleobase:cation symporter-1, NCS1 family	COG1953	FUI1	Cytosine/uracil/thiamine/allantoin permease	AG-896-L20_00289	0
CABZUL010000002.1	34901	36235	-	AG-896-L20_00290	AG-896-L20	444	OG0000987	K11690	C4-dicarboxylate transporter, DctM subunit	COG4664	FcbT3	TRAP-type mannitol/chloroaromatic compound transport system, large permease component	AG-896-L20_00289	1
CABZUL010000002.1	36235	36852	-	AG-896-L20_00291	AG-896-L20	205	OG0000994	NA	NA	COG4665	FcbT2	TRAP-type mannitol/chloroaromatic compound transport system, small permease component	AG-896-L20_00289	2
CABZUL010000002.1	36922	38016	-	AG-896-L20_00292	AG-896-L20	364	OG0000072	NA	NA	COG4663	FcbT1	TRAP-type mannitol/chloroaromatic compound transport system, periplasmic component	AG-896-L20_00289	3
CABZUL010000002.1	38150	39745	+	AG-896-L20_00293	AG-896-L20	531	OG0000054	NA	NA	COG2303	BetA	Choline dehydrogenase or related flavoprotein	AG-896-L20_00289	4
CABZUL010000002.1	39745	40338	+	AG-896-L20_00294	AG-896-L20	197	OG0000922	NA	NA	COG0861	TerC	Tellurite resistance membrane protein TerC	AG-896-L20_00289	5
CABZXO010000022.1	189	506	+	AG-896-O18_01319	AG-896-O18	105	OG0000917	NA	NA	COG1953	FUI1	Cytosine/uracil/thiamine/allantoin permease	AG-896-O18_01319	0
CABZXO010000022.1	508	1512	+	AG-896-O18_01320	AG-896-O18	334	OG0000009	NA	NA	COG1063	Tdh	Threonine dehydrogenase or related Zn-dependent dehydrogenase	AG-896-O18_01319	1
CABZXO010000022.1	1726	2376	+	AG-896-O18_01321	AG-896-O18	216	OG0000965	NA	NA	NA	NA	NA	AG-896-O18_01319	2
CABZXO010000022.1	2377	2520	-	AG-896-O18_01322	AG-896-O18	47	OG0001143	NA	NA	NA	NA	NA	AG-896-O18_01319	3
CABZXO010000022.1	2575	2988	+	AG-896-O18_01323	AG-896-O18	137	OG0000808	K07107	acyl-CoA thioester hydrolase [EC:3.1.2.-]	COG0824	FadM	Acyl-CoA thioesterase FadM	AG-896-O18_01319	4
CABZXO010000022.1	2978	3658	-	AG-896-O18_01324	AG-896-O18	226	OG0001011	K21929	uracil-DNA glycosylase [EC:3.2.2.27]	COG1573	Udg4	Uracil-DNA glycosylase	AG-896-O18_01319	5
CACADE010000002.1	18251	18829	-	AG-897-G09_00364	AG-897-G09	192	OG0000922	NA	NA	COG0861	TerC	Tellurite resistance membrane protein TerC	AG-897-G09_00369	-5
CACADE010000002.1	18826	20430	-	AG-897-G09_00365	AG-897-G09	534	OG0000054	NA	NA	COG2303	BetA	Choline dehydrogenase or related flavoprotein	AG-897-G09_00369	-4
CACADE010000002.1	20566	21663	+	AG-897-G09_00366	AG-897-G09	365	OG0000072	NA	NA	COG4663	FcbT1	TRAP-type mannitol/chloroaromatic compound transport system, periplasmic component	AG-897-G09_00369	-3
CACADE010000002.1	21717	22322	+	AG-897-G09_00367	AG-897-G09	201	OG0000994	NA	NA	COG4665	FcbT2	TRAP-type mannitol/chloroaromatic compound transport system, small permease component	AG-897-G09_00369	-2
CACADE010000002.1	22322	23659	+	AG-897-G09_00368	AG-897-G09	445	OG0000987	K11690	C4-dicarboxylate transporter, DctM subunit	COG4664	FcbT3	TRAP-type mannitol/chloroaromatic compound transport system, large permease component	AG-897-G09_00369	-1
CACADE010000002.1	23682	25136	+	AG-897-G09_00369	AG-897-G09	484	OG0000917	K03457	nucleobase:cation symporter-1, NCS1 family	COG1953	FUI1	Cytosine/uracil/thiamine/allantoin permease	AG-897-G09_00369	0
CACADE010000002.1	25139	26143	+	AG-897-G09_00370	AG-897-G09	334	OG0000009	NA	NA	COG1063	Tdh	Threonine dehydrogenase or related Zn-dependent dehydrogenase	AG-897-G09_00369	1
CACADE010000002.1	26140	26271	-	AG-897-G09_00371	AG-897-G09	43	OG0001265	NA	NA	NA	NA	NA	AG-897-G09_00369	2
CACADE010000002.1	26367	27020	+	AG-897-G09_00372	AG-897-G09	217	OG0000965	NA	NA	NA	NA	NA	AG-897-G09_00369	3
CACADE010000002.1	27040	27432	+	AG-897-G09_00373	AG-897-G09	130	OG0000808	K07107	acyl-CoA thioester hydrolase [EC:3.1.2.-]	COG0824	FadM	Acyl-CoA thioesterase FadM	AG-897-G09_00369	4
CACADE010000002.1	27424	28131	-	AG-897-G09_00374	AG-897-G09	235	OG0001011	K21929	uracil-DNA glycosylase [EC:3.2.2.27]	COG1573	Udg4	Uracil-DNA glycosylase	AG-897-G09_00369	5
CACAFC010000001.1	14580	15173	-	AG-897-G15_00018	AG-897-G15	197	OG0000922	NA	NA	COG0861	TerC	Tellurite resistance membrane protein TerC	AG-897-G15_00023	-5
CACAFC010000001.1	15173	16783	-	AG-897-G15_00019	AG-897-G15	536	OG0000054	NA	NA	COG2303	BetA	Choline dehydrogenase or related flavoprotein	AG-897-G15_00023	-4
CACAFC010000001.1	16914	18008	+	AG-897-G15_00020	AG-897-G15	364	OG0000072	NA	NA	COG4663	FcbT1	TRAP-type mannitol/chloroaromatic compound transport system, periplasmic component	AG-897-G15_00023	-3
CACAFC010000001.1	18078	18692	+	AG-897-G15_00021	AG-897-G15	204	OG0000994	NA	NA	COG4665	FcbT2	TRAP-type mannitol/chloroaromatic compound transport system, small permease component	AG-897-G15_00023	-2
CACAFC010000001.1	18689	20023	+	AG-897-G15_00022	AG-897-G15	444	OG0000987	K11690	C4-dicarboxylate transporter, DctM subunit	COG4664	FcbT3	TRAP-type mannitol/chloroaromatic compound transport system, large permease component	AG-897-G15_00023	-1
CACAFC010000001.1	20049	21506	+	AG-897-G15_00023	AG-897-G15	485	OG0000917	K03457	nucleobase:cation symporter-1, NCS1 family	COG1953	FUI1	Cytosine/uracil/thiamine/allantoin permease	AG-897-G15_00023	0
CACAFC010000001.1	21511	22263	+	AG-897-G15_00024	AG-897-G15	250	OG0001186	K21883	2-dehydro-3-deoxy-L-rhamnonate dehydrogenase (NAD+) [EC:1.1.1.401]	COG1028	FabG	NAD(P)-dependent dehydrogenase, short-chain alcohol dehydrogenase family	AG-897-G15_00023	1
CACAFC010000001.1	22480	23130	+	AG-897-G15_00025	AG-897-G15	216	OG0000965	NA	NA	NA	NA	NA	AG-897-G15_00023	2
CACAFC010000001.1	23154	23576	+	AG-897-G15_00026	AG-897-G15	140	OG0000808	K07107	acyl-CoA thioester hydrolase [EC:3.1.2.-]	COG0824	FadM	Acyl-CoA thioesterase FadM	AG-897-G15_00023	3
CACAFC010000001.1	23566	24246	-	AG-897-G15_00027	AG-897-G15	226	OG0001011	K21929	uracil-DNA glycosylase [EC:3.2.2.27]	COG1573	Udg4	Uracil-DNA glycosylase	AG-897-G15_00023	4
CACAFC010000001.1	24249	24806	+	AG-897-G15_00028	AG-897-G15	185	OG0000787	NA	NA	COG2062	SixA	Phosphohistidine phosphatase SixA	AG-897-G15_00023	5
CACAIK010000013.1	11695	12402	+	AG-897-O16_01063	AG-897-O16	235	OG0001011	K21929	uracil-DNA glycosylase [EC:3.2.2.27]	COG1573	Udg4	Uracil-DNA glycosylase	AG-897-O16_01068	-5
CACAIK010000013.1	12394	12786	-	AG-897-O16_01064	AG-897-O16	130	OG0000808	K07107	acyl-CoA thioester hydrolase [EC:3.1.2.-]	COG0824	FadM	Acyl-CoA thioesterase FadM	AG-897-O16_01068	-4
CACAIK010000013.1	12806	13459	-	AG-897-O16_01065	AG-897-O16	217	OG0000965	NA	NA	NA	NA	NA	AG-897-O16_01068	-3
CACAIK010000013.1	13555	13686	+	AG-897-O16_01066	AG-897-O16	43	OG0001265	NA	NA	NA	NA	NA	AG-897-O16_01068	-2
CACAIK010000013.1	13683	14690	-	AG-897-O16_01067	AG-897-O16	335	OG0000009	NA	NA	COG1063	Tdh	Threonine dehydrogenase or related Zn-dependent dehydrogenase	AG-897-O16_01068	-1
CACAIK010000013.1	14690	16144	-	AG-897-O16_01068	AG-897-O16	484	OG0000917	K03457	nucleobase:cation symporter-1, NCS1 family	COG1953	FUI1	Cytosine/uracil/thiamine/allantoin permease	AG-897-O16_01068	0
CACAIK010000013.1	16167	17504	-	AG-897-O16_01069	AG-897-O16	445	OG0000987	K11690	C4-dicarboxylate transporter, DctM subunit	COG4664	FcbT3	TRAP-type mannitol/chloroaromatic compound transport system, large permease component	AG-897-O16_01068	1
CACAIK010000013.1	17504	18109	-	AG-897-O16_01070	AG-897-O16	201	OG0000994	NA	NA	COG4665	FcbT2	TRAP-type mannitol/chloroaromatic compound transport system, small permease component	AG-897-O16_01068	2
CACAIK010000013.1	18163	19260	-	AG-897-O16_01071	AG-897-O16	365	OG0000072	NA	NA	COG4663	FcbT1	TRAP-type mannitol/chloroaromatic compound transport system, periplasmic component	AG-897-O16_01068	3
CACALX010000007.1	6012	6428	-	AG-898-C07_00857	AG-898-C07	138	OG0000808	K07107	acyl-CoA thioester hydrolase [EC:3.1.2.-]	COG0824	FadM	Acyl-CoA thioesterase FadM	AG-898-C07_00862	-5
CACALX010000007.1	6487	6627	+	AG-898-C07_00858	AG-898-C07	46	OG0001143	NA	NA	NA	NA	NA	AG-898-C07_00862	-4
CACALX010000007.1	6628	7278	-	AG-898-C07_00859	AG-898-C07	216	OG0000965	NA	NA	NA	NA	NA	AG-898-C07_00862	-3
CACALX010000007.1	7354	7488	+	AG-898-C07_00860	AG-898-C07	44	OG0001265	NA	NA	NA	NA	NA	AG-898-C07_00862	-2
CACALX010000007.1	7472	8476	-	AG-898-C07_00861	AG-898-C07	334	OG0000009	NA	NA	COG1063	Tdh	Threonine dehydrogenase or related Zn-dependent dehydrogenase	AG-898-C07_00862	-1
CACALX010000007.1	8478	9935	-	AG-898-C07_00862	AG-898-C07	485	OG0000917	K03457	nucleobase:cation symporter-1, NCS1 family	COG1953	FUI1	Cytosine/uracil/thiamine/allantoin permease	AG-898-C07_00862	0
CACALX010000007.1	10002	10898	+	AG-898-C07_00863	AG-898-C07	298	OG0001024	NA	NA	COG0697	EamA	Amino acid export permease, drug/metabolite transporter (DMT) superfamily	AG-898-C07_00862	1
CACALX010000007.1	10900	12240	-	AG-898-C07_00864	AG-898-C07	446	OG0000987	K11690	C4-dicarboxylate transporter, DctM subunit	COG4664	FcbT3	TRAP-type mannitol/chloroaromatic compound transport system, large permease component	AG-898-C07_00862	2
CACALX010000007.1	12231	12887	-	AG-898-C07_00865	AG-898-C07	218	OG0000994	NA	NA	COG4665	FcbT2	TRAP-type mannitol/chloroaromatic compound transport system, small permease component	AG-898-C07_00862	3
CACALX010000007.1	12958	14046	-	AG-898-C07_00866	AG-898-C07	362	OG0000072	NA	NA	COG4663	FcbT1	TRAP-type mannitol/chloroaromatic compound transport system, periplasmic component	AG-898-C07_00862	4
CACALX010000007.1	14175	15101	-	AG-898-C07_00867	AG-898-C07	308	OG0000005	K00020	3-hydroxyisobutyrate dehydrogenase [EC:1.1.1.31]	COG2084	MmsB	3-hydroxyisobutyrate dehydrogenase or related beta-hydroxyacid dehydrogenase	AG-898-C07_00862	5
CACAYV010000001.1	34784	35461	+	AG-898-P13_00038	AG-898-P13	225	OG0001011	K21929	uracil-DNA glycosylase [EC:3.2.2.27]	COG1573	Udg4	Uracil-DNA glycosylase	AG-898-P13_00043	-5
CACAYV010000001.1	35454	35861	-	AG-898-P13_00039	AG-898-P13	135	OG0000808	K07107	acyl-CoA thioester hydrolase [EC:3.1.2.-]	COG0824	FadM	Acyl-CoA thioesterase FadM	AG-898-P13_00043	-4
CACAYV010000001.1	35908	36051	+	AG-898-P13_00040	AG-898-P13	47	OG0001143	NA	NA	NA	NA	NA	AG-898-P13_00043	-3
CACAYV010000001.1	36048	36692	-	AG-898-P13_00041	AG-898-P13	214	OG0000965	NA	NA	NA	NA	NA	AG-898-P13_00043	-2
CACAYV010000001.1	36692	37699	-	AG-898-P13_00042	AG-898-P13	335	OG0000009	NA	NA	COG1063	Tdh	Threonine dehydrogenase or related Zn-dependent dehydrogenase	AG-898-P13_00043	-1
CACAYV010000001.1	37699	39153	-	AG-898-P13_00043	AG-898-P13	484	OG0000917	K03457	nucleobase:cation symporter-1, NCS1 family	COG1953	FUI1	Cytosine/uracil/thiamine/allantoin permease	AG-898-P13_00043	0
CACAYV010000001.1	39178	40512	-	AG-898-P13_00044	AG-898-P13	444	OG0000987	K11690	C4-dicarboxylate transporter, DctM subunit	COG4664	FcbT3	TRAP-type mannitol/chloroaromatic compound transport system, large permease component	AG-898-P13_00043	1
CACAYV010000001.1	40509	41123	-	AG-898-P13_00045	AG-898-P13	204	OG0000994	NA	NA	COG4665	FcbT2	TRAP-type mannitol/chloroaromatic compound transport system, small permease component	AG-898-P13_00043	2
CACAYV010000001.1	41189	42280	-	AG-898-P13_00046	AG-898-P13	363	OG0000072	NA	NA	COG4663	FcbT1	TRAP-type mannitol/chloroaromatic compound transport system, periplasmic component	AG-898-P13_00043	3
CACAYV010000001.1	42391	43986	+	AG-898-P13_00047	AG-898-P13	531	OG0000054	NA	NA	COG2303	BetA	Choline dehydrogenase or related flavoprotein	AG-898-P13_00043	4
CACAYV010000001.1	43986	44564	+	AG-898-P13_00048	AG-898-P13	192	OG0000922	NA	NA	COG0861	TerC	Tellurite resistance membrane protein TerC	AG-898-P13_00043	5
CACAZW010000010.1	16629	17207	-	AG-899-A06_00943	AG-899-A06	192	OG0000922	NA	NA	COG0861	TerC	Tellurite resistance membrane protein TerC	AG-899-A06_00948	-5
CACAZW010000010.1	17204	18808	-	AG-899-A06_00944	AG-899-A06	534	OG0000054	NA	NA	COG2303	BetA	Choline dehydrogenase or related flavoprotein	AG-899-A06_00948	-4
CACAZW010000010.1	18944	20041	+	AG-899-A06_00945	AG-899-A06	365	OG0000072	NA	NA	COG4663	FcbT1	TRAP-type mannitol/chloroaromatic compound transport system, periplasmic component	AG-899-A06_00948	-3
CACAZW010000010.1	20095	20700	+	AG-899-A06_00946	AG-899-A06	201	OG0000994	NA	NA	COG4665	FcbT2	TRAP-type mannitol/chloroaromatic compound transport system, small permease component	AG-899-A06_00948	-2
CACAZW010000010.1	20700	22037	+	AG-899-A06_00947	AG-899-A06	445	OG0000987	K11690	C4-dicarboxylate transporter, DctM subunit	COG4664	FcbT3	TRAP-type mannitol/chloroaromatic compound transport system, large permease component	AG-899-A06_00948	-1
CACAZW010000010.1	22060	23514	+	AG-899-A06_00948	AG-899-A06	484	OG0000917	K03457	nucleobase:cation symporter-1, NCS1 family	COG1953	FUI1	Cytosine/uracil/thiamine/allantoin permease	AG-899-A06_00948	0
CACAZW010000010.1	23517	24521	+	AG-899-A06_00949	AG-899-A06	334	OG0000009	NA	NA	COG1063	Tdh	Threonine dehydrogenase or related Zn-dependent dehydrogenase	AG-899-A06_00948	1
CACAZW010000010.1	24518	24649	-	AG-899-A06_00950	AG-899-A06	43	OG0001265	NA	NA	NA	NA	NA	AG-899-A06_00948	2
CACAZW010000010.1	24745	25398	+	AG-899-A06_00951	AG-899-A06	217	OG0000965	NA	NA	NA	NA	NA	AG-899-A06_00948	3
CACAZW010000010.1	25418	25810	+	AG-899-A06_00952	AG-899-A06	130	OG0000808	K07107	acyl-CoA thioester hydrolase [EC:3.1.2.-]	COG0824	FadM	Acyl-CoA thioesterase FadM	AG-899-A06_00948	4
CACAZW010000010.1	25802	26509	-	AG-899-A06_00953	AG-899-A06	235	OG0001011	K21929	uracil-DNA glycosylase [EC:3.2.2.27]	COG1573	Udg4	Uracil-DNA glycosylase	AG-899-A06_00948	5
CACBAX010000002.1	94132	94713	-	AG-899-B09_00279	AG-899-B09	193	OG0000922	NA	NA	COG0861	TerC	Tellurite resistance membrane protein TerC	AG-899-B09_00284	-5
CACBAX010000002.1	94714	96324	-	AG-899-B09_00280	AG-899-B09	536	OG0000054	NA	NA	COG2303	BetA	Choline dehydrogenase or related flavoprotein	AG-899-B09_00284	-4
CACBAX010000002.1	96467	97567	+	AG-899-B09_00281	AG-899-B09	366	OG0000072	NA	NA	COG4663	FcbT1	TRAP-type mannitol/chloroaromatic compound transport system, periplasmic component	AG-899-B09_00284	-3
CACBAX010000002.1	97615	98226	+	AG-899-B09_00282	AG-899-B09	203	OG0000994	NA	NA	COG4665	FcbT2	TRAP-type mannitol/chloroaromatic compound transport system, small permease component	AG-899-B09_00284	-2
CACBAX010000002.1	98223	99557	+	AG-899-B09_00283	AG-899-B09	444	OG0000987	K11690	C4-dicarboxylate transporter, DctM subunit	COG4664	FcbT3	TRAP-type mannitol/chloroaromatic compound transport system, large permease component	AG-899-B09_00284	-1
CACBAX010000002.1	99582	101036	+	AG-899-B09_00284	AG-899-B09	484	OG0000917	K03457	nucleobase:cation symporter-1, NCS1 family	COG1953	FUI1	Cytosine/uracil/thiamine/allantoin permease	AG-899-B09_00284	0
CACBAX010000002.1	101036	101782	+	AG-899-B09_00285	AG-899-B09	248	OG0001186	K21883	2-dehydro-3-deoxy-L-rhamnonate dehydrogenase (NAD+) [EC:1.1.1.401]	COG1028	FabG	NAD(P)-dependent dehydrogenase, short-chain alcohol dehydrogenase family	AG-899-B09_00284	1
CACBAX010000002.1	102012	102665	+	AG-899-B09_00286	AG-899-B09	217	OG0000965	NA	NA	NA	NA	NA	AG-899-B09_00284	2
CACBAX010000002.1	102662	102808	-	AG-899-B09_00287	AG-899-B09	48	OG0001143	NA	NA	NA	NA	NA	AG-899-B09_00284	3
CACBAX010000002.1	102859	103254	+	AG-899-B09_00288	AG-899-B09	131	OG0000808	K07107	acyl-CoA thioester hydrolase [EC:3.1.2.-]	COG0824	FadM	Acyl-CoA thioesterase FadM	AG-899-B09_00284	4
CACBAX010000002.1	103246	103920	-	AG-899-B09_00289	AG-899-B09	224	OG0001011	K21929	uracil-DNA glycosylase [EC:3.2.2.27]	COG1573	Udg4	Uracil-DNA glycosylase	AG-899-B09_00284	5
CACBCM010000006.1	38516	39190	+	AG-899-D19_00737	AG-899-D19	224	OG0001011	K21929	uracil-DNA glycosylase [EC:3.2.2.27]	COG1573	Udg4	Uracil-DNA glycosylase	AG-899-D19_00742	-5
CACBCM010000006.1	39182	39577	-	AG-899-D19_00738	AG-899-D19	131	OG0000808	K07107	acyl-CoA thioester hydrolase [EC:3.1.2.-]	COG0824	FadM	Acyl-CoA thioesterase FadM	AG-899-D19_00742	-4
CACBCM010000006.1	39628	39774	+	AG-899-D19_00739	AG-899-D19	48	OG0001143	NA	NA	NA	NA	NA	AG-899-D19_00742	-3
CACBCM010000006.1	39771	40424	-	AG-899-D19_00740	AG-899-D19	217	OG0000965	NA	NA	NA	NA	NA	AG-899-D19_00742	-2
CACBCM010000006.1	40654	41400	-	AG-899-D19_00741	AG-899-D19	248	OG0001186	K21883	2-dehydro-3-deoxy-L-rhamnonate dehydrogenase (NAD+) [EC:1.1.1.401]	COG1028	FabG	NAD(P)-dependent dehydrogenase, short-chain alcohol dehydrogenase family	AG-899-D19_00742	-1
CACBCM010000006.1	41400	42854	-	AG-899-D19_00742	AG-899-D19	484	OG0000917	K03457	nucleobase:cation symporter-1, NCS1 family	COG1953	FUI1	Cytosine/uracil/thiamine/allantoin permease	AG-899-D19_00742	0
CACBCM010000006.1	42879	44213	-	AG-899-D19_00743	AG-899-D19	444	OG0000987	K11690	C4-dicarboxylate transporter, DctM subunit	COG4664	FcbT3	TRAP-type mannitol/chloroaromatic compound transport system, large permease component	AG-899-D19_00742	1
CACBCM010000006.1	44210	44821	-	AG-899-D19_00744	AG-899-D19	203	OG0000994	NA	NA	COG4665	FcbT2	TRAP-type mannitol/chloroaromatic compound transport system, small permease component	AG-899-D19_00742	2
CACBCM010000006.1	44869	45969	-	AG-899-D19_00745	AG-899-D19	366	OG0000072	NA	NA	COG4663	FcbT1	TRAP-type mannitol/chloroaromatic compound transport system, periplasmic component	AG-899-D19_00742	3
CACBCM010000006.1	46111	47721	+	AG-899-D19_00746	AG-899-D19	536	OG0000054	NA	NA	COG2303	BetA	Choline dehydrogenase or related flavoprotein	AG-899-D19_00742	4
CACBCM010000006.1	47722	48303	+	AG-899-D19_00747	AG-899-D19	193	OG0000922	NA	NA	COG0861	TerC	Tellurite resistance membrane protein TerC	AG-899-D19_00742	5
CACBHY010000003.1	45866	46423	-	AG-899-J02_00586	AG-899-J02	185	OG0000787	NA	NA	COG2062	SixA	Phosphohistidine phosphatase SixA	AG-899-J02_00591	-5
CACBHY010000003.1	46426	47106	+	AG-899-J02_00587	AG-899-J02	226	OG0001011	K21929	uracil-DNA glycosylase [EC:3.2.2.27]	COG1573	Udg4	Uracil-DNA glycosylase	AG-899-J02_00591	-4
CACBHY010000003.1	47099	47515	-	AG-899-J02_00588	AG-899-J02	138	OG0000808	K07107	acyl-CoA thioester hydrolase [EC:3.1.2.-]	COG0824	FadM	Acyl-CoA thioesterase FadM	AG-899-J02_00591	-3
CACBHY010000003.1	47524	48174	-	AG-899-J02_00589	AG-899-J02	216	OG0000965	NA	NA	NA	NA	NA	AG-899-J02_00591	-2
CACBHY010000003.1	48181	48927	-	AG-899-J02_00590	AG-899-J02	248	OG0001186	K21883	2-dehydro-3-deoxy-L-rhamnonate dehydrogenase (NAD+) [EC:1.1.1.401]	COG1028	FabG	NAD(P)-dependent dehydrogenase, short-chain alcohol dehydrogenase family	AG-899-J02_00591	-1
CACBHY010000003.1	48933	50390	-	AG-899-J02_00591	AG-899-J02	485	OG0000917	K03457	nucleobase:cation symporter-1, NCS1 family	COG1953	FUI1	Cytosine/uracil/thiamine/allantoin permease	AG-899-J02_00591	0
CACBHY010000003.1	50416	51750	-	AG-899-J02_00592	AG-899-J02	444	OG0000987	K11690	C4-dicarboxylate transporter, DctM subunit	COG4664	FcbT3	TRAP-type mannitol/chloroaromatic compound transport system, large permease component	AG-899-J02_00591	1
CACBHY010000003.1	51747	52361	-	AG-899-J02_00593	AG-899-J02	204	OG0000994	NA	NA	COG4665	FcbT2	TRAP-type mannitol/chloroaromatic compound transport system, small permease component	AG-899-J02_00591	2
CACBHY010000003.1	52435	53529	-	AG-899-J02_00594	AG-899-J02	364	OG0000072	NA	NA	COG4663	FcbT1	TRAP-type mannitol/chloroaromatic compound transport system, periplasmic component	AG-899-J02_00591	3
CACBHY010000003.1	53670	55265	+	AG-899-J02_00595	AG-899-J02	531	OG0000054	NA	NA	COG2303	BetA	Choline dehydrogenase or related flavoprotein	AG-899-J02_00591	4
CACBHY010000003.1	55265	55858	+	AG-899-J02_00596	AG-899-J02	197	OG0000922	NA	NA	COG0861	TerC	Tellurite resistance membrane protein TerC	AG-899-J02_00591	5
CACBIY010000003.1	17044	17466	-	AG-899-J23_00505	AG-899-J23	140	OG0000808	K07107	acyl-CoA thioester hydrolase [EC:3.1.2.-]	COG0824	FadM	Acyl-CoA thioesterase FadM	AG-899-J23_00510	-5
CACBIY010000003.1	17524	17664	+	AG-899-J23_00506	AG-899-J23	46	OG0001143	NA	NA	NA	NA	NA	AG-899-J23_00510	-4
CACBIY010000003.1	17665	18315	-	AG-899-J23_00507	AG-899-J23	216	OG0000965	NA	NA	NA	NA	NA	AG-899-J23_00510	-3
CACBIY010000003.1	18398	18535	+	AG-899-J23_00508	AG-899-J23	45	OG0001265	NA	NA	NA	NA	NA	AG-899-J23_00510	-2
CACBIY010000003.1	18532	19284	-	AG-899-J23_00509	AG-899-J23	250	OG0001186	K21883	2-dehydro-3-deoxy-L-rhamnonate dehydrogenase (NAD+) [EC:1.1.1.401]	COG1028	FabG	NAD(P)-dependent dehydrogenase, short-chain alcohol dehydrogenase family	AG-899-J23_00510	-1
CACBIY010000003.1	19288	20745	-	AG-899-J23_00510	AG-899-J23	485	OG0000917	K03457	nucleobase:cation symporter-1, NCS1 family	COG1953	FUI1	Cytosine/uracil/thiamine/allantoin permease	AG-899-J23_00510	0
CACBIY010000003.1	20771	22105	-	AG-899-J23_00511	AG-899-J23	444	OG0000987	K11690	C4-dicarboxylate transporter, DctM subunit	COG4664	FcbT3	TRAP-type mannitol/chloroaromatic compound transport system, large permease component	AG-899-J23_00510	1
CACBIY010000003.1	22105	22722	-	AG-899-J23_00512	AG-899-J23	205	OG0000994	NA	NA	COG4665	FcbT2	TRAP-type mannitol/chloroaromatic compound transport system, small permease component	AG-899-J23_00510	2
CACBIY010000003.1	22792	23886	-	AG-899-J23_00513	AG-899-J23	364	OG0000072	NA	NA	COG4663	FcbT1	TRAP-type mannitol/chloroaromatic compound transport system, periplasmic component	AG-899-J23_00510	3
CACBIY010000003.1	24020	25615	+	AG-899-J23_00514	AG-899-J23	531	OG0000054	NA	NA	COG2303	BetA	Choline dehydrogenase or related flavoprotein	AG-899-J23_00510	4
CACBIY010000003.1	25615	26208	+	AG-899-J23_00515	AG-899-J23	197	OG0000922	NA	NA	COG0861	TerC	Tellurite resistance membrane protein TerC	AG-899-J23_00510	5
CACBLI010000007.1	59311	59991	+	AG-899-M07_00886	AG-899-M07	226	OG0001011	K21929	uracil-DNA glycosylase [EC:3.2.2.27]	COG1573	Udg4	Uracil-DNA glycosylase	AG-899-M07_00891	-5
CACBLI010000007.1	59981	60403	-	AG-899-M07_00887	AG-899-M07	140	OG0000808	K07107	acyl-CoA thioester hydrolase [EC:3.1.2.-]	COG0824	FadM	Acyl-CoA thioesterase FadM	AG-899-M07_00891	-4
CACBLI010000007.1	60461	60601	+	AG-899-M07_00888	AG-899-M07	46	OG0001143	NA	NA	NA	NA	NA	AG-899-M07_00891	-3
CACBLI010000007.1	60602	61252	-	AG-899-M07_00889	AG-899-M07	216	OG0000965	NA	NA	NA	NA	NA	AG-899-M07_00891	-2
CACBLI010000007.1	61461	62213	-	AG-899-M07_00890	AG-899-M07	250	OG0001186	K21883	2-dehydro-3-deoxy-L-rhamnonate dehydrogenase (NAD+) [EC:1.1.1.401]	COG1028	FabG	NAD(P)-dependent dehydrogenase, short-chain alcohol dehydrogenase family	AG-899-M07_00891	-1
CACBLI010000007.1	62223	63683	-	AG-899-M07_00891	AG-899-M07	486	OG0000917	K03457	nucleobase:cation symporter-1, NCS1 family	COG1953	FUI1	Cytosine/uracil/thiamine/allantoin permease	AG-899-M07_00891	0
CACBLI010000007.1	63709	65043	-	AG-899-M07_00892	AG-899-M07	444	OG0000987	K11690	C4-dicarboxylate transporter, DctM subunit	COG4664	FcbT3	TRAP-type mannitol/chloroaromatic compound transport system, large permease component	AG-899-M07_00891	1
CACBLI010000007.1	65040	65654	-	AG-899-M07_00893	AG-899-M07	204	OG0000994	NA	NA	COG4665	FcbT2	TRAP-type mannitol/chloroaromatic compound transport system, small permease component	AG-899-M07_00891	2
CACBLI010000007.1	65725	66819	-	AG-899-M07_00894	AG-899-M07	364	OG0000072	NA	NA	COG4663	FcbT1	TRAP-type mannitol/chloroaromatic compound transport system, periplasmic component	AG-899-M07_00891	3
CACBLI010000007.1	66952	68547	+	AG-899-M07_00895	AG-899-M07	531	OG0000054	NA	NA	COG2303	BetA	Choline dehydrogenase or related flavoprotein	AG-899-M07_00891	4
CACBLI010000007.1	68547	69140	+	AG-899-M07_00896	AG-899-M07	197	OG0000922	NA	NA	COG0861	TerC	Tellurite resistance membrane protein TerC	AG-899-M07_00891	5
CACBMN010000002.1	35273	35950	+	AG-899-M19_00257	AG-899-M19	225	OG0001011	K21929	uracil-DNA glycosylase [EC:3.2.2.27]	COG1573	Udg4	Uracil-DNA glycosylase	AG-899-M19_00262	-5
CACBMN010000002.1	35943	36350	-	AG-899-M19_00258	AG-899-M19	135	OG0000808	K07107	acyl-CoA thioester hydrolase [EC:3.1.2.-]	COG0824	FadM	Acyl-CoA thioesterase FadM	AG-899-M19_00262	-4
CACBMN010000002.1	36397	36537	+	AG-899-M19_00259	AG-899-M19	46	OG0001143	NA	NA	NA	NA	NA	AG-899-M19_00262	-3
CACBMN010000002.1	36538	37182	-	AG-899-M19_00260	AG-899-M19	214	OG0000965	NA	NA	NA	NA	NA	AG-899-M19_00262	-2
CACBMN010000002.1	37184	38188	-	AG-899-M19_00261	AG-899-M19	334	OG0000009	NA	NA	COG1063	Tdh	Threonine dehydrogenase or related Zn-dependent dehydrogenase	AG-899-M19_00262	-1
CACBMN010000002.1	38188	38469	-	AG-899-M19_00262	AG-899-M19	93	OG0000917	NA	NA	COG1953	FUI1	Cytosine/uracil/thiamine/allantoin permease	AG-899-M19_00262	0
CACBMN010000002.1	38426	39211	-	AG-899-M19_00263	AG-899-M19	261	OG0000917	NA	NA	COG1953	FUI1	Cytosine/uracil/thiamine/allantoin permease	AG-899-M19_00262	1
CACBMN010000002.1	39219	39641	-	AG-899-M19_00264	AG-899-M19	140	OG0000917	NA	NA	COG1953	FUI1	Cytosine/uracil/thiamine/allantoin permease	AG-899-M19_00262	2
CACBMN010000002.1	39667	41001	-	AG-899-M19_00265	AG-899-M19	444	OG0000987	K11690	C4-dicarboxylate transporter, DctM subunit	COG4664	FcbT3	TRAP-type mannitol/chloroaromatic compound transport system, large permease component	AG-899-M19_00262	3
CACBMN010000002.1	40998	41612	-	AG-899-M19_00266	AG-899-M19	204	OG0000994	NA	NA	COG4665	FcbT2	TRAP-type mannitol/chloroaromatic compound transport system, small permease component	AG-899-M19_00262	4
CACBMN010000002.1	41678	42769	-	AG-899-M19_00267	AG-899-M19	363	OG0000072	NA	NA	COG4663	FcbT1	TRAP-type mannitol/chloroaromatic compound transport system, periplasmic component	AG-899-M19_00262	5
CACBMN010000002.1	35943	36350	-	AG-899-M19_00258	AG-899-M19	135	OG0000808	K07107	acyl-CoA thioester hydrolase [EC:3.1.2.-]	COG0824	FadM	Acyl-CoA thioesterase FadM	AG-899-M19_00263	-5
CACBMN010000002.1	36397	36537	+	AG-899-M19_00259	AG-899-M19	46	OG0001143	NA	NA	NA	NA	NA	AG-899-M19_00263	-4
CACBMN010000002.1	36538	37182	-	AG-899-M19_00260	AG-899-M19	214	OG0000965	NA	NA	NA	NA	NA	AG-899-M19_00263	-3
CACBMN010000002.1	37184	38188	-	AG-899-M19_00261	AG-899-M19	334	OG0000009	NA	NA	COG1063	Tdh	Threonine dehydrogenase or related Zn-dependent dehydrogenase	AG-899-M19_00263	-2
CACBMN010000002.1	38188	38469	-	AG-899-M19_00262	AG-899-M19	93	OG0000917	NA	NA	COG1953	FUI1	Cytosine/uracil/thiamine/allantoin permease	AG-899-M19_00263	-1
CACBMN010000002.1	38426	39211	-	AG-899-M19_00263	AG-899-M19	261	OG0000917	NA	NA	COG1953	FUI1	Cytosine/uracil/thiamine/allantoin permease	AG-899-M19_00263	0
CACBMN010000002.1	39219	39641	-	AG-899-M19_00264	AG-899-M19	140	OG0000917	NA	NA	COG1953	FUI1	Cytosine/uracil/thiamine/allantoin permease	AG-899-M19_00263	1
CACBMN010000002.1	39667	41001	-	AG-899-M19_00265	AG-899-M19	444	OG0000987	K11690	C4-dicarboxylate transporter, DctM subunit	COG4664	FcbT3	TRAP-type mannitol/chloroaromatic compound transport system, large permease component	AG-899-M19_00263	2
CACBMN010000002.1	40998	41612	-	AG-899-M19_00266	AG-899-M19	204	OG0000994	NA	NA	COG4665	FcbT2	TRAP-type mannitol/chloroaromatic compound transport system, small permease component	AG-899-M19_00263	3
CACBMN010000002.1	41678	42769	-	AG-899-M19_00267	AG-899-M19	363	OG0000072	NA	NA	COG4663	FcbT1	TRAP-type mannitol/chloroaromatic compound transport system, periplasmic component	AG-899-M19_00263	4
CACBMN010000002.1	42880	44475	+	AG-899-M19_00268	AG-899-M19	531	OG0000054	NA	NA	COG2303	BetA	Choline dehydrogenase or related flavoprotein	AG-899-M19_00263	5
CACBMN010000002.1	36397	36537	+	AG-899-M19_00259	AG-899-M19	46	OG0001143	NA	NA	NA	NA	NA	AG-899-M19_00264	-5
CACBMN010000002.1	36538	37182	-	AG-899-M19_00260	AG-899-M19	214	OG0000965	NA	NA	NA	NA	NA	AG-899-M19_00264	-4
CACBMN010000002.1	37184	38188	-	AG-899-M19_00261	AG-899-M19	334	OG0000009	NA	NA	COG1063	Tdh	Threonine dehydrogenase or related Zn-dependent dehydrogenase	AG-899-M19_00264	-3
CACBMN010000002.1	38188	38469	-	AG-899-M19_00262	AG-899-M19	93	OG0000917	NA	NA	COG1953	FUI1	Cytosine/uracil/thiamine/allantoin permease	AG-899-M19_00264	-2
CACBMN010000002.1	38426	39211	-	AG-899-M19_00263	AG-899-M19	261	OG0000917	NA	NA	COG1953	FUI1	Cytosine/uracil/thiamine/allantoin permease	AG-899-M19_00264	-1
CACBMN010000002.1	39219	39641	-	AG-899-M19_00264	AG-899-M19	140	OG0000917	NA	NA	COG1953	FUI1	Cytosine/uracil/thiamine/allantoin permease	AG-899-M19_00264	0
CACBMN010000002.1	39667	41001	-	AG-899-M19_00265	AG-899-M19	444	OG0000987	K11690	C4-dicarboxylate transporter, DctM subunit	COG4664	FcbT3	TRAP-type mannitol/chloroaromatic compound transport system, large permease component	AG-899-M19_00264	1
CACBMN010000002.1	40998	41612	-	AG-899-M19_00266	AG-899-M19	204	OG0000994	NA	NA	COG4665	FcbT2	TRAP-type mannitol/chloroaromatic compound transport system, small permease component	AG-899-M19_00264	2
CACBMN010000002.1	41678	42769	-	AG-899-M19_00267	AG-899-M19	363	OG0000072	NA	NA	COG4663	FcbT1	TRAP-type mannitol/chloroaromatic compound transport system, periplasmic component	AG-899-M19_00264	3
CACBMN010000002.1	42880	44475	+	AG-899-M19_00268	AG-899-M19	531	OG0000054	NA	NA	COG2303	BetA	Choline dehydrogenase or related flavoprotein	AG-899-M19_00264	4
CACBMN010000002.1	44475	45053	+	AG-899-M19_00269	AG-899-M19	192	OG0000922	NA	NA	COG0861	TerC	Tellurite resistance membrane protein TerC	AG-899-M19_00264	5
CACBNI010000007.1	249	401	+	AG-899-N21_00803	AG-899-N21	50	OG0001143	NA	NA	NA	NA	NA	AG-899-N21_00807	-4
CACBNI010000007.1	398	1093	-	AG-899-N21_00804	AG-899-N21	231	OG0000965	NA	NA	NA	NA	NA	AG-899-N21_00807	-3
CACBNI010000007.1	1138	1254	+	AG-899-N21_00805	AG-899-N21	38	OG0001265	NA	NA	NA	NA	NA	AG-899-N21_00807	-2
CACBNI010000007.1	1259	2005	-	AG-899-N21_00806	AG-899-N21	248	OG0001186	K21883	2-dehydro-3-deoxy-L-rhamnonate dehydrogenase (NAD+) [EC:1.1.1.401]	COG1028	FabG	NAD(P)-dependent dehydrogenase, short-chain alcohol dehydrogenase family	AG-899-N21_00807	-1
CACBNI010000007.1	2011	3468	-	AG-899-N21_00807	AG-899-N21	485	OG0000917	K03457	nucleobase:cation symporter-1, NCS1 family	COG1953	FUI1	Cytosine/uracil/thiamine/allantoin permease	AG-899-N21_00807	0
CACBNI010000007.1	3494	4828	-	AG-899-N21_00808	AG-899-N21	444	OG0000987	K11690	C4-dicarboxylate transporter, DctM subunit	COG4664	FcbT3	TRAP-type mannitol/chloroaromatic compound transport system, large permease component	AG-899-N21_00807	1
CACBNI010000007.1	4825	5472	-	AG-899-N21_00809	AG-899-N21	215	OG0000994	NA	NA	COG4665	FcbT2	TRAP-type mannitol/chloroaromatic compound transport system, small permease component	AG-899-N21_00807	2
CACBNI010000007.1	5514	6608	-	AG-899-N21_00810	AG-899-N21	364	OG0000072	NA	NA	COG4663	FcbT1	TRAP-type mannitol/chloroaromatic compound transport system, periplasmic component	AG-899-N21_00807	3
CACBNI010000007.1	6750	8345	+	AG-899-N21_00811	AG-899-N21	531	OG0000054	NA	NA	COG2303	BetA	Choline dehydrogenase or related flavoprotein	AG-899-N21_00807	4
CACBNI010000007.1	8345	8938	+	AG-899-N21_00812	AG-899-N21	197	OG0000922	NA	NA	COG0861	TerC	Tellurite resistance membrane protein TerC	AG-899-N21_00807	5
CACBOD010000004.1	66756	67334	-	AG-899-O04_00666	AG-899-O04	192	OG0000922	NA	NA	COG0861	TerC	Tellurite resistance membrane protein TerC	AG-899-O04_00671	-5
CACBOD010000004.1	67331	68935	-	AG-899-O04_00667	AG-899-O04	534	OG0000054	NA	NA	COG2303	BetA	Choline dehydrogenase or related flavoprotein	AG-899-O04_00671	-4
CACBOD010000004.1	69071	70168	+	AG-899-O04_00668	AG-899-O04	365	OG0000072	NA	NA	COG4663	FcbT1	TRAP-type mannitol/chloroaromatic compound transport system, periplasmic component	AG-899-O04_00671	-3
CACBOD010000004.1	70222	70827	+	AG-899-O04_00669	AG-899-O04	201	OG0000994	NA	NA	COG4665	FcbT2	TRAP-type mannitol/chloroaromatic compound transport system, small permease component	AG-899-O04_00671	-2
CACBOD010000004.1	70827	72164	+	AG-899-O04_00670	AG-899-O04	445	OG0000987	K11690	C4-dicarboxylate transporter, DctM subunit	COG4664	FcbT3	TRAP-type mannitol/chloroaromatic compound transport system, large permease component	AG-899-O04_00671	-1
CACBOD010000004.1	72187	73641	+	AG-899-O04_00671	AG-899-O04	484	OG0000917	K03457	nucleobase:cation symporter-1, NCS1 family	COG1953	FUI1	Cytosine/uracil/thiamine/allantoin permease	AG-899-O04_00671	0
CACBOD010000004.1	73641	74648	+	AG-899-O04_00672	AG-899-O04	335	OG0000009	NA	NA	COG1063	Tdh	Threonine dehydrogenase or related Zn-dependent dehydrogenase	AG-899-O04_00671	1
CACBOD010000004.1	74645	74776	-	AG-899-O04_00673	AG-899-O04	43	OG0001265	NA	NA	NA	NA	NA	AG-899-O04_00671	2
CACBOD010000004.1	74872	75525	+	AG-899-O04_00674	AG-899-O04	217	OG0000965	NA	NA	NA	NA	NA	AG-899-O04_00671	3
CACBOD010000004.1	75545	75937	+	AG-899-O04_00675	AG-899-O04	130	OG0000808	K07107	acyl-CoA thioester hydrolase [EC:3.1.2.-]	COG0824	FadM	Acyl-CoA thioesterase FadM	AG-899-O04_00671	4
CACBOD010000004.1	75929	76603	-	AG-899-O04_00676	AG-899-O04	224	OG0001011	K21929	uracil-DNA glycosylase [EC:3.2.2.27]	COG1573	Udg4	Uracil-DNA glycosylase	AG-899-O04_00671	5
CACBXW010000004.1	133299	133877	-	AG-900-G16_01033	AG-900-G16	192	OG0000922	NA	NA	COG0861	TerC	Tellurite resistance membrane protein TerC	AG-900-G16_01038	-5
CACBXW010000004.1	133874	135478	-	AG-900-G16_01034	AG-900-G16	534	OG0000054	NA	NA	COG2303	BetA	Choline dehydrogenase or related flavoprotein	AG-900-G16_01038	-4
CACBXW010000004.1	135614	136711	+	AG-900-G16_01035	AG-900-G16	365	OG0000072	NA	NA	COG4663	FcbT1	TRAP-type mannitol/chloroaromatic compound transport system, periplasmic component	AG-900-G16_01038	-3
CACBXW010000004.1	136765	137370	+	AG-900-G16_01036	AG-900-G16	201	OG0000994	NA	NA	COG4665	FcbT2	TRAP-type mannitol/chloroaromatic compound transport system, small permease component	AG-900-G16_01038	-2
CACBXW010000004.1	137370	138707	+	AG-900-G16_01037	AG-900-G16	445	OG0000987	K11690	C4-dicarboxylate transporter, DctM subunit	COG4664	FcbT3	TRAP-type mannitol/chloroaromatic compound transport system, large permease component	AG-900-G16_01038	-1
CACBXW010000004.1	138730	140184	+	AG-900-G16_01038	AG-900-G16	484	OG0000917	K03457	nucleobase:cation symporter-1, NCS1 family	COG1953	FUI1	Cytosine/uracil/thiamine/allantoin permease	AG-900-G16_01038	0
CACBXW010000004.1	140184	141191	+	AG-900-G16_01039	AG-900-G16	335	OG0000009	NA	NA	COG1063	Tdh	Threonine dehydrogenase or related Zn-dependent dehydrogenase	AG-900-G16_01038	1
CACBXW010000004.1	141188	141319	-	AG-900-G16_01040	AG-900-G16	43	OG0001265	NA	NA	NA	NA	NA	AG-900-G16_01038	2
CACBXW010000004.1	141415	142068	+	AG-900-G16_01041	AG-900-G16	217	OG0000965	NA	NA	NA	NA	NA	AG-900-G16_01038	3
CACBXW010000004.1	142088	142480	+	AG-900-G16_01042	AG-900-G16	130	OG0000808	K07107	acyl-CoA thioester hydrolase [EC:3.1.2.-]	COG0824	FadM	Acyl-CoA thioesterase FadM	AG-900-G16_01038	4
CACBXW010000004.1	142472	143179	-	AG-900-G16_01043	AG-900-G16	235	OG0001011	K21929	uracil-DNA glycosylase [EC:3.2.2.27]	COG1573	Udg4	Uracil-DNA glycosylase	AG-900-G16_01038	5
CACBYP010000006.1	4809	5516	+	AG-900-I13_00920	AG-900-I13	235	OG0001011	K21929	uracil-DNA glycosylase [EC:3.2.2.27]	COG1573	Udg4	Uracil-DNA glycosylase	AG-900-I13_00925	-5
CACBYP010000006.1	5508	5900	-	AG-900-I13_00921	AG-900-I13	130	OG0000808	K07107	acyl-CoA thioester hydrolase [EC:3.1.2.-]	COG0824	FadM	Acyl-CoA thioesterase FadM	AG-900-I13_00925	-4
CACBYP010000006.1	5920	6573	-	AG-900-I13_00922	AG-900-I13	217	OG0000965	NA	NA	NA	NA	NA	AG-900-I13_00925	-3
CACBYP010000006.1	6669	6800	+	AG-900-I13_00923	AG-900-I13	43	OG0001265	NA	NA	NA	NA	NA	AG-900-I13_00925	-2
CACBYP010000006.1	6797	7801	-	AG-900-I13_00924	AG-900-I13	334	OG0000009	NA	NA	COG1063	Tdh	Threonine dehydrogenase or related Zn-dependent dehydrogenase	AG-900-I13_00925	-1
CACBYP010000006.1	7804	9258	-	AG-900-I13_00925	AG-900-I13	484	OG0000917	K03457	nucleobase:cation symporter-1, NCS1 family	COG1953	FUI1	Cytosine/uracil/thiamine/allantoin permease	AG-900-I13_00925	0
CACBYP010000006.1	9281	10618	-	AG-900-I13_00926	AG-900-I13	445	OG0000987	K11690	C4-dicarboxylate transporter, DctM subunit	COG4664	FcbT3	TRAP-type mannitol/chloroaromatic compound transport system, large permease component	AG-900-I13_00925	1
CACBYP010000006.1	10618	11223	-	AG-900-I13_00927	AG-900-I13	201	OG0000994	NA	NA	COG4665	FcbT2	TRAP-type mannitol/chloroaromatic compound transport system, small permease component	AG-900-I13_00925	2
CACBYP010000006.1	11277	12374	-	AG-900-I13_00928	AG-900-I13	365	OG0000072	NA	NA	COG4663	FcbT1	TRAP-type mannitol/chloroaromatic compound transport system, periplasmic component	AG-900-I13_00925	3
CACBYP010000006.1	12510	14114	+	AG-900-I13_00929	AG-900-I13	534	OG0000054	NA	NA	COG2303	BetA	Choline dehydrogenase or related flavoprotein	AG-900-I13_00925	4
CACBYP010000006.1	14111	14689	+	AG-900-I13_00930	AG-900-I13	192	OG0000922	NA	NA	COG0861	TerC	Tellurite resistance membrane protein TerC	AG-900-I13_00925	5
CACBYV010000009.1	3266	3844	-	AG-900-I19_00980	AG-900-I19	192	OG0000922	NA	NA	COG0861	TerC	Tellurite resistance membrane protein TerC	AG-900-I19_00985	-5
CACBYV010000009.1	3841	5445	-	AG-900-I19_00981	AG-900-I19	534	OG0000054	NA	NA	COG2303	BetA	Choline dehydrogenase or related flavoprotein	AG-900-I19_00985	-4
CACBYV010000009.1	5581	6678	+	AG-900-I19_00982	AG-900-I19	365	OG0000072	NA	NA	COG4663	FcbT1	TRAP-type mannitol/chloroaromatic compound transport system, periplasmic component	AG-900-I19_00985	-3
CACBYV010000009.1	6732	7337	+	AG-900-I19_00983	AG-900-I19	201	OG0000994	NA	NA	COG4665	FcbT2	TRAP-type mannitol/chloroaromatic compound transport system, small permease component	AG-900-I19_00985	-2
CACBYV010000009.1	7337	8674	+	AG-900-I19_00984	AG-900-I19	445	OG0000987	K11690	C4-dicarboxylate transporter, DctM subunit	COG4664	FcbT3	TRAP-type mannitol/chloroaromatic compound transport system, large permease component	AG-900-I19_00985	-1
CACBYV010000009.1	8697	10151	+	AG-900-I19_00985	AG-900-I19	484	OG0000917	K03457	nucleobase:cation symporter-1, NCS1 family	COG1953	FUI1	Cytosine/uracil/thiamine/allantoin permease	AG-900-I19_00985	0
CACBYV010000009.1	10154	11158	+	AG-900-I19_00986	AG-900-I19	334	OG0000009	NA	NA	COG1063	Tdh	Threonine dehydrogenase or related Zn-dependent dehydrogenase	AG-900-I19_00985	1
CACBYV010000009.1	11382	12035	+	AG-900-I19_00987	AG-900-I19	217	OG0000965	NA	NA	NA	NA	NA	AG-900-I19_00985	2
CACBYV010000009.1	12055	12447	+	AG-900-I19_00988	AG-900-I19	130	OG0000808	K07107	acyl-CoA thioester hydrolase [EC:3.1.2.-]	COG0824	FadM	Acyl-CoA thioesterase FadM	AG-900-I19_00985	3
CACBYV010000009.1	12439	13146	-	AG-900-I19_00989	AG-900-I19	235	OG0001011	K21929	uracil-DNA glycosylase [EC:3.2.2.27]	COG1573	Udg4	Uracil-DNA glycosylase	AG-900-I19_00985	4
CACBYV010000009.1	13119	14270	-	AG-900-I19_00990	AG-900-I19	383	OG0001325	K00111	glycerol-3-phosphate dehydrogenase [EC:1.1.5.3]	COG0578	GlpA	Glycerol-3-phosphate dehydrogenase	AG-900-I19_00985	5
CACCBF010000004.1	71005	71598	-	AG-900-K21_00702	AG-900-K21	197	OG0000922	NA	NA	COG0861	TerC	Tellurite resistance membrane protein TerC	AG-900-K21_00707	-5
CACCBF010000004.1	71598	73193	-	AG-900-K21_00703	AG-900-K21	531	OG0000054	NA	NA	COG2303	BetA	Choline dehydrogenase or related flavoprotein	AG-900-K21_00707	-4
CACCBF010000004.1	73327	74421	+	AG-900-K21_00704	AG-900-K21	364	OG0000072	NA	NA	COG4663	FcbT1	TRAP-type mannitol/chloroaromatic compound transport system, periplasmic component	AG-900-K21_00707	-3
CACCBF010000004.1	74489	75103	+	AG-900-K21_00705	AG-900-K21	204	OG0000994	NA	NA	COG4665	FcbT2	TRAP-type mannitol/chloroaromatic compound transport system, small permease component	AG-900-K21_00707	-2
CACCBF010000004.1	75100	76434	+	AG-900-K21_00706	AG-900-K21	444	OG0000987	K11690	C4-dicarboxylate transporter, DctM subunit	COG4664	FcbT3	TRAP-type mannitol/chloroaromatic compound transport system, large permease component	AG-900-K21_00707	-1
CACCBF010000004.1	76460	77917	+	AG-900-K21_00707	AG-900-K21	485	OG0000917	K03457	nucleobase:cation symporter-1, NCS1 family	COG1953	FUI1	Cytosine/uracil/thiamine/allantoin permease	AG-900-K21_00707	0
CACCBF010000004.1	77922	78674	+	AG-900-K21_00708	AG-900-K21	250	OG0001186	K21883	2-dehydro-3-deoxy-L-rhamnonate dehydrogenase (NAD+) [EC:1.1.1.401]	COG1028	FabG	NAD(P)-dependent dehydrogenase, short-chain alcohol dehydrogenase family	AG-900-K21_00707	1
CACCBF010000004.1	78671	78763	-	AG-900-K21_00709	AG-900-K21	30	OG0001265	NA	NA	NA	NA	NA	AG-900-K21_00707	2
CACCBF010000004.1	78898	79548	+	AG-900-K21_00710	AG-900-K21	216	OG0000965	NA	NA	NA	NA	NA	AG-900-K21_00707	3
CACCBF010000004.1	79549	79689	-	AG-900-K21_00711	AG-900-K21	46	OG0001143	NA	NA	NA	NA	NA	AG-900-K21_00707	4
CACCBF010000004.1	79746	80168	+	AG-900-K21_00712	AG-900-K21	140	OG0000808	K07107	acyl-CoA thioester hydrolase [EC:3.1.2.-]	COG0824	FadM	Acyl-CoA thioesterase FadM	AG-900-K21_00707	5
CACCOB010000002.1	330240	331166	+	AG-901-I06_00889	AG-901-I06	308	OG0000005	K00020	3-hydroxyisobutyrate dehydrogenase [EC:1.1.1.31]	COG2084	MmsB	3-hydroxyisobutyrate dehydrogenase or related beta-hydroxyacid dehydrogenase	AG-901-I06_00894	-5
CACCOB010000002.1	331287	332375	+	AG-901-I06_00890	AG-901-I06	362	OG0000072	NA	NA	COG4663	FcbT1	TRAP-type mannitol/chloroaromatic compound transport system, periplasmic component	AG-901-I06_00894	-4
CACCOB010000002.1	332452	333108	+	AG-901-I06_00891	AG-901-I06	218	OG0000994	NA	NA	COG4665	FcbT2	TRAP-type mannitol/chloroaromatic compound transport system, small permease component	AG-901-I06_00894	-3
CACCOB010000002.1	333099	334439	+	AG-901-I06_00892	AG-901-I06	446	OG0000987	K11690	C4-dicarboxylate transporter, DctM subunit	COG4664	FcbT3	TRAP-type mannitol/chloroaromatic compound transport system, large permease component	AG-901-I06_00894	-2
CACCOB010000002.1	334429	335328	-	AG-901-I06_00893	AG-901-I06	299	OG0001024	NA	NA	COG0697	EamA	Amino acid export permease, drug/metabolite transporter (DMT) superfamily	AG-901-I06_00894	-1
CACCOB010000002.1	335393	336844	+	AG-901-I06_00894	AG-901-I06	483	OG0000917	K03457	nucleobase:cation symporter-1, NCS1 family	COG1953	FUI1	Cytosine/uracil/thiamine/allantoin permease	AG-901-I06_00894	0
CACCOB010000002.1	336847	337854	+	AG-901-I06_00895	AG-901-I06	335	OG0000009	NA	NA	COG1063	Tdh	Threonine dehydrogenase or related Zn-dependent dehydrogenase	AG-901-I06_00894	1
CACCOB010000002.1	337900	338550	+	AG-901-I06_00896	AG-901-I06	216	OG0000965	NA	NA	NA	NA	NA	AG-901-I06_00894	2
CACCOB010000002.1	338744	339136	+	AG-901-I06_00897	AG-901-I06	130	OG0000808	K07107	acyl-CoA thioester hydrolase [EC:3.1.2.-]	COG0824	FadM	Acyl-CoA thioesterase FadM	AG-901-I06_00894	3
CACCOB010000002.1	339129	339803	-	AG-901-I06_00898	AG-901-I06	224	OG0001011	K21929	uracil-DNA glycosylase [EC:3.2.2.27]	COG1573	Udg4	Uracil-DNA glycosylase	AG-901-I06_00894	4
CACCOB010000002.1	339853	340707	+	AG-901-I06_00899	AG-901-I06	284	OG0001294	K00020	3-hydroxyisobutyrate dehydrogenase [EC:1.1.1.31]	COG2084	MmsB	3-hydroxyisobutyrate dehydrogenase or related beta-hydroxyacid dehydrogenase	AG-901-I06_00894	5
CACCOG010000009.1	4475	5056	-	AG-901-I21_01027	AG-901-I21	193	OG0000922	NA	NA	COG0861	TerC	Tellurite resistance membrane protein TerC	AG-901-I21_01032	-5
CACCOG010000009.1	5053	6672	-	AG-901-I21_01028	AG-901-I21	539	OG0000054	NA	NA	COG2303	BetA	Choline dehydrogenase or related flavoprotein	AG-901-I21_01032	-4
CACCOG010000009.1	6803	7894	+	AG-901-I21_01029	AG-901-I21	363	OG0000072	NA	NA	COG4663	FcbT1	TRAP-type mannitol/chloroaromatic compound transport system, periplasmic component	AG-901-I21_01032	-3
CACCOG010000009.1	7964	8578	+	AG-901-I21_01030	AG-901-I21	204	OG0000994	NA	NA	COG4665	FcbT2	TRAP-type mannitol/chloroaromatic compound transport system, small permease component	AG-901-I21_01032	-2
CACCOG010000009.1	8575	9909	+	AG-901-I21_01031	AG-901-I21	444	OG0000987	K11690	C4-dicarboxylate transporter, DctM subunit	COG4664	FcbT3	TRAP-type mannitol/chloroaromatic compound transport system, large permease component	AG-901-I21_01032	-1
CACCOG010000009.1	9934	11394	+	AG-901-I21_01032	AG-901-I21	486	OG0000917	K03457	nucleobase:cation symporter-1, NCS1 family	COG1953	FUI1	Cytosine/uracil/thiamine/allantoin permease	AG-901-I21_01032	0
CACCOG010000009.1	11391	12137	+	AG-901-I21_01033	AG-901-I21	248	OG0001186	K21883	2-dehydro-3-deoxy-L-rhamnonate dehydrogenase (NAD+) [EC:1.1.1.401]	COG1028	FabG	NAD(P)-dependent dehydrogenase, short-chain alcohol dehydrogenase family	AG-901-I21_01032	1
CACCOG010000009.1	12270	12476	-	AG-901-I21_01034	AG-901-I21	68	OG0001436	NA	NA	NA	NA	NA	AG-901-I21_01032	2
CACCOG010000009.1	12584	13231	+	AG-901-I21_01035	AG-901-I21	215	OG0000965	NA	NA	NA	NA	NA	AG-901-I21_01032	3
CACCOG010000009.1	13243	13638	+	AG-901-I21_01036	AG-901-I21	131	OG0000808	K07107	acyl-CoA thioester hydrolase [EC:3.1.2.-]	COG0824	FadM	Acyl-CoA thioesterase FadM	AG-901-I21_01032	4
CACCOG010000009.1	13635	14309	-	AG-901-I21_01037	AG-901-I21	224	OG0001011	K21929	uracil-DNA glycosylase [EC:3.2.2.27]	COG1573	Udg4	Uracil-DNA glycosylase	AG-901-I21_01032	5
CACCXN010000021.1	3410	3988	-	AG-903-C11_01183	AG-903-C11	192	OG0000922	NA	NA	COG0861	TerC	Tellurite resistance membrane protein TerC	AG-903-C11_01188	-5
CACCXN010000021.1	3985	5589	-	AG-903-C11_01184	AG-903-C11	534	OG0000054	NA	NA	COG2303	BetA	Choline dehydrogenase or related flavoprotein	AG-903-C11_01188	-4
CACCXN010000021.1	5725	6822	+	AG-903-C11_01185	AG-903-C11	365	OG0000072	NA	NA	COG4663	FcbT1	TRAP-type mannitol/chloroaromatic compound transport system, periplasmic component	AG-903-C11_01188	-3
CACCXN010000021.1	6876	7481	+	AG-903-C11_01186	AG-903-C11	201	OG0000994	NA	NA	COG4665	FcbT2	TRAP-type mannitol/chloroaromatic compound transport system, small permease component	AG-903-C11_01188	-2
CACCXN010000021.1	7481	8818	+	AG-903-C11_01187	AG-903-C11	445	OG0000987	K11690	C4-dicarboxylate transporter, DctM subunit	COG4664	FcbT3	TRAP-type mannitol/chloroaromatic compound transport system, large permease component	AG-903-C11_01188	-1
CACCXN010000021.1	8841	10295	+	AG-903-C11_01188	AG-903-C11	484	OG0000917	K03457	nucleobase:cation symporter-1, NCS1 family	COG1953	FUI1	Cytosine/uracil/thiamine/allantoin permease	AG-903-C11_01188	0
CACCXN010000021.1	10298	11302	+	AG-903-C11_01189	AG-903-C11	334	OG0000009	NA	NA	COG1063	Tdh	Threonine dehydrogenase or related Zn-dependent dehydrogenase	AG-903-C11_01188	1
CACCXN010000021.1	11526	12179	+	AG-903-C11_01190	AG-903-C11	217	OG0000965	NA	NA	NA	NA	NA	AG-903-C11_01188	2
CACCXN010000021.1	12199	12591	+	AG-903-C11_01191	AG-903-C11	130	OG0000808	K07107	acyl-CoA thioester hydrolase [EC:3.1.2.-]	COG0824	FadM	Acyl-CoA thioesterase FadM	AG-903-C11_01188	3
CACCXN010000021.1	12583	13149	-	AG-903-C11_01192	AG-903-C11	188	OG0001011	K21929	uracil-DNA glycosylase [EC:3.2.2.27]	COG1573	Udg4	Uracil-DNA glycosylase	AG-903-C11_01188	4
CACCXO010000012.1	52	732	+	AG-903-D02_01177	AG-903-D02	226	OG0000917	NA	NA	COG1953	FUI1	Cytosine/uracil/thiamine/allantoin permease	AG-903-D02_01177	0
CACCXO010000012.1	738	1484	+	AG-903-D02_01178	AG-903-D02	248	OG0001186	K21883	2-dehydro-3-deoxy-L-rhamnonate dehydrogenase (NAD+) [EC:1.1.1.401]	COG1028	FabG	NAD(P)-dependent dehydrogenase, short-chain alcohol dehydrogenase family	AG-903-D02_01177	1
CACCXO010000012.1	1697	2347	+	AG-903-D02_01179	AG-903-D02	216	OG0000965	NA	NA	NA	NA	NA	AG-903-D02_01177	2
CACCXO010000012.1	2344	2484	-	AG-903-D02_01180	AG-903-D02	46	OG0001143	NA	NA	NA	NA	NA	AG-903-D02_01177	3
CACCXO010000012.1	2543	2956	+	AG-903-D02_01181	AG-903-D02	137	OG0000808	K07107	acyl-CoA thioester hydrolase [EC:3.1.2.-]	COG0824	FadM	Acyl-CoA thioesterase FadM	AG-903-D02_01177	4
CACCXO010000012.1	2953	3633	-	AG-903-D02_01182	AG-903-D02	226	OG0001011	K21929	uracil-DNA glycosylase [EC:3.2.2.27]	COG1573	Udg4	Uracil-DNA glycosylase	AG-903-D02_01177	5
CACDAB010000013.1	10522	11115	-	AG-903-F09_01008	AG-903-F09	197	OG0000922	NA	NA	COG0861	TerC	Tellurite resistance membrane protein TerC	AG-903-F09_01013	-5
CACDAB010000013.1	11115	12710	-	AG-903-F09_01009	AG-903-F09	531	OG0000054	NA	NA	COG2303	BetA	Choline dehydrogenase or related flavoprotein	AG-903-F09_01013	-4
CACDAB010000013.1	12843	13937	+	AG-903-F09_01010	AG-903-F09	364	OG0000072	NA	NA	COG4663	FcbT1	TRAP-type mannitol/chloroaromatic compound transport system, periplasmic component	AG-903-F09_01013	-3
CACDAB010000013.1	14007	14621	+	AG-903-F09_01011	AG-903-F09	204	OG0000994	NA	NA	COG4665	FcbT2	TRAP-type mannitol/chloroaromatic compound transport system, small permease component	AG-903-F09_01013	-2
CACDAB010000013.1	14618	15952	+	AG-903-F09_01012	AG-903-F09	444	OG0000987	K11690	C4-dicarboxylate transporter, DctM subunit	COG4664	FcbT3	TRAP-type mannitol/chloroaromatic compound transport system, large permease component	AG-903-F09_01013	-1
CACDAB010000013.1	15978	17435	+	AG-903-F09_01013	AG-903-F09	485	OG0000917	K03457	nucleobase:cation symporter-1, NCS1 family	COG1953	FUI1	Cytosine/uracil/thiamine/allantoin permease	AG-903-F09_01013	0
CACDAB010000013.1	17440	18192	+	AG-903-F09_01014	AG-903-F09	250	OG0001186	K21883	2-dehydro-3-deoxy-L-rhamnonate dehydrogenase (NAD+) [EC:1.1.1.401]	COG1028	FabG	NAD(P)-dependent dehydrogenase, short-chain alcohol dehydrogenase family	AG-903-F09_01013	1
CACDAB010000013.1	18410	19060	+	AG-903-F09_01015	AG-903-F09	216	OG0000965	NA	NA	NA	NA	NA	AG-903-F09_01013	2
CACDEB010000003.1	95336	95737	-	AG-903-K07_00942	AG-903-K07	133	OG0000808	K07107	acyl-CoA thioester hydrolase [EC:3.1.2.-]	COG0824	FadM	Acyl-CoA thioesterase FadM	AG-903-K07_00947	-5
CACDEB010000003.1	95755	96405	-	AG-903-K07_00943	AG-903-K07	216	OG0000965	NA	NA	NA	NA	NA	AG-903-K07_00947	-4
CACDEB010000003.1	96545	96718	+	AG-903-K07_00944	AG-903-K07	57	OG0001436	NA	NA	NA	NA	NA	AG-903-K07_00947	-3
CACDEB010000003.1	96736	96846	+	AG-903-K07_00945	AG-903-K07	36	OG0001265	NA	NA	NA	NA	NA	AG-903-K07_00947	-2
CACDEB010000003.1	96836	97582	-	AG-903-K07_00946	AG-903-K07	248	OG0001186	K21883	2-dehydro-3-deoxy-L-rhamnonate dehydrogenase (NAD+) [EC:1.1.1.401]	COG1028	FabG	NAD(P)-dependent dehydrogenase, short-chain alcohol dehydrogenase family	AG-903-K07_00947	-1
CACDEB010000003.1	97582	99039	-	AG-903-K07_00947	AG-903-K07	485	OG0000917	K03457	nucleobase:cation symporter-1, NCS1 family	COG1953	FUI1	Cytosine/uracil/thiamine/allantoin permease	AG-903-K07_00947	0
CACDEB010000003.1	99064	100398	-	AG-903-K07_00948	AG-903-K07	444	OG0000987	K11690	C4-dicarboxylate transporter, DctM subunit	COG4664	FcbT3	TRAP-type mannitol/chloroaromatic compound transport system, large permease component	AG-903-K07_00947	1
CACDEB010000003.1	100395	101009	-	AG-903-K07_00949	AG-903-K07	204	OG0000994	NA	NA	COG4665	FcbT2	TRAP-type mannitol/chloroaromatic compound transport system, small permease component	AG-903-K07_00947	2
CACDEB010000003.1	101077	102168	-	AG-903-K07_00950	AG-903-K07	363	OG0000072	NA	NA	COG4663	FcbT1	TRAP-type mannitol/chloroaromatic compound transport system, periplasmic component	AG-903-K07_00947	3
CACDEB010000003.1	102311	103906	+	AG-903-K07_00951	AG-903-K07	531	OG0000054	NA	NA	COG2303	BetA	Choline dehydrogenase or related flavoprotein	AG-903-K07_00947	4
CACDEB010000003.1	103907	104485	+	AG-903-K07_00952	AG-903-K07	192	OG0000922	NA	NA	COG0861	TerC	Tellurite resistance membrane protein TerC	AG-903-K07_00947	5
CACDIC010000001.1	107584	108264	+	AG-903-O08_00118	AG-903-O08	226	OG0001011	K21929	uracil-DNA glycosylase [EC:3.2.2.27]	COG1573	Udg4	Uracil-DNA glycosylase	AG-903-O08_00123	-5
CACDIC010000001.1	108254	108676	-	AG-903-O08_00119	AG-903-O08	140	OG0000808	K07107	acyl-CoA thioester hydrolase [EC:3.1.2.-]	COG0824	FadM	Acyl-CoA thioesterase FadM	AG-903-O08_00123	-4
CACDIC010000001.1	108700	109350	-	AG-903-O08_00120	AG-903-O08	216	OG0000965	NA	NA	NA	NA	NA	AG-903-O08_00123	-3
CACDIC010000001.1	109434	109571	+	AG-903-O08_00121	AG-903-O08	45	OG0001265	NA	NA	NA	NA	NA	AG-903-O08_00123	-2
CACDIC010000001.1	109568	110320	-	AG-903-O08_00122	AG-903-O08	250	OG0001186	K21883	2-dehydro-3-deoxy-L-rhamnonate dehydrogenase (NAD+) [EC:1.1.1.401]	COG1028	FabG	NAD(P)-dependent dehydrogenase, short-chain alcohol dehydrogenase family	AG-903-O08_00123	-1
CACDIC010000001.1	110325	111782	-	AG-903-O08_00123	AG-903-O08	485	OG0000917	K03457	nucleobase:cation symporter-1, NCS1 family	COG1953	FUI1	Cytosine/uracil/thiamine/allantoin permease	AG-903-O08_00123	0
CACDIC010000001.1	111808	113142	-	AG-903-O08_00124	AG-903-O08	444	OG0000987	K11690	C4-dicarboxylate transporter, DctM subunit	COG4664	FcbT3	TRAP-type mannitol/chloroaromatic compound transport system, large permease component	AG-903-O08_00123	1
CACDIC010000001.1	113139	113753	-	AG-903-O08_00125	AG-903-O08	204	OG0000994	NA	NA	COG4665	FcbT2	TRAP-type mannitol/chloroaromatic compound transport system, small permease component	AG-903-O08_00123	2
CACDIC010000001.1	113823	114917	-	AG-903-O08_00126	AG-903-O08	364	OG0000072	NA	NA	COG4663	FcbT1	TRAP-type mannitol/chloroaromatic compound transport system, periplasmic component	AG-903-O08_00123	3
CACDIC010000001.1	115049	116644	+	AG-903-O08_00127	AG-903-O08	531	OG0000054	NA	NA	COG2303	BetA	Choline dehydrogenase or related flavoprotein	AG-903-O08_00123	4
CACDIC010000001.1	116644	117237	+	AG-903-O08_00128	AG-903-O08	197	OG0000922	NA	NA	COG0861	TerC	Tellurite resistance membrane protein TerC	AG-903-O08_00123	5
CACDQH010000011.1	238	1695	+	AG-904-F17_01229	AG-904-F17	485	OG0000917	K03457	nucleobase:cation symporter-1, NCS1 family	COG1953	FUI1	Cytosine/uracil/thiamine/allantoin permease	AG-904-F17_01229	0
CACDQH010000011.1	1701	2447	+	AG-904-F17_01230	AG-904-F17	248	OG0001186	K21883	2-dehydro-3-deoxy-L-rhamnonate dehydrogenase (NAD+) [EC:1.1.1.401]	COG1028	FabG	NAD(P)-dependent dehydrogenase, short-chain alcohol dehydrogenase family	AG-904-F17_01229	1
CACDQH010000011.1	2453	2569	-	AG-904-F17_01231	AG-904-F17	38	OG0001265	NA	NA	NA	NA	NA	AG-904-F17_01229	2
CACDQH010000011.1	2614	3309	+	AG-904-F17_01232	AG-904-F17	231	OG0000965	NA	NA	NA	NA	NA	AG-904-F17_01229	3
CACDQH010000011.1	3306	3446	-	AG-904-F17_01233	AG-904-F17	46	OG0001143	NA	NA	NA	NA	NA	AG-904-F17_01229	4
CACDQH010000011.1	3505	3921	+	AG-904-F17_01234	AG-904-F17	138	OG0000808	K07107	acyl-CoA thioester hydrolase [EC:3.1.2.-]	COG0824	FadM	Acyl-CoA thioesterase FadM	AG-904-F17_01229	5
CACDSY010000004.1	199447	200373	+	AG-904-K03_01077	AG-904-K03	308	OG0000005	K00020	3-hydroxyisobutyrate dehydrogenase [EC:1.1.1.31]	COG2084	MmsB	3-hydroxyisobutyrate dehydrogenase or related beta-hydroxyacid dehydrogenase	AG-904-K03_01082	-5
CACDSY010000004.1	200494	201582	+	AG-904-K03_01078	AG-904-K03	362	OG0000072	NA	NA	COG4663	FcbT1	TRAP-type mannitol/chloroaromatic compound transport system, periplasmic component	AG-904-K03_01082	-4
CACDSY010000004.1	201661	202317	+	AG-904-K03_01079	AG-904-K03	218	OG0000994	NA	NA	COG4665	FcbT2	TRAP-type mannitol/chloroaromatic compound transport system, small permease component	AG-904-K03_01082	-3
CACDSY010000004.1	202308	203648	+	AG-904-K03_01080	AG-904-K03	446	OG0000987	K11690	C4-dicarboxylate transporter, DctM subunit	COG4664	FcbT3	TRAP-type mannitol/chloroaromatic compound transport system, large permease component	AG-904-K03_01082	-2
CACDSY010000004.1	203645	204538	-	AG-904-K03_01081	AG-904-K03	297	OG0001024	NA	NA	COG0697	EamA	Amino acid export permease, drug/metabolite transporter (DMT) superfamily	AG-904-K03_01082	-1
CACDSY010000004.1	204604	206055	+	AG-904-K03_01082	AG-904-K03	483	OG0000917	K03457	nucleobase:cation symporter-1, NCS1 family	COG1953	FUI1	Cytosine/uracil/thiamine/allantoin permease	AG-904-K03_01082	0
CACDSY010000004.1	206058	207062	+	AG-904-K03_01083	AG-904-K03	334	OG0000009	NA	NA	COG1063	Tdh	Threonine dehydrogenase or related Zn-dependent dehydrogenase	AG-904-K03_01082	1
CACDSY010000004.1	207108	207770	+	AG-904-K03_01084	AG-904-K03	220	OG0000965	NA	NA	NA	NA	NA	AG-904-K03_01082	2
CACDSY010000004.1	207775	207912	-	AG-904-K03_01085	AG-904-K03	45	OG0001143	NA	NA	NA	NA	NA	AG-904-K03_01082	3
CACDSY010000004.1	207966	208361	+	AG-904-K03_01086	AG-904-K03	131	OG0000808	K07107	acyl-CoA thioester hydrolase [EC:3.1.2.-]	COG0824	FadM	Acyl-CoA thioesterase FadM	AG-904-K03_01082	4
CACDSY010000004.1	208354	209028	-	AG-904-K03_01087	AG-904-K03	224	OG0001011	K21929	uracil-DNA glycosylase [EC:3.2.2.27]	COG1573	Udg4	Uracil-DNA glycosylase	AG-904-K03_01082	5
CACDZM010000001.1	186808	187488	+	AG-905-A07_00211	AG-905-A07	226	OG0001011	K21929	uracil-DNA glycosylase [EC:3.2.2.27]	COG1573	Udg4	Uracil-DNA glycosylase	AG-905-A07_00216	-5
CACDZM010000001.1	187478	187900	-	AG-905-A07_00212	AG-905-A07	140	OG0000808	K07107	acyl-CoA thioester hydrolase [EC:3.1.2.-]	COG0824	FadM	Acyl-CoA thioesterase FadM	AG-905-A07_00216	-4
CACDZM010000001.1	187958	188098	+	AG-905-A07_00213	AG-905-A07	46	OG0001143	NA	NA	NA	NA	NA	AG-905-A07_00216	-3
CACDZM010000001.1	188099	188749	-	AG-905-A07_00214	AG-905-A07	216	OG0000965	NA	NA	NA	NA	NA	AG-905-A07_00216	-2
CACDZM010000001.1	188958	189710	-	AG-905-A07_00215	AG-905-A07	250	OG0001186	K21883	2-dehydro-3-deoxy-L-rhamnonate dehydrogenase (NAD+) [EC:1.1.1.401]	COG1028	FabG	NAD(P)-dependent dehydrogenase, short-chain alcohol dehydrogenase family	AG-905-A07_00216	-1
CACDZM010000001.1	189720	191180	-	AG-905-A07_00216	AG-905-A07	486	OG0000917	K03457	nucleobase:cation symporter-1, NCS1 family	COG1953	FUI1	Cytosine/uracil/thiamine/allantoin permease	AG-905-A07_00216	0
CACDZM010000001.1	191206	192540	-	AG-905-A07_00217	AG-905-A07	444	OG0000987	K11690	C4-dicarboxylate transporter, DctM subunit	COG4664	FcbT3	TRAP-type mannitol/chloroaromatic compound transport system, large permease component	AG-905-A07_00216	1
CACDZM010000001.1	192537	193151	-	AG-905-A07_00218	AG-905-A07	204	OG0000994	NA	NA	COG4665	FcbT2	TRAP-type mannitol/chloroaromatic compound transport system, small permease component	AG-905-A07_00216	2
CACDZM010000001.1	193221	194315	-	AG-905-A07_00219	AG-905-A07	364	OG0000072	NA	NA	COG4663	FcbT1	TRAP-type mannitol/chloroaromatic compound transport system, periplasmic component	AG-905-A07_00216	3
CACDZM010000001.1	194449	196044	+	AG-905-A07_00220	AG-905-A07	531	OG0000054	NA	NA	COG2303	BetA	Choline dehydrogenase or related flavoprotein	AG-905-A07_00216	4
CACDZM010000001.1	196044	196637	+	AG-905-A07_00221	AG-905-A07	197	OG0000922	NA	NA	COG0861	TerC	Tellurite resistance membrane protein TerC	AG-905-A07_00216	5
CACEDX010000014.1	3612	4292	+	AG-905-E10_01006	AG-905-E10	226	OG0001011	K21929	uracil-DNA glycosylase [EC:3.2.2.27]	COG1573	Udg4	Uracil-DNA glycosylase	AG-905-E10_01011	-5
CACEDX010000014.1	4282	4704	-	AG-905-E10_01007	AG-905-E10	140	OG0000808	K07107	acyl-CoA thioester hydrolase [EC:3.1.2.-]	COG0824	FadM	Acyl-CoA thioesterase FadM	AG-905-E10_01011	-4
CACEDX010000014.1	4729	5379	-	AG-905-E10_01008	AG-905-E10	216	OG0000965	NA	NA	NA	NA	NA	AG-905-E10_01011	-3
CACEDX010000014.1	5508	5600	+	AG-905-E10_01009	AG-905-E10	30	OG0001265	NA	NA	NA	NA	NA	AG-905-E10_01011	-2
CACEDX010000014.1	5597	6349	-	AG-905-E10_01010	AG-905-E10	250	OG0001186	K21883	2-dehydro-3-deoxy-L-rhamnonate dehydrogenase (NAD+) [EC:1.1.1.401]	COG1028	FabG	NAD(P)-dependent dehydrogenase, short-chain alcohol dehydrogenase family	AG-905-E10_01011	-1
CACEDX010000014.1	6354	7811	-	AG-905-E10_01011	AG-905-E10	485	OG0000917	K03457	nucleobase:cation symporter-1, NCS1 family	COG1953	FUI1	Cytosine/uracil/thiamine/allantoin permease	AG-905-E10_01011	0
CACEDX010000014.1	7837	9171	-	AG-905-E10_01012	AG-905-E10	444	OG0000987	K11690	C4-dicarboxylate transporter, DctM subunit	COG4664	FcbT3	TRAP-type mannitol/chloroaromatic compound transport system, large permease component	AG-905-E10_01011	1
CACEDX010000014.1	9168	9782	-	AG-905-E10_01013	AG-905-E10	204	OG0000994	NA	NA	COG4665	FcbT2	TRAP-type mannitol/chloroaromatic compound transport system, small permease component	AG-905-E10_01011	2
CACEDX010000014.1	9852	10946	-	AG-905-E10_01014	AG-905-E10	364	OG0000072	NA	NA	COG4663	FcbT1	TRAP-type mannitol/chloroaromatic compound transport system, periplasmic component	AG-905-E10_01011	3
CACEDX010000014.1	11078	12673	+	AG-905-E10_01015	AG-905-E10	531	OG0000054	NA	NA	COG2303	BetA	Choline dehydrogenase or related flavoprotein	AG-905-E10_01011	4
CACEDX010000014.1	12673	13266	+	AG-905-E10_01016	AG-905-E10	197	OG0000922	NA	NA	COG0861	TerC	Tellurite resistance membrane protein TerC	AG-905-E10_01011	5
CACEDU010000005.1	44378	45304	+	AG-905-E11_00809	AG-905-E11	308	OG0000005	K00020	3-hydroxyisobutyrate dehydrogenase [EC:1.1.1.31]	COG2084	MmsB	3-hydroxyisobutyrate dehydrogenase or related beta-hydroxyacid dehydrogenase	AG-905-E11_00814	-5
CACEDU010000005.1	45420	46508	+	AG-905-E11_00810	AG-905-E11	362	OG0000072	NA	NA	COG4663	FcbT1	TRAP-type mannitol/chloroaromatic compound transport system, periplasmic component	AG-905-E11_00814	-4
CACEDU010000005.1	46585	47241	+	AG-905-E11_00811	AG-905-E11	218	OG0000994	NA	NA	COG4665	FcbT2	TRAP-type mannitol/chloroaromatic compound transport system, small permease component	AG-905-E11_00814	-3
CACEDU010000005.1	47241	48572	+	AG-905-E11_00812	AG-905-E11	443	OG0000987	K11690	C4-dicarboxylate transporter, DctM subunit	COG4664	FcbT3	TRAP-type mannitol/chloroaromatic compound transport system, large permease component	AG-905-E11_00814	-2
CACEDU010000005.1	48562	49461	-	AG-905-E11_00813	AG-905-E11	299	OG0001024	NA	NA	COG0697	EamA	Amino acid export permease, drug/metabolite transporter (DMT) superfamily	AG-905-E11_00814	-1
CACEDU010000005.1	49526	50977	+	AG-905-E11_00814	AG-905-E11	483	OG0000917	K03457	nucleobase:cation symporter-1, NCS1 family	COG1953	FUI1	Cytosine/uracil/thiamine/allantoin permease	AG-905-E11_00814	0
CACEDU010000005.1	50980	51987	+	AG-905-E11_00815	AG-905-E11	335	OG0000009	NA	NA	COG1063	Tdh	Threonine dehydrogenase or related Zn-dependent dehydrogenase	AG-905-E11_00814	1
CACEDU010000005.1	52033	52683	+	AG-905-E11_00816	AG-905-E11	216	OG0000965	NA	NA	NA	NA	NA	AG-905-E11_00814	2
CACEDU010000005.1	52685	52822	-	AG-905-E11_00817	AG-905-E11	45	OG0001143	NA	NA	NA	NA	NA	AG-905-E11_00814	3
CACEDU010000005.1	52877	53269	+	AG-905-E11_00818	AG-905-E11	130	OG0000808	K07107	acyl-CoA thioester hydrolase [EC:3.1.2.-]	COG0824	FadM	Acyl-CoA thioesterase FadM	AG-905-E11_00814	4
CACEDU010000005.1	53262	53936	-	AG-905-E11_00819	AG-905-E11	224	OG0001011	K21929	uracil-DNA glycosylase [EC:3.2.2.27]	COG1573	Udg4	Uracil-DNA glycosylase	AG-905-E11_00814	5
CACEFR010000003.1	128259	128852	-	AG-905-G04_00550	AG-905-G04	197	OG0000922	NA	NA	COG0861	TerC	Tellurite resistance membrane protein TerC	AG-905-G04_00555	-5
CACEFR010000003.1	128852	130447	-	AG-905-G04_00551	AG-905-G04	531	OG0000054	NA	NA	COG2303	BetA	Choline dehydrogenase or related flavoprotein	AG-905-G04_00555	-4
CACEFR010000003.1	130578	131672	+	AG-905-G04_00552	AG-905-G04	364	OG0000072	NA	NA	COG4663	FcbT1	TRAP-type mannitol/chloroaromatic compound transport system, periplasmic component	AG-905-G04_00555	-3
CACEFR010000003.1	131742	132356	+	AG-905-G04_00553	AG-905-G04	204	OG0000994	NA	NA	COG4665	FcbT2	TRAP-type mannitol/chloroaromatic compound transport system, small permease component	AG-905-G04_00555	-2
CACEFR010000003.1	132353	133687	+	AG-905-G04_00554	AG-905-G04	444	OG0000987	K11690	C4-dicarboxylate transporter, DctM subunit	COG4664	FcbT3	TRAP-type mannitol/chloroaromatic compound transport system, large permease component	AG-905-G04_00555	-1
CACEFR010000003.1	133713	135170	+	AG-905-G04_00555	AG-905-G04	485	OG0000917	K03457	nucleobase:cation symporter-1, NCS1 family	COG1953	FUI1	Cytosine/uracil/thiamine/allantoin permease	AG-905-G04_00555	0
CACEFR010000003.1	135364	136152	+	AG-905-G04_00556	AG-905-G04	262	OG0000091	NA	NA	NA	NA	NA	AG-905-G04_00555	1
CACEFR010000003.1	136291	137043	+	AG-905-G04_00557	AG-905-G04	250	OG0001186	K21883	2-dehydro-3-deoxy-L-rhamnonate dehydrogenase (NAD+) [EC:1.1.1.401]	COG1028	FabG	NAD(P)-dependent dehydrogenase, short-chain alcohol dehydrogenase family	AG-905-G04_00555	2
CACEFR010000003.1	137040	137177	-	AG-905-G04_00558	AG-905-G04	45	OG0001265	NA	NA	NA	NA	NA	AG-905-G04_00555	3
CACEFR010000003.1	137262	137912	+	AG-905-G04_00559	AG-905-G04	216	OG0000965	NA	NA	NA	NA	NA	AG-905-G04_00555	4
CACEFR010000003.1	137913	138053	-	AG-905-G04_00560	AG-905-G04	46	OG0001143	NA	NA	NA	NA	NA	AG-905-G04_00555	5
CACEKE010000008.1	49858	50037	+	AG-905-M05_01150	AG-905-M05	59	OG0001048	NA	NA	NA	NA	NA	AG-905-M05_01155	-5
CACEKE010000008.1	50046	50723	+	AG-905-M05_01151	AG-905-M05	225	OG0001011	K21929	uracil-DNA glycosylase [EC:3.2.2.27]	COG1573	Udg4	Uracil-DNA glycosylase	AG-905-M05_01155	-4
CACEKE010000008.1	50716	51123	-	AG-905-M05_01152	AG-905-M05	135	OG0000808	K07107	acyl-CoA thioester hydrolase [EC:3.1.2.-]	COG0824	FadM	Acyl-CoA thioesterase FadM	AG-905-M05_01155	-3
CACEKE010000008.1	51311	51955	-	AG-905-M05_01153	AG-905-M05	214	OG0000965	NA	NA	NA	NA	NA	AG-905-M05_01155	-2
CACEKE010000008.1	51957	52961	-	AG-905-M05_01154	AG-905-M05	334	OG0000009	NA	NA	COG1063	Tdh	Threonine dehydrogenase or related Zn-dependent dehydrogenase	AG-905-M05_01155	-1
CACEKE010000008.1	52961	54412	-	AG-905-M05_01155	AG-905-M05	483	OG0000917	K03457	nucleobase:cation symporter-1, NCS1 family	COG1953	FUI1	Cytosine/uracil/thiamine/allantoin permease	AG-905-M05_01155	0
CACEKE010000008.1	54438	55772	-	AG-905-M05_01156	AG-905-M05	444	OG0000987	K11690	C4-dicarboxylate transporter, DctM subunit	COG4664	FcbT3	TRAP-type mannitol/chloroaromatic compound transport system, large permease component	AG-905-M05_01155	1
CACEKE010000008.1	55769	56383	-	AG-905-M05_01157	AG-905-M05	204	OG0000994	NA	NA	COG4665	FcbT2	TRAP-type mannitol/chloroaromatic compound transport system, small permease component	AG-905-M05_01155	2
CACEKE010000008.1	56449	56778	-	AG-905-M05_01158	AG-905-M05	109	OG0000072	NA	NA	NA	NA	NA	AG-905-M05_01155	3
CACEQG010000003.1	146023	146616	-	AG-907-C04_00730	AG-907-C04	197	OG0000922	NA	NA	COG0861	TerC	Tellurite resistance membrane protein TerC	AG-907-C04_00735	-5
CACEQG010000003.1	146616	148211	-	AG-907-C04_00731	AG-907-C04	531	OG0000054	NA	NA	COG2303	BetA	Choline dehydrogenase or related flavoprotein	AG-907-C04_00735	-4
CACEQG010000003.1	148345	149439	+	AG-907-C04_00732	AG-907-C04	364	OG0000072	NA	NA	COG4663	FcbT1	TRAP-type mannitol/chloroaromatic compound transport system, periplasmic component	AG-907-C04_00735	-3
CACEQG010000003.1	149509	150126	+	AG-907-C04_00733	AG-907-C04	205	OG0000994	NA	NA	COG4665	FcbT2	TRAP-type mannitol/chloroaromatic compound transport system, small permease component	AG-907-C04_00735	-2
CACEQG010000003.1	150126	151460	+	AG-907-C04_00734	AG-907-C04	444	OG0000987	K11690	C4-dicarboxylate transporter, DctM subunit	COG4664	FcbT3	TRAP-type mannitol/chloroaromatic compound transport system, large permease component	AG-907-C04_00735	-1
CACEQG010000003.1	151486	152943	+	AG-907-C04_00735	AG-907-C04	485	OG0000917	K03457	nucleobase:cation symporter-1, NCS1 family	COG1953	FUI1	Cytosine/uracil/thiamine/allantoin permease	AG-907-C04_00735	0
CACEQG010000003.1	152948	153700	+	AG-907-C04_00736	AG-907-C04	250	OG0001186	K21883	2-dehydro-3-deoxy-L-rhamnonate dehydrogenase (NAD+) [EC:1.1.1.401]	COG1028	FabG	NAD(P)-dependent dehydrogenase, short-chain alcohol dehydrogenase family	AG-907-C04_00735	1
CACEQG010000003.1	153917	154567	+	AG-907-C04_00737	AG-907-C04	216	OG0000965	NA	NA	NA	NA	NA	AG-907-C04_00735	2
CACEQG010000003.1	154568	154708	-	AG-907-C04_00738	AG-907-C04	46	OG0001143	NA	NA	NA	NA	NA	AG-907-C04_00735	3
CACEQG010000003.1	154766	155188	+	AG-907-C04_00739	AG-907-C04	140	OG0000808	K07107	acyl-CoA thioester hydrolase [EC:3.1.2.-]	COG0824	FadM	Acyl-CoA thioesterase FadM	AG-907-C04_00735	4
CACEQG010000003.1	155178	155858	-	AG-907-C04_00740	AG-907-C04	226	OG0001011	K21929	uracil-DNA glycosylase [EC:3.2.2.27]	COG1573	Udg4	Uracil-DNA glycosylase	AG-907-C04_00735	5
CACESO010000004.1	22698	23276	-	AG-907-E04_00563	AG-907-E04	192	OG0000922	NA	NA	COG0861	TerC	Tellurite resistance membrane protein TerC	AG-907-E04_00568	-5
CACESO010000004.1	23276	24871	-	AG-907-E04_00564	AG-907-E04	531	OG0000054	NA	NA	COG2303	BetA	Choline dehydrogenase or related flavoprotein	AG-907-E04_00568	-4
CACESO010000004.1	25014	26105	+	AG-907-E04_00565	AG-907-E04	363	OG0000072	NA	NA	COG4663	FcbT1	TRAP-type mannitol/chloroaromatic compound transport system, periplasmic component	AG-907-E04_00568	-3
CACESO010000004.1	26172	26786	+	AG-907-E04_00566	AG-907-E04	204	OG0000994	NA	NA	COG4665	FcbT2	TRAP-type mannitol/chloroaromatic compound transport system, small permease component	AG-907-E04_00568	-2
CACESO010000004.1	26783	28117	+	AG-907-E04_00567	AG-907-E04	444	OG0000987	K11690	C4-dicarboxylate transporter, DctM subunit	COG4664	FcbT3	TRAP-type mannitol/chloroaromatic compound transport system, large permease component	AG-907-E04_00568	-1
CACESO010000004.1	28142	29599	+	AG-907-E04_00568	AG-907-E04	485	OG0000917	K03457	nucleobase:cation symporter-1, NCS1 family	COG1953	FUI1	Cytosine/uracil/thiamine/allantoin permease	AG-907-E04_00568	0
CACESO010000004.1	29599	30345	+	AG-907-E04_00569	AG-907-E04	248	OG0001186	K21883	2-dehydro-3-deoxy-L-rhamnonate dehydrogenase (NAD+) [EC:1.1.1.401]	COG1028	FabG	NAD(P)-dependent dehydrogenase, short-chain alcohol dehydrogenase family	AG-907-E04_00568	1
CACESO010000004.1	30776	31426	+	AG-907-E04_00570	AG-907-E04	216	OG0000965	NA	NA	NA	NA	NA	AG-907-E04_00568	2
CACESO010000004.1	31444	31851	+	AG-907-E04_00571	AG-907-E04	135	OG0000808	K07107	acyl-CoA thioester hydrolase [EC:3.1.2.-]	COG0824	FadM	Acyl-CoA thioesterase FadM	AG-907-E04_00568	3
CACESO010000004.1	31837	32511	-	AG-907-E04_00572	AG-907-E04	224	OG0001011	K21929	uracil-DNA glycosylase [EC:3.2.2.27]	COG1573	Udg4	Uracil-DNA glycosylase	AG-907-E04_00568	4
CACESO010000004.1	32513	33064	+	AG-907-E04_00573	AG-907-E04	183	OG0000787	NA	NA	COG2062	SixA	Phosphohistidine phosphatase SixA	AG-907-E04_00568	5
CACETY010000002.1	36440	37366	+	AG-907-F09_00202	AG-907-F09	308	OG0000005	K00020	3-hydroxyisobutyrate dehydrogenase [EC:1.1.1.31]	COG2084	MmsB	3-hydroxyisobutyrate dehydrogenase or related beta-hydroxyacid dehydrogenase	AG-907-F09_00207	-5
CACETY010000002.1	37488	38576	+	AG-907-F09_00203	AG-907-F09	362	OG0000072	NA	NA	COG4663	FcbT1	TRAP-type mannitol/chloroaromatic compound transport system, periplasmic component	AG-907-F09_00207	-4
CACETY010000002.1	38653	39309	+	AG-907-F09_00204	AG-907-F09	218	OG0000994	NA	NA	COG4665	FcbT2	TRAP-type mannitol/chloroaromatic compound transport system, small permease component	AG-907-F09_00207	-3
CACETY010000002.1	39309	40640	+	AG-907-F09_00205	AG-907-F09	443	OG0000987	K11690	C4-dicarboxylate transporter, DctM subunit	COG4664	FcbT3	TRAP-type mannitol/chloroaromatic compound transport system, large permease component	AG-907-F09_00207	-2
CACETY010000002.1	40630	41529	-	AG-907-F09_00206	AG-907-F09	299	OG0001024	NA	NA	COG0697	EamA	Amino acid export permease, drug/metabolite transporter (DMT) superfamily	AG-907-F09_00207	-1
CACETY010000002.1	41594	43045	+	AG-907-F09_00207	AG-907-F09	483	OG0000917	K03457	nucleobase:cation symporter-1, NCS1 family	COG1953	FUI1	Cytosine/uracil/thiamine/allantoin permease	AG-907-F09_00207	0
CACETY010000002.1	43048	44055	+	AG-907-F09_00208	AG-907-F09	335	OG0000009	NA	NA	COG1063	Tdh	Threonine dehydrogenase or related Zn-dependent dehydrogenase	AG-907-F09_00207	1
CACETY010000002.1	44101	44751	+	AG-907-F09_00209	AG-907-F09	216	OG0000965	NA	NA	NA	NA	NA	AG-907-F09_00207	2
CACETY010000002.1	44945	45337	+	AG-907-F09_00210	AG-907-F09	130	OG0000808	K07107	acyl-CoA thioester hydrolase [EC:3.1.2.-]	COG0824	FadM	Acyl-CoA thioesterase FadM	AG-907-F09_00207	3
CACETY010000002.1	45330	46004	-	AG-907-F09_00211	AG-907-F09	224	OG0001011	K21929	uracil-DNA glycosylase [EC:3.2.2.27]	COG1573	Udg4	Uracil-DNA glycosylase	AG-907-F09_00207	4
CACETY010000002.1	46054	46908	+	AG-907-F09_00212	AG-907-F09	284	OG0001294	K00020	3-hydroxyisobutyrate dehydrogenase [EC:1.1.1.31]	COG2084	MmsB	3-hydroxyisobutyrate dehydrogenase or related beta-hydroxyacid dehydrogenase	AG-907-F09_00207	5
CACFHY010000001.1	95217	95810	-	AG-908-C18_00112	AG-908-C18	197	OG0000922	NA	NA	COG0861	TerC	Tellurite resistance membrane protein TerC	AG-908-C18_00117	-5
CACFHY010000001.1	95810	97405	-	AG-908-C18_00113	AG-908-C18	531	OG0000054	NA	NA	COG2303	BetA	Choline dehydrogenase or related flavoprotein	AG-908-C18_00117	-4
CACFHY010000001.1	97552	98646	+	AG-908-C18_00114	AG-908-C18	364	OG0000072	NA	NA	COG4663	FcbT1	TRAP-type mannitol/chloroaromatic compound transport system, periplasmic component	AG-908-C18_00117	-3
CACFHY010000001.1	98715	99329	+	AG-908-C18_00115	AG-908-C18	204	OG0000994	NA	NA	COG4665	FcbT2	TRAP-type mannitol/chloroaromatic compound transport system, small permease component	AG-908-C18_00117	-2
CACFHY010000001.1	99326	100660	+	AG-908-C18_00116	AG-908-C18	444	OG0000987	K11690	C4-dicarboxylate transporter, DctM subunit	COG4664	FcbT3	TRAP-type mannitol/chloroaromatic compound transport system, large permease component	AG-908-C18_00117	-1
CACFHY010000001.1	100686	102143	+	AG-908-C18_00117	AG-908-C18	485	OG0000917	K03457	nucleobase:cation symporter-1, NCS1 family	COG1953	FUI1	Cytosine/uracil/thiamine/allantoin permease	AG-908-C18_00117	0
CACFHY010000001.1	102149	102895	+	AG-908-C18_00118	AG-908-C18	248	OG0001186	K21883	2-dehydro-3-deoxy-L-rhamnonate dehydrogenase (NAD+) [EC:1.1.1.401]	COG1028	FabG	NAD(P)-dependent dehydrogenase, short-chain alcohol dehydrogenase family	AG-908-C18_00117	1
CACFHY010000001.1	102898	103020	-	AG-908-C18_00119	AG-908-C18	40	OG0001265	NA	NA	NA	NA	NA	AG-908-C18_00117	2
CACFHY010000001.1	103110	103760	+	AG-908-C18_00120	AG-908-C18	216	OG0000965	NA	NA	NA	NA	NA	AG-908-C18_00117	3
CACFHY010000001.1	103764	103901	-	AG-908-C18_00121	AG-908-C18	45	OG0001143	NA	NA	NA	NA	NA	AG-908-C18_00117	4
CACFHY010000001.1	103959	104372	+	AG-908-C18_00122	AG-908-C18	137	OG0000808	K07107	acyl-CoA thioester hydrolase [EC:3.1.2.-]	COG0824	FadM	Acyl-CoA thioesterase FadM	AG-908-C18_00117	5
CACFLJ010000003.1	84563	85489	+	AG-908-F18_00500	AG-908-F18	308	OG0000005	K00020	3-hydroxyisobutyrate dehydrogenase [EC:1.1.1.31]	COG2084	MmsB	3-hydroxyisobutyrate dehydrogenase or related beta-hydroxyacid dehydrogenase	AG-908-F18_00505	-5
CACFLJ010000003.1	85610	86698	+	AG-908-F18_00501	AG-908-F18	362	OG0000072	NA	NA	COG4663	FcbT1	TRAP-type mannitol/chloroaromatic compound transport system, periplasmic component	AG-908-F18_00505	-4
CACFLJ010000003.1	86774	87430	+	AG-908-F18_00502	AG-908-F18	218	OG0000994	NA	NA	COG4665	FcbT2	TRAP-type mannitol/chloroaromatic compound transport system, small permease component	AG-908-F18_00505	-3
CACFLJ010000003.1	87421	88761	+	AG-908-F18_00503	AG-908-F18	446	OG0000987	K11690	C4-dicarboxylate transporter, DctM subunit	COG4664	FcbT3	TRAP-type mannitol/chloroaromatic compound transport system, large permease component	AG-908-F18_00505	-2
CACFLJ010000003.1	88758	89651	-	AG-908-F18_00504	AG-908-F18	297	OG0001024	NA	NA	COG0697	EamA	Amino acid export permease, drug/metabolite transporter (DMT) superfamily	AG-908-F18_00505	-1
CACFLJ010000003.1	89717	91168	+	AG-908-F18_00505	AG-908-F18	483	OG0000917	K03457	nucleobase:cation symporter-1, NCS1 family	COG1953	FUI1	Cytosine/uracil/thiamine/allantoin permease	AG-908-F18_00505	0
CACFLJ010000003.1	91171	92175	+	AG-908-F18_00506	AG-908-F18	334	OG0000009	NA	NA	COG1063	Tdh	Threonine dehydrogenase or related Zn-dependent dehydrogenase	AG-908-F18_00505	1
CACFLJ010000003.1	92221	92883	+	AG-908-F18_00507	AG-908-F18	220	OG0000965	NA	NA	NA	NA	NA	AG-908-F18_00505	2
CACFLJ010000003.1	92888	93025	-	AG-908-F18_00508	AG-908-F18	45	OG0001143	NA	NA	NA	NA	NA	AG-908-F18_00505	3
CACFLJ010000003.1	93079	93474	+	AG-908-F18_00509	AG-908-F18	131	OG0000808	K07107	acyl-CoA thioester hydrolase [EC:3.1.2.-]	COG0824	FadM	Acyl-CoA thioesterase FadM	AG-908-F18_00505	4
CACFLJ010000003.1	93467	94141	-	AG-908-F18_00510	AG-908-F18	224	OG0001011	K21929	uracil-DNA glycosylase [EC:3.2.2.27]	COG1573	Udg4	Uracil-DNA glycosylase	AG-908-F18_00505	5
CACFLK010000003.1	106446	106868	-	AG-908-F20_00684	AG-908-F20	140	OG0000808	K07107	acyl-CoA thioester hydrolase [EC:3.1.2.-]	COG0824	FadM	Acyl-CoA thioesterase FadM	AG-908-F20_00689	-5
CACFLK010000003.1	106925	107065	+	AG-908-F20_00685	AG-908-F20	46	OG0001143	NA	NA	NA	NA	NA	AG-908-F20_00689	-4
CACFLK010000003.1	107066	107716	-	AG-908-F20_00686	AG-908-F20	216	OG0000965	NA	NA	NA	NA	NA	AG-908-F20_00689	-3
CACFLK010000003.1	107851	107943	+	AG-908-F20_00687	AG-908-F20	30	OG0001265	NA	NA	NA	NA	NA	AG-908-F20_00689	-2
CACFLK010000003.1	107940	108692	-	AG-908-F20_00688	AG-908-F20	250	OG0001186	K21883	2-dehydro-3-deoxy-L-rhamnonate dehydrogenase (NAD+) [EC:1.1.1.401]	COG1028	FabG	NAD(P)-dependent dehydrogenase, short-chain alcohol dehydrogenase family	AG-908-F20_00689	-1
CACFLK010000003.1	108697	110154	-	AG-908-F20_00689	AG-908-F20	485	OG0000917	K03457	nucleobase:cation symporter-1, NCS1 family	COG1953	FUI1	Cytosine/uracil/thiamine/allantoin permease	AG-908-F20_00689	0
CACFLK010000003.1	110180	111514	-	AG-908-F20_00690	AG-908-F20	444	OG0000987	K11690	C4-dicarboxylate transporter, DctM subunit	COG4664	FcbT3	TRAP-type mannitol/chloroaromatic compound transport system, large permease component	AG-908-F20_00689	1
CACFLK010000003.1	111511	112125	-	AG-908-F20_00691	AG-908-F20	204	OG0000994	NA	NA	COG4665	FcbT2	TRAP-type mannitol/chloroaromatic compound transport system, small permease component	AG-908-F20_00689	2
CACFLK010000003.1	112193	113287	-	AG-908-F20_00692	AG-908-F20	364	OG0000072	NA	NA	COG4663	FcbT1	TRAP-type mannitol/chloroaromatic compound transport system, periplasmic component	AG-908-F20_00689	3
CACFLK010000003.1	113421	115016	+	AG-908-F20_00693	AG-908-F20	531	OG0000054	NA	NA	COG2303	BetA	Choline dehydrogenase or related flavoprotein	AG-908-F20_00689	4
CACFLK010000003.1	115016	115609	+	AG-908-F20_00694	AG-908-F20	197	OG0000922	NA	NA	COG0861	TerC	Tellurite resistance membrane protein TerC	AG-908-F20_00689	5
CACFPI010000010.1	46155	46862	+	AG-908-L09_00968	AG-908-L09	235	OG0001011	K21929	uracil-DNA glycosylase [EC:3.2.2.27]	COG1573	Udg4	Uracil-DNA glycosylase	AG-908-L09_00973	-5
CACFPI010000010.1	46854	47246	-	AG-908-L09_00969	AG-908-L09	130	OG0000808	K07107	acyl-CoA thioester hydrolase [EC:3.1.2.-]	COG0824	FadM	Acyl-CoA thioesterase FadM	AG-908-L09_00973	-4
CACFPI010000010.1	47266	47919	-	AG-908-L09_00970	AG-908-L09	217	OG0000965	NA	NA	NA	NA	NA	AG-908-L09_00973	-3
CACFPI010000010.1	48015	48146	+	AG-908-L09_00971	AG-908-L09	43	OG0001265	NA	NA	NA	NA	NA	AG-908-L09_00973	-2
CACFPI010000010.1	48143	49147	-	AG-908-L09_00972	AG-908-L09	334	OG0000009	NA	NA	COG1063	Tdh	Threonine dehydrogenase or related Zn-dependent dehydrogenase	AG-908-L09_00973	-1
CACFPI010000010.1	49150	50604	-	AG-908-L09_00973	AG-908-L09	484	OG0000917	K03457	nucleobase:cation symporter-1, NCS1 family	COG1953	FUI1	Cytosine/uracil/thiamine/allantoin permease	AG-908-L09_00973	0
CACFPI010000010.1	50627	51964	-	AG-908-L09_00974	AG-908-L09	445	OG0000987	K11690	C4-dicarboxylate transporter, DctM subunit	COG4664	FcbT3	TRAP-type mannitol/chloroaromatic compound transport system, large permease component	AG-908-L09_00973	1
CACFPI010000010.1	51964	52569	-	AG-908-L09_00975	AG-908-L09	201	OG0000994	NA	NA	COG4665	FcbT2	TRAP-type mannitol/chloroaromatic compound transport system, small permease component	AG-908-L09_00973	2
CACFPI010000010.1	52623	53720	-	AG-908-L09_00976	AG-908-L09	365	OG0000072	NA	NA	COG4663	FcbT1	TRAP-type mannitol/chloroaromatic compound transport system, periplasmic component	AG-908-L09_00973	3
CACFPI010000010.1	53856	55460	+	AG-908-L09_00977	AG-908-L09	534	OG0000054	NA	NA	COG2303	BetA	Choline dehydrogenase or related flavoprotein	AG-908-L09_00973	4
CACFPI010000010.1	55457	56035	+	AG-908-L09_00978	AG-908-L09	192	OG0000922	NA	NA	COG0861	TerC	Tellurite resistance membrane protein TerC	AG-908-L09_00973	5
CACFUR010000004.1	63518	64192	+	AG-909-A17_00608	AG-909-A17	224	OG0001011	K21929	uracil-DNA glycosylase [EC:3.2.2.27]	COG1573	Udg4	Uracil-DNA glycosylase	AG-909-A17_00613	-5
CACFUR010000004.1	64189	64584	-	AG-909-A17_00609	AG-909-A17	131	OG0000808	K07107	acyl-CoA thioester hydrolase [EC:3.1.2.-]	COG0824	FadM	Acyl-CoA thioesterase FadM	AG-909-A17_00613	-4
CACFUR010000004.1	64596	65243	-	AG-909-A17_00610	AG-909-A17	215	OG0000965	NA	NA	NA	NA	NA	AG-909-A17_00613	-3
CACFUR010000004.1	65350	65556	+	AG-909-A17_00611	AG-909-A17	68	OG0001436	NA	NA	NA	NA	NA	AG-909-A17_00613	-2
CACFUR010000004.1	65689	66435	-	AG-909-A17_00612	AG-909-A17	248	OG0001186	K21883	2-dehydro-3-deoxy-L-rhamnonate dehydrogenase (NAD+) [EC:1.1.1.401]	COG1028	FabG	NAD(P)-dependent dehydrogenase, short-chain alcohol dehydrogenase family	AG-909-A17_00613	-1
CACFUR010000004.1	66432	67892	-	AG-909-A17_00613	AG-909-A17	486	OG0000917	K03457	nucleobase:cation symporter-1, NCS1 family	COG1953	FUI1	Cytosine/uracil/thiamine/allantoin permease	AG-909-A17_00613	0
CACFUR010000004.1	67917	69251	-	AG-909-A17_00614	AG-909-A17	444	OG0000987	K11690	C4-dicarboxylate transporter, DctM subunit	COG4664	FcbT3	TRAP-type mannitol/chloroaromatic compound transport system, large permease component	AG-909-A17_00613	1
CACFUR010000004.1	69248	69862	-	AG-909-A17_00615	AG-909-A17	204	OG0000994	NA	NA	COG4665	FcbT2	TRAP-type mannitol/chloroaromatic compound transport system, small permease component	AG-909-A17_00613	2
CACFUR010000004.1	69932	71023	-	AG-909-A17_00616	AG-909-A17	363	OG0000072	NA	NA	COG4663	FcbT1	TRAP-type mannitol/chloroaromatic compound transport system, periplasmic component	AG-909-A17_00613	3
CACFUR010000004.1	71154	72770	+	AG-909-A17_00617	AG-909-A17	538	OG0000054	NA	NA	COG2303	BetA	Choline dehydrogenase or related flavoprotein	AG-909-A17_00613	4
CACFUR010000004.1	72770	73351	+	AG-909-A17_00618	AG-909-A17	193	OG0000922	NA	NA	COG0861	TerC	Tellurite resistance membrane protein TerC	AG-909-A17_00613	5
CACGAC010000013.1	13	291	+	AG-909-G08_01150	AG-909-G08	92	OG0000987	NA	NA	COG4664	FcbT3	TRAP-type mannitol/chloroaromatic compound transport system, large permease component	AG-909-G08_01151	-1
CACGAC010000013.1	317	1774	+	AG-909-G08_01151	AG-909-G08	485	OG0000917	K03457	nucleobase:cation symporter-1, NCS1 family	COG1953	FUI1	Cytosine/uracil/thiamine/allantoin permease	AG-909-G08_01151	0
CACGAC010000013.1	1779	2531	+	AG-909-G08_01152	AG-909-G08	250	OG0001186	K21883	2-dehydro-3-deoxy-L-rhamnonate dehydrogenase (NAD+) [EC:1.1.1.401]	COG1028	FabG	NAD(P)-dependent dehydrogenase, short-chain alcohol dehydrogenase family	AG-909-G08_01151	1
CACGAC010000013.1	2528	2665	-	AG-909-G08_01153	AG-909-G08	45	OG0001265	NA	NA	NA	NA	NA	AG-909-G08_01151	2
CACGAC010000013.1	2750	3400	+	AG-909-G08_01154	AG-909-G08	216	OG0000965	NA	NA	NA	NA	NA	AG-909-G08_01151	3
CACGAC010000013.1	3401	3541	-	AG-909-G08_01155	AG-909-G08	46	OG0001143	NA	NA	NA	NA	NA	AG-909-G08_01151	4
CACGAC010000013.1	3599	4021	+	AG-909-G08_01156	AG-909-G08	140	OG0000808	K07107	acyl-CoA thioester hydrolase [EC:3.1.2.-]	COG0824	FadM	Acyl-CoA thioesterase FadM	AG-909-G08_01151	5
CACGBV010000005.1	13944	14537	-	AG-909-J05_00554	AG-909-J05	197	OG0000922	NA	NA	COG0861	TerC	Tellurite resistance membrane protein TerC	AG-909-J05_00559	-5
CACGBV010000005.1	14537	16132	-	AG-909-J05_00555	AG-909-J05	531	OG0000054	NA	NA	COG2303	BetA	Choline dehydrogenase or related flavoprotein	AG-909-J05_00559	-4
CACGBV010000005.1	16266	17360	+	AG-909-J05_00556	AG-909-J05	364	OG0000072	NA	NA	COG4663	FcbT1	TRAP-type mannitol/chloroaromatic compound transport system, periplasmic component	AG-909-J05_00559	-3
CACGBV010000005.1	17430	18047	+	AG-909-J05_00557	AG-909-J05	205	OG0000994	NA	NA	COG4665	FcbT2	TRAP-type mannitol/chloroaromatic compound transport system, small permease component	AG-909-J05_00559	-2
CACGBV010000005.1	18047	19381	+	AG-909-J05_00558	AG-909-J05	444	OG0000987	K11690	C4-dicarboxylate transporter, DctM subunit	COG4664	FcbT3	TRAP-type mannitol/chloroaromatic compound transport system, large permease component	AG-909-J05_00559	-1
CACGBV010000005.1	19407	20864	+	AG-909-J05_00559	AG-909-J05	485	OG0000917	K03457	nucleobase:cation symporter-1, NCS1 family	COG1953	FUI1	Cytosine/uracil/thiamine/allantoin permease	AG-909-J05_00559	0
CACGBV010000005.1	20869	21621	+	AG-909-J05_00560	AG-909-J05	250	OG0001186	K21883	2-dehydro-3-deoxy-L-rhamnonate dehydrogenase (NAD+) [EC:1.1.1.401]	COG1028	FabG	NAD(P)-dependent dehydrogenase, short-chain alcohol dehydrogenase family	AG-909-J05_00559	1
CACGBV010000005.1	21839	22489	+	AG-909-J05_00561	AG-909-J05	216	OG0000965	NA	NA	NA	NA	NA	AG-909-J05_00559	2
CACGBV010000005.1	22490	22630	-	AG-909-J05_00562	AG-909-J05	46	OG0001143	NA	NA	NA	NA	NA	AG-909-J05_00559	3
CACGBV010000005.1	22688	23110	+	AG-909-J05_00563	AG-909-J05	140	OG0000808	K07107	acyl-CoA thioester hydrolase [EC:3.1.2.-]	COG0824	FadM	Acyl-CoA thioesterase FadM	AG-909-J05_00559	4
CACGBV010000005.1	23100	23780	-	AG-909-J05_00564	AG-909-J05	226	OG0001011	K21929	uracil-DNA glycosylase [EC:3.2.2.27]	COG1573	Udg4	Uracil-DNA glycosylase	AG-909-J05_00559	5
CACGJX010000001.1	44886	45308	-	AG-910-B05_00047	AG-910-B05	140	OG0000808	K07107	acyl-CoA thioester hydrolase [EC:3.1.2.-]	COG0824	FadM	Acyl-CoA thioesterase FadM	AG-910-B05_00052	-5
CACGJX010000001.1	45366	45506	+	AG-910-B05_00048	AG-910-B05	46	OG0001143	NA	NA	NA	NA	NA	AG-910-B05_00052	-4
CACGJX010000001.1	45507	46157	-	AG-910-B05_00049	AG-910-B05	216	OG0000965	NA	NA	NA	NA	NA	AG-910-B05_00052	-3
CACGJX010000001.1	46241	46378	+	AG-910-B05_00050	AG-910-B05	45	OG0001265	NA	NA	NA	NA	NA	AG-910-B05_00052	-2
CACGJX010000001.1	46375	47127	-	AG-910-B05_00051	AG-910-B05	250	OG0001186	K21883	2-dehydro-3-deoxy-L-rhamnonate dehydrogenase (NAD+) [EC:1.1.1.401]	COG1028	FabG	NAD(P)-dependent dehydrogenase, short-chain alcohol dehydrogenase family	AG-910-B05_00052	-1
CACGJX010000001.1	47133	48590	-	AG-910-B05_00052	AG-910-B05	485	OG0000917	K03457	nucleobase:cation symporter-1, NCS1 family	COG1953	FUI1	Cytosine/uracil/thiamine/allantoin permease	AG-910-B05_00052	0
CACGJX010000001.1	48616	49950	-	AG-910-B05_00053	AG-910-B05	444	OG0000987	K11690	C4-dicarboxylate transporter, DctM subunit	COG4664	FcbT3	TRAP-type mannitol/chloroaromatic compound transport system, large permease component	AG-910-B05_00052	1
CACGJX010000001.1	49947	50567	-	AG-910-B05_00054	AG-910-B05	206	OG0000994	NA	NA	COG4665	FcbT2	TRAP-type mannitol/chloroaromatic compound transport system, small permease component	AG-910-B05_00052	2
CACGJX010000001.1	50637	51731	-	AG-910-B05_00055	AG-910-B05	364	OG0000072	NA	NA	COG4663	FcbT1	TRAP-type mannitol/chloroaromatic compound transport system, periplasmic component	AG-910-B05_00052	3
CACGJX010000001.1	51865	53460	+	AG-910-B05_00056	AG-910-B05	531	OG0000054	NA	NA	COG2303	BetA	Choline dehydrogenase or related flavoprotein	AG-910-B05_00052	4
CACGJX010000001.1	53460	54053	+	AG-910-B05_00057	AG-910-B05	197	OG0000922	NA	NA	COG0861	TerC	Tellurite resistance membrane protein TerC	AG-910-B05_00052	5
CACHEO010000003.1	99734	100291	-	AG-911-G03_00600	AG-911-G03	185	OG0000787	NA	NA	COG2062	SixA	Phosphohistidine phosphatase SixA	AG-911-G03_00605	-5
CACHEO010000003.1	100294	100974	+	AG-911-G03_00601	AG-911-G03	226	OG0001011	K21929	uracil-DNA glycosylase [EC:3.2.2.27]	COG1573	Udg4	Uracil-DNA glycosylase	AG-911-G03_00605	-4
CACHEO010000003.1	100971	101384	-	AG-911-G03_00602	AG-911-G03	137	OG0000808	K07107	acyl-CoA thioester hydrolase [EC:3.1.2.-]	COG0824	FadM	Acyl-CoA thioesterase FadM	AG-911-G03_00605	-3
CACHEO010000003.1	101580	102230	-	AG-911-G03_00603	AG-911-G03	216	OG0000965	NA	NA	NA	NA	NA	AG-911-G03_00605	-2
CACHEO010000003.1	102430	103434	-	AG-911-G03_00604	AG-911-G03	334	OG0000009	NA	NA	COG1063	Tdh	Threonine dehydrogenase or related Zn-dependent dehydrogenase	AG-911-G03_00605	-1
CACHEO010000003.1	103436	104893	-	AG-911-G03_00605	AG-911-G03	485	OG0000917	K03457	nucleobase:cation symporter-1, NCS1 family	COG1953	FUI1	Cytosine/uracil/thiamine/allantoin permease	AG-911-G03_00605	0
CACHEO010000003.1	104959	105855	+	AG-911-G03_00606	AG-911-G03	298	OG0001024	NA	NA	COG0697	EamA	Amino acid export permease, drug/metabolite transporter (DMT) superfamily	AG-911-G03_00605	1
CACHEO010000003.1	105856	107196	-	AG-911-G03_00607	AG-911-G03	446	OG0000987	K11690	C4-dicarboxylate transporter, DctM subunit	COG4664	FcbT3	TRAP-type mannitol/chloroaromatic compound transport system, large permease component	AG-911-G03_00605	2
CACHEO010000003.1	107187	107843	-	AG-911-G03_00608	AG-911-G03	218	OG0000994	NA	NA	COG4665	FcbT2	TRAP-type mannitol/chloroaromatic compound transport system, small permease component	AG-911-G03_00605	3
CACHEO010000003.1	107915	109003	-	AG-911-G03_00609	AG-911-G03	362	OG0000072	NA	NA	COG4663	FcbT1	TRAP-type mannitol/chloroaromatic compound transport system, periplasmic component	AG-911-G03_00605	4
CACHEO010000003.1	109135	110061	-	AG-911-G03_00610	AG-911-G03	308	OG0000005	K00020	3-hydroxyisobutyrate dehydrogenase [EC:1.1.1.31]	COG2084	MmsB	3-hydroxyisobutyrate dehydrogenase or related beta-hydroxyacid dehydrogenase	AG-911-G03_00605	5
CACHJZ010000015.1	136	1278	+	AG-911-N14_01253	AG-911-N14	380	OG0000917	K03457	nucleobase:cation symporter-1, NCS1 family	COG1953	FUI1	Cytosine/uracil/thiamine/allantoin permease	AG-911-N14_01253	0
CACHJZ010000015.1	1271	2014	+	AG-911-N14_01254	AG-911-N14	247	OG0001186	K21883	2-dehydro-3-deoxy-L-rhamnonate dehydrogenase (NAD+) [EC:1.1.1.401]	COG1028	FabG	NAD(P)-dependent dehydrogenase, short-chain alcohol dehydrogenase family	AG-911-N14_01253	1
CACHJZ010000015.1	2004	2132	-	AG-911-N14_01255	AG-911-N14	42	OG0001265	NA	NA	NA	NA	NA	AG-911-N14_01253	2
CACHJZ010000015.1	2129	2335	-	AG-911-N14_01256	AG-911-N14	68	OG0001436	NA	NA	NA	NA	NA	AG-911-N14_01253	3
CACHJZ010000015.1	2445	3086	+	AG-911-N14_01257	AG-911-N14	213	OG0000965	NA	NA	NA	NA	NA	AG-911-N14_01253	4
CACHJZ010000015.1	3090	3230	-	AG-911-N14_01258	AG-911-N14	46	OG0001143	NA	NA	NA	NA	NA	AG-911-N14_01253	5
CACHLB010000004.1	58577	59155	-	AG-912-A14_00558	AG-912-A14	192	OG0000922	NA	NA	COG0861	TerC	Tellurite resistance membrane protein TerC	AG-912-A14_00563	-5
CACHLB010000004.1	59152	60756	-	AG-912-A14_00559	AG-912-A14	534	OG0000054	NA	NA	COG2303	BetA	Choline dehydrogenase or related flavoprotein	AG-912-A14_00563	-4
CACHLB010000004.1	60892	61989	+	AG-912-A14_00560	AG-912-A14	365	OG0000072	NA	NA	COG4663	FcbT1	TRAP-type mannitol/chloroaromatic compound transport system, periplasmic component	AG-912-A14_00563	-3
CACHLB010000004.1	62043	62648	+	AG-912-A14_00561	AG-912-A14	201	OG0000994	NA	NA	COG4665	FcbT2	TRAP-type mannitol/chloroaromatic compound transport system, small permease component	AG-912-A14_00563	-2
CACHLB010000004.1	62648	63985	+	AG-912-A14_00562	AG-912-A14	445	OG0000987	K11690	C4-dicarboxylate transporter, DctM subunit	COG4664	FcbT3	TRAP-type mannitol/chloroaromatic compound transport system, large permease component	AG-912-A14_00563	-1
CACHLB010000004.1	64008	65462	+	AG-912-A14_00563	AG-912-A14	484	OG0000917	K03457	nucleobase:cation symporter-1, NCS1 family	COG1953	FUI1	Cytosine/uracil/thiamine/allantoin permease	AG-912-A14_00563	0
CACHLB010000004.1	65462	66469	+	AG-912-A14_00564	AG-912-A14	335	OG0000009	NA	NA	COG1063	Tdh	Threonine dehydrogenase or related Zn-dependent dehydrogenase	AG-912-A14_00563	1
CACHLB010000004.1	66466	66597	-	AG-912-A14_00565	AG-912-A14	43	OG0001265	NA	NA	NA	NA	NA	AG-912-A14_00563	2
CACHLB010000004.1	66693	67346	+	AG-912-A14_00566	AG-912-A14	217	OG0000965	NA	NA	NA	NA	NA	AG-912-A14_00563	3
CACHLB010000004.1	67366	67758	+	AG-912-A14_00567	AG-912-A14	130	OG0000808	K07107	acyl-CoA thioester hydrolase [EC:3.1.2.-]	COG0824	FadM	Acyl-CoA thioesterase FadM	AG-912-A14_00563	4
CACHLB010000004.1	67750	68457	-	AG-912-A14_00568	AG-912-A14	235	OG0001011	K21929	uracil-DNA glycosylase [EC:3.2.2.27]	COG1573	Udg4	Uracil-DNA glycosylase	AG-912-A14_00563	5
CACHSE010000001.1	137	1231	+	AG-912-C08_00001	AG-912-C08	364	OG0000072	NA	NA	COG4663	FcbT1	TRAP-type mannitol/chloroaromatic compound transport system, periplasmic component	AG-912-C08_00004	-3
CACHSE010000001.1	1298	1912	+	AG-912-C08_00002	AG-912-C08	204	OG0000994	NA	NA	COG4665	FcbT2	TRAP-type mannitol/chloroaromatic compound transport system, small permease component	AG-912-C08_00004	-2
CACHSE010000001.1	1909	3243	+	AG-912-C08_00003	AG-912-C08	444	OG0000987	K11690	C4-dicarboxylate transporter, DctM subunit	COG4664	FcbT3	TRAP-type mannitol/chloroaromatic compound transport system, large permease component	AG-912-C08_00004	-1
CACHSE010000001.1	3269	4726	+	AG-912-C08_00004	AG-912-C08	485	OG0000917	K03457	nucleobase:cation symporter-1, NCS1 family	COG1953	FUI1	Cytosine/uracil/thiamine/allantoin permease	AG-912-C08_00004	0
CACHSE010000001.1	4731	5483	+	AG-912-C08_00005	AG-912-C08	250	OG0001186	K21883	2-dehydro-3-deoxy-L-rhamnonate dehydrogenase (NAD+) [EC:1.1.1.401]	COG1028	FabG	NAD(P)-dependent dehydrogenase, short-chain alcohol dehydrogenase family	AG-912-C08_00004	1
CACHSE010000001.1	5480	5617	-	AG-912-C08_00006	AG-912-C08	45	OG0001265	NA	NA	NA	NA	NA	AG-912-C08_00004	2
CACHSE010000001.1	5707	6357	+	AG-912-C08_00007	AG-912-C08	216	OG0000965	NA	NA	NA	NA	NA	AG-912-C08_00004	3
CACHSE010000001.1	6358	6498	-	AG-912-C08_00008	AG-912-C08	46	OG0001143	NA	NA	NA	NA	NA	AG-912-C08_00004	4
CACHSE010000001.1	6555	6977	+	AG-912-C08_00009	AG-912-C08	140	OG0000808	K07107	acyl-CoA thioester hydrolase [EC:3.1.2.-]	COG0824	FadM	Acyl-CoA thioesterase FadM	AG-912-C08_00004	5
CACHUT010000001.1	32784	33464	+	AG-912-F16_00036	AG-912-F16	226	OG0001011	K21929	uracil-DNA glycosylase [EC:3.2.2.27]	COG1573	Udg4	Uracil-DNA glycosylase	AG-912-F16_00041	-5
CACHUT010000001.1	33461	33874	-	AG-912-F16_00037	AG-912-F16	137	OG0000808	K07107	acyl-CoA thioester hydrolase [EC:3.1.2.-]	COG0824	FadM	Acyl-CoA thioesterase FadM	AG-912-F16_00041	-4
CACHUT010000001.1	33933	34073	+	AG-912-F16_00038	AG-912-F16	46	OG0001143	NA	NA	NA	NA	NA	AG-912-F16_00041	-3
CACHUT010000001.1	34070	34720	-	AG-912-F16_00039	AG-912-F16	216	OG0000965	NA	NA	NA	NA	NA	AG-912-F16_00041	-2
CACHUT010000001.1	34933	35679	-	AG-912-F16_00040	AG-912-F16	248	OG0001186	K21883	2-dehydro-3-deoxy-L-rhamnonate dehydrogenase (NAD+) [EC:1.1.1.401]	COG1028	FabG	NAD(P)-dependent dehydrogenase, short-chain alcohol dehydrogenase family	AG-912-F16_00041	-1
CACHUT010000001.1	35685	37142	-	AG-912-F16_00041	AG-912-F16	485	OG0000917	K03457	nucleobase:cation symporter-1, NCS1 family	COG1953	FUI1	Cytosine/uracil/thiamine/allantoin permease	AG-912-F16_00041	0
CACHUT010000001.1	37168	38502	-	AG-912-F16_00042	AG-912-F16	444	OG0000987	K11690	C4-dicarboxylate transporter, DctM subunit	COG4664	FcbT3	TRAP-type mannitol/chloroaromatic compound transport system, large permease component	AG-912-F16_00041	1
CACHUT010000001.1	38499	39113	-	AG-912-F16_00043	AG-912-F16	204	OG0000994	NA	NA	COG4665	FcbT2	TRAP-type mannitol/chloroaromatic compound transport system, small permease component	AG-912-F16_00041	2
CACHUT010000001.1	39190	40284	-	AG-912-F16_00044	AG-912-F16	364	OG0000072	NA	NA	COG4663	FcbT1	TRAP-type mannitol/chloroaromatic compound transport system, periplasmic component	AG-912-F16_00041	3
CACHUT010000001.1	40425	42020	+	AG-912-F16_00045	AG-912-F16	531	OG0000054	NA	NA	COG2303	BetA	Choline dehydrogenase or related flavoprotein	AG-912-F16_00041	4
CACHUT010000001.1	42020	42613	+	AG-912-F16_00046	AG-912-F16	197	OG0000922	NA	NA	COG0861	TerC	Tellurite resistance membrane protein TerC	AG-912-F16_00041	5
CACPIG010000008.1	43679	44353	+	AG-912-I02_01243	AG-912-I02	224	OG0001011	K21929	uracil-DNA glycosylase [EC:3.2.2.27]	COG1573	Udg4	Uracil-DNA glycosylase	AG-912-I02_01248	-5
CACPIG010000008.1	44345	44737	-	AG-912-I02_01244	AG-912-I02	130	OG0000808	K07107	acyl-CoA thioester hydrolase [EC:3.1.2.-]	COG0824	FadM	Acyl-CoA thioesterase FadM	AG-912-I02_01248	-4
CACPIG010000008.1	44757	45410	-	AG-912-I02_01245	AG-912-I02	217	OG0000965	NA	NA	NA	NA	NA	AG-912-I02_01248	-3
CACPIG010000008.1	45506	45637	+	AG-912-I02_01246	AG-912-I02	43	OG0001265	NA	NA	NA	NA	NA	AG-912-I02_01248	-2
CACPIG010000008.1	45634	46638	-	AG-912-I02_01247	AG-912-I02	334	OG0000009	NA	NA	COG1063	Tdh	Threonine dehydrogenase or related Zn-dependent dehydrogenase	AG-912-I02_01248	-1
CACPIG010000008.1	46641	48095	-	AG-912-I02_01248	AG-912-I02	484	OG0000917	K03457	nucleobase:cation symporter-1, NCS1 family	COG1953	FUI1	Cytosine/uracil/thiamine/allantoin permease	AG-912-I02_01248	0
CACPIG010000008.1	48118	49455	-	AG-912-I02_01249	AG-912-I02	445	OG0000987	K11690	C4-dicarboxylate transporter, DctM subunit	COG4664	FcbT3	TRAP-type mannitol/chloroaromatic compound transport system, large permease component	AG-912-I02_01248	1
CACPIG010000008.1	49455	50060	-	AG-912-I02_01250	AG-912-I02	201	OG0000994	NA	NA	COG4665	FcbT2	TRAP-type mannitol/chloroaromatic compound transport system, small permease component	AG-912-I02_01248	2
CACPIG010000008.1	50114	51211	-	AG-912-I02_01251	AG-912-I02	365	OG0000072	NA	NA	COG4663	FcbT1	TRAP-type mannitol/chloroaromatic compound transport system, periplasmic component	AG-912-I02_01248	3
CACPIF010000003.1	41712	42305	-	AG-912-L11_00543	AG-912-L11	197	OG0000922	NA	NA	COG0861	TerC	Tellurite resistance membrane protein TerC	AG-912-L11_00548	-5
CACPIF010000003.1	42305	43900	-	AG-912-L11_00544	AG-912-L11	531	OG0000054	NA	NA	COG2303	BetA	Choline dehydrogenase or related flavoprotein	AG-912-L11_00548	-4
CACPIF010000003.1	44047	45141	+	AG-912-L11_00545	AG-912-L11	364	OG0000072	NA	NA	COG4663	FcbT1	TRAP-type mannitol/chloroaromatic compound transport system, periplasmic component	AG-912-L11_00548	-3
CACPIF010000003.1	45210	45824	+	AG-912-L11_00546	AG-912-L11	204	OG0000994	NA	NA	COG4665	FcbT2	TRAP-type mannitol/chloroaromatic compound transport system, small permease component	AG-912-L11_00548	-2
CACPIF010000003.1	45821	47155	+	AG-912-L11_00547	AG-912-L11	444	OG0000987	K11690	C4-dicarboxylate transporter, DctM subunit	COG4664	FcbT3	TRAP-type mannitol/chloroaromatic compound transport system, large permease component	AG-912-L11_00548	-1
CACPIF010000003.1	47181	48638	+	AG-912-L11_00548	AG-912-L11	485	OG0000917	K03457	nucleobase:cation symporter-1, NCS1 family	COG1953	FUI1	Cytosine/uracil/thiamine/allantoin permease	AG-912-L11_00548	0
CACPIF010000003.1	48644	49390	+	AG-912-L11_00549	AG-912-L11	248	OG0001186	K21883	2-dehydro-3-deoxy-L-rhamnonate dehydrogenase (NAD+) [EC:1.1.1.401]	COG1028	FabG	NAD(P)-dependent dehydrogenase, short-chain alcohol dehydrogenase family	AG-912-L11_00548	1
CACPIF010000003.1	49605	50255	+	AG-912-L11_00550	AG-912-L11	216	OG0000965	NA	NA	NA	NA	NA	AG-912-L11_00548	2
CACPIF010000003.1	50256	50396	-	AG-912-L11_00551	AG-912-L11	46	OG0001143	NA	NA	NA	NA	NA	AG-912-L11_00548	3
CACPIF010000003.1	50454	50867	+	AG-912-L11_00552	AG-912-L11	137	OG0000808	K07107	acyl-CoA thioester hydrolase [EC:3.1.2.-]	COG0824	FadM	Acyl-CoA thioesterase FadM	AG-912-L11_00548	4
CACPIF010000003.1	50857	51537	-	AG-912-L11_00553	AG-912-L11	226	OG0001011	K21929	uracil-DNA glycosylase [EC:3.2.2.27]	COG1573	Udg4	Uracil-DNA glycosylase	AG-912-L11_00548	5
CACIEE010000008.1	11599	12279	+	AG-913-A04_00994	AG-913-A04	226	OG0001011	K21929	uracil-DNA glycosylase [EC:3.2.2.27]	COG1573	Udg4	Uracil-DNA glycosylase	AG-913-A04_00999	-5
CACIEE010000008.1	12276	12689	-	AG-913-A04_00995	AG-913-A04	137	OG0000808	K07107	acyl-CoA thioester hydrolase [EC:3.1.2.-]	COG0824	FadM	Acyl-CoA thioesterase FadM	AG-913-A04_00999	-4
CACIEE010000008.1	12748	12888	+	AG-913-A04_00996	AG-913-A04	46	OG0001143	NA	NA	NA	NA	NA	AG-913-A04_00999	-3
CACIEE010000008.1	12885	13535	-	AG-913-A04_00997	AG-913-A04	216	OG0000965	NA	NA	NA	NA	NA	AG-913-A04_00999	-2
CACIEE010000008.1	13748	14494	-	AG-913-A04_00998	AG-913-A04	248	OG0001186	K21883	2-dehydro-3-deoxy-L-rhamnonate dehydrogenase (NAD+) [EC:1.1.1.401]	COG1028	FabG	NAD(P)-dependent dehydrogenase, short-chain alcohol dehydrogenase family	AG-913-A04_00999	-1
CACIEE010000008.1	14500	15957	-	AG-913-A04_00999	AG-913-A04	485	OG0000917	K03457	nucleobase:cation symporter-1, NCS1 family	COG1953	FUI1	Cytosine/uracil/thiamine/allantoin permease	AG-913-A04_00999	0
CACIEE010000008.1	15983	17335	-	AG-913-A04_01000	AG-913-A04	450	OG0000987	K11690	C4-dicarboxylate transporter, DctM subunit	COG4664	FcbT3	TRAP-type mannitol/chloroaromatic compound transport system, large permease component	AG-913-A04_00999	1
CACIEE010000008.1	17314	17961	-	AG-913-A04_01001	AG-913-A04	215	OG0000994	NA	NA	COG4665	FcbT2	TRAP-type mannitol/chloroaromatic compound transport system, small permease component	AG-913-A04_00999	2
CACIEE010000008.1	18003	19097	-	AG-913-A04_01002	AG-913-A04	364	OG0000072	NA	NA	COG4663	FcbT1	TRAP-type mannitol/chloroaromatic compound transport system, periplasmic component	AG-913-A04_00999	3
CACIEE010000008.1	19238	20833	+	AG-913-A04_01003	AG-913-A04	531	OG0000054	NA	NA	COG2303	BetA	Choline dehydrogenase or related flavoprotein	AG-913-A04_00999	4
CACIEE010000008.1	20833	21426	+	AG-913-A04_01004	AG-913-A04	197	OG0000922	NA	NA	COG0861	TerC	Tellurite resistance membrane protein TerC	AG-913-A04_00999	5
CACIEO010000001.1	302332	302910	-	AG-913-C02_00293	AG-913-C02	192	OG0000922	NA	NA	COG0861	TerC	Tellurite resistance membrane protein TerC	AG-913-C02_00298	-5
CACIEO010000001.1	302910	304559	-	AG-913-C02_00294	AG-913-C02	549	OG0000054	NA	NA	COG2303	BetA	Choline dehydrogenase or related flavoprotein	AG-913-C02_00298	-4
CACIEO010000001.1	304615	305706	+	AG-913-C02_00295	AG-913-C02	363	OG0000072	NA	NA	COG4663	FcbT1	TRAP-type mannitol/chloroaromatic compound transport system, periplasmic component	AG-913-C02_00298	-3
CACIEO010000001.1	305771	306385	+	AG-913-C02_00296	AG-913-C02	204	OG0000994	NA	NA	COG4665	FcbT2	TRAP-type mannitol/chloroaromatic compound transport system, small permease component	AG-913-C02_00298	-2
CACIEO010000001.1	306382	307716	+	AG-913-C02_00297	AG-913-C02	444	OG0000987	K11690	C4-dicarboxylate transporter, DctM subunit	COG4664	FcbT3	TRAP-type mannitol/chloroaromatic compound transport system, large permease component	AG-913-C02_00298	-1
CACIEO010000001.1	307741	309204	+	AG-913-C02_00298	AG-913-C02	487	OG0000917	K03457	nucleobase:cation symporter-1, NCS1 family	COG1953	FUI1	Cytosine/uracil/thiamine/allantoin permease	AG-913-C02_00298	0
CACIEO010000001.1	309197	309940	+	AG-913-C02_00299	AG-913-C02	247	OG0001186	K21883	2-dehydro-3-deoxy-L-rhamnonate dehydrogenase (NAD+) [EC:1.1.1.401]	COG1028	FabG	NAD(P)-dependent dehydrogenase, short-chain alcohol dehydrogenase family	AG-913-C02_00298	1
CACIEO010000001.1	309930	310058	-	AG-913-C02_00300	AG-913-C02	42	OG0001265	NA	NA	NA	NA	NA	AG-913-C02_00298	2
CACIEO010000001.1	310055	310261	-	AG-913-C02_00301	AG-913-C02	68	OG0001436	NA	NA	NA	NA	NA	AG-913-C02_00298	3
CACIEO010000001.1	310370	311011	+	AG-913-C02_00302	AG-913-C02	213	OG0000965	NA	NA	NA	NA	NA	AG-913-C02_00298	4
CACIEM010000002.1	203749	204429	+	AG-913-C03_00541	AG-913-C03	226	OG0001011	K21929	uracil-DNA glycosylase [EC:3.2.2.27]	COG1573	Udg4	Uracil-DNA glycosylase	AG-913-C03_00546	-5
CACIEM010000002.1	204426	204839	-	AG-913-C03_00542	AG-913-C03	137	OG0000808	K07107	acyl-CoA thioester hydrolase [EC:3.1.2.-]	COG0824	FadM	Acyl-CoA thioesterase FadM	AG-913-C03_00546	-4
CACIEM010000002.1	204898	205038	+	AG-913-C03_00543	AG-913-C03	46	OG0001143	NA	NA	NA	NA	NA	AG-913-C03_00546	-3
CACIEM010000002.1	205035	205730	-	AG-913-C03_00544	AG-913-C03	231	OG0000965	NA	NA	NA	NA	NA	AG-913-C03_00546	-2
CACIEM010000002.1	205897	206643	-	AG-913-C03_00545	AG-913-C03	248	OG0001186	K21883	2-dehydro-3-deoxy-L-rhamnonate dehydrogenase (NAD+) [EC:1.1.1.401]	COG1028	FabG	NAD(P)-dependent dehydrogenase, short-chain alcohol dehydrogenase family	AG-913-C03_00546	-1
CACIEM010000002.1	206649	208106	-	AG-913-C03_00546	AG-913-C03	485	OG0000917	K03457	nucleobase:cation symporter-1, NCS1 family	COG1953	FUI1	Cytosine/uracil/thiamine/allantoin permease	AG-913-C03_00546	0
CACIEM010000002.1	208132	209232	-	AG-913-C03_00547	AG-913-C03	366	OG0000987	K11690	C4-dicarboxylate transporter, DctM subunit	COG4664	FcbT3	TRAP-type mannitol/chloroaromatic compound transport system, large permease component	AG-913-C03_00546	1
CACIKZ010000010.1	14579	15172	-	AG-913-F03_01055	AG-913-F03	197	OG0000922	NA	NA	COG0861	TerC	Tellurite resistance membrane protein TerC	AG-913-F03_01060	-5
CACIKZ010000010.1	15172	16767	-	AG-913-F03_01056	AG-913-F03	531	OG0000054	NA	NA	COG2303	BetA	Choline dehydrogenase or related flavoprotein	AG-913-F03_01060	-4
CACIKZ010000010.1	16913	18007	+	AG-913-F03_01057	AG-913-F03	364	OG0000072	NA	NA	COG4663	FcbT1	TRAP-type mannitol/chloroaromatic compound transport system, periplasmic component	AG-913-F03_01060	-3
CACIKZ010000010.1	18076	18690	+	AG-913-F03_01058	AG-913-F03	204	OG0000994	NA	NA	COG4665	FcbT2	TRAP-type mannitol/chloroaromatic compound transport system, small permease component	AG-913-F03_01060	-2
CACIKZ010000010.1	18687	20021	+	AG-913-F03_01059	AG-913-F03	444	OG0000987	K11690	C4-dicarboxylate transporter, DctM subunit	COG4664	FcbT3	TRAP-type mannitol/chloroaromatic compound transport system, large permease component	AG-913-F03_01060	-1
CACIKZ010000010.1	20047	21504	+	AG-913-F03_01060	AG-913-F03	485	OG0000917	K03457	nucleobase:cation symporter-1, NCS1 family	COG1953	FUI1	Cytosine/uracil/thiamine/allantoin permease	AG-913-F03_01060	0
CACIKZ010000010.1	21510	22256	+	AG-913-F03_01061	AG-913-F03	248	OG0001186	K21883	2-dehydro-3-deoxy-L-rhamnonate dehydrogenase (NAD+) [EC:1.1.1.401]	COG1028	FabG	NAD(P)-dependent dehydrogenase, short-chain alcohol dehydrogenase family	AG-913-F03_01060	1
CACIKZ010000010.1	22471	23121	+	AG-913-F03_01062	AG-913-F03	216	OG0000965	NA	NA	NA	NA	NA	AG-913-F03_01060	2
CACIKZ010000010.1	23125	23262	-	AG-913-F03_01063	AG-913-F03	45	OG0001143	NA	NA	NA	NA	NA	AG-913-F03_01060	3
CACIKZ010000010.1	23320	23733	+	AG-913-F03_01064	AG-913-F03	137	OG0000808	K07107	acyl-CoA thioester hydrolase [EC:3.1.2.-]	COG0824	FadM	Acyl-CoA thioesterase FadM	AG-913-F03_01060	4
CACIKZ010000010.1	23723	24403	-	AG-913-F03_01065	AG-913-F03	226	OG0001011	K21929	uracil-DNA glycosylase [EC:3.2.2.27]	COG1573	Udg4	Uracil-DNA glycosylase	AG-913-F03_01060	5
CACIIW010000001.1	358	1011	-	AG-913-G10_00001	AG-913-G10	217	OG0000965	NA	NA	NA	NA	NA	AG-913-G10_00004	-3
CACIIW010000001.1	1107	1238	+	AG-913-G10_00002	AG-913-G10	43	OG0001265	NA	NA	NA	NA	NA	AG-913-G10_00004	-2
CACIIW010000001.1	1235	2242	-	AG-913-G10_00003	AG-913-G10	335	OG0000009	NA	NA	COG1063	Tdh	Threonine dehydrogenase or related Zn-dependent dehydrogenase	AG-913-G10_00004	-1
CACIIW010000001.1	2242	3696	-	AG-913-G10_00004	AG-913-G10	484	OG0000917	K03457	nucleobase:cation symporter-1, NCS1 family	COG1953	FUI1	Cytosine/uracil/thiamine/allantoin permease	AG-913-G10_00004	0
CACIIW010000001.1	3719	5056	-	AG-913-G10_00005	AG-913-G10	445	OG0000987	K11690	C4-dicarboxylate transporter, DctM subunit	COG4664	FcbT3	TRAP-type mannitol/chloroaromatic compound transport system, large permease component	AG-913-G10_00004	1
CACIIW010000001.1	5056	5661	-	AG-913-G10_00006	AG-913-G10	201	OG0000994	NA	NA	COG4665	FcbT2	TRAP-type mannitol/chloroaromatic compound transport system, small permease component	AG-913-G10_00004	2
CACIIW010000001.1	5715	6812	-	AG-913-G10_00007	AG-913-G10	365	OG0000072	NA	NA	COG4663	FcbT1	TRAP-type mannitol/chloroaromatic compound transport system, periplasmic component	AG-913-G10_00004	3
CACIIW010000001.1	6949	8553	+	AG-913-G10_00008	AG-913-G10	534	OG0000054	NA	NA	COG2303	BetA	Choline dehydrogenase or related flavoprotein	AG-913-G10_00004	4
CACIIW010000001.1	8550	9128	+	AG-913-G10_00009	AG-913-G10	192	OG0000922	NA	NA	COG0861	TerC	Tellurite resistance membrane protein TerC	AG-913-G10_00004	5
CACILR010000001.1	86783	87490	+	AG-913-I09_00089	AG-913-I09	235	OG0001011	K21929	uracil-DNA glycosylase [EC:3.2.2.27]	COG1573	Udg4	Uracil-DNA glycosylase	AG-913-I09_00094	-5
CACILR010000001.1	87482	87874	-	AG-913-I09_00090	AG-913-I09	130	OG0000808	K07107	acyl-CoA thioester hydrolase [EC:3.1.2.-]	COG0824	FadM	Acyl-CoA thioesterase FadM	AG-913-I09_00094	-4
CACILR010000001.1	87894	88547	-	AG-913-I09_00091	AG-913-I09	217	OG0000965	NA	NA	NA	NA	NA	AG-913-I09_00094	-3
CACILR010000001.1	88643	88774	+	AG-913-I09_00092	AG-913-I09	43	OG0001265	NA	NA	NA	NA	NA	AG-913-I09_00094	-2
CACILR010000001.1	88771	89775	-	AG-913-I09_00093	AG-913-I09	334	OG0000009	NA	NA	COG1063	Tdh	Threonine dehydrogenase or related Zn-dependent dehydrogenase	AG-913-I09_00094	-1
CACILR010000001.1	89778	91232	-	AG-913-I09_00094	AG-913-I09	484	OG0000917	K03457	nucleobase:cation symporter-1, NCS1 family	COG1953	FUI1	Cytosine/uracil/thiamine/allantoin permease	AG-913-I09_00094	0
CACILR010000001.1	91255	92592	-	AG-913-I09_00095	AG-913-I09	445	OG0000987	K11690	C4-dicarboxylate transporter, DctM subunit	COG4664	FcbT3	TRAP-type mannitol/chloroaromatic compound transport system, large permease component	AG-913-I09_00094	1
CACILR010000001.1	92592	93197	-	AG-913-I09_00096	AG-913-I09	201	OG0000994	NA	NA	COG4665	FcbT2	TRAP-type mannitol/chloroaromatic compound transport system, small permease component	AG-913-I09_00094	2
CACILR010000001.1	93251	94348	-	AG-913-I09_00097	AG-913-I09	365	OG0000072	NA	NA	COG4663	FcbT1	TRAP-type mannitol/chloroaromatic compound transport system, periplasmic component	AG-913-I09_00094	3
CACILR010000001.1	94484	96088	+	AG-913-I09_00098	AG-913-I09	534	OG0000054	NA	NA	COG2303	BetA	Choline dehydrogenase or related flavoprotein	AG-913-I09_00094	4
CACILR010000001.1	96085	96663	+	AG-913-I09_00099	AG-913-I09	192	OG0000922	NA	NA	COG0861	TerC	Tellurite resistance membrane protein TerC	AG-913-I09_00094	5
CACIMN010000021.1	149	289	+	AG-913-L03_01369	AG-913-L03	46	OG0001143	NA	NA	NA	NA	NA	AG-913-L03_01373	-4
CACIMN010000021.1	290	940	-	AG-913-L03_01370	AG-913-L03	216	OG0000965	NA	NA	NA	NA	NA	AG-913-L03_01373	-3
CACIMN010000021.1	1030	1152	+	AG-913-L03_01371	AG-913-L03	40	OG0001265	NA	NA	NA	NA	NA	AG-913-L03_01373	-2
CACIMN010000021.1	1155	1901	-	AG-913-L03_01372	AG-913-L03	248	OG0001186	K21883	2-dehydro-3-deoxy-L-rhamnonate dehydrogenase (NAD+) [EC:1.1.1.401]	COG1028	FabG	NAD(P)-dependent dehydrogenase, short-chain alcohol dehydrogenase family	AG-913-L03_01373	-1
CACIMN010000021.1	1907	2224	-	AG-913-L03_01373	AG-913-L03	105	OG0000917	NA	NA	COG1953	FUI1	Cytosine/uracil/thiamine/allantoin permease	AG-913-L03_01373	0
CACINR010000019.1	3358	3771	-	AG-913-M13_01246	AG-913-M13	137	OG0000808	K07107	acyl-CoA thioester hydrolase [EC:3.1.2.-]	COG0824	FadM	Acyl-CoA thioesterase FadM	AG-913-M13_01251	-5
CACINR010000019.1	3829	3969	+	AG-913-M13_01247	AG-913-M13	46	OG0001143	NA	NA	NA	NA	NA	AG-913-M13_01251	-4
CACINR010000019.1	3970	4620	-	AG-913-M13_01248	AG-913-M13	216	OG0000965	NA	NA	NA	NA	NA	AG-913-M13_01251	-3
CACINR010000019.1	4710	4832	+	AG-913-M13_01249	AG-913-M13	40	OG0001265	NA	NA	NA	NA	NA	AG-913-M13_01251	-2
CACINR010000019.1	4835	5581	-	AG-913-M13_01250	AG-913-M13	248	OG0001186	K21883	2-dehydro-3-deoxy-L-rhamnonate dehydrogenase (NAD+) [EC:1.1.1.401]	COG1028	FabG	NAD(P)-dependent dehydrogenase, short-chain alcohol dehydrogenase family	AG-913-M13_01251	-1
CACINR010000019.1	5587	6222	-	AG-913-M13_01251	AG-913-M13	211	OG0000917	NA	NA	COG1953	FUI1	Cytosine/uracil/thiamine/allantoin permease	AG-913-M13_01251	0
CACPKK010000001.1	82451	83377	+	AG-913-O18_00086	AG-913-O18	308	OG0000005	K00020	3-hydroxyisobutyrate dehydrogenase [EC:1.1.1.31]	COG2084	MmsB	3-hydroxyisobutyrate dehydrogenase or related beta-hydroxyacid dehydrogenase	AG-913-O18_00091	-5
CACPKK010000001.1	83493	84581	+	AG-913-O18_00087	AG-913-O18	362	OG0000072	NA	NA	COG4663	FcbT1	TRAP-type mannitol/chloroaromatic compound transport system, periplasmic component	AG-913-O18_00091	-4
CACPKK010000001.1	84658	85314	+	AG-913-O18_00088	AG-913-O18	218	OG0000994	NA	NA	COG4665	FcbT2	TRAP-type mannitol/chloroaromatic compound transport system, small permease component	AG-913-O18_00091	-3
CACPKK010000001.1	85314	86645	+	AG-913-O18_00089	AG-913-O18	443	OG0000987	K11690	C4-dicarboxylate transporter, DctM subunit	COG4664	FcbT3	TRAP-type mannitol/chloroaromatic compound transport system, large permease component	AG-913-O18_00091	-2
CACPKK010000001.1	86635	87534	-	AG-913-O18_00090	AG-913-O18	299	OG0001024	NA	NA	COG0697	EamA	Amino acid export permease, drug/metabolite transporter (DMT) superfamily	AG-913-O18_00091	-1
CACPKK010000001.1	87599	89050	+	AG-913-O18_00091	AG-913-O18	483	OG0000917	K03457	nucleobase:cation symporter-1, NCS1 family	COG1953	FUI1	Cytosine/uracil/thiamine/allantoin permease	AG-913-O18_00091	0
CACPKK010000001.1	89053	90060	+	AG-913-O18_00092	AG-913-O18	335	OG0000009	NA	NA	COG1063	Tdh	Threonine dehydrogenase or related Zn-dependent dehydrogenase	AG-913-O18_00091	1
CACPKK010000001.1	90106	90756	+	AG-913-O18_00093	AG-913-O18	216	OG0000965	NA	NA	NA	NA	NA	AG-913-O18_00091	2
CACPKK010000001.1	90950	91342	+	AG-913-O18_00094	AG-913-O18	130	OG0000808	K07107	acyl-CoA thioester hydrolase [EC:3.1.2.-]	COG0824	FadM	Acyl-CoA thioesterase FadM	AG-913-O18_00091	3
CACPKK010000001.1	91335	92009	-	AG-913-O18_00095	AG-913-O18	224	OG0001011	K21929	uracil-DNA glycosylase [EC:3.2.2.27]	COG1573	Udg4	Uracil-DNA glycosylase	AG-913-O18_00091	4
CACPKK010000001.1	92058	92912	+	AG-913-O18_00096	AG-913-O18	284	OG0001294	K00020	3-hydroxyisobutyrate dehydrogenase [EC:1.1.1.31]	COG2084	MmsB	3-hydroxyisobutyrate dehydrogenase or related beta-hydroxyacid dehydrogenase	AG-913-O18_00091	5
CACITU010000011.1	16	723	+	AG-914-B14_01083	AG-914-B14	235	OG0000917	NA	NA	COG1953	FUI1	Cytosine/uracil/thiamine/allantoin permease	AG-914-B14_01083	0
CACITU010000011.1	725	1729	+	AG-914-B14_01084	AG-914-B14	334	OG0000009	NA	NA	COG1063	Tdh	Threonine dehydrogenase or related Zn-dependent dehydrogenase	AG-914-B14_01083	1
CACITU010000011.1	1713	1853	-	AG-914-B14_01085	AG-914-B14	46	OG0001265	NA	NA	NA	NA	NA	AG-914-B14_01083	2
CACITU010000011.1	1943	2593	+	AG-914-B14_01086	AG-914-B14	216	OG0000965	NA	NA	NA	NA	NA	AG-914-B14_01083	3
CACITU010000011.1	2594	2734	-	AG-914-B14_01087	AG-914-B14	46	OG0001143	NA	NA	NA	NA	NA	AG-914-B14_01083	4
CACITU010000011.1	2792	3202	+	AG-914-B14_01088	AG-914-B14	136	OG0000808	K07107	acyl-CoA thioester hydrolase [EC:3.1.2.-]	COG0824	FadM	Acyl-CoA thioesterase FadM	AG-914-B14_01083	5
CACIZB010000003.1	85816	86409	-	AG-914-L04_00481	AG-914-L04	197	OG0000922	NA	NA	COG0861	TerC	Tellurite resistance membrane protein TerC	AG-914-L04_00486	-5
CACIZB010000003.1	86409	88004	-	AG-914-L04_00482	AG-914-L04	531	OG0000054	NA	NA	COG2303	BetA	Choline dehydrogenase or related flavoprotein	AG-914-L04_00486	-4
CACIZB010000003.1	88138	89232	+	AG-914-L04_00483	AG-914-L04	364	OG0000072	NA	NA	COG4663	FcbT1	TRAP-type mannitol/chloroaromatic compound transport system, periplasmic component	AG-914-L04_00486	-3
CACIZB010000003.1	89303	89923	+	AG-914-L04_00484	AG-914-L04	206	OG0000994	NA	NA	COG4665	FcbT2	TRAP-type mannitol/chloroaromatic compound transport system, small permease component	AG-914-L04_00486	-2
CACIZB010000003.1	89920	91254	+	AG-914-L04_00485	AG-914-L04	444	OG0000987	K11690	C4-dicarboxylate transporter, DctM subunit	COG4664	FcbT3	TRAP-type mannitol/chloroaromatic compound transport system, large permease component	AG-914-L04_00486	-1
CACIZB010000003.1	91280	92737	+	AG-914-L04_00486	AG-914-L04	485	OG0000917	K03457	nucleobase:cation symporter-1, NCS1 family	COG1953	FUI1	Cytosine/uracil/thiamine/allantoin permease	AG-914-L04_00486	0
CACIZB010000003.1	92742	93494	+	AG-914-L04_00487	AG-914-L04	250	OG0001186	K21883	2-dehydro-3-deoxy-L-rhamnonate dehydrogenase (NAD+) [EC:1.1.1.401]	COG1028	FabG	NAD(P)-dependent dehydrogenase, short-chain alcohol dehydrogenase family	AG-914-L04_00486	1
CACIZB010000003.1	93491	93628	-	AG-914-L04_00488	AG-914-L04	45	OG0001265	NA	NA	NA	NA	NA	AG-914-L04_00486	2
CACIZB010000003.1	93702	94352	+	AG-914-L04_00489	AG-914-L04	216	OG0000965	NA	NA	NA	NA	NA	AG-914-L04_00486	3
CACIZB010000003.1	94353	94493	-	AG-914-L04_00490	AG-914-L04	46	OG0001143	NA	NA	NA	NA	NA	AG-914-L04_00486	4
CACIZB010000003.1	94552	94974	+	AG-914-L04_00491	AG-914-L04	140	OG0000808	K07107	acyl-CoA thioester hydrolase [EC:3.1.2.-]	COG0824	FadM	Acyl-CoA thioesterase FadM	AG-914-L04_00486	5
CACPMO010000005.1	12787	13365	-	AG-914-L20_00722	AG-914-L20	192	OG0000922	NA	NA	COG0861	TerC	Tellurite resistance membrane protein TerC	AG-914-L20_00727	-5
CACPMO010000005.1	13365	14960	-	AG-914-L20_00723	AG-914-L20	531	OG0000054	NA	NA	COG2303	BetA	Choline dehydrogenase or related flavoprotein	AG-914-L20_00727	-4
CACPMO010000005.1	15070	16161	+	AG-914-L20_00724	AG-914-L20	363	OG0000072	NA	NA	COG4663	FcbT1	TRAP-type mannitol/chloroaromatic compound transport system, periplasmic component	AG-914-L20_00727	-3
CACPMO010000005.1	16229	16843	+	AG-914-L20_00725	AG-914-L20	204	OG0000994	NA	NA	COG4665	FcbT2	TRAP-type mannitol/chloroaromatic compound transport system, small permease component	AG-914-L20_00727	-2
CACPMO010000005.1	16840	18174	+	AG-914-L20_00726	AG-914-L20	444	OG0000987	K11690	C4-dicarboxylate transporter, DctM subunit	COG4664	FcbT3	TRAP-type mannitol/chloroaromatic compound transport system, large permease component	AG-914-L20_00727	-1
CACPMO010000005.1	18199	19662	+	AG-914-L20_00727	AG-914-L20	487	OG0000917	K03457	nucleobase:cation symporter-1, NCS1 family	COG1953	FUI1	Cytosine/uracil/thiamine/allantoin permease	AG-914-L20_00727	0
CACPMO010000005.1	19655	20398	+	AG-914-L20_00728	AG-914-L20	247	OG0001186	K21883	2-dehydro-3-deoxy-L-rhamnonate dehydrogenase (NAD+) [EC:1.1.1.401]	COG1028	FabG	NAD(P)-dependent dehydrogenase, short-chain alcohol dehydrogenase family	AG-914-L20_00727	1
CACPMO010000005.1	20388	20516	-	AG-914-L20_00729	AG-914-L20	42	OG0001265	NA	NA	NA	NA	NA	AG-914-L20_00727	2
CACPMO010000005.1	20513	20719	-	AG-914-L20_00730	AG-914-L20	68	OG0001436	NA	NA	NA	NA	NA	AG-914-L20_00727	3
CACPMO010000005.1	20827	21468	+	AG-914-L20_00731	AG-914-L20	213	OG0000965	NA	NA	NA	NA	NA	AG-914-L20_00727	4
CACPMO010000005.1	21469	21609	-	AG-914-L20_00732	AG-914-L20	46	OG0001143	NA	NA	NA	NA	NA	AG-914-L20_00727	5
CACJFQ010000010.1	4783	5340	-	AG-914-P23_01045	AG-914-P23	185	OG0000787	NA	NA	COG2062	SixA	Phosphohistidine phosphatase SixA	AG-914-P23_01050	-5
CACJFQ010000010.1	5343	6023	+	AG-914-P23_01046	AG-914-P23	226	OG0001011	K21929	uracil-DNA glycosylase [EC:3.2.2.27]	COG1573	Udg4	Uracil-DNA glycosylase	AG-914-P23_01050	-4
CACJFQ010000010.1	6020	6433	-	AG-914-P23_01047	AG-914-P23	137	OG0000808	K07107	acyl-CoA thioester hydrolase [EC:3.1.2.-]	COG0824	FadM	Acyl-CoA thioesterase FadM	AG-914-P23_01050	-3
CACJFQ010000010.1	6629	7279	-	AG-914-P23_01048	AG-914-P23	216	OG0000965	NA	NA	NA	NA	NA	AG-914-P23_01050	-2
CACJFQ010000010.1	7479	8483	-	AG-914-P23_01049	AG-914-P23	334	OG0000009	NA	NA	COG1063	Tdh	Threonine dehydrogenase or related Zn-dependent dehydrogenase	AG-914-P23_01050	-1
CACJFQ010000010.1	8485	9942	-	AG-914-P23_01050	AG-914-P23	485	OG0000917	K03457	nucleobase:cation symporter-1, NCS1 family	COG1953	FUI1	Cytosine/uracil/thiamine/allantoin permease	AG-914-P23_01050	0
CACJFQ010000010.1	10008	10904	+	AG-914-P23_01051	AG-914-P23	298	OG0001024	NA	NA	COG0697	EamA	Amino acid export permease, drug/metabolite transporter (DMT) superfamily	AG-914-P23_01050	1
CACJFQ010000010.1	10905	12245	-	AG-914-P23_01052	AG-914-P23	446	OG0000987	K11690	C4-dicarboxylate transporter, DctM subunit	COG4664	FcbT3	TRAP-type mannitol/chloroaromatic compound transport system, large permease component	AG-914-P23_01050	2
CACJFQ010000010.1	12236	12892	-	AG-914-P23_01053	AG-914-P23	218	OG0000994	NA	NA	COG4665	FcbT2	TRAP-type mannitol/chloroaromatic compound transport system, small permease component	AG-914-P23_01050	3
CACJFQ010000010.1	12964	14052	-	AG-914-P23_01054	AG-914-P23	362	OG0000072	NA	NA	COG4663	FcbT1	TRAP-type mannitol/chloroaromatic compound transport system, periplasmic component	AG-914-P23_01050	4
CACJFQ010000010.1	14184	15110	-	AG-914-P23_01055	AG-914-P23	308	OG0000005	K00020	3-hydroxyisobutyrate dehydrogenase [EC:1.1.1.31]	COG2084	MmsB	3-hydroxyisobutyrate dehydrogenase or related beta-hydroxyacid dehydrogenase	AG-914-P23_01050	5
CACJNE010000006.1	49992	50918	+	AG-915-G13_00793	AG-915-G13	308	OG0000005	K00020	3-hydroxyisobutyrate dehydrogenase [EC:1.1.1.31]	COG2084	MmsB	3-hydroxyisobutyrate dehydrogenase or related beta-hydroxyacid dehydrogenase	AG-915-G13_00798	-5
CACJNE010000006.1	51040	52128	+	AG-915-G13_00794	AG-915-G13	362	OG0000072	NA	NA	COG4663	FcbT1	TRAP-type mannitol/chloroaromatic compound transport system, periplasmic component	AG-915-G13_00798	-4
CACJNE010000006.1	52205	52861	+	AG-915-G13_00795	AG-915-G13	218	OG0000994	NA	NA	COG4665	FcbT2	TRAP-type mannitol/chloroaromatic compound transport system, small permease component	AG-915-G13_00798	-3
CACJNE010000006.1	52861	54192	+	AG-915-G13_00796	AG-915-G13	443	OG0000987	K11690	C4-dicarboxylate transporter, DctM subunit	COG4664	FcbT3	TRAP-type mannitol/chloroaromatic compound transport system, large permease component	AG-915-G13_00798	-2
CACJNE010000006.1	54182	55081	-	AG-915-G13_00797	AG-915-G13	299	OG0001024	NA	NA	COG0697	EamA	Amino acid export permease, drug/metabolite transporter (DMT) superfamily	AG-915-G13_00798	-1
CACJNE010000006.1	55146	56597	+	AG-915-G13_00798	AG-915-G13	483	OG0000917	K03457	nucleobase:cation symporter-1, NCS1 family	COG1953	FUI1	Cytosine/uracil/thiamine/allantoin permease	AG-915-G13_00798	0
CACJNE010000006.1	56600	57607	+	AG-915-G13_00799	AG-915-G13	335	OG0000009	NA	NA	COG1063	Tdh	Threonine dehydrogenase or related Zn-dependent dehydrogenase	AG-915-G13_00798	1
CACJNE010000006.1	57629	58303	+	AG-915-G13_00800	AG-915-G13	224	OG0000965	NA	NA	NA	NA	NA	AG-915-G13_00798	2
CACJNE010000006.1	58497	58889	+	AG-915-G13_00801	AG-915-G13	130	OG0000808	K07107	acyl-CoA thioester hydrolase [EC:3.1.2.-]	COG0824	FadM	Acyl-CoA thioesterase FadM	AG-915-G13_00798	3
CACJNE010000006.1	58882	59556	-	AG-915-G13_00802	AG-915-G13	224	OG0001011	K21929	uracil-DNA glycosylase [EC:3.2.2.27]	COG1573	Udg4	Uracil-DNA glycosylase	AG-915-G13_00798	4
CACJNE010000006.1	59607	60461	+	AG-915-G13_00803	AG-915-G13	284	OG0001294	K00020	3-hydroxyisobutyrate dehydrogenase [EC:1.1.1.31]	COG2084	MmsB	3-hydroxyisobutyrate dehydrogenase or related beta-hydroxyacid dehydrogenase	AG-915-G13_00798	5
CACJNI010000024.1	70	777	+	AG-915-G14_01377	AG-915-G14	235	OG0001011	K21929	uracil-DNA glycosylase [EC:3.2.2.27]	COG1573	Udg4	Uracil-DNA glycosylase	AG-915-G14_01381	-4
CACJNI010000024.1	769	1161	-	AG-915-G14_01378	AG-915-G14	130	OG0000808	K07107	acyl-CoA thioester hydrolase [EC:3.1.2.-]	COG0824	FadM	Acyl-CoA thioesterase FadM	AG-915-G14_01381	-3
CACJNI010000024.1	1181	1834	-	AG-915-G14_01379	AG-915-G14	217	OG0000965	NA	NA	NA	NA	NA	AG-915-G14_01381	-2
CACJNI010000024.1	2058	3065	-	AG-915-G14_01380	AG-915-G14	335	OG0000009	NA	NA	COG1063	Tdh	Threonine dehydrogenase or related Zn-dependent dehydrogenase	AG-915-G14_01381	-1
CACJNI010000024.1	3062	3547	-	AG-915-G14_01381	AG-915-G14	161	OG0000917	NA	NA	COG1953	FUI1	Cytosine/uracil/thiamine/allantoin permease	AG-915-G14_01381	0
CACJMX010000006.1	20018	20434	-	AG-915-K13_01156	AG-915-K13	138	OG0000808	K07107	acyl-CoA thioester hydrolase [EC:3.1.2.-]	COG0824	FadM	Acyl-CoA thioesterase FadM	AG-915-K13_01161	-5
CACJMX010000006.1	20493	20633	+	AG-915-K13_01157	AG-915-K13	46	OG0001143	NA	NA	NA	NA	NA	AG-915-K13_01161	-4
CACJMX010000006.1	20630	21280	-	AG-915-K13_01158	AG-915-K13	216	OG0000965	NA	NA	NA	NA	NA	AG-915-K13_01161	-3
CACJMX010000006.1	21371	21487	+	AG-915-K13_01159	AG-915-K13	38	OG0001265	NA	NA	NA	NA	NA	AG-915-K13_01161	-2
CACJMX010000006.1	21493	22239	-	AG-915-K13_01160	AG-915-K13	248	OG0001186	K21883	2-dehydro-3-deoxy-L-rhamnonate dehydrogenase (NAD+) [EC:1.1.1.401]	COG1028	FabG	NAD(P)-dependent dehydrogenase, short-chain alcohol dehydrogenase family	AG-915-K13_01161	-1
CACJMX010000006.1	22245	23702	-	AG-915-K13_01161	AG-915-K13	485	OG0000917	K03457	nucleobase:cation symporter-1, NCS1 family	COG1953	FUI1	Cytosine/uracil/thiamine/allantoin permease	AG-915-K13_01161	0
CACJMX010000006.1	23728	25080	-	AG-915-K13_01162	AG-915-K13	450	OG0000987	K11690	C4-dicarboxylate transporter, DctM subunit	COG4664	FcbT3	TRAP-type mannitol/chloroaromatic compound transport system, large permease component	AG-915-K13_01161	1
CACJMX010000006.1	25059	25673	-	AG-915-K13_01163	AG-915-K13	204	OG0000994	NA	NA	COG4665	FcbT2	TRAP-type mannitol/chloroaromatic compound transport system, small permease component	AG-915-K13_01161	2
CACJMX010000006.1	25747	26841	-	AG-915-K13_01164	AG-915-K13	364	OG0000072	NA	NA	COG4663	FcbT1	TRAP-type mannitol/chloroaromatic compound transport system, periplasmic component	AG-915-K13_01161	3
CACJMX010000006.1	26982	28577	+	AG-915-K13_01165	AG-915-K13	531	OG0000054	NA	NA	COG2303	BetA	Choline dehydrogenase or related flavoprotein	AG-915-K13_01161	4
CACJMX010000006.1	28577	29170	+	AG-915-K13_01166	AG-915-K13	197	OG0000922	NA	NA	COG0861	TerC	Tellurite resistance membrane protein TerC	AG-915-K13_01161	5
CACJUF010000017.1	11117	11710	-	AG-916-A16_01081	AG-916-A16	197	OG0000922	NA	NA	COG0861	TerC	Tellurite resistance membrane protein TerC	AG-916-A16_01086	-5
CACJUF010000017.1	11710	13305	-	AG-916-A16_01082	AG-916-A16	531	OG0000054	NA	NA	COG2303	BetA	Choline dehydrogenase or related flavoprotein	AG-916-A16_01086	-4
CACJUF010000017.1	13439	14533	+	AG-916-A16_01083	AG-916-A16	364	OG0000072	NA	NA	COG4663	FcbT1	TRAP-type mannitol/chloroaromatic compound transport system, periplasmic component	AG-916-A16_01086	-3
CACJUF010000017.1	14603	15220	+	AG-916-A16_01084	AG-916-A16	205	OG0000994	NA	NA	COG4665	FcbT2	TRAP-type mannitol/chloroaromatic compound transport system, small permease component	AG-916-A16_01086	-2
CACJUF010000017.1	15220	16554	+	AG-916-A16_01085	AG-916-A16	444	OG0000987	K11690	C4-dicarboxylate transporter, DctM subunit	COG4664	FcbT3	TRAP-type mannitol/chloroaromatic compound transport system, large permease component	AG-916-A16_01086	-1
CACJUF010000017.1	16580	18037	+	AG-916-A16_01086	AG-916-A16	485	OG0000917	K03457	nucleobase:cation symporter-1, NCS1 family	COG1953	FUI1	Cytosine/uracil/thiamine/allantoin permease	AG-916-A16_01086	0
CACJUF010000017.1	18042	18794	+	AG-916-A16_01087	AG-916-A16	250	OG0001186	K21883	2-dehydro-3-deoxy-L-rhamnonate dehydrogenase (NAD+) [EC:1.1.1.401]	COG1028	FabG	NAD(P)-dependent dehydrogenase, short-chain alcohol dehydrogenase family	AG-916-A16_01086	1
CACJUF010000017.1	18791	18928	-	AG-916-A16_01088	AG-916-A16	45	OG0001265	NA	NA	NA	NA	NA	AG-916-A16_01086	2
CACJUF010000017.1	19013	19663	+	AG-916-A16_01089	AG-916-A16	216	OG0000965	NA	NA	NA	NA	NA	AG-916-A16_01086	3
CACJUF010000017.1	19664	19804	-	AG-916-A16_01090	AG-916-A16	46	OG0001143	NA	NA	NA	NA	NA	AG-916-A16_01086	4
CACJUF010000017.1	19862	20284	+	AG-916-A16_01091	AG-916-A16	140	OG0000808	K07107	acyl-CoA thioester hydrolase [EC:3.1.2.-]	COG0824	FadM	Acyl-CoA thioesterase FadM	AG-916-A16_01086	5
CACJUD010000016.1	2864	3445	-	AG-916-A21_01073	AG-916-A21	193	OG0000922	NA	NA	COG0861	TerC	Tellurite resistance membrane protein TerC	AG-916-A21_01078	-5
CACJUD010000016.1	3442	5061	-	AG-916-A21_01074	AG-916-A21	539	OG0000054	NA	NA	COG2303	BetA	Choline dehydrogenase or related flavoprotein	AG-916-A21_01078	-4
CACJUD010000016.1	5192	6283	+	AG-916-A21_01075	AG-916-A21	363	OG0000072	NA	NA	COG4663	FcbT1	TRAP-type mannitol/chloroaromatic compound transport system, periplasmic component	AG-916-A21_01078	-3
CACJUD010000016.1	6352	6966	+	AG-916-A21_01076	AG-916-A21	204	OG0000994	NA	NA	COG4665	FcbT2	TRAP-type mannitol/chloroaromatic compound transport system, small permease component	AG-916-A21_01078	-2
CACJUD010000016.1	6963	8297	+	AG-916-A21_01077	AG-916-A21	444	OG0000987	K11690	C4-dicarboxylate transporter, DctM subunit	COG4664	FcbT3	TRAP-type mannitol/chloroaromatic compound transport system, large permease component	AG-916-A21_01078	-1
CACJUD010000016.1	8322	9782	+	AG-916-A21_01078	AG-916-A21	486	OG0000917	K03457	nucleobase:cation symporter-1, NCS1 family	COG1953	FUI1	Cytosine/uracil/thiamine/allantoin permease	AG-916-A21_01078	0
CACJUD010000016.1	9779	10525	+	AG-916-A21_01079	AG-916-A21	248	OG0001186	K21883	2-dehydro-3-deoxy-L-rhamnonate dehydrogenase (NAD+) [EC:1.1.1.401]	COG1028	FabG	NAD(P)-dependent dehydrogenase, short-chain alcohol dehydrogenase family	AG-916-A21_01078	1
CACJUD010000016.1	10527	10640	-	AG-916-A21_01080	AG-916-A21	37	OG0001265	NA	NA	NA	NA	NA	AG-916-A21_01078	2
CACJUD010000016.1	10658	10864	-	AG-916-A21_01081	AG-916-A21	68	OG0001436	NA	NA	NA	NA	NA	AG-916-A21_01078	3
CACJUD010000016.1	10972	11619	+	AG-916-A21_01082	AG-916-A21	215	OG0000965	NA	NA	NA	NA	NA	AG-916-A21_01078	4
CACJUD010000016.1	11630	12028	+	AG-916-A21_01083	AG-916-A21	132	OG0000808	K07107	acyl-CoA thioester hydrolase [EC:3.1.2.-]	COG0824	FadM	Acyl-CoA thioesterase FadM	AG-916-A21_01078	5
CACJUJ010000007.1	54173	54751	-	AG-916-B06_00703	AG-916-B06	192	OG0000922	NA	NA	COG0861	TerC	Tellurite resistance membrane protein TerC	AG-916-B06_00708	-5
CACJUJ010000007.1	54748	56352	-	AG-916-B06_00704	AG-916-B06	534	OG0000054	NA	NA	COG2303	BetA	Choline dehydrogenase or related flavoprotein	AG-916-B06_00708	-4
CACJUJ010000007.1	56488	57585	+	AG-916-B06_00705	AG-916-B06	365	OG0000072	NA	NA	COG4663	FcbT1	TRAP-type mannitol/chloroaromatic compound transport system, periplasmic component	AG-916-B06_00708	-3
CACJUJ010000007.1	57639	58244	+	AG-916-B06_00706	AG-916-B06	201	OG0000994	NA	NA	COG4665	FcbT2	TRAP-type mannitol/chloroaromatic compound transport system, small permease component	AG-916-B06_00708	-2
CACJUJ010000007.1	58244	59581	+	AG-916-B06_00707	AG-916-B06	445	OG0000987	K11690	C4-dicarboxylate transporter, DctM subunit	COG4664	FcbT3	TRAP-type mannitol/chloroaromatic compound transport system, large permease component	AG-916-B06_00708	-1
CACJUJ010000007.1	59604	61058	+	AG-916-B06_00708	AG-916-B06	484	OG0000917	K03457	nucleobase:cation symporter-1, NCS1 family	COG1953	FUI1	Cytosine/uracil/thiamine/allantoin permease	AG-916-B06_00708	0
CACJUJ010000007.1	61058	62065	+	AG-916-B06_00709	AG-916-B06	335	OG0000009	NA	NA	COG1063	Tdh	Threonine dehydrogenase or related Zn-dependent dehydrogenase	AG-916-B06_00708	1
CACJUJ010000007.1	62289	62942	+	AG-916-B06_00710	AG-916-B06	217	OG0000965	NA	NA	NA	NA	NA	AG-916-B06_00708	2
CACJUJ010000007.1	62962	63354	+	AG-916-B06_00711	AG-916-B06	130	OG0000808	K07107	acyl-CoA thioester hydrolase [EC:3.1.2.-]	COG0824	FadM	Acyl-CoA thioesterase FadM	AG-916-B06_00708	3
CACJUJ010000007.1	63346	64053	-	AG-916-B06_00712	AG-916-B06	235	OG0001011	K21929	uracil-DNA glycosylase [EC:3.2.2.27]	COG1573	Udg4	Uracil-DNA glycosylase	AG-916-B06_00708	4
CACPQM010000011.1	27345	28034	+	AG-916-B15_01132	AG-916-B15	229	OG0001011	K21929	uracil-DNA glycosylase [EC:3.2.2.27]	COG1573	Udg4	Uracil-DNA glycosylase	AG-916-B15_01137	-5
CACPQM010000011.1	28015	28404	-	AG-916-B15_01133	AG-916-B15	129	OG0000808	K07107	acyl-CoA thioester hydrolase [EC:3.1.2.-]	COG0824	FadM	Acyl-CoA thioesterase FadM	AG-916-B15_01137	-4
CACPQM010000011.1	28459	28596	+	AG-916-B15_01134	AG-916-B15	45	OG0001143	NA	NA	NA	NA	NA	AG-916-B15_01137	-3
CACPQM010000011.1	28598	29266	-	AG-916-B15_01135	AG-916-B15	222	OG0000965	NA	NA	NA	NA	NA	AG-916-B15_01137	-2
CACPQM010000011.1	29294	30301	-	AG-916-B15_01136	AG-916-B15	335	OG0000009	NA	NA	COG1063	Tdh	Threonine dehydrogenase or related Zn-dependent dehydrogenase	AG-916-B15_01137	-1
CACPQM010000011.1	30304	31755	-	AG-916-B15_01137	AG-916-B15	483	OG0000917	K03457	nucleobase:cation symporter-1, NCS1 family	COG1953	FUI1	Cytosine/uracil/thiamine/allantoin permease	AG-916-B15_01137	0
CACPQM010000011.1	31818	32717	+	AG-916-B15_01138	AG-916-B15	299	OG0001024	NA	NA	COG0697	EamA	Amino acid export permease, drug/metabolite transporter (DMT) superfamily	AG-916-B15_01137	1
CACPQM010000011.1	32707	34038	-	AG-916-B15_01139	AG-916-B15	443	OG0000987	K11690	C4-dicarboxylate transporter, DctM subunit	COG4664	FcbT3	TRAP-type mannitol/chloroaromatic compound transport system, large permease component	AG-916-B15_01137	2
CACPQM010000011.1	34038	34694	-	AG-916-B15_01140	AG-916-B15	218	OG0000994	NA	NA	COG4665	FcbT2	TRAP-type mannitol/chloroaromatic compound transport system, small permease component	AG-916-B15_01137	3
CACPQM010000011.1	34771	35859	-	AG-916-B15_01141	AG-916-B15	362	OG0000072	NA	NA	COG4663	FcbT1	TRAP-type mannitol/chloroaromatic compound transport system, periplasmic component	AG-916-B15_01137	4
CACPQM010000011.1	35984	36910	-	AG-916-B15_01142	AG-916-B15	308	OG0000005	K00020	3-hydroxyisobutyrate dehydrogenase [EC:1.1.1.31]	COG2084	MmsB	3-hydroxyisobutyrate dehydrogenase or related beta-hydroxyacid dehydrogenase	AG-916-B15_01137	5
CACJWS010000016.1	9459	10037	-	AG-916-E19_01162	AG-916-E19	192	OG0000922	NA	NA	COG0861	TerC	Tellurite resistance membrane protein TerC	AG-916-E19_01167	-5
CACJWS010000016.1	10034	11638	-	AG-916-E19_01163	AG-916-E19	534	OG0000054	NA	NA	COG2303	BetA	Choline dehydrogenase or related flavoprotein	AG-916-E19_01167	-4
CACJWS010000016.1	11774	12871	+	AG-916-E19_01164	AG-916-E19	365	OG0000072	NA	NA	COG4663	FcbT1	TRAP-type mannitol/chloroaromatic compound transport system, periplasmic component	AG-916-E19_01167	-3
CACJWS010000016.1	12925	13530	+	AG-916-E19_01165	AG-916-E19	201	OG0000994	NA	NA	COG4665	FcbT2	TRAP-type mannitol/chloroaromatic compound transport system, small permease component	AG-916-E19_01167	-2
CACJWS010000016.1	13530	14867	+	AG-916-E19_01166	AG-916-E19	445	OG0000987	K11690	C4-dicarboxylate transporter, DctM subunit	COG4664	FcbT3	TRAP-type mannitol/chloroaromatic compound transport system, large permease component	AG-916-E19_01167	-1
CACJWS010000016.1	14890	16344	+	AG-916-E19_01167	AG-916-E19	484	OG0000917	K03457	nucleobase:cation symporter-1, NCS1 family	COG1953	FUI1	Cytosine/uracil/thiamine/allantoin permease	AG-916-E19_01167	0
CACJWS010000016.1	16347	17351	+	AG-916-E19_01168	AG-916-E19	334	OG0000009	NA	NA	COG1063	Tdh	Threonine dehydrogenase or related Zn-dependent dehydrogenase	AG-916-E19_01167	1
CACJWS010000016.1	17348	17479	-	AG-916-E19_01169	AG-916-E19	43	OG0001265	NA	NA	NA	NA	NA	AG-916-E19_01167	2
CACJWS010000016.1	17575	18228	+	AG-916-E19_01170	AG-916-E19	217	OG0000965	NA	NA	NA	NA	NA	AG-916-E19_01167	3
CACJWS010000016.1	18248	18640	+	AG-916-E19_01171	AG-916-E19	130	OG0000808	K07107	acyl-CoA thioester hydrolase [EC:3.1.2.-]	COG0824	FadM	Acyl-CoA thioesterase FadM	AG-916-E19_01167	4
CACJWS010000016.1	18632	19339	-	AG-916-E19_01172	AG-916-E19	235	OG0001011	K21929	uracil-DNA glycosylase [EC:3.2.2.27]	COG1573	Udg4	Uracil-DNA glycosylase	AG-916-E19_01167	5
CACJXK010000004.1	90972	91898	+	AG-916-G09_00793	AG-916-G09	308	OG0000005	K00020	3-hydroxyisobutyrate dehydrogenase [EC:1.1.1.31]	COG2084	MmsB	3-hydroxyisobutyrate dehydrogenase or related beta-hydroxyacid dehydrogenase	AG-916-G09_00798	-5
CACJXK010000004.1	92020	93108	+	AG-916-G09_00794	AG-916-G09	362	OG0000072	NA	NA	COG4663	FcbT1	TRAP-type mannitol/chloroaromatic compound transport system, periplasmic component	AG-916-G09_00798	-4
CACJXK010000004.1	93184	93840	+	AG-916-G09_00795	AG-916-G09	218	OG0000994	NA	NA	COG4665	FcbT2	TRAP-type mannitol/chloroaromatic compound transport system, small permease component	AG-916-G09_00798	-3
CACJXK010000004.1	93831	95171	+	AG-916-G09_00796	AG-916-G09	446	OG0000987	K11690	C4-dicarboxylate transporter, DctM subunit	COG4664	FcbT3	TRAP-type mannitol/chloroaromatic compound transport system, large permease component	AG-916-G09_00798	-2
CACJXK010000004.1	95161	96096	-	AG-916-G09_00797	AG-916-G09	311	OG0001024	NA	NA	COG0697	EamA	Amino acid export permease, drug/metabolite transporter (DMT) superfamily	AG-916-G09_00798	-1
CACJXK010000004.1	96125	97576	+	AG-916-G09_00798	AG-916-G09	483	OG0000917	K03457	nucleobase:cation symporter-1, NCS1 family	COG1953	FUI1	Cytosine/uracil/thiamine/allantoin permease	AG-916-G09_00798	0
CACJXK010000004.1	97579	98583	+	AG-916-G09_00799	AG-916-G09	334	OG0000009	NA	NA	COG1063	Tdh	Threonine dehydrogenase or related Zn-dependent dehydrogenase	AG-916-G09_00798	1
CACJXK010000004.1	98632	99282	+	AG-916-G09_00800	AG-916-G09	216	OG0000965	NA	NA	NA	NA	NA	AG-916-G09_00798	2
CACJXK010000004.1	99473	99865	+	AG-916-G09_00801	AG-916-G09	130	OG0000808	K07107	acyl-CoA thioester hydrolase [EC:3.1.2.-]	COG0824	FadM	Acyl-CoA thioesterase FadM	AG-916-G09_00798	3
CACJXK010000004.1	99858	100532	-	AG-916-G09_00802	AG-916-G09	224	OG0001011	K21929	uracil-DNA glycosylase [EC:3.2.2.27]	COG1573	Udg4	Uracil-DNA glycosylase	AG-916-G09_00798	4
CACJXK010000004.1	100582	101436	+	AG-916-G09_00803	AG-916-G09	284	OG0001294	K00020	3-hydroxyisobutyrate dehydrogenase [EC:1.1.1.31]	COG2084	MmsB	3-hydroxyisobutyrate dehydrogenase or related beta-hydroxyacid dehydrogenase	AG-916-G09_00798	5
CACJZJ010000002.1	177716	178309	-	AG-916-G19_00707	AG-916-G19	197	OG0000922	NA	NA	COG0861	TerC	Tellurite resistance membrane protein TerC	AG-916-G19_00712	-5
CACJZJ010000002.1	178299	179903	-	AG-916-G19_00708	AG-916-G19	534	OG0000054	NA	NA	COG2303	BetA	Choline dehydrogenase or related flavoprotein	AG-916-G19_00712	-4
CACJZJ010000002.1	180028	181122	+	AG-916-G19_00709	AG-916-G19	364	OG0000072	NA	NA	COG4663	FcbT1	TRAP-type mannitol/chloroaromatic compound transport system, periplasmic component	AG-916-G19_00712	-3
CACJZJ010000002.1	181191	181805	+	AG-916-G19_00710	AG-916-G19	204	OG0000994	NA	NA	COG4665	FcbT2	TRAP-type mannitol/chloroaromatic compound transport system, small permease component	AG-916-G19_00712	-2
CACJZJ010000002.1	181802	183136	+	AG-916-G19_00711	AG-916-G19	444	OG0000987	K11690	C4-dicarboxylate transporter, DctM subunit	COG4664	FcbT3	TRAP-type mannitol/chloroaromatic compound transport system, large permease component	AG-916-G19_00712	-1
CACJZJ010000002.1	183162	184619	+	AG-916-G19_00712	AG-916-G19	485	OG0000917	K03457	nucleobase:cation symporter-1, NCS1 family	COG1953	FUI1	Cytosine/uracil/thiamine/allantoin permease	AG-916-G19_00712	0
CACJZJ010000002.1	184624	185376	+	AG-916-G19_00713	AG-916-G19	250	OG0001186	K21883	2-dehydro-3-deoxy-L-rhamnonate dehydrogenase (NAD+) [EC:1.1.1.401]	COG1028	FabG	NAD(P)-dependent dehydrogenase, short-chain alcohol dehydrogenase family	AG-916-G19_00712	1
CACJZJ010000002.1	185373	185510	-	AG-916-G19_00714	AG-916-G19	45	OG0001265	NA	NA	NA	NA	NA	AG-916-G19_00712	2
CACJZJ010000002.1	185596	186246	+	AG-916-G19_00715	AG-916-G19	216	OG0000965	NA	NA	NA	NA	NA	AG-916-G19_00712	3
CACJZJ010000002.1	186247	186393	-	AG-916-G19_00716	AG-916-G19	48	OG0001143	NA	NA	NA	NA	NA	AG-916-G19_00712	4
CACJZJ010000002.1	186445	186867	+	AG-916-G19_00717	AG-916-G19	140	OG0000808	K07107	acyl-CoA thioester hydrolase [EC:3.1.2.-]	COG0824	FadM	Acyl-CoA thioesterase FadM	AG-916-G19_00712	5
CACKAB010000003.1	73509	73649	+	AG-916-J11_00521	AG-916-J11	46	OG0001143	NA	NA	NA	NA	NA	AG-916-J11_00526	-5
CACKAB010000003.1	73650	74291	-	AG-916-J11_00522	AG-916-J11	213	OG0000965	NA	NA	NA	NA	NA	AG-916-J11_00526	-4
CACKAB010000003.1	74401	74607	+	AG-916-J11_00523	AG-916-J11	68	OG0001436	NA	NA	NA	NA	NA	AG-916-J11_00526	-3
CACKAB010000003.1	74604	74732	+	AG-916-J11_00524	AG-916-J11	42	OG0001265	NA	NA	NA	NA	NA	AG-916-J11_00526	-2
CACKAB010000003.1	74722	75438	-	AG-916-J11_00525	AG-916-J11	238	OG0001186	K21883	2-dehydro-3-deoxy-L-rhamnonate dehydrogenase (NAD+) [EC:1.1.1.401]	COG1028	FabG	NAD(P)-dependent dehydrogenase, short-chain alcohol dehydrogenase family	AG-916-J11_00526	-1
CACKAB010000003.1	75458	76921	-	AG-916-J11_00526	AG-916-J11	487	OG0000917	K03457	nucleobase:cation symporter-1, NCS1 family	COG1953	FUI1	Cytosine/uracil/thiamine/allantoin permease	AG-916-J11_00526	0
CACKAB010000003.1	76946	78280	-	AG-916-J11_00527	AG-916-J11	444	OG0000987	K11690	C4-dicarboxylate transporter, DctM subunit	COG4664	FcbT3	TRAP-type mannitol/chloroaromatic compound transport system, large permease component	AG-916-J11_00526	1
CACKAB010000003.1	78277	78891	-	AG-916-J11_00528	AG-916-J11	204	OG0000994	NA	NA	COG4665	FcbT2	TRAP-type mannitol/chloroaromatic compound transport system, small permease component	AG-916-J11_00526	2
CACKAB010000003.1	78956	80047	-	AG-916-J11_00529	AG-916-J11	363	OG0000072	NA	NA	COG4663	FcbT1	TRAP-type mannitol/chloroaromatic compound transport system, periplasmic component	AG-916-J11_00526	3
CACKAB010000003.1	80103	81752	+	AG-916-J11_00530	AG-916-J11	549	OG0000054	NA	NA	COG2303	BetA	Choline dehydrogenase or related flavoprotein	AG-916-J11_00526	4
CACKAB010000003.1	81752	82330	+	AG-916-J11_00531	AG-916-J11	192	OG0000922	NA	NA	COG0861	TerC	Tellurite resistance membrane protein TerC	AG-916-J11_00526	5
CACKCQ010000002.1	1763	2341	-	AG-916-L11_00249	AG-916-L11	192	OG0000922	NA	NA	COG0861	TerC	Tellurite resistance membrane protein TerC	AG-916-L11_00254	-5
CACKCQ010000002.1	2338	3987	-	AG-916-L11_00250	AG-916-L11	549	OG0000054	NA	NA	COG2303	BetA	Choline dehydrogenase or related flavoprotein	AG-916-L11_00254	-4
CACKCQ010000002.1	4077	5174	+	AG-916-L11_00251	AG-916-L11	365	OG0000072	NA	NA	COG4663	FcbT1	TRAP-type mannitol/chloroaromatic compound transport system, periplasmic component	AG-916-L11_00254	-3
CACKCQ010000002.1	5228	5833	+	AG-916-L11_00252	AG-916-L11	201	OG0000994	NA	NA	COG4665	FcbT2	TRAP-type mannitol/chloroaromatic compound transport system, small permease component	AG-916-L11_00254	-2
CACKCQ010000002.1	5833	7170	+	AG-916-L11_00253	AG-916-L11	445	OG0000987	K11690	C4-dicarboxylate transporter, DctM subunit	COG4664	FcbT3	TRAP-type mannitol/chloroaromatic compound transport system, large permease component	AG-916-L11_00254	-1
CACKCQ010000002.1	7193	8647	+	AG-916-L11_00254	AG-916-L11	484	OG0000917	K03457	nucleobase:cation symporter-1, NCS1 family	COG1953	FUI1	Cytosine/uracil/thiamine/allantoin permease	AG-916-L11_00254	0
CACKCQ010000002.1	8650	9654	+	AG-916-L11_00255	AG-916-L11	334	OG0000009	NA	NA	COG1063	Tdh	Threonine dehydrogenase or related Zn-dependent dehydrogenase	AG-916-L11_00254	1
CACKCQ010000002.1	9651	9782	-	AG-916-L11_00256	AG-916-L11	43	OG0001265	NA	NA	NA	NA	NA	AG-916-L11_00254	2
CACKCQ010000002.1	9878	10531	+	AG-916-L11_00257	AG-916-L11	217	OG0000965	NA	NA	NA	NA	NA	AG-916-L11_00254	3
CACKCQ010000002.1	10551	10943	+	AG-916-L11_00258	AG-916-L11	130	OG0000808	K07107	acyl-CoA thioester hydrolase [EC:3.1.2.-]	COG0824	FadM	Acyl-CoA thioesterase FadM	AG-916-L11_00254	4
CACKCQ010000002.1	10935	11642	-	AG-916-L11_00259	AG-916-L11	235	OG0001011	K21929	uracil-DNA glycosylase [EC:3.2.2.27]	COG1573	Udg4	Uracil-DNA glycosylase	AG-916-L11_00254	5
CACKFZ010000018.1	760	1353	-	AG-916-M15_01080	AG-916-M15	197	OG0000922	NA	NA	COG0861	TerC	Tellurite resistance membrane protein TerC	AG-916-M15_01085	-5
CACKFZ010000018.1	1353	2948	-	AG-916-M15_01081	AG-916-M15	531	OG0000054	NA	NA	COG2303	BetA	Choline dehydrogenase or related flavoprotein	AG-916-M15_01085	-4
CACKFZ010000018.1	3089	4183	+	AG-916-M15_01082	AG-916-M15	364	OG0000072	NA	NA	COG4663	FcbT1	TRAP-type mannitol/chloroaromatic compound transport system, periplasmic component	AG-916-M15_01085	-3
CACKFZ010000018.1	4260	4874	+	AG-916-M15_01083	AG-916-M15	204	OG0000994	NA	NA	COG4665	FcbT2	TRAP-type mannitol/chloroaromatic compound transport system, small permease component	AG-916-M15_01085	-2
CACKFZ010000018.1	4853	6205	+	AG-916-M15_01084	AG-916-M15	450	OG0000987	K11690	C4-dicarboxylate transporter, DctM subunit	COG4664	FcbT3	TRAP-type mannitol/chloroaromatic compound transport system, large permease component	AG-916-M15_01085	-1
CACKFZ010000018.1	6231	7688	+	AG-916-M15_01085	AG-916-M15	485	OG0000917	K03457	nucleobase:cation symporter-1, NCS1 family	COG1953	FUI1	Cytosine/uracil/thiamine/allantoin permease	AG-916-M15_01085	0
CACKFZ010000018.1	7694	8440	+	AG-916-M15_01086	AG-916-M15	248	OG0001186	K21883	2-dehydro-3-deoxy-L-rhamnonate dehydrogenase (NAD+) [EC:1.1.1.401]	COG1028	FabG	NAD(P)-dependent dehydrogenase, short-chain alcohol dehydrogenase family	AG-916-M15_01085	1
CACKFZ010000018.1	8653	9303	+	AG-916-M15_01087	AG-916-M15	216	OG0000965	NA	NA	NA	NA	NA	AG-916-M15_01085	2
CACKFZ010000018.1	9300	9440	-	AG-916-M15_01088	AG-916-M15	46	OG0001143	NA	NA	NA	NA	NA	AG-916-M15_01085	3
CACKFZ010000018.1	9499	9912	+	AG-916-M15_01089	AG-916-M15	137	OG0000808	K07107	acyl-CoA thioester hydrolase [EC:3.1.2.-]	COG0824	FadM	Acyl-CoA thioesterase FadM	AG-916-M15_01085	4
CACKFZ010000018.1	9909	10589	-	AG-916-M15_01090	AG-916-M15	226	OG0001011	K21929	uracil-DNA glycosylase [EC:3.2.2.27]	COG1573	Udg4	Uracil-DNA glycosylase	AG-916-M15_01085	5
CACKFA010000003.1	9792	10385	-	AG-916-N14_00499	AG-916-N14	197	OG0000922	NA	NA	COG0861	TerC	Tellurite resistance membrane protein TerC	AG-916-N14_00504	-5
CACKFA010000003.1	10385	11980	-	AG-916-N14_00500	AG-916-N14	531	OG0000054	NA	NA	COG2303	BetA	Choline dehydrogenase or related flavoprotein	AG-916-N14_00504	-4
CACKFA010000003.1	12126	13220	+	AG-916-N14_00501	AG-916-N14	364	OG0000072	NA	NA	COG4663	FcbT1	TRAP-type mannitol/chloroaromatic compound transport system, periplasmic component	AG-916-N14_00504	-3
CACKFA010000003.1	13286	13900	+	AG-916-N14_00502	AG-916-N14	204	OG0000994	NA	NA	COG4665	FcbT2	TRAP-type mannitol/chloroaromatic compound transport system, small permease component	AG-916-N14_00504	-2
CACKFA010000003.1	13897	15231	+	AG-916-N14_00503	AG-916-N14	444	OG0000987	K11690	C4-dicarboxylate transporter, DctM subunit	COG4664	FcbT3	TRAP-type mannitol/chloroaromatic compound transport system, large permease component	AG-916-N14_00504	-1
CACKFA010000003.1	15257	16714	+	AG-916-N14_00504	AG-916-N14	485	OG0000917	K03457	nucleobase:cation symporter-1, NCS1 family	COG1953	FUI1	Cytosine/uracil/thiamine/allantoin permease	AG-916-N14_00504	0
CACKFA010000003.1	16720	17466	+	AG-916-N14_00505	AG-916-N14	248	OG0001186	K21883	2-dehydro-3-deoxy-L-rhamnonate dehydrogenase (NAD+) [EC:1.1.1.401]	COG1028	FabG	NAD(P)-dependent dehydrogenase, short-chain alcohol dehydrogenase family	AG-916-N14_00504	1
CACKFA010000003.1	17681	18331	+	AG-916-N14_00506	AG-916-N14	216	OG0000965	NA	NA	NA	NA	NA	AG-916-N14_00504	2
CACKFA010000003.1	18328	18765	-	AG-916-N14_00507	AG-916-N14	145	NA	NA	NA	COG0529	CysC	Adenylylsulfate kinase or related kinase	AG-916-N14_00504	3
CACKFA010000003.1	18845	19258	+	AG-916-N14_00508	AG-916-N14	137	OG0000808	K07107	acyl-CoA thioester hydrolase [EC:3.1.2.-]	COG0824	FadM	Acyl-CoA thioesterase FadM	AG-916-N14_00504	4
CACKFA010000003.1	19248	19928	-	AG-916-N14_00509	AG-916-N14	226	OG0001011	K21929	uracil-DNA glycosylase [EC:3.2.2.27]	COG1573	Udg4	Uracil-DNA glycosylase	AG-916-N14_00504	5
CACKGF010000001.1	4657	5235	-	AG-916-O13_00007	AG-916-O13	192	OG0000922	NA	NA	COG0861	TerC	Tellurite resistance membrane protein TerC	AG-916-O13_00012	-5
CACKGF010000001.1	5235	6830	-	AG-916-O13_00008	AG-916-O13	531	OG0000054	NA	NA	COG2303	BetA	Choline dehydrogenase or related flavoprotein	AG-916-O13_00012	-4
CACKGF010000001.1	6973	8064	+	AG-916-O13_00009	AG-916-O13	363	OG0000072	NA	NA	COG4663	FcbT1	TRAP-type mannitol/chloroaromatic compound transport system, periplasmic component	AG-916-O13_00012	-3
CACKGF010000001.1	8131	8745	+	AG-916-O13_00010	AG-916-O13	204	OG0000994	NA	NA	COG4665	FcbT2	TRAP-type mannitol/chloroaromatic compound transport system, small permease component	AG-916-O13_00012	-2
CACKGF010000001.1	8742	10076	+	AG-916-O13_00011	AG-916-O13	444	OG0000987	K11690	C4-dicarboxylate transporter, DctM subunit	COG4664	FcbT3	TRAP-type mannitol/chloroaromatic compound transport system, large permease component	AG-916-O13_00012	-1
CACKGF010000001.1	10101	11558	+	AG-916-O13_00012	AG-916-O13	485	OG0000917	K03457	nucleobase:cation symporter-1, NCS1 family	COG1953	FUI1	Cytosine/uracil/thiamine/allantoin permease	AG-916-O13_00012	0
CACKGF010000001.1	11558	12304	+	AG-916-O13_00013	AG-916-O13	248	OG0001186	K21883	2-dehydro-3-deoxy-L-rhamnonate dehydrogenase (NAD+) [EC:1.1.1.401]	COG1028	FabG	NAD(P)-dependent dehydrogenase, short-chain alcohol dehydrogenase family	AG-916-O13_00012	1
CACKGF010000001.1	12422	12595	-	AG-916-O13_00014	AG-916-O13	57	OG0001436	NA	NA	NA	NA	NA	AG-916-O13_00012	2
CACKGF010000001.1	12735	13385	+	AG-916-O13_00015	AG-916-O13	216	OG0000965	NA	NA	NA	NA	NA	AG-916-O13_00012	3
CACKGF010000001.1	13403	13804	+	AG-916-O13_00016	AG-916-O13	133	OG0000808	K07107	acyl-CoA thioester hydrolase [EC:3.1.2.-]	COG0824	FadM	Acyl-CoA thioesterase FadM	AG-916-O13_00012	4
CACKGF010000001.1	13796	14470	-	AG-916-O13_00017	AG-916-O13	224	OG0001011	K21929	uracil-DNA glycosylase [EC:3.2.2.27]	COG1573	Udg4	Uracil-DNA glycosylase	AG-916-O13_00012	5
CACKGK010000002.1	102182	103108	+	AG-916-O20_00263	AG-916-O20	308	OG0000005	K00020	3-hydroxyisobutyrate dehydrogenase [EC:1.1.1.31]	COG2084	MmsB	3-hydroxyisobutyrate dehydrogenase or related beta-hydroxyacid dehydrogenase	AG-916-O20_00268	-5
CACKGK010000002.1	103226	104314	+	AG-916-O20_00264	AG-916-O20	362	OG0000072	NA	NA	COG4663	FcbT1	TRAP-type mannitol/chloroaromatic compound transport system, periplasmic component	AG-916-O20_00268	-4
CACKGK010000002.1	104389	105045	+	AG-916-O20_00265	AG-916-O20	218	OG0000994	NA	NA	COG4665	FcbT2	TRAP-type mannitol/chloroaromatic compound transport system, small permease component	AG-916-O20_00268	-3
CACKGK010000002.1	105045	106376	+	AG-916-O20_00266	AG-916-O20	443	OG0000987	K11690	C4-dicarboxylate transporter, DctM subunit	COG4664	FcbT3	TRAP-type mannitol/chloroaromatic compound transport system, large permease component	AG-916-O20_00268	-2
CACKGK010000002.1	106366	107265	-	AG-916-O20_00267	AG-916-O20	299	OG0001024	NA	NA	COG0697	EamA	Amino acid export permease, drug/metabolite transporter (DMT) superfamily	AG-916-O20_00268	-1
CACKGK010000002.1	107330	108781	+	AG-916-O20_00268	AG-916-O20	483	OG0000917	K03457	nucleobase:cation symporter-1, NCS1 family	COG1953	FUI1	Cytosine/uracil/thiamine/allantoin permease	AG-916-O20_00268	0
CACKGK010000002.1	108784	109788	+	AG-916-O20_00269	AG-916-O20	334	OG0000009	NA	NA	COG1063	Tdh	Threonine dehydrogenase or related Zn-dependent dehydrogenase	AG-916-O20_00268	1
CACKGK010000002.1	109837	110487	+	AG-916-O20_00270	AG-916-O20	216	OG0000965	NA	NA	NA	NA	NA	AG-916-O20_00268	2
CACKGK010000002.1	110489	110626	-	AG-916-O20_00271	AG-916-O20	45	OG0001143	NA	NA	NA	NA	NA	AG-916-O20_00268	3
CACKGK010000002.1	110681	111073	+	AG-916-O20_00272	AG-916-O20	130	OG0000808	K07107	acyl-CoA thioester hydrolase [EC:3.1.2.-]	COG0824	FadM	Acyl-CoA thioesterase FadM	AG-916-O20_00268	4
CACKGK010000002.1	111066	111740	-	AG-916-O20_00273	AG-916-O20	224	OG0001011	K21929	uracil-DNA glycosylase [EC:3.2.2.27]	COG1573	Udg4	Uracil-DNA glycosylase	AG-916-O20_00268	5
CACKJD010000002.1	161067	161741	+	AG-917-B07_00495	AG-917-B07	224	OG0001011	K21929	uracil-DNA glycosylase [EC:3.2.2.27]	COG1573	Udg4	Uracil-DNA glycosylase	AG-917-B07_00500	-5
CACKJD010000002.1	161738	162133	-	AG-917-B07_00496	AG-917-B07	131	OG0000808	K07107	acyl-CoA thioester hydrolase [EC:3.1.2.-]	COG0824	FadM	Acyl-CoA thioesterase FadM	AG-917-B07_00500	-4
CACKJD010000002.1	162145	162792	-	AG-917-B07_00497	AG-917-B07	215	OG0000965	NA	NA	NA	NA	NA	AG-917-B07_00500	-3
CACKJD010000002.1	162900	163106	+	AG-917-B07_00498	AG-917-B07	68	OG0001436	NA	NA	NA	NA	NA	AG-917-B07_00500	-2
CACKJD010000002.1	163239	163985	-	AG-917-B07_00499	AG-917-B07	248	OG0001186	K21883	2-dehydro-3-deoxy-L-rhamnonate dehydrogenase (NAD+) [EC:1.1.1.401]	COG1028	FabG	NAD(P)-dependent dehydrogenase, short-chain alcohol dehydrogenase family	AG-917-B07_00500	-1
CACKJD010000002.1	163982	165442	-	AG-917-B07_00500	AG-917-B07	486	OG0000917	K03457	nucleobase:cation symporter-1, NCS1 family	COG1953	FUI1	Cytosine/uracil/thiamine/allantoin permease	AG-917-B07_00500	0
CACKJD010000002.1	165467	166801	-	AG-917-B07_00501	AG-917-B07	444	OG0000987	K11690	C4-dicarboxylate transporter, DctM subunit	COG4664	FcbT3	TRAP-type mannitol/chloroaromatic compound transport system, large permease component	AG-917-B07_00500	1
CACKJD010000002.1	166798	167412	-	AG-917-B07_00502	AG-917-B07	204	OG0000994	NA	NA	COG4665	FcbT2	TRAP-type mannitol/chloroaromatic compound transport system, small permease component	AG-917-B07_00500	2
CACKJD010000002.1	167482	168573	-	AG-917-B07_00503	AG-917-B07	363	OG0000072	NA	NA	COG4663	FcbT1	TRAP-type mannitol/chloroaromatic compound transport system, periplasmic component	AG-917-B07_00500	3
CACKJD010000002.1	168704	170323	+	AG-917-B07_00504	AG-917-B07	539	OG0000054	NA	NA	COG2303	BetA	Choline dehydrogenase or related flavoprotein	AG-917-B07_00500	4
CACKJD010000002.1	170320	170901	+	AG-917-B07_00505	AG-917-B07	193	OG0000922	NA	NA	COG0861	TerC	Tellurite resistance membrane protein TerC	AG-917-B07_00500	5
CACKKI010000003.1	107379	108059	+	AG-917-C08_00571	AG-917-C08	226	OG0001011	K21929	uracil-DNA glycosylase [EC:3.2.2.27]	COG1573	Udg4	Uracil-DNA glycosylase	AG-917-C08_00576	-5
CACKKI010000003.1	108056	108469	-	AG-917-C08_00572	AG-917-C08	137	OG0000808	K07107	acyl-CoA thioester hydrolase [EC:3.1.2.-]	COG0824	FadM	Acyl-CoA thioesterase FadM	AG-917-C08_00576	-4
CACKKI010000003.1	108528	108668	+	AG-917-C08_00573	AG-917-C08	46	OG0001143	NA	NA	NA	NA	NA	AG-917-C08_00576	-3
CACKKI010000003.1	108665	109315	-	AG-917-C08_00574	AG-917-C08	216	OG0000965	NA	NA	NA	NA	NA	AG-917-C08_00576	-2
CACKKI010000003.1	109528	110274	-	AG-917-C08_00575	AG-917-C08	248	OG0001186	K21883	2-dehydro-3-deoxy-L-rhamnonate dehydrogenase (NAD+) [EC:1.1.1.401]	COG1028	FabG	NAD(P)-dependent dehydrogenase, short-chain alcohol dehydrogenase family	AG-917-C08_00576	-1
CACKKI010000003.1	110280	111737	-	AG-917-C08_00576	AG-917-C08	485	OG0000917	K03457	nucleobase:cation symporter-1, NCS1 family	COG1953	FUI1	Cytosine/uracil/thiamine/allantoin permease	AG-917-C08_00576	0
CACKKI010000003.1	111763	113115	-	AG-917-C08_00577	AG-917-C08	450	OG0000987	K11690	C4-dicarboxylate transporter, DctM subunit	COG4664	FcbT3	TRAP-type mannitol/chloroaromatic compound transport system, large permease component	AG-917-C08_00576	1
CACKKI010000003.1	113094	113708	-	AG-917-C08_00578	AG-917-C08	204	OG0000994	NA	NA	COG4665	FcbT2	TRAP-type mannitol/chloroaromatic compound transport system, small permease component	AG-917-C08_00576	2
CACKKI010000003.1	113783	114877	-	AG-917-C08_00579	AG-917-C08	364	OG0000072	NA	NA	COG4663	FcbT1	TRAP-type mannitol/chloroaromatic compound transport system, periplasmic component	AG-917-C08_00576	3
CACKKI010000003.1	115018	116613	+	AG-917-C08_00580	AG-917-C08	531	OG0000054	NA	NA	COG2303	BetA	Choline dehydrogenase or related flavoprotein	AG-917-C08_00576	4
CACKKI010000003.1	116613	117206	+	AG-917-C08_00581	AG-917-C08	197	OG0000922	NA	NA	COG0861	TerC	Tellurite resistance membrane protein TerC	AG-917-C08_00576	5
CACKKP010000002.1	85773	86453	+	AG-917-C11_00278	AG-917-C11	226	OG0001011	K21929	uracil-DNA glycosylase [EC:3.2.2.27]	COG1573	Udg4	Uracil-DNA glycosylase	AG-917-C11_00283	-5
CACKKP010000002.1	86450	86863	-	AG-917-C11_00279	AG-917-C11	137	OG0000808	K07107	acyl-CoA thioester hydrolase [EC:3.1.2.-]	COG0824	FadM	Acyl-CoA thioesterase FadM	AG-917-C11_00283	-4
CACKKP010000002.1	86922	87062	+	AG-917-C11_00280	AG-917-C11	46	OG0001143	NA	NA	NA	NA	NA	AG-917-C11_00283	-3
CACKKP010000002.1	87059	87709	-	AG-917-C11_00281	AG-917-C11	216	OG0000965	NA	NA	NA	NA	NA	AG-917-C11_00283	-2
CACKKP010000002.1	87909	88913	-	AG-917-C11_00282	AG-917-C11	334	OG0000009	NA	NA	COG1063	Tdh	Threonine dehydrogenase or related Zn-dependent dehydrogenase	AG-917-C11_00283	-1
CACKKP010000002.1	88915	90372	-	AG-917-C11_00283	AG-917-C11	485	OG0000917	K03457	nucleobase:cation symporter-1, NCS1 family	COG1953	FUI1	Cytosine/uracil/thiamine/allantoin permease	AG-917-C11_00283	0
CACKKP010000002.1	90438	91334	+	AG-917-C11_00284	AG-917-C11	298	OG0001024	NA	NA	COG0697	EamA	Amino acid export permease, drug/metabolite transporter (DMT) superfamily	AG-917-C11_00283	1
CACKKP010000002.1	91335	92675	-	AG-917-C11_00285	AG-917-C11	446	OG0000987	K11690	C4-dicarboxylate transporter, DctM subunit	COG4664	FcbT3	TRAP-type mannitol/chloroaromatic compound transport system, large permease component	AG-917-C11_00283	2
CACKKP010000002.1	92666	93322	-	AG-917-C11_00286	AG-917-C11	218	OG0000994	NA	NA	COG4665	FcbT2	TRAP-type mannitol/chloroaromatic compound transport system, small permease component	AG-917-C11_00283	3
CACKKP010000002.1	93394	94482	-	AG-917-C11_00287	AG-917-C11	362	OG0000072	NA	NA	COG4663	FcbT1	TRAP-type mannitol/chloroaromatic compound transport system, periplasmic component	AG-917-C11_00283	4
CACKKP010000002.1	94614	95540	-	AG-917-C11_00288	AG-917-C11	308	OG0000005	K00020	3-hydroxyisobutyrate dehydrogenase [EC:1.1.1.31]	COG2084	MmsB	3-hydroxyisobutyrate dehydrogenase or related beta-hydroxyacid dehydrogenase	AG-917-C11_00283	5
CACKLR010000020.1	6929	7507	-	AG-917-D14_01142	AG-917-D14	192	OG0000922	NA	NA	COG0861	TerC	Tellurite resistance membrane protein TerC	AG-917-D14_01147	-5
CACKLR010000020.1	7504	9108	-	AG-917-D14_01143	AG-917-D14	534	OG0000054	NA	NA	COG2303	BetA	Choline dehydrogenase or related flavoprotein	AG-917-D14_01147	-4
CACKLR010000020.1	9244	10341	+	AG-917-D14_01144	AG-917-D14	365	OG0000072	NA	NA	COG4663	FcbT1	TRAP-type mannitol/chloroaromatic compound transport system, periplasmic component	AG-917-D14_01147	-3
CACKLR010000020.1	10395	11000	+	AG-917-D14_01145	AG-917-D14	201	OG0000994	NA	NA	COG4665	FcbT2	TRAP-type mannitol/chloroaromatic compound transport system, small permease component	AG-917-D14_01147	-2
CACKLR010000020.1	11000	12337	+	AG-917-D14_01146	AG-917-D14	445	OG0000987	K11690	C4-dicarboxylate transporter, DctM subunit	COG4664	FcbT3	TRAP-type mannitol/chloroaromatic compound transport system, large permease component	AG-917-D14_01147	-1
CACKLR010000020.1	12360	13814	+	AG-917-D14_01147	AG-917-D14	484	OG0000917	K03457	nucleobase:cation symporter-1, NCS1 family	COG1953	FUI1	Cytosine/uracil/thiamine/allantoin permease	AG-917-D14_01147	0
CACKLR010000020.1	13817	14821	+	AG-917-D14_01148	AG-917-D14	334	OG0000009	NA	NA	COG1063	Tdh	Threonine dehydrogenase or related Zn-dependent dehydrogenase	AG-917-D14_01147	1
CACKLR010000020.1	15045	15698	+	AG-917-D14_01149	AG-917-D14	217	OG0000965	NA	NA	NA	NA	NA	AG-917-D14_01147	2
CACKLR010000020.1	15718	16110	+	AG-917-D14_01150	AG-917-D14	130	OG0000808	K07107	acyl-CoA thioester hydrolase [EC:3.1.2.-]	COG0824	FadM	Acyl-CoA thioesterase FadM	AG-917-D14_01147	3
CACKLR010000020.1	16102	16323	-	AG-917-D14_01151	AG-917-D14	73	OG0001011	NA	NA	COG1573	Udg4	Uracil-DNA glycosylase	AG-917-D14_01147	4
CACKMB010000005.1	58317	58895	-	AG-917-D23_00842	AG-917-D23	192	OG0000922	NA	NA	COG0861	TerC	Tellurite resistance membrane protein TerC	AG-917-D23_00847	-5
CACKMB010000005.1	58892	60496	-	AG-917-D23_00843	AG-917-D23	534	OG0000054	NA	NA	COG2303	BetA	Choline dehydrogenase or related flavoprotein	AG-917-D23_00847	-4
CACKMB010000005.1	60632	61729	+	AG-917-D23_00844	AG-917-D23	365	OG0000072	NA	NA	COG4663	FcbT1	TRAP-type mannitol/chloroaromatic compound transport system, periplasmic component	AG-917-D23_00847	-3
CACKMB010000005.1	61783	62388	+	AG-917-D23_00845	AG-917-D23	201	OG0000994	NA	NA	COG4665	FcbT2	TRAP-type mannitol/chloroaromatic compound transport system, small permease component	AG-917-D23_00847	-2
CACKMB010000005.1	62388	63725	+	AG-917-D23_00846	AG-917-D23	445	OG0000987	K11690	C4-dicarboxylate transporter, DctM subunit	COG4664	FcbT3	TRAP-type mannitol/chloroaromatic compound transport system, large permease component	AG-917-D23_00847	-1
CACKMB010000005.1	63748	65202	+	AG-917-D23_00847	AG-917-D23	484	OG0000917	K03457	nucleobase:cation symporter-1, NCS1 family	COG1953	FUI1	Cytosine/uracil/thiamine/allantoin permease	AG-917-D23_00847	0
CACKMB010000005.1	65202	66209	+	AG-917-D23_00848	AG-917-D23	335	OG0000009	NA	NA	COG1063	Tdh	Threonine dehydrogenase or related Zn-dependent dehydrogenase	AG-917-D23_00847	1
CACKMB010000005.1	66206	66337	-	AG-917-D23_00849	AG-917-D23	43	OG0001265	NA	NA	NA	NA	NA	AG-917-D23_00847	2
CACKMB010000005.1	66433	67086	+	AG-917-D23_00850	AG-917-D23	217	OG0000965	NA	NA	NA	NA	NA	AG-917-D23_00847	3
CACKMB010000005.1	67106	67498	+	AG-917-D23_00851	AG-917-D23	130	OG0000808	K07107	acyl-CoA thioester hydrolase [EC:3.1.2.-]	COG0824	FadM	Acyl-CoA thioesterase FadM	AG-917-D23_00847	4
CACKMB010000005.1	67490	68197	-	AG-917-D23_00852	AG-917-D23	235	OG0001011	K21929	uracil-DNA glycosylase [EC:3.2.2.27]	COG1573	Udg4	Uracil-DNA glycosylase	AG-917-D23_00847	5
CACKMS010000008.1	31863	32444	-	AG-917-E05_00885	AG-917-E05	193	OG0000922	NA	NA	COG0861	TerC	Tellurite resistance membrane protein TerC	AG-917-E05_00890	-5
CACKMS010000008.1	32445	34055	-	AG-917-E05_00886	AG-917-E05	536	OG0000054	NA	NA	COG2303	BetA	Choline dehydrogenase or related flavoprotein	AG-917-E05_00890	-4
CACKMS010000008.1	34168	35259	+	AG-917-E05_00887	AG-917-E05	363	OG0000072	NA	NA	COG4663	FcbT1	TRAP-type mannitol/chloroaromatic compound transport system, periplasmic component	AG-917-E05_00890	-3
CACKMS010000008.1	35328	35942	+	AG-917-E05_00888	AG-917-E05	204	OG0000994	NA	NA	COG4665	FcbT2	TRAP-type mannitol/chloroaromatic compound transport system, small permease component	AG-917-E05_00890	-2
CACKMS010000008.1	35939	37273	+	AG-917-E05_00889	AG-917-E05	444	OG0000987	K11690	C4-dicarboxylate transporter, DctM subunit	COG4664	FcbT3	TRAP-type mannitol/chloroaromatic compound transport system, large permease component	AG-917-E05_00890	-1
CACKMS010000008.1	37298	38752	+	AG-917-E05_00890	AG-917-E05	484	OG0000917	K03457	nucleobase:cation symporter-1, NCS1 family	COG1953	FUI1	Cytosine/uracil/thiamine/allantoin permease	AG-917-E05_00890	0
CACKMS010000008.1	38752	39498	+	AG-917-E05_00891	AG-917-E05	248	OG0001186	K21883	2-dehydro-3-deoxy-L-rhamnonate dehydrogenase (NAD+) [EC:1.1.1.401]	COG1028	FabG	NAD(P)-dependent dehydrogenase, short-chain alcohol dehydrogenase family	AG-917-E05_00890	1
CACKMS010000008.1	39488	39619	-	AG-917-E05_00892	AG-917-E05	43	OG0001265	NA	NA	NA	NA	NA	AG-917-E05_00890	2
CACKMS010000008.1	39728	40381	+	AG-917-E05_00893	AG-917-E05	217	OG0000965	NA	NA	NA	NA	NA	AG-917-E05_00890	3
CACKMS010000008.1	40458	41690	-	AG-917-E05_00894	AG-917-E05	410	OG0001135	NA	NA	COG2358	Imp	TRAP-type uncharacterized transport system, periplasmic component	AG-917-E05_00890	4
CACKMS010000008.1	41700	42425	-	AG-917-E05_00895	AG-917-E05	241	OG0001204	K07395	putative proteasome-type protease	COG3484	NA	Predicted proteasome-type protease	AG-917-E05_00890	5
CACKNW010000022.1	70	747	+	AG-917-F16_01237	AG-917-F16	225	OG0001011	K21929	uracil-DNA glycosylase [EC:3.2.2.27]	COG1573	Udg4	Uracil-DNA glycosylase	AG-917-F16_01242	-5
CACKNW010000022.1	740	1147	-	AG-917-F16_01238	AG-917-F16	135	OG0000808	K07107	acyl-CoA thioester hydrolase [EC:3.1.2.-]	COG0824	FadM	Acyl-CoA thioesterase FadM	AG-917-F16_01242	-4
CACKNW010000022.1	1194	1334	+	AG-917-F16_01239	AG-917-F16	46	OG0001143	NA	NA	NA	NA	NA	AG-917-F16_01242	-3
CACKNW010000022.1	1335	1979	-	AG-917-F16_01240	AG-917-F16	214	OG0000965	NA	NA	NA	NA	NA	AG-917-F16_01242	-2
CACKNW010000022.1	1981	2985	-	AG-917-F16_01241	AG-917-F16	334	OG0000009	NA	NA	COG1063	Tdh	Threonine dehydrogenase or related Zn-dependent dehydrogenase	AG-917-F16_01242	-1
CACKNW010000022.1	2985	3233	-	AG-917-F16_01242	AG-917-F16	82	OG0000917	NA	NA	COG1953	FUI1	Cytosine/uracil/thiamine/allantoin permease	AG-917-F16_01242	0
CACKQD010000001.1	450174	450767	-	AG-917-I17_00460	AG-917-I17	197	OG0000922	NA	NA	COG0861	TerC	Tellurite resistance membrane protein TerC	AG-917-I17_00465	-5
CACKQD010000001.1	450767	452362	-	AG-917-I17_00461	AG-917-I17	531	OG0000054	NA	NA	COG2303	BetA	Choline dehydrogenase or related flavoprotein	AG-917-I17_00465	-4
CACKQD010000001.1	452503	453597	+	AG-917-I17_00462	AG-917-I17	364	OG0000072	NA	NA	COG4663	FcbT1	TRAP-type mannitol/chloroaromatic compound transport system, periplasmic component	AG-917-I17_00465	-3
CACKQD010000001.1	453639	454286	+	AG-917-I17_00463	AG-917-I17	215	OG0000994	NA	NA	COG4665	FcbT2	TRAP-type mannitol/chloroaromatic compound transport system, small permease component	AG-917-I17_00465	-2
CACKQD010000001.1	454265	455617	+	AG-917-I17_00464	AG-917-I17	450	OG0000987	K11690	C4-dicarboxylate transporter, DctM subunit	COG4664	FcbT3	TRAP-type mannitol/chloroaromatic compound transport system, large permease component	AG-917-I17_00465	-1
CACKQD010000001.1	455643	457100	+	AG-917-I17_00465	AG-917-I17	485	OG0000917	K03457	nucleobase:cation symporter-1, NCS1 family	COG1953	FUI1	Cytosine/uracil/thiamine/allantoin permease	AG-917-I17_00465	0
CACKQD010000001.1	457106	457852	+	AG-917-I17_00466	AG-917-I17	248	OG0001186	K21883	2-dehydro-3-deoxy-L-rhamnonate dehydrogenase (NAD+) [EC:1.1.1.401]	COG1028	FabG	NAD(P)-dependent dehydrogenase, short-chain alcohol dehydrogenase family	AG-917-I17_00465	1
CACKQD010000001.1	458019	458714	+	AG-917-I17_00467	AG-917-I17	231	OG0000965	NA	NA	NA	NA	NA	AG-917-I17_00465	2
CACKQD010000001.1	458711	458851	-	AG-917-I17_00468	AG-917-I17	46	OG0001143	NA	NA	NA	NA	NA	AG-917-I17_00465	3
CACKQD010000001.1	458910	459323	+	AG-917-I17_00469	AG-917-I17	137	OG0000808	K07107	acyl-CoA thioester hydrolase [EC:3.1.2.-]	COG0824	FadM	Acyl-CoA thioesterase FadM	AG-917-I17_00465	4
CACKQD010000001.1	459320	460000	-	AG-917-I17_00470	AG-917-I17	226	OG0001011	K21929	uracil-DNA glycosylase [EC:3.2.2.27]	COG1573	Udg4	Uracil-DNA glycosylase	AG-917-I17_00465	5
CACKQQ010000008.1	24705	25298	-	AG-917-J06_00918	AG-917-J06	197	OG0000922	NA	NA	COG0861	TerC	Tellurite resistance membrane protein TerC	AG-917-J06_00923	-5
CACKQQ010000008.1	25298	26893	-	AG-917-J06_00919	AG-917-J06	531	OG0000054	NA	NA	COG2303	BetA	Choline dehydrogenase or related flavoprotein	AG-917-J06_00923	-4
CACKQQ010000008.1	27037	28131	+	AG-917-J06_00920	AG-917-J06	364	OG0000072	NA	NA	COG4663	FcbT1	TRAP-type mannitol/chloroaromatic compound transport system, periplasmic component	AG-917-J06_00923	-3
CACKQQ010000008.1	28202	28816	+	AG-917-J06_00921	AG-917-J06	204	OG0000994	NA	NA	COG4665	FcbT2	TRAP-type mannitol/chloroaromatic compound transport system, small permease component	AG-917-J06_00923	-2
CACKQQ010000008.1	28813	30147	+	AG-917-J06_00922	AG-917-J06	444	OG0000987	K11690	C4-dicarboxylate transporter, DctM subunit	COG4664	FcbT3	TRAP-type mannitol/chloroaromatic compound transport system, large permease component	AG-917-J06_00923	-1
CACKQQ010000008.1	30173	31630	+	AG-917-J06_00923	AG-917-J06	485	OG0000917	K03457	nucleobase:cation symporter-1, NCS1 family	COG1953	FUI1	Cytosine/uracil/thiamine/allantoin permease	AG-917-J06_00923	0
CACKQQ010000008.1	31636	32382	+	AG-917-J06_00924	AG-917-J06	248	OG0001186	K21883	2-dehydro-3-deoxy-L-rhamnonate dehydrogenase (NAD+) [EC:1.1.1.401]	COG1028	FabG	NAD(P)-dependent dehydrogenase, short-chain alcohol dehydrogenase family	AG-917-J06_00923	1
CACKQQ010000008.1	32385	32507	-	AG-917-J06_00925	AG-917-J06	40	OG0001265	NA	NA	NA	NA	NA	AG-917-J06_00923	2
CACKQQ010000008.1	32597	33247	+	AG-917-J06_00926	AG-917-J06	216	OG0000965	NA	NA	NA	NA	NA	AG-917-J06_00923	3
CACKQQ010000008.1	33248	33388	-	AG-917-J06_00927	AG-917-J06	46	OG0001143	NA	NA	NA	NA	NA	AG-917-J06_00923	4
CACKQQ010000008.1	33445	33867	+	AG-917-J06_00928	AG-917-J06	140	OG0000808	K07107	acyl-CoA thioester hydrolase [EC:3.1.2.-]	COG0824	FadM	Acyl-CoA thioesterase FadM	AG-917-J06_00923	5
CACLSR010000004.1	22365	23045	+	AG-917-K06_00839	AG-917-K06	226	OG0001011	K21929	uracil-DNA glycosylase [EC:3.2.2.27]	COG1573	Udg4	Uracil-DNA glycosylase	AG-917-K06_00844	-5
CACLSR010000004.1	23035	23457	-	AG-917-K06_00840	AG-917-K06	140	OG0000808	K07107	acyl-CoA thioester hydrolase [EC:3.1.2.-]	COG0824	FadM	Acyl-CoA thioesterase FadM	AG-917-K06_00844	-4
CACLSR010000004.1	23482	24132	-	AG-917-K06_00841	AG-917-K06	216	OG0000965	NA	NA	NA	NA	NA	AG-917-K06_00844	-3
CACLSR010000004.1	24261	24353	+	AG-917-K06_00842	AG-917-K06	30	OG0001265	NA	NA	NA	NA	NA	AG-917-K06_00844	-2
CACLSR010000004.1	24350	25102	-	AG-917-K06_00843	AG-917-K06	250	OG0001186	K21883	2-dehydro-3-deoxy-L-rhamnonate dehydrogenase (NAD+) [EC:1.1.1.401]	COG1028	FabG	NAD(P)-dependent dehydrogenase, short-chain alcohol dehydrogenase family	AG-917-K06_00844	-1
CACLSR010000004.1	25107	26564	-	AG-917-K06_00844	AG-917-K06	485	OG0000917	K03457	nucleobase:cation symporter-1, NCS1 family	COG1953	FUI1	Cytosine/uracil/thiamine/allantoin permease	AG-917-K06_00844	0
CACLSR010000004.1	26590	27924	-	AG-917-K06_00845	AG-917-K06	444	OG0000987	K11690	C4-dicarboxylate transporter, DctM subunit	COG4664	FcbT3	TRAP-type mannitol/chloroaromatic compound transport system, large permease component	AG-917-K06_00844	1
CACLSR010000004.1	27921	28535	-	AG-917-K06_00846	AG-917-K06	204	OG0000994	NA	NA	COG4665	FcbT2	TRAP-type mannitol/chloroaromatic compound transport system, small permease component	AG-917-K06_00844	2
CACLSR010000004.1	28605	29699	-	AG-917-K06_00847	AG-917-K06	364	OG0000072	NA	NA	COG4663	FcbT1	TRAP-type mannitol/chloroaromatic compound transport system, periplasmic component	AG-917-K06_00844	3
CACLSR010000004.1	29832	31427	+	AG-917-K06_00848	AG-917-K06	531	OG0000054	NA	NA	COG2303	BetA	Choline dehydrogenase or related flavoprotein	AG-917-K06_00844	4
CACLSR010000004.1	31427	32020	+	AG-917-K06_00849	AG-917-K06	197	OG0000922	NA	NA	COG0861	TerC	Tellurite resistance membrane protein TerC	AG-917-K06_00844	5
CACLVR010000002.1	130348	131028	+	AG-917-M22_00404	AG-917-M22	226	OG0001011	K21929	uracil-DNA glycosylase [EC:3.2.2.27]	COG1573	Udg4	Uracil-DNA glycosylase	AG-917-M22_00409	-5
CACLVR010000002.1	131025	131438	-	AG-917-M22_00405	AG-917-M22	137	OG0000808	K07107	acyl-CoA thioester hydrolase [EC:3.1.2.-]	COG0824	FadM	Acyl-CoA thioesterase FadM	AG-917-M22_00409	-4
CACLVR010000002.1	131497	131637	+	AG-917-M22_00406	AG-917-M22	46	OG0001143	NA	NA	NA	NA	NA	AG-917-M22_00409	-3
CACLVR010000002.1	131634	132284	-	AG-917-M22_00407	AG-917-M22	216	OG0000965	NA	NA	NA	NA	NA	AG-917-M22_00409	-2
CACLVR010000002.1	132497	133243	-	AG-917-M22_00408	AG-917-M22	248	OG0001186	K21883	2-dehydro-3-deoxy-L-rhamnonate dehydrogenase (NAD+) [EC:1.1.1.401]	COG1028	FabG	NAD(P)-dependent dehydrogenase, short-chain alcohol dehydrogenase family	AG-917-M22_00409	-1
CACLVR010000002.1	133249	134706	-	AG-917-M22_00409	AG-917-M22	485	OG0000917	K03457	nucleobase:cation symporter-1, NCS1 family	COG1953	FUI1	Cytosine/uracil/thiamine/allantoin permease	AG-917-M22_00409	0
CACLVR010000002.1	134732	136084	-	AG-917-M22_00410	AG-917-M22	450	OG0000987	K11690	C4-dicarboxylate transporter, DctM subunit	COG4664	FcbT3	TRAP-type mannitol/chloroaromatic compound transport system, large permease component	AG-917-M22_00409	1
CACLVR010000002.1	136063	136710	-	AG-917-M22_00411	AG-917-M22	215	OG0000994	NA	NA	COG4665	FcbT2	TRAP-type mannitol/chloroaromatic compound transport system, small permease component	AG-917-M22_00409	2
CACLVR010000002.1	136752	137846	-	AG-917-M22_00412	AG-917-M22	364	OG0000072	NA	NA	COG4663	FcbT1	TRAP-type mannitol/chloroaromatic compound transport system, periplasmic component	AG-917-M22_00409	3
CACLVR010000002.1	137987	139582	+	AG-917-M22_00413	AG-917-M22	531	OG0000054	NA	NA	COG2303	BetA	Choline dehydrogenase or related flavoprotein	AG-917-M22_00409	4
CACLVR010000002.1	139582	140175	+	AG-917-M22_00414	AG-917-M22	197	OG0000922	NA	NA	COG0861	TerC	Tellurite resistance membrane protein TerC	AG-917-M22_00409	5
CACLXR010000001.1	197014	197607	-	AG-917-O20_00204	AG-917-O20	197	OG0000922	NA	NA	COG0861	TerC	Tellurite resistance membrane protein TerC	AG-917-O20_00209	-5
CACLXR010000001.1	197607	199202	-	AG-917-O20_00205	AG-917-O20	531	OG0000054	NA	NA	COG2303	BetA	Choline dehydrogenase or related flavoprotein	AG-917-O20_00209	-4
CACLXR010000001.1	199335	200429	+	AG-917-O20_00206	AG-917-O20	364	OG0000072	NA	NA	COG4663	FcbT1	TRAP-type mannitol/chloroaromatic compound transport system, periplasmic component	AG-917-O20_00209	-3
CACLXR010000001.1	200499	201113	+	AG-917-O20_00207	AG-917-O20	204	OG0000994	NA	NA	COG4665	FcbT2	TRAP-type mannitol/chloroaromatic compound transport system, small permease component	AG-917-O20_00209	-2
CACLXR010000001.1	201110	202444	+	AG-917-O20_00208	AG-917-O20	444	OG0000987	K11690	C4-dicarboxylate transporter, DctM subunit	COG4664	FcbT3	TRAP-type mannitol/chloroaromatic compound transport system, large permease component	AG-917-O20_00209	-1
CACLXR010000001.1	202470	203927	+	AG-917-O20_00209	AG-917-O20	485	OG0000917	K03457	nucleobase:cation symporter-1, NCS1 family	COG1953	FUI1	Cytosine/uracil/thiamine/allantoin permease	AG-917-O20_00209	0
CACLXR010000001.1	203932	204684	+	AG-917-O20_00210	AG-917-O20	250	OG0001186	K21883	2-dehydro-3-deoxy-L-rhamnonate dehydrogenase (NAD+) [EC:1.1.1.401]	COG1028	FabG	NAD(P)-dependent dehydrogenase, short-chain alcohol dehydrogenase family	AG-917-O20_00209	1
CACLXR010000001.1	204681	204773	-	AG-917-O20_00211	AG-917-O20	30	OG0001265	NA	NA	NA	NA	NA	AG-917-O20_00209	2
CACPFM010000008.1	30737	31417	+	AG-917-P07_00801	AG-917-P07	226	OG0001011	K21929	uracil-DNA glycosylase [EC:3.2.2.27]	COG1573	Udg4	Uracil-DNA glycosylase	AG-917-P07_00806	-5
CACPFM010000008.1	31414	31827	-	AG-917-P07_00802	AG-917-P07	137	OG0000808	K07107	acyl-CoA thioester hydrolase [EC:3.1.2.-]	COG0824	FadM	Acyl-CoA thioesterase FadM	AG-917-P07_00806	-4
CACPFM010000008.1	31886	32026	+	AG-917-P07_00803	AG-917-P07	46	OG0001143	NA	NA	NA	NA	NA	AG-917-P07_00806	-3
CACPFM010000008.1	32023	32673	-	AG-917-P07_00804	AG-917-P07	216	OG0000965	NA	NA	NA	NA	NA	AG-917-P07_00806	-2
CACPFM010000008.1	32873	33877	-	AG-917-P07_00805	AG-917-P07	334	OG0000009	NA	NA	COG1063	Tdh	Threonine dehydrogenase or related Zn-dependent dehydrogenase	AG-917-P07_00806	-1
CACPFM010000008.1	33879	35336	-	AG-917-P07_00806	AG-917-P07	485	OG0000917	K03457	nucleobase:cation symporter-1, NCS1 family	COG1953	FUI1	Cytosine/uracil/thiamine/allantoin permease	AG-917-P07_00806	0
CACPFM010000008.1	35402	36298	+	AG-917-P07_00807	AG-917-P07	298	OG0001024	NA	NA	COG0697	EamA	Amino acid export permease, drug/metabolite transporter (DMT) superfamily	AG-917-P07_00806	1
CACPFM010000008.1	36299	37639	-	AG-917-P07_00808	AG-917-P07	446	OG0000987	K11690	C4-dicarboxylate transporter, DctM subunit	COG4664	FcbT3	TRAP-type mannitol/chloroaromatic compound transport system, large permease component	AG-917-P07_00806	2
CACPFM010000008.1	37630	38286	-	AG-917-P07_00809	AG-917-P07	218	OG0000994	NA	NA	COG4665	FcbT2	TRAP-type mannitol/chloroaromatic compound transport system, small permease component	AG-917-P07_00806	3
CACPFM010000008.1	38358	39446	-	AG-917-P07_00810	AG-917-P07	362	OG0000072	NA	NA	COG4663	FcbT1	TRAP-type mannitol/chloroaromatic compound transport system, periplasmic component	AG-917-P07_00806	4
CACPFM010000008.1	39578	40504	-	AG-917-P07_00811	AG-917-P07	308	OG0000005	K00020	3-hydroxyisobutyrate dehydrogenase [EC:1.1.1.31]	COG2084	MmsB	3-hydroxyisobutyrate dehydrogenase or related beta-hydroxyacid dehydrogenase	AG-917-P07_00806	5
CACLYY010000002.1	123860	124786	+	AG-918-B06_00474	AG-918-B06	308	OG0000005	K00020	3-hydroxyisobutyrate dehydrogenase [EC:1.1.1.31]	COG2084	MmsB	3-hydroxyisobutyrate dehydrogenase or related beta-hydroxyacid dehydrogenase	AG-918-B06_00479	-5
CACLYY010000002.1	124908	125996	+	AG-918-B06_00475	AG-918-B06	362	OG0000072	NA	NA	COG4663	FcbT1	TRAP-type mannitol/chloroaromatic compound transport system, periplasmic component	AG-918-B06_00479	-4
CACLYY010000002.1	126072	126728	+	AG-918-B06_00476	AG-918-B06	218	OG0000994	NA	NA	COG4665	FcbT2	TRAP-type mannitol/chloroaromatic compound transport system, small permease component	AG-918-B06_00479	-3
CACLYY010000002.1	126719	128059	+	AG-918-B06_00477	AG-918-B06	446	OG0000987	K11690	C4-dicarboxylate transporter, DctM subunit	COG4664	FcbT3	TRAP-type mannitol/chloroaromatic compound transport system, large permease component	AG-918-B06_00479	-2
CACLYY010000002.1	128049	128984	-	AG-918-B06_00478	AG-918-B06	311	OG0001024	NA	NA	COG0697	EamA	Amino acid export permease, drug/metabolite transporter (DMT) superfamily	AG-918-B06_00479	-1
CACLYY010000002.1	129013	130464	+	AG-918-B06_00479	AG-918-B06	483	OG0000917	K03457	nucleobase:cation symporter-1, NCS1 family	COG1953	FUI1	Cytosine/uracil/thiamine/allantoin permease	AG-918-B06_00479	0
CACLYY010000002.1	130467	131471	+	AG-918-B06_00480	AG-918-B06	334	OG0000009	NA	NA	COG1063	Tdh	Threonine dehydrogenase or related Zn-dependent dehydrogenase	AG-918-B06_00479	1
CACLYY010000002.1	131520	132170	+	AG-918-B06_00481	AG-918-B06	216	OG0000965	NA	NA	NA	NA	NA	AG-918-B06_00479	2
CACLYY010000002.1	132172	132309	-	AG-918-B06_00482	AG-918-B06	45	OG0001143	NA	NA	NA	NA	NA	AG-918-B06_00479	3
CACLYY010000002.1	132361	132753	+	AG-918-B06_00483	AG-918-B06	130	OG0000808	K07107	acyl-CoA thioester hydrolase [EC:3.1.2.-]	COG0824	FadM	Acyl-CoA thioesterase FadM	AG-918-B06_00479	4
CACLYY010000002.1	132746	133420	-	AG-918-B06_00484	AG-918-B06	224	OG0001011	K21929	uracil-DNA glycosylase [EC:3.2.2.27]	COG1573	Udg4	Uracil-DNA glycosylase	AG-918-B06_00479	5
CACMAX010000006.1	41945	42523	-	AG-918-E02_00951	AG-918-E02	192	OG0000922	NA	NA	COG0861	TerC	Tellurite resistance membrane protein TerC	AG-918-E02_00956	-5
CACMAX010000006.1	42520	44124	-	AG-918-E02_00952	AG-918-E02	534	OG0000054	NA	NA	COG2303	BetA	Choline dehydrogenase or related flavoprotein	AG-918-E02_00956	-4
CACMAX010000006.1	44260	45357	+	AG-918-E02_00953	AG-918-E02	365	OG0000072	NA	NA	COG4663	FcbT1	TRAP-type mannitol/chloroaromatic compound transport system, periplasmic component	AG-918-E02_00956	-3
CACMAX010000006.1	45411	46016	+	AG-918-E02_00954	AG-918-E02	201	OG0000994	NA	NA	COG4665	FcbT2	TRAP-type mannitol/chloroaromatic compound transport system, small permease component	AG-918-E02_00956	-2
CACMAX010000006.1	46016	47353	+	AG-918-E02_00955	AG-918-E02	445	OG0000987	K11690	C4-dicarboxylate transporter, DctM subunit	COG4664	FcbT3	TRAP-type mannitol/chloroaromatic compound transport system, large permease component	AG-918-E02_00956	-1
CACMAX010000006.1	47376	48830	+	AG-918-E02_00956	AG-918-E02	484	OG0000917	K03457	nucleobase:cation symporter-1, NCS1 family	COG1953	FUI1	Cytosine/uracil/thiamine/allantoin permease	AG-918-E02_00956	0
CACMAX010000006.1	48830	49837	+	AG-918-E02_00957	AG-918-E02	335	OG0000009	NA	NA	COG1063	Tdh	Threonine dehydrogenase or related Zn-dependent dehydrogenase	AG-918-E02_00956	1
CACMAX010000006.1	50061	50714	+	AG-918-E02_00958	AG-918-E02	217	OG0000965	NA	NA	NA	NA	NA	AG-918-E02_00956	2
CACMAX010000006.1	50734	51126	+	AG-918-E02_00959	AG-918-E02	130	OG0000808	K07107	acyl-CoA thioester hydrolase [EC:3.1.2.-]	COG0824	FadM	Acyl-CoA thioesterase FadM	AG-918-E02_00956	3
CACMAX010000006.1	51118	51825	-	AG-918-E02_00960	AG-918-E02	235	OG0001011	K21929	uracil-DNA glycosylase [EC:3.2.2.27]	COG1573	Udg4	Uracil-DNA glycosylase	AG-918-E02_00956	4
CACMAX010000006.1	51798	52949	-	AG-918-E02_00961	AG-918-E02	383	OG0001325	K00111	glycerol-3-phosphate dehydrogenase [EC:1.1.5.3]	COG0578	GlpA	Glycerol-3-phosphate dehydrogenase	AG-918-E02_00956	5
CACMDB010000005.1	130219	130812	-	AG-918-G06_01082	AG-918-G06	197	OG0000922	NA	NA	COG0861	TerC	Tellurite resistance membrane protein TerC	AG-918-G06_01087	-5
CACMDB010000005.1	130812	132407	-	AG-918-G06_01083	AG-918-G06	531	OG0000054	NA	NA	COG2303	BetA	Choline dehydrogenase or related flavoprotein	AG-918-G06_01087	-4
CACMDB010000005.1	132540	133634	+	AG-918-G06_01084	AG-918-G06	364	OG0000072	NA	NA	COG4663	FcbT1	TRAP-type mannitol/chloroaromatic compound transport system, periplasmic component	AG-918-G06_01087	-3
CACMDB010000005.1	133704	134318	+	AG-918-G06_01085	AG-918-G06	204	OG0000994	NA	NA	COG4665	FcbT2	TRAP-type mannitol/chloroaromatic compound transport system, small permease component	AG-918-G06_01087	-2
CACMDB010000005.1	134315	135649	+	AG-918-G06_01086	AG-918-G06	444	OG0000987	K11690	C4-dicarboxylate transporter, DctM subunit	COG4664	FcbT3	TRAP-type mannitol/chloroaromatic compound transport system, large permease component	AG-918-G06_01087	-1
CACMDB010000005.1	135675	137132	+	AG-918-G06_01087	AG-918-G06	485	OG0000917	K03457	nucleobase:cation symporter-1, NCS1 family	COG1953	FUI1	Cytosine/uracil/thiamine/allantoin permease	AG-918-G06_01087	0
CACMDB010000005.1	137137	137889	+	AG-918-G06_01088	AG-918-G06	250	OG0001186	K21883	2-dehydro-3-deoxy-L-rhamnonate dehydrogenase (NAD+) [EC:1.1.1.401]	COG1028	FabG	NAD(P)-dependent dehydrogenase, short-chain alcohol dehydrogenase family	AG-918-G06_01087	1
CACMDB010000005.1	137886	138023	-	AG-918-G06_01089	AG-918-G06	45	OG0001265	NA	NA	NA	NA	NA	AG-918-G06_01087	2
CACMDB010000005.1	138107	138757	+	AG-918-G06_01090	AG-918-G06	216	OG0000965	NA	NA	NA	NA	NA	AG-918-G06_01087	3
CACMDB010000005.1	138782	139204	+	AG-918-G06_01091	AG-918-G06	140	OG0000808	K07107	acyl-CoA thioester hydrolase [EC:3.1.2.-]	COG0824	FadM	Acyl-CoA thioesterase FadM	AG-918-G06_01087	4
CACMDB010000005.1	139194	139874	-	AG-918-G06_01092	AG-918-G06	226	OG0001011	K21929	uracil-DNA glycosylase [EC:3.2.2.27]	COG1573	Udg4	Uracil-DNA glycosylase	AG-918-G06_01087	5
CACMDY010000003.1	45142	45849	+	AG-918-G22_00794	AG-918-G22	235	OG0001011	K21929	uracil-DNA glycosylase [EC:3.2.2.27]	COG1573	Udg4	Uracil-DNA glycosylase	AG-918-G22_00799	-5
CACMDY010000003.1	45841	46233	-	AG-918-G22_00795	AG-918-G22	130	OG0000808	K07107	acyl-CoA thioester hydrolase [EC:3.1.2.-]	COG0824	FadM	Acyl-CoA thioesterase FadM	AG-918-G22_00799	-4
CACMDY010000003.1	46253	46906	-	AG-918-G22_00796	AG-918-G22	217	OG0000965	NA	NA	NA	NA	NA	AG-918-G22_00799	-3
CACMDY010000003.1	47002	47133	+	AG-918-G22_00797	AG-918-G22	43	OG0001265	NA	NA	NA	NA	NA	AG-918-G22_00799	-2
CACMDY010000003.1	47130	48134	-	AG-918-G22_00798	AG-918-G22	334	OG0000009	NA	NA	COG1063	Tdh	Threonine dehydrogenase or related Zn-dependent dehydrogenase	AG-918-G22_00799	-1
CACMDY010000003.1	48137	49591	-	AG-918-G22_00799	AG-918-G22	484	OG0000917	K03457	nucleobase:cation symporter-1, NCS1 family	COG1953	FUI1	Cytosine/uracil/thiamine/allantoin permease	AG-918-G22_00799	0
CACMDY010000003.1	49614	50951	-	AG-918-G22_00800	AG-918-G22	445	OG0000987	K11690	C4-dicarboxylate transporter, DctM subunit	COG4664	FcbT3	TRAP-type mannitol/chloroaromatic compound transport system, large permease component	AG-918-G22_00799	1
CACMDY010000003.1	50951	51556	-	AG-918-G22_00801	AG-918-G22	201	OG0000994	NA	NA	COG4665	FcbT2	TRAP-type mannitol/chloroaromatic compound transport system, small permease component	AG-918-G22_00799	2
CACMDY010000003.1	51610	52707	-	AG-918-G22_00802	AG-918-G22	365	OG0000072	NA	NA	COG4663	FcbT1	TRAP-type mannitol/chloroaromatic compound transport system, periplasmic component	AG-918-G22_00799	3
CACMDY010000003.1	52843	54447	+	AG-918-G22_00803	AG-918-G22	534	OG0000054	NA	NA	COG2303	BetA	Choline dehydrogenase or related flavoprotein	AG-918-G22_00799	4
CACMDY010000003.1	54444	55022	+	AG-918-G22_00804	AG-918-G22	192	OG0000922	NA	NA	COG0861	TerC	Tellurite resistance membrane protein TerC	AG-918-G22_00799	5
CACMFM010000004.1	63027	63707	+	AG-918-K09_00856	AG-918-K09	226	OG0001011	K21929	uracil-DNA glycosylase [EC:3.2.2.27]	COG1573	Udg4	Uracil-DNA glycosylase	AG-918-K09_00861	-5
CACMFM010000004.1	63704	64117	-	AG-918-K09_00857	AG-918-K09	137	OG0000808	K07107	acyl-CoA thioester hydrolase [EC:3.1.2.-]	COG0824	FadM	Acyl-CoA thioesterase FadM	AG-918-K09_00861	-4
CACMFM010000004.1	64176	64316	+	AG-918-K09_00858	AG-918-K09	46	OG0001143	NA	NA	NA	NA	NA	AG-918-K09_00861	-3
CACMFM010000004.1	64313	64963	-	AG-918-K09_00859	AG-918-K09	216	OG0000965	NA	NA	NA	NA	NA	AG-918-K09_00861	-2
CACMFM010000004.1	65176	65922	-	AG-918-K09_00860	AG-918-K09	248	OG0001186	K21883	2-dehydro-3-deoxy-L-rhamnonate dehydrogenase (NAD+) [EC:1.1.1.401]	COG1028	FabG	NAD(P)-dependent dehydrogenase, short-chain alcohol dehydrogenase family	AG-918-K09_00861	-1
CACMFM010000004.1	65928	66482	-	AG-918-K09_00861	AG-918-K09	184	OG0000917	NA	NA	COG1953	FUI1	Cytosine/uracil/thiamine/allantoin permease	AG-918-K09_00861	0
CACMFM010000004.1	66475	67386	-	AG-918-K09_00862	AG-918-K09	303	OG0000917	NA	NA	COG1953	FUI1	Cytosine/uracil/thiamine/allantoin permease	AG-918-K09_00861	1
CACMFM010000004.1	67412	68764	-	AG-918-K09_00863	AG-918-K09	450	OG0000987	K11690	C4-dicarboxylate transporter, DctM subunit	COG4664	FcbT3	TRAP-type mannitol/chloroaromatic compound transport system, large permease component	AG-918-K09_00861	2
CACMFM010000004.1	68743	69390	-	AG-918-K09_00864	AG-918-K09	215	OG0000994	NA	NA	COG4665	FcbT2	TRAP-type mannitol/chloroaromatic compound transport system, small permease component	AG-918-K09_00861	3
CACMFM010000004.1	69432	70526	-	AG-918-K09_00865	AG-918-K09	364	OG0000072	NA	NA	COG4663	FcbT1	TRAP-type mannitol/chloroaromatic compound transport system, periplasmic component	AG-918-K09_00861	4
CACMFM010000004.1	70667	72262	+	AG-918-K09_00866	AG-918-K09	531	OG0000054	NA	NA	COG2303	BetA	Choline dehydrogenase or related flavoprotein	AG-918-K09_00861	5
CACMFM010000004.1	63704	64117	-	AG-918-K09_00857	AG-918-K09	137	OG0000808	K07107	acyl-CoA thioester hydrolase [EC:3.1.2.-]	COG0824	FadM	Acyl-CoA thioesterase FadM	AG-918-K09_00862	-5
CACMFM010000004.1	64176	64316	+	AG-918-K09_00858	AG-918-K09	46	OG0001143	NA	NA	NA	NA	NA	AG-918-K09_00862	-4
CACMFM010000004.1	64313	64963	-	AG-918-K09_00859	AG-918-K09	216	OG0000965	NA	NA	NA	NA	NA	AG-918-K09_00862	-3
CACMFM010000004.1	65176	65922	-	AG-918-K09_00860	AG-918-K09	248	OG0001186	K21883	2-dehydro-3-deoxy-L-rhamnonate dehydrogenase (NAD+) [EC:1.1.1.401]	COG1028	FabG	NAD(P)-dependent dehydrogenase, short-chain alcohol dehydrogenase family	AG-918-K09_00862	-2
CACMFM010000004.1	65928	66482	-	AG-918-K09_00861	AG-918-K09	184	OG0000917	NA	NA	COG1953	FUI1	Cytosine/uracil/thiamine/allantoin permease	AG-918-K09_00862	-1
CACMFM010000004.1	66475	67386	-	AG-918-K09_00862	AG-918-K09	303	OG0000917	NA	NA	COG1953	FUI1	Cytosine/uracil/thiamine/allantoin permease	AG-918-K09_00862	0
CACMFM010000004.1	67412	68764	-	AG-918-K09_00863	AG-918-K09	450	OG0000987	K11690	C4-dicarboxylate transporter, DctM subunit	COG4664	FcbT3	TRAP-type mannitol/chloroaromatic compound transport system, large permease component	AG-918-K09_00862	1
CACMFM010000004.1	68743	69390	-	AG-918-K09_00864	AG-918-K09	215	OG0000994	NA	NA	COG4665	FcbT2	TRAP-type mannitol/chloroaromatic compound transport system, small permease component	AG-918-K09_00862	2
CACMFM010000004.1	69432	70526	-	AG-918-K09_00865	AG-918-K09	364	OG0000072	NA	NA	COG4663	FcbT1	TRAP-type mannitol/chloroaromatic compound transport system, periplasmic component	AG-918-K09_00862	3
CACMFM010000004.1	70667	72262	+	AG-918-K09_00866	AG-918-K09	531	OG0000054	NA	NA	COG2303	BetA	Choline dehydrogenase or related flavoprotein	AG-918-K09_00862	4
CACMFM010000004.1	72262	72855	+	AG-918-K09_00867	AG-918-K09	197	OG0000922	NA	NA	COG0861	TerC	Tellurite resistance membrane protein TerC	AG-918-K09_00862	5
CACMFU010000002.1	128840	129991	+	AG-918-K13_00352	AG-918-K13	383	OG0001325	K00111	glycerol-3-phosphate dehydrogenase [EC:1.1.5.3]	COG0578	GlpA	Glycerol-3-phosphate dehydrogenase	AG-918-K13_00357	-5
CACMFU010000002.1	129964	130671	+	AG-918-K13_00353	AG-918-K13	235	OG0001011	K21929	uracil-DNA glycosylase [EC:3.2.2.27]	COG1573	Udg4	Uracil-DNA glycosylase	AG-918-K13_00357	-4
CACMFU010000002.1	130663	131055	-	AG-918-K13_00354	AG-918-K13	130	OG0000808	K07107	acyl-CoA thioester hydrolase [EC:3.1.2.-]	COG0824	FadM	Acyl-CoA thioesterase FadM	AG-918-K13_00357	-3
CACMFU010000002.1	131075	131728	-	AG-918-K13_00355	AG-918-K13	217	OG0000965	NA	NA	NA	NA	NA	AG-918-K13_00357	-2
CACMFU010000002.1	131952	132956	-	AG-918-K13_00356	AG-918-K13	334	OG0000009	NA	NA	COG1063	Tdh	Threonine dehydrogenase or related Zn-dependent dehydrogenase	AG-918-K13_00357	-1
CACMFU010000002.1	132959	134413	-	AG-918-K13_00357	AG-918-K13	484	OG0000917	K03457	nucleobase:cation symporter-1, NCS1 family	COG1953	FUI1	Cytosine/uracil/thiamine/allantoin permease	AG-918-K13_00357	0
CACMFU010000002.1	134436	135773	-	AG-918-K13_00358	AG-918-K13	445	OG0000987	K11690	C4-dicarboxylate transporter, DctM subunit	COG4664	FcbT3	TRAP-type mannitol/chloroaromatic compound transport system, large permease component	AG-918-K13_00357	1
CACMFU010000002.1	135773	136378	-	AG-918-K13_00359	AG-918-K13	201	OG0000994	NA	NA	COG4665	FcbT2	TRAP-type mannitol/chloroaromatic compound transport system, small permease component	AG-918-K13_00357	2
CACMFU010000002.1	136432	137529	-	AG-918-K13_00360	AG-918-K13	365	OG0000072	NA	NA	COG4663	FcbT1	TRAP-type mannitol/chloroaromatic compound transport system, periplasmic component	AG-918-K13_00357	3
CACMFU010000002.1	137666	139276	+	AG-918-K13_00361	AG-918-K13	536	OG0000054	NA	NA	COG2303	BetA	Choline dehydrogenase or related flavoprotein	AG-918-K13_00357	4
CACMFU010000002.1	139276	139857	+	AG-918-K13_00362	AG-918-K13	193	OG0000922	NA	NA	COG0861	TerC	Tellurite resistance membrane protein TerC	AG-918-K13_00357	5
CACMGQ010000006.1	66517	67110	-	AG-918-L07_00979	AG-918-L07	197	OG0000922	NA	NA	COG0861	TerC	Tellurite resistance membrane protein TerC	AG-918-L07_00984	-5
CACMGQ010000006.1	67110	68705	-	AG-918-L07_00980	AG-918-L07	531	OG0000054	NA	NA	COG2303	BetA	Choline dehydrogenase or related flavoprotein	AG-918-L07_00984	-4
CACMGQ010000006.1	68846	69940	+	AG-918-L07_00981	AG-918-L07	364	OG0000072	NA	NA	COG4663	FcbT1	TRAP-type mannitol/chloroaromatic compound transport system, periplasmic component	AG-918-L07_00984	-3
CACMGQ010000006.1	69982	70629	+	AG-918-L07_00982	AG-918-L07	215	OG0000994	NA	NA	COG4665	FcbT2	TRAP-type mannitol/chloroaromatic compound transport system, small permease component	AG-918-L07_00984	-2
CACMGQ010000006.1	70608	71960	+	AG-918-L07_00983	AG-918-L07	450	OG0000987	K11690	C4-dicarboxylate transporter, DctM subunit	COG4664	FcbT3	TRAP-type mannitol/chloroaromatic compound transport system, large permease component	AG-918-L07_00984	-1
CACMGQ010000006.1	71986	73443	+	AG-918-L07_00984	AG-918-L07	485	OG0000917	K03457	nucleobase:cation symporter-1, NCS1 family	COG1953	FUI1	Cytosine/uracil/thiamine/allantoin permease	AG-918-L07_00984	0
CACMGQ010000006.1	73449	74195	+	AG-918-L07_00985	AG-918-L07	248	OG0001186	K21883	2-dehydro-3-deoxy-L-rhamnonate dehydrogenase (NAD+) [EC:1.1.1.401]	COG1028	FabG	NAD(P)-dependent dehydrogenase, short-chain alcohol dehydrogenase family	AG-918-L07_00984	1
CACMGQ010000006.1	74408	75058	+	AG-918-L07_00986	AG-918-L07	216	OG0000965	NA	NA	NA	NA	NA	AG-918-L07_00984	2
CACMGQ010000006.1	75055	75195	-	AG-918-L07_00987	AG-918-L07	46	OG0001143	NA	NA	NA	NA	NA	AG-918-L07_00984	3
CACMGQ010000006.1	75254	75667	+	AG-918-L07_00988	AG-918-L07	137	OG0000808	K07107	acyl-CoA thioester hydrolase [EC:3.1.2.-]	COG0824	FadM	Acyl-CoA thioesterase FadM	AG-918-L07_00984	4
CACMGQ010000006.1	75664	76344	-	AG-918-L07_00989	AG-918-L07	226	OG0001011	K21929	uracil-DNA glycosylase [EC:3.2.2.27]	COG1573	Udg4	Uracil-DNA glycosylase	AG-918-L07_00984	5
CACMHD010000006.1	32795	33475	+	AG-918-L21_00565	AG-918-L21	226	OG0001011	K21929	uracil-DNA glycosylase [EC:3.2.2.27]	COG1573	Udg4	Uracil-DNA glycosylase	AG-918-L21_00570	-5
CACMHD010000006.1	33472	33885	-	AG-918-L21_00566	AG-918-L21	137	OG0000808	K07107	acyl-CoA thioester hydrolase [EC:3.1.2.-]	COG0824	FadM	Acyl-CoA thioesterase FadM	AG-918-L21_00570	-4
CACMHD010000006.1	33944	34084	+	AG-918-L21_00567	AG-918-L21	46	OG0001143	NA	NA	NA	NA	NA	AG-918-L21_00570	-3
CACMHD010000006.1	34081	34731	-	AG-918-L21_00568	AG-918-L21	216	OG0000965	NA	NA	NA	NA	NA	AG-918-L21_00570	-2
CACMHD010000006.1	34945	35691	-	AG-918-L21_00569	AG-918-L21	248	OG0001186	K21883	2-dehydro-3-deoxy-L-rhamnonate dehydrogenase (NAD+) [EC:1.1.1.401]	COG1028	FabG	NAD(P)-dependent dehydrogenase, short-chain alcohol dehydrogenase family	AG-918-L21_00570	-1
CACMHD010000006.1	35697	37154	-	AG-918-L21_00570	AG-918-L21	485	OG0000917	K03457	nucleobase:cation symporter-1, NCS1 family	COG1953	FUI1	Cytosine/uracil/thiamine/allantoin permease	AG-918-L21_00570	0
CACMHD010000006.1	37180	38532	-	AG-918-L21_00571	AG-918-L21	450	OG0000987	K11690	C4-dicarboxylate transporter, DctM subunit	COG4664	FcbT3	TRAP-type mannitol/chloroaromatic compound transport system, large permease component	AG-918-L21_00570	1
CACMHD010000006.1	38511	39158	-	AG-918-L21_00572	AG-918-L21	215	OG0000994	NA	NA	COG4665	FcbT2	TRAP-type mannitol/chloroaromatic compound transport system, small permease component	AG-918-L21_00570	2
CACMHD010000006.1	39200	40294	-	AG-918-L21_00573	AG-918-L21	364	OG0000072	NA	NA	COG4663	FcbT1	TRAP-type mannitol/chloroaromatic compound transport system, periplasmic component	AG-918-L21_00570	3
CACMHD010000006.1	40436	42031	+	AG-918-L21_00574	AG-918-L21	531	OG0000054	NA	NA	COG2303	BetA	Choline dehydrogenase or related flavoprotein	AG-918-L21_00570	4
CACMHD010000006.1	42031	42624	+	AG-918-L21_00575	AG-918-L21	197	OG0000922	NA	NA	COG0861	TerC	Tellurite resistance membrane protein TerC	AG-918-L21_00570	5
CACMLC010000010.1	17300	17980	+	AG-919-A21_00959	AG-919-A21	226	OG0001011	K21929	uracil-DNA glycosylase [EC:3.2.2.27]	COG1573	Udg4	Uracil-DNA glycosylase	AG-919-A21_00964	-5
CACMLC010000010.1	17970	18392	-	AG-919-A21_00960	AG-919-A21	140	OG0000808	K07107	acyl-CoA thioester hydrolase [EC:3.1.2.-]	COG0824	FadM	Acyl-CoA thioesterase FadM	AG-919-A21_00964	-4
CACMLC010000010.1	18420	19070	-	AG-919-A21_00961	AG-919-A21	216	OG0000965	NA	NA	NA	NA	NA	AG-919-A21_00964	-3
CACMLC010000010.1	19153	19290	+	AG-919-A21_00962	AG-919-A21	45	OG0001265	NA	NA	NA	NA	NA	AG-919-A21_00964	-2
CACMLC010000010.1	19287	20039	-	AG-919-A21_00963	AG-919-A21	250	OG0001186	K21883	2-dehydro-3-deoxy-L-rhamnonate dehydrogenase (NAD+) [EC:1.1.1.401]	COG1028	FabG	NAD(P)-dependent dehydrogenase, short-chain alcohol dehydrogenase family	AG-919-A21_00964	-1
CACMLC010000010.1	20044	21501	-	AG-919-A21_00964	AG-919-A21	485	OG0000917	K03457	nucleobase:cation symporter-1, NCS1 family	COG1953	FUI1	Cytosine/uracil/thiamine/allantoin permease	AG-919-A21_00964	0
CACMLC010000010.1	21527	22213	-	AG-919-A21_00965	AG-919-A21	228	OG0000987	NA	NA	COG4664	FcbT3	TRAP-type mannitol/chloroaromatic compound transport system, large permease component	AG-919-A21_00964	1
CACMLV010000001.1	177230	177910	+	AG-919-C02_00201	AG-919-C02	226	OG0001011	K21929	uracil-DNA glycosylase [EC:3.2.2.27]	COG1573	Udg4	Uracil-DNA glycosylase	AG-919-C02_00206	-5
CACMLV010000001.1	177900	178322	-	AG-919-C02_00202	AG-919-C02	140	OG0000808	K07107	acyl-CoA thioester hydrolase [EC:3.1.2.-]	COG0824	FadM	Acyl-CoA thioesterase FadM	AG-919-C02_00206	-4
CACMLV010000001.1	178347	178997	-	AG-919-C02_00203	AG-919-C02	216	OG0000965	NA	NA	NA	NA	NA	AG-919-C02_00206	-3
CACMLV010000001.1	179126	179218	+	AG-919-C02_00204	AG-919-C02	30	OG0001265	NA	NA	NA	NA	NA	AG-919-C02_00206	-2
CACMLV010000001.1	179215	179967	-	AG-919-C02_00205	AG-919-C02	250	OG0001186	K21883	2-dehydro-3-deoxy-L-rhamnonate dehydrogenase (NAD+) [EC:1.1.1.401]	COG1028	FabG	NAD(P)-dependent dehydrogenase, short-chain alcohol dehydrogenase family	AG-919-C02_00206	-1
CACMLV010000001.1	179972	181429	-	AG-919-C02_00206	AG-919-C02	485	OG0000917	K03457	nucleobase:cation symporter-1, NCS1 family	COG1953	FUI1	Cytosine/uracil/thiamine/allantoin permease	AG-919-C02_00206	0
CACMLV010000001.1	181455	182789	-	AG-919-C02_00207	AG-919-C02	444	OG0000987	K11690	C4-dicarboxylate transporter, DctM subunit	COG4664	FcbT3	TRAP-type mannitol/chloroaromatic compound transport system, large permease component	AG-919-C02_00206	1
CACMLV010000001.1	182786	183400	-	AG-919-C02_00208	AG-919-C02	204	OG0000994	NA	NA	COG4665	FcbT2	TRAP-type mannitol/chloroaromatic compound transport system, small permease component	AG-919-C02_00206	2
CACMLV010000001.1	183470	184564	-	AG-919-C02_00209	AG-919-C02	364	OG0000072	NA	NA	COG4663	FcbT1	TRAP-type mannitol/chloroaromatic compound transport system, periplasmic component	AG-919-C02_00206	3
CACMLV010000001.1	184697	186292	+	AG-919-C02_00210	AG-919-C02	531	OG0000054	NA	NA	COG2303	BetA	Choline dehydrogenase or related flavoprotein	AG-919-C02_00206	4
CACMLV010000001.1	186292	186885	+	AG-919-C02_00211	AG-919-C02	197	OG0000922	NA	NA	COG0861	TerC	Tellurite resistance membrane protein TerC	AG-919-C02_00206	5
CACMOQ010000014.1	1	249	+	AG-919-F03_01088	AG-919-F03	82	OG0000917	NA	NA	COG1953	FUI1	Cytosine/uracil/thiamine/allantoin permease	AG-919-F03_01088	0
CACMOQ010000014.1	259	1011	+	AG-919-F03_01089	AG-919-F03	250	OG0001186	K21883	2-dehydro-3-deoxy-L-rhamnonate dehydrogenase (NAD+) [EC:1.1.1.401]	COG1028	FabG	NAD(P)-dependent dehydrogenase, short-chain alcohol dehydrogenase family	AG-919-F03_01088	1
CACMOQ010000014.1	1008	1145	-	AG-919-F03_01090	AG-919-F03	45	OG0001265	NA	NA	NA	NA	NA	AG-919-F03_01088	2
CACMOQ010000014.1	1220	1870	+	AG-919-F03_01091	AG-919-F03	216	OG0000965	NA	NA	NA	NA	NA	AG-919-F03_01088	3
CACMOQ010000014.1	1871	2011	-	AG-919-F03_01092	AG-919-F03	46	OG0001143	NA	NA	NA	NA	NA	AG-919-F03_01088	4
CACMOQ010000014.1	2069	2491	+	AG-919-F03_01093	AG-919-F03	140	OG0000808	K07107	acyl-CoA thioester hydrolase [EC:3.1.2.-]	COG0824	FadM	Acyl-CoA thioesterase FadM	AG-919-F03_01088	5
CACMTZ010000002.1	45919	46599	+	AG-919-L02_00293	AG-919-L02	226	OG0001011	K21929	uracil-DNA glycosylase [EC:3.2.2.27]	COG1573	Udg4	Uracil-DNA glycosylase	AG-919-L02_00298	-5
CACMTZ010000002.1	46589	47011	-	AG-919-L02_00294	AG-919-L02	140	OG0000808	K07107	acyl-CoA thioester hydrolase [EC:3.1.2.-]	COG0824	FadM	Acyl-CoA thioesterase FadM	AG-919-L02_00298	-4
CACMTZ010000002.1	47036	47686	-	AG-919-L02_00295	AG-919-L02	216	OG0000965	NA	NA	NA	NA	NA	AG-919-L02_00298	-3
CACMTZ010000002.1	47815	47907	+	AG-919-L02_00296	AG-919-L02	30	OG0001265	NA	NA	NA	NA	NA	AG-919-L02_00298	-2
CACMTZ010000002.1	47904	48656	-	AG-919-L02_00297	AG-919-L02	250	OG0001186	K21883	2-dehydro-3-deoxy-L-rhamnonate dehydrogenase (NAD+) [EC:1.1.1.401]	COG1028	FabG	NAD(P)-dependent dehydrogenase, short-chain alcohol dehydrogenase family	AG-919-L02_00298	-1
CACMTZ010000002.1	48661	50118	-	AG-919-L02_00298	AG-919-L02	485	OG0000917	K03457	nucleobase:cation symporter-1, NCS1 family	COG1953	FUI1	Cytosine/uracil/thiamine/allantoin permease	AG-919-L02_00298	0
CACMTZ010000002.1	50144	51478	-	AG-919-L02_00299	AG-919-L02	444	OG0000987	K11690	C4-dicarboxylate transporter, DctM subunit	COG4664	FcbT3	TRAP-type mannitol/chloroaromatic compound transport system, large permease component	AG-919-L02_00298	1
CACMTZ010000002.1	51475	52089	-	AG-919-L02_00300	AG-919-L02	204	OG0000994	NA	NA	COG4665	FcbT2	TRAP-type mannitol/chloroaromatic compound transport system, small permease component	AG-919-L02_00298	2
CACMTZ010000002.1	52157	53251	-	AG-919-L02_00301	AG-919-L02	364	OG0000072	NA	NA	COG4663	FcbT1	TRAP-type mannitol/chloroaromatic compound transport system, periplasmic component	AG-919-L02_00298	3
CACMTZ010000002.1	53384	54979	+	AG-919-L02_00302	AG-919-L02	531	OG0000054	NA	NA	COG2303	BetA	Choline dehydrogenase or related flavoprotein	AG-919-L02_00298	4
CACMTZ010000002.1	54979	55572	+	AG-919-L02_00303	AG-919-L02	197	OG0000922	NA	NA	COG0861	TerC	Tellurite resistance membrane protein TerC	AG-919-L02_00298	5
CACMXJ010000002.1	82123	82716	-	AG-919-O02_00256	AG-919-O02	197	OG0000922	NA	NA	COG0861	TerC	Tellurite resistance membrane protein TerC	AG-919-O02_00261	-5
CACMXJ010000002.1	82716	84311	-	AG-919-O02_00257	AG-919-O02	531	OG0000054	NA	NA	COG2303	BetA	Choline dehydrogenase or related flavoprotein	AG-919-O02_00261	-4
CACMXJ010000002.1	84445	85539	+	AG-919-O02_00258	AG-919-O02	364	OG0000072	NA	NA	COG4663	FcbT1	TRAP-type mannitol/chloroaromatic compound transport system, periplasmic component	AG-919-O02_00261	-3
CACMXJ010000002.1	85609	86223	+	AG-919-O02_00259	AG-919-O02	204	OG0000994	NA	NA	COG4665	FcbT2	TRAP-type mannitol/chloroaromatic compound transport system, small permease component	AG-919-O02_00261	-2
CACMXJ010000002.1	86220	87554	+	AG-919-O02_00260	AG-919-O02	444	OG0000987	K11690	C4-dicarboxylate transporter, DctM subunit	COG4664	FcbT3	TRAP-type mannitol/chloroaromatic compound transport system, large permease component	AG-919-O02_00261	-1
CACMXJ010000002.1	87580	89037	+	AG-919-O02_00261	AG-919-O02	485	OG0000917	K03457	nucleobase:cation symporter-1, NCS1 family	COG1953	FUI1	Cytosine/uracil/thiamine/allantoin permease	AG-919-O02_00261	0
CACMXJ010000002.1	89042	89794	+	AG-919-O02_00262	AG-919-O02	250	OG0001186	K21883	2-dehydro-3-deoxy-L-rhamnonate dehydrogenase (NAD+) [EC:1.1.1.401]	COG1028	FabG	NAD(P)-dependent dehydrogenase, short-chain alcohol dehydrogenase family	AG-919-O02_00261	1
CACMXJ010000002.1	89791	89928	-	AG-919-O02_00263	AG-919-O02	45	OG0001265	NA	NA	NA	NA	NA	AG-919-O02_00261	2
CACMXJ010000002.1	90010	90660	+	AG-919-O02_00264	AG-919-O02	216	OG0000965	NA	NA	NA	NA	NA	AG-919-O02_00261	3
CACMXJ010000002.1	90661	90801	-	AG-919-O02_00265	AG-919-O02	46	OG0001143	NA	NA	NA	NA	NA	AG-919-O02_00261	4
CACMXJ010000002.1	90859	91281	+	AG-919-O02_00266	AG-919-O02	140	OG0000808	K07107	acyl-CoA thioester hydrolase [EC:3.1.2.-]	COG0824	FadM	Acyl-CoA thioesterase FadM	AG-919-O02_00261	5
CACNCB010000002.1	15226	15636	-	AG-920-D05_00427	AG-920-D05	136	OG0000808	K07107	acyl-CoA thioester hydrolase [EC:3.1.2.-]	COG0824	FadM	Acyl-CoA thioesterase FadM	AG-920-D05_00432	-5
CACNCB010000002.1	15694	15831	+	AG-920-D05_00428	AG-920-D05	45	OG0001143	NA	NA	NA	NA	NA	AG-920-D05_00432	-4
CACNCB010000002.1	15835	16485	-	AG-920-D05_00429	AG-920-D05	216	OG0000965	NA	NA	NA	NA	NA	AG-920-D05_00432	-3
CACNCB010000002.1	16575	16697	+	AG-920-D05_00430	AG-920-D05	40	OG0001265	NA	NA	NA	NA	NA	AG-920-D05_00432	-2
CACNCB010000002.1	16700	17446	-	AG-920-D05_00431	AG-920-D05	248	OG0001186	K21883	2-dehydro-3-deoxy-L-rhamnonate dehydrogenase (NAD+) [EC:1.1.1.401]	COG1028	FabG	NAD(P)-dependent dehydrogenase, short-chain alcohol dehydrogenase family	AG-920-D05_00432	-1
CACNCB010000002.1	17452	18909	-	AG-920-D05_00432	AG-920-D05	485	OG0000917	K03457	nucleobase:cation symporter-1, NCS1 family	COG1953	FUI1	Cytosine/uracil/thiamine/allantoin permease	AG-920-D05_00432	0
CACNCB010000002.1	18935	20269	-	AG-920-D05_00433	AG-920-D05	444	OG0000987	K11690	C4-dicarboxylate transporter, DctM subunit	COG4664	FcbT3	TRAP-type mannitol/chloroaromatic compound transport system, large permease component	AG-920-D05_00432	1
CACNCB010000002.1	20266	20880	-	AG-920-D05_00434	AG-920-D05	204	OG0000994	NA	NA	COG4665	FcbT2	TRAP-type mannitol/chloroaromatic compound transport system, small permease component	AG-920-D05_00432	2
CACNCB010000002.1	20946	22040	-	AG-920-D05_00435	AG-920-D05	364	OG0000072	NA	NA	COG4663	FcbT1	TRAP-type mannitol/chloroaromatic compound transport system, periplasmic component	AG-920-D05_00432	3
CACNCB010000002.1	22184	23779	+	AG-920-D05_00436	AG-920-D05	531	OG0000054	NA	NA	COG2303	BetA	Choline dehydrogenase or related flavoprotein	AG-920-D05_00432	4
CACNCB010000002.1	23779	24372	+	AG-920-D05_00437	AG-920-D05	197	OG0000922	NA	NA	COG0861	TerC	Tellurite resistance membrane protein TerC	AG-920-D05_00432	5
CACNFB010000015.1	295	1041	-	AG-920-I06_00980	AG-920-I06	248	OG0001186	K21883	2-dehydro-3-deoxy-L-rhamnonate dehydrogenase (NAD+) [EC:1.1.1.401]	COG1028	FabG	NAD(P)-dependent dehydrogenase, short-chain alcohol dehydrogenase family	AG-920-I06_00981	-1
CACNFB010000015.1	1038	2498	-	AG-920-I06_00981	AG-920-I06	486	OG0000917	K03457	nucleobase:cation symporter-1, NCS1 family	COG1953	FUI1	Cytosine/uracil/thiamine/allantoin permease	AG-920-I06_00981	0
CACNFB010000015.1	2523	3857	-	AG-920-I06_00982	AG-920-I06	444	OG0000987	K11690	C4-dicarboxylate transporter, DctM subunit	COG4664	FcbT3	TRAP-type mannitol/chloroaromatic compound transport system, large permease component	AG-920-I06_00981	1
CACNFB010000015.1	3854	4468	-	AG-920-I06_00983	AG-920-I06	204	OG0000994	NA	NA	COG4665	FcbT2	TRAP-type mannitol/chloroaromatic compound transport system, small permease component	AG-920-I06_00981	2
CACNFB010000015.1	4538	5629	-	AG-920-I06_00984	AG-920-I06	363	OG0000072	NA	NA	COG4663	FcbT1	TRAP-type mannitol/chloroaromatic compound transport system, periplasmic component	AG-920-I06_00981	3
CACNFB010000015.1	5760	7379	+	AG-920-I06_00985	AG-920-I06	539	OG0000054	NA	NA	COG2303	BetA	Choline dehydrogenase or related flavoprotein	AG-920-I06_00981	4
CACNFB010000015.1	7376	7957	+	AG-920-I06_00986	AG-920-I06	193	OG0000922	NA	NA	COG0861	TerC	Tellurite resistance membrane protein TerC	AG-920-I06_00981	5
CACNFY010000008.1	29766	30443	+	AG-920-I23_00864	AG-920-I23	225	OG0001011	K21929	uracil-DNA glycosylase [EC:3.2.2.27]	COG1573	Udg4	Uracil-DNA glycosylase	AG-920-I23_00869	-5
CACNFY010000008.1	30436	30843	-	AG-920-I23_00865	AG-920-I23	135	OG0000808	K07107	acyl-CoA thioester hydrolase [EC:3.1.2.-]	COG0824	FadM	Acyl-CoA thioesterase FadM	AG-920-I23_00869	-4
CACNFY010000008.1	30890	31033	+	AG-920-I23_00866	AG-920-I23	47	OG0001143	NA	NA	NA	NA	NA	AG-920-I23_00869	-3
CACNFY010000008.1	31030	31674	-	AG-920-I23_00867	AG-920-I23	214	OG0000965	NA	NA	NA	NA	NA	AG-920-I23_00869	-2
CACNFY010000008.1	31674	32681	-	AG-920-I23_00868	AG-920-I23	335	OG0000009	NA	NA	COG1063	Tdh	Threonine dehydrogenase or related Zn-dependent dehydrogenase	AG-920-I23_00869	-1
CACNFY010000008.1	32681	34135	-	AG-920-I23_00869	AG-920-I23	484	OG0000917	K03457	nucleobase:cation symporter-1, NCS1 family	COG1953	FUI1	Cytosine/uracil/thiamine/allantoin permease	AG-920-I23_00869	0
CACNFY010000008.1	34160	35494	-	AG-920-I23_00870	AG-920-I23	444	OG0000987	K11690	C4-dicarboxylate transporter, DctM subunit	COG4664	FcbT3	TRAP-type mannitol/chloroaromatic compound transport system, large permease component	AG-920-I23_00869	1
CACNFY010000008.1	35491	36105	-	AG-920-I23_00871	AG-920-I23	204	OG0000994	NA	NA	COG4665	FcbT2	TRAP-type mannitol/chloroaromatic compound transport system, small permease component	AG-920-I23_00869	2
CACNFY010000008.1	36171	37262	-	AG-920-I23_00872	AG-920-I23	363	OG0000072	NA	NA	COG4663	FcbT1	TRAP-type mannitol/chloroaromatic compound transport system, periplasmic component	AG-920-I23_00869	3
CACNFY010000008.1	37373	38968	+	AG-920-I23_00873	AG-920-I23	531	OG0000054	NA	NA	COG2303	BetA	Choline dehydrogenase or related flavoprotein	AG-920-I23_00869	4
CACNFY010000008.1	38968	39546	+	AG-920-I23_00874	AG-920-I23	192	OG0000922	NA	NA	COG0861	TerC	Tellurite resistance membrane protein TerC	AG-920-I23_00869	5
CACNGH010000001.1	60404	60817	-	AG-920-J04_00067	AG-920-J04	137	OG0000808	K07107	acyl-CoA thioester hydrolase [EC:3.1.2.-]	COG0824	FadM	Acyl-CoA thioesterase FadM	AG-920-J04_00072	-5
CACNGH010000001.1	60876	61016	+	AG-920-J04_00068	AG-920-J04	46	OG0001143	NA	NA	NA	NA	NA	AG-920-J04_00072	-4
CACNGH010000001.1	61013	61708	-	AG-920-J04_00069	AG-920-J04	231	OG0000965	NA	NA	NA	NA	NA	AG-920-J04_00072	-3
CACNGH010000001.1	61753	61869	+	AG-920-J04_00070	AG-920-J04	38	OG0001265	NA	NA	NA	NA	NA	AG-920-J04_00072	-2
CACNGH010000001.1	61874	62620	-	AG-920-J04_00071	AG-920-J04	248	OG0001186	K21883	2-dehydro-3-deoxy-L-rhamnonate dehydrogenase (NAD+) [EC:1.1.1.401]	COG1028	FabG	NAD(P)-dependent dehydrogenase, short-chain alcohol dehydrogenase family	AG-920-J04_00072	-1
CACNGH010000001.1	62626	64083	-	AG-920-J04_00072	AG-920-J04	485	OG0000917	K03457	nucleobase:cation symporter-1, NCS1 family	COG1953	FUI1	Cytosine/uracil/thiamine/allantoin permease	AG-920-J04_00072	0
CACNGH010000001.1	64109	65443	-	AG-920-J04_00073	AG-920-J04	444	OG0000987	K11690	C4-dicarboxylate transporter, DctM subunit	COG4664	FcbT3	TRAP-type mannitol/chloroaromatic compound transport system, large permease component	AG-920-J04_00072	1
CACNGH010000001.1	65440	66054	-	AG-920-J04_00074	AG-920-J04	204	OG0000994	NA	NA	COG4665	FcbT2	TRAP-type mannitol/chloroaromatic compound transport system, small permease component	AG-920-J04_00072	2
CACNGH010000001.1	66128	67222	-	AG-920-J04_00075	AG-920-J04	364	OG0000072	NA	NA	COG4663	FcbT1	TRAP-type mannitol/chloroaromatic compound transport system, periplasmic component	AG-920-J04_00072	3
CACNGH010000001.1	67362	68972	+	AG-920-J04_00076	AG-920-J04	536	OG0000054	NA	NA	COG2303	BetA	Choline dehydrogenase or related flavoprotein	AG-920-J04_00072	4
CACNGH010000001.1	68972	69565	+	AG-920-J04_00077	AG-920-J04	197	OG0000922	NA	NA	COG0861	TerC	Tellurite resistance membrane protein TerC	AG-920-J04_00072	5
CACNIT010000010.1	6538	7119	-	AG-920-L19_00981	AG-920-L19	193	OG0000922	NA	NA	COG0861	TerC	Tellurite resistance membrane protein TerC	AG-920-L19_00986	-5
CACNIT010000010.1	7116	8741	-	AG-920-L19_00982	AG-920-L19	541	OG0000054	NA	NA	COG2303	BetA	Choline dehydrogenase or related flavoprotein	AG-920-L19_00986	-4
CACNIT010000010.1	8866	9957	+	AG-920-L19_00983	AG-920-L19	363	OG0000072	NA	NA	COG4663	FcbT1	TRAP-type mannitol/chloroaromatic compound transport system, periplasmic component	AG-920-L19_00986	-3
CACNIT010000010.1	10027	10641	+	AG-920-L19_00984	AG-920-L19	204	OG0000994	NA	NA	COG4665	FcbT2	TRAP-type mannitol/chloroaromatic compound transport system, small permease component	AG-920-L19_00986	-2
CACNIT010000010.1	10638	11972	+	AG-920-L19_00985	AG-920-L19	444	OG0000987	K11690	C4-dicarboxylate transporter, DctM subunit	COG4664	FcbT3	TRAP-type mannitol/chloroaromatic compound transport system, large permease component	AG-920-L19_00986	-1
CACNIT010000010.1	11994	13457	+	AG-920-L19_00986	AG-920-L19	487	OG0000917	K03457	nucleobase:cation symporter-1, NCS1 family	COG1953	FUI1	Cytosine/uracil/thiamine/allantoin permease	AG-920-L19_00986	0
CACNIT010000010.1	13454	14200	+	AG-920-L19_00987	AG-920-L19	248	OG0001186	K21883	2-dehydro-3-deoxy-L-rhamnonate dehydrogenase (NAD+) [EC:1.1.1.401]	COG1028	FabG	NAD(P)-dependent dehydrogenase, short-chain alcohol dehydrogenase family	AG-920-L19_00986	1
CACNIT010000010.1	14333	14539	-	AG-920-L19_00988	AG-920-L19	68	OG0001436	NA	NA	NA	NA	NA	AG-920-L19_00986	2
CACNIT010000010.1	14647	15294	+	AG-920-L19_00989	AG-920-L19	215	OG0000965	NA	NA	NA	NA	NA	AG-920-L19_00986	3
CACNIT010000010.1	15306	15701	+	AG-920-L19_00990	AG-920-L19	131	OG0000808	K07107	acyl-CoA thioester hydrolase [EC:3.1.2.-]	COG0824	FadM	Acyl-CoA thioesterase FadM	AG-920-L19_00986	4
CACNIT010000010.1	15698	16372	-	AG-920-L19_00991	AG-920-L19	224	OG0001011	K21929	uracil-DNA glycosylase [EC:3.2.2.27]	COG1573	Udg4	Uracil-DNA glycosylase	AG-920-L19_00986	5
CACNIV010000001.1	140081	140659	-	AG-920-L20_00152	AG-920-L20	192	OG0000922	NA	NA	COG0861	TerC	Tellurite resistance membrane protein TerC	AG-920-L20_00157	-5
CACNIV010000001.1	140656	142260	-	AG-920-L20_00153	AG-920-L20	534	OG0000054	NA	NA	COG2303	BetA	Choline dehydrogenase or related flavoprotein	AG-920-L20_00157	-4
CACNIV010000001.1	142396	143493	+	AG-920-L20_00154	AG-920-L20	365	OG0000072	NA	NA	COG4663	FcbT1	TRAP-type mannitol/chloroaromatic compound transport system, periplasmic component	AG-920-L20_00157	-3
CACNIV010000001.1	143547	144152	+	AG-920-L20_00155	AG-920-L20	201	OG0000994	NA	NA	COG4665	FcbT2	TRAP-type mannitol/chloroaromatic compound transport system, small permease component	AG-920-L20_00157	-2
CACNIV010000001.1	144152	145489	+	AG-920-L20_00156	AG-920-L20	445	OG0000987	K11690	C4-dicarboxylate transporter, DctM subunit	COG4664	FcbT3	TRAP-type mannitol/chloroaromatic compound transport system, large permease component	AG-920-L20_00157	-1
CACNIV010000001.1	145512	146966	+	AG-920-L20_00157	AG-920-L20	484	OG0000917	K03457	nucleobase:cation symporter-1, NCS1 family	COG1953	FUI1	Cytosine/uracil/thiamine/allantoin permease	AG-920-L20_00157	0
CACNIV010000001.1	146966	147973	+	AG-920-L20_00158	AG-920-L20	335	OG0000009	NA	NA	COG1063	Tdh	Threonine dehydrogenase or related Zn-dependent dehydrogenase	AG-920-L20_00157	1
CACNIV010000001.1	147970	148101	-	AG-920-L20_00159	AG-920-L20	43	OG0001265	NA	NA	NA	NA	NA	AG-920-L20_00157	2
CACNIV010000001.1	148197	148850	+	AG-920-L20_00160	AG-920-L20	217	OG0000965	NA	NA	NA	NA	NA	AG-920-L20_00157	3
CACNIV010000001.1	148870	149262	+	AG-920-L20_00161	AG-920-L20	130	OG0000808	K07107	acyl-CoA thioester hydrolase [EC:3.1.2.-]	COG0824	FadM	Acyl-CoA thioesterase FadM	AG-920-L20_00157	4
CACNIV010000001.1	149254	149928	-	AG-920-L20_00162	AG-920-L20	224	OG0001011	K21929	uracil-DNA glycosylase [EC:3.2.2.27]	COG1573	Udg4	Uracil-DNA glycosylase	AG-920-L20_00157	5
CACNSD010000005.1	26344	26937	-	AH-287-B07_00641	AH-287-B07	197	OG0000922	NA	NA	COG0861	TerC	Tellurite resistance membrane protein TerC	AH-287-B07_00646	-5
CACNSD010000005.1	26937	28532	-	AH-287-B07_00642	AH-287-B07	531	OG0000054	NA	NA	COG2303	BetA	Choline dehydrogenase or related flavoprotein	AH-287-B07_00646	-4
CACNSD010000005.1	28675	29769	+	AH-287-B07_00643	AH-287-B07	364	OG0000072	NA	NA	COG4663	FcbT1	TRAP-type mannitol/chloroaromatic compound transport system, periplasmic component	AH-287-B07_00646	-3
CACNSD010000005.1	29839	30453	+	AH-287-B07_00644	AH-287-B07	204	OG0000994	NA	NA	COG4665	FcbT2	TRAP-type mannitol/chloroaromatic compound transport system, small permease component	AH-287-B07_00646	-2
CACNSD010000005.1	30450	31784	+	AH-287-B07_00645	AH-287-B07	444	OG0000987	K11690	C4-dicarboxylate transporter, DctM subunit	COG4664	FcbT3	TRAP-type mannitol/chloroaromatic compound transport system, large permease component	AH-287-B07_00646	-1
CACNSD010000005.1	31810	33267	+	AH-287-B07_00646	AH-287-B07	485	OG0000917	K03457	nucleobase:cation symporter-1, NCS1 family	COG1953	FUI1	Cytosine/uracil/thiamine/allantoin permease	AH-287-B07_00646	0
CACNSD010000005.1	33269	34273	+	AH-287-B07_00647	AH-287-B07	334	OG0000009	NA	NA	COG1063	Tdh	Threonine dehydrogenase or related Zn-dependent dehydrogenase	AH-287-B07_00646	1
CACNSD010000005.1	34493	35143	+	AH-287-B07_00648	AH-287-B07	216	OG0000965	NA	NA	NA	NA	NA	AH-287-B07_00646	2
CACNSD010000005.1	35148	35561	+	AH-287-B07_00649	AH-287-B07	137	OG0000808	K07107	acyl-CoA thioester hydrolase [EC:3.1.2.-]	COG0824	FadM	Acyl-CoA thioesterase FadM	AH-287-B07_00646	3
CACNSD010000005.1	35558	36238	-	AH-287-B07_00650	AH-287-B07	226	OG0001011	K21929	uracil-DNA glycosylase [EC:3.2.2.27]	COG1573	Udg4	Uracil-DNA glycosylase	AH-287-B07_00646	4
CACNSD010000005.1	36241	36798	+	AH-287-B07_00651	AH-287-B07	185	OG0000787	NA	NA	COG2062	SixA	Phosphohistidine phosphatase SixA	AH-287-B07_00646	5
CACNWC010000010.1	28983	29258	-	AH-287-E08_00830	AH-287-E08	91	OG0000515	NA	NA	COG0776	HupA	DNA-binding chromatin protein HU or IHF, alpha or beta variants	AH-287-E08_00835	-5
CACNWC010000010.1	29418	30530	-	AH-287-E08_00831	AH-287-E08	370	OG0000776	K11749	regulator of sigma E protease [EC:3.4.24.-]	COG0750	RseP	Membrane-associated protease RseP, regulator of RpoE activity	AH-287-E08_00835	-4
CACNWC010000010.1	30535	31329	-	AH-287-E08_00832	AH-287-E08	264	OG0001021	NA	NA	COG0518	GuaA1	GMP synthase, glutamine amidotransferase domain/subunit	AH-287-E08_00835	-3
CACNWC010000010.1	31329	32492	-	AH-287-E08_00833	AH-287-E08	387	OG0000078	NA	NA	COG1454	EutG	Alcohol dehydrogenase, class IV	AH-287-E08_00835	-2
CACNWC010000010.1	32540	33127	-	AH-287-E08_00834	AH-287-E08	195	OG0001002	NA	NA	COG0457	TPR	Tetratricopeptide (TPR) repeat	AH-287-E08_00835	-1
CACNWC010000010.1	33203	34657	+	AH-287-E08_00835	AH-287-E08	484	OG0000917	K03457	nucleobase:cation symporter-1, NCS1 family	COG1953	FUI1	Cytosine/uracil/thiamine/allantoin permease	AH-287-E08_00835	0
CACNWC010000010.1	34704	35207	-	AH-287-E08_00836	AH-287-E08	167	OG0001453	K01483	ureidoglycolate lyase [EC:4.3.2.3]	COG3194	AllA	Ureidoglycolate hydrolase (allantoin degradation)	AH-287-E08_00835	1
CACNWC010000010.1	35204	36187	-	AH-287-E08_00837	AH-287-E08	327	OG0001450	K01477	allantoicase [EC:3.5.3.4]	COG4266	Alc	Allantoicase	AH-287-E08_00835	2
CACNWC010000010.1	36189	36569	-	AH-287-E08_00838	AH-287-E08	126	OG0001445	NA	NA	NA	NA	NA	AH-287-E08_00835	3
CACNWL010000001.1	129216	131438	+	AH-287-E17_00141	AH-287-E17	740	OG0000071	K07516	3-hydroxyacyl-CoA dehydrogenase [EC:1.1.1.35]	COG1250	FadB	3-hydroxyacyl-CoA dehydrogenase	AH-287-E17_00146	-5
CACNWL010000001.1	131431	132081	-	AH-287-E17_00142	AH-287-E17	216	OG0001013	NA	NA	COG0652	PpiB	Peptidyl-prolyl cis-trans isomerase (rotamase) - cyclophilin family	AH-287-E17_00146	-4
CACNWL010000001.1	132078	132806	-	AH-287-E17_00143	AH-287-E17	242	OG0001014	NA	NA	NA	NA	NA	AH-287-E17_00146	-3
CACNWL010000001.1	132860	133819	+	AH-287-E17_00144	AH-287-E17	319	OG0001053	K25365	guanidinobutyrase / D-arginase [EC:3.5.3.7 3.5.3.10]	COG0010	SpeB	Arginase/agmatinase family enzyme	AH-287-E17_00146	-2
CACNWL010000001.1	133840	135276	+	AH-287-E17_00145	AH-287-E17	478	OG0000047	NA	NA	COG1012	AdhE	Acyl-CoA reductase or other NAD-dependent aldehyde dehydrogenase	AH-287-E17_00146	-1
CACNWL010000001.1	135433	136881	+	AH-287-E17_00146	AH-287-E17	482	OG0000917	K03457	nucleobase:cation symporter-1, NCS1 family	COG1953	FUI1	Cytosine/uracil/thiamine/allantoin permease	AH-287-E17_00146	0
CACNWL010000001.1	136940	138124	-	AH-287-E17_00147	AH-287-E17	394	OG0000997	K01438	acetylornithine deacetylase [EC:3.5.1.16]	COG0624	ArgE	Acetylornithine deacetylase/Succinyl-diaminopimelate desuccinylase or related deacylase	AH-287-E17_00146	1
CACNWL010000001.1	138152	138493	+	AH-287-E17_00148	AH-287-E17	113	OG0000837	K06878	tRNA-binding protein	COG0073	EMAP	tRNA-binding EMAP/Myf domain	AH-287-E17_00146	2
CACNWL010000001.1	138496	139089	+	AH-287-E17_00149	AH-287-E17	197	OG0000076	K11249	cysteine/O-acetylserine efflux protein	COG1280	RhtB	Threonine/homoserine/homoserine lactone efflux protein	AH-287-E17_00146	3
CACNWL010000001.1	139091	141760	+	AH-287-E17_00150	AH-287-E17	889	OG0000262	K01681	aconitate hydratase [EC:4.2.1.3]	COG1048	AcnA	Aconitase A	AH-287-E17_00146	4
CACNWL010000001.1	141763	142407	+	AH-287-E17_00151	AH-287-E17	214	OG0000832	NA	NA	NA	NA	NA	AH-287-E17_00146	5
CACNXC010000003.1	151256	151936	+	AH-287-G05_00586	AH-287-G05	226	OG0001011	K21929	uracil-DNA glycosylase [EC:3.2.2.27]	COG1573	Udg4	Uracil-DNA glycosylase	AH-287-G05_00591	-5
CACNXC010000003.1	151926	152348	-	AH-287-G05_00587	AH-287-G05	140	OG0000808	K07107	acyl-CoA thioester hydrolase [EC:3.1.2.-]	COG0824	FadM	Acyl-CoA thioesterase FadM	AH-287-G05_00591	-4
CACNXC010000003.1	152372	153022	-	AH-287-G05_00588	AH-287-G05	216	OG0000965	NA	NA	NA	NA	NA	AH-287-G05_00591	-3
CACNXC010000003.1	153150	153242	+	AH-287-G05_00589	AH-287-G05	30	OG0001265	NA	NA	NA	NA	NA	AH-287-G05_00591	-2
CACNXC010000003.1	153239	153991	-	AH-287-G05_00590	AH-287-G05	250	OG0001186	K21883	2-dehydro-3-deoxy-L-rhamnonate dehydrogenase (NAD+) [EC:1.1.1.401]	COG1028	FabG	NAD(P)-dependent dehydrogenase, short-chain alcohol dehydrogenase family	AH-287-G05_00591	-1
CACNXC010000003.1	153996	155453	-	AH-287-G05_00591	AH-287-G05	485	OG0000917	K03457	nucleobase:cation symporter-1, NCS1 family	COG1953	FUI1	Cytosine/uracil/thiamine/allantoin permease	AH-287-G05_00591	0
CACNXC010000003.1	155479	156813	-	AH-287-G05_00592	AH-287-G05	444	OG0000987	K11690	C4-dicarboxylate transporter, DctM subunit	COG4664	FcbT3	TRAP-type mannitol/chloroaromatic compound transport system, large permease component	AH-287-G05_00591	1
CACNXC010000003.1	156810	157430	-	AH-287-G05_00593	AH-287-G05	206	OG0000994	NA	NA	COG4665	FcbT2	TRAP-type mannitol/chloroaromatic compound transport system, small permease component	AH-287-G05_00591	2
CACNXC010000003.1	157500	158594	-	AH-287-G05_00594	AH-287-G05	364	OG0000072	NA	NA	COG4663	FcbT1	TRAP-type mannitol/chloroaromatic compound transport system, periplasmic component	AH-287-G05_00591	3
CACNXC010000003.1	158727	160322	+	AH-287-G05_00595	AH-287-G05	531	OG0000054	NA	NA	COG2303	BetA	Choline dehydrogenase or related flavoprotein	AH-287-G05_00591	4
CACNXC010000003.1	160322	160915	+	AH-287-G05_00596	AH-287-G05	197	OG0000922	NA	NA	COG0861	TerC	Tellurite resistance membrane protein TerC	AH-287-G05_00591	5
CACNZK010000011.1	7874	8296	-	AH-287-J18_00894	AH-287-J18	140	OG0000808	K07107	acyl-CoA thioester hydrolase [EC:3.1.2.-]	COG0824	FadM	Acyl-CoA thioesterase FadM	AH-287-J18_00899	-5
CACNZK010000011.1	8354	8494	+	AH-287-J18_00895	AH-287-J18	46	OG0001143	NA	NA	NA	NA	NA	AH-287-J18_00899	-4
CACNZK010000011.1	8495	9145	-	AH-287-J18_00896	AH-287-J18	216	OG0000965	NA	NA	NA	NA	NA	AH-287-J18_00899	-3
CACNZK010000011.1	9229	9366	+	AH-287-J18_00897	AH-287-J18	45	OG0001265	NA	NA	NA	NA	NA	AH-287-J18_00899	-2
CACNZK010000011.1	9363	10115	-	AH-287-J18_00898	AH-287-J18	250	OG0001186	K21883	2-dehydro-3-deoxy-L-rhamnonate dehydrogenase (NAD+) [EC:1.1.1.401]	COG1028	FabG	NAD(P)-dependent dehydrogenase, short-chain alcohol dehydrogenase family	AH-287-J18_00899	-1
CACNZK010000011.1	10120	11577	-	AH-287-J18_00899	AH-287-J18	485	OG0000917	K03457	nucleobase:cation symporter-1, NCS1 family	COG1953	FUI1	Cytosine/uracil/thiamine/allantoin permease	AH-287-J18_00899	0
CACNZK010000011.1	11603	12937	-	AH-287-J18_00900	AH-287-J18	444	OG0000987	K11690	C4-dicarboxylate transporter, DctM subunit	COG4664	FcbT3	TRAP-type mannitol/chloroaromatic compound transport system, large permease component	AH-287-J18_00899	1
CACNZK010000011.1	12934	13548	-	AH-287-J18_00901	AH-287-J18	204	OG0000994	NA	NA	COG4665	FcbT2	TRAP-type mannitol/chloroaromatic compound transport system, small permease component	AH-287-J18_00899	2
CACNZK010000011.1	13619	14713	-	AH-287-J18_00902	AH-287-J18	364	OG0000072	NA	NA	COG4663	FcbT1	TRAP-type mannitol/chloroaromatic compound transport system, periplasmic component	AH-287-J18_00899	3
CACNZK010000011.1	14847	16442	+	AH-287-J18_00903	AH-287-J18	531	OG0000054	NA	NA	COG2303	BetA	Choline dehydrogenase or related flavoprotein	AH-287-J18_00899	4
CACNZK010000011.1	16442	17035	+	AH-287-J18_00904	AH-287-J18	197	OG0000922	NA	NA	COG0861	TerC	Tellurite resistance membrane protein TerC	AH-287-J18_00899	5
CACOCP010000007.1	34893	35288	-	AH-287-O09_00918	AH-287-O09	131	OG0000808	K07107	acyl-CoA thioester hydrolase [EC:3.1.2.-]	COG0824	FadM	Acyl-CoA thioesterase FadM	AH-287-O09_00923	-5
CACOCP010000007.1	35339	35491	+	AH-287-O09_00919	AH-287-O09	50	OG0001143	NA	NA	NA	NA	NA	AH-287-O09_00923	-4
CACOCP010000007.1	35480	36133	-	AH-287-O09_00920	AH-287-O09	217	OG0000965	NA	NA	NA	NA	NA	AH-287-O09_00923	-3
CACOCP010000007.1	36242	36373	+	AH-287-O09_00921	AH-287-O09	43	OG0001265	NA	NA	NA	NA	NA	AH-287-O09_00923	-2
CACOCP010000007.1	36363	37109	-	AH-287-O09_00922	AH-287-O09	248	OG0001186	K21883	2-dehydro-3-deoxy-L-rhamnonate dehydrogenase (NAD+) [EC:1.1.1.401]	COG1028	FabG	NAD(P)-dependent dehydrogenase, short-chain alcohol dehydrogenase family	AH-287-O09_00923	-1
CACOCP010000007.1	37109	38563	-	AH-287-O09_00923	AH-287-O09	484	OG0000917	K03457	nucleobase:cation symporter-1, NCS1 family	COG1953	FUI1	Cytosine/uracil/thiamine/allantoin permease	AH-287-O09_00923	0
CACOCP010000007.1	38588	39922	-	AH-287-O09_00924	AH-287-O09	444	OG0000987	K11690	C4-dicarboxylate transporter, DctM subunit	COG4664	FcbT3	TRAP-type mannitol/chloroaromatic compound transport system, large permease component	AH-287-O09_00923	1
CACOCP010000007.1	39919	40530	-	AH-287-O09_00925	AH-287-O09	203	OG0000994	NA	NA	COG4665	FcbT2	TRAP-type mannitol/chloroaromatic compound transport system, small permease component	AH-287-O09_00923	2
CACOCP010000007.1	40578	41678	-	AH-287-O09_00926	AH-287-O09	366	OG0000072	NA	NA	COG4663	FcbT1	TRAP-type mannitol/chloroaromatic compound transport system, periplasmic component	AH-287-O09_00923	3
CACOCP010000007.1	41818	43428	+	AH-287-O09_00927	AH-287-O09	536	OG0000054	NA	NA	COG2303	BetA	Choline dehydrogenase or related flavoprotein	AH-287-O09_00923	4
CACOCP010000007.1	43429	44010	+	AH-287-O09_00928	AH-287-O09	193	OG0000922	NA	NA	COG0861	TerC	Tellurite resistance membrane protein TerC	AH-287-O09_00923	5
CACOEF010000004.1	21586	22266	+	AH-321-A17_00594	AH-321-A17	226	OG0001011	K21929	uracil-DNA glycosylase [EC:3.2.2.27]	COG1573	Udg4	Uracil-DNA glycosylase	AH-321-A17_00599	-5
CACOEF010000004.1	22263	22676	-	AH-321-A17_00595	AH-321-A17	137	OG0000808	K07107	acyl-CoA thioester hydrolase [EC:3.1.2.-]	COG0824	FadM	Acyl-CoA thioesterase FadM	AH-321-A17_00599	-4
CACOEF010000004.1	22681	23331	-	AH-321-A17_00596	AH-321-A17	216	OG0000965	NA	NA	NA	NA	NA	AH-321-A17_00599	-3
CACOEF010000004.1	23421	23543	+	AH-321-A17_00597	AH-321-A17	40	OG0001265	NA	NA	NA	NA	NA	AH-321-A17_00599	-2
CACOEF010000004.1	23546	24292	-	AH-321-A17_00598	AH-321-A17	248	OG0001186	K21883	2-dehydro-3-deoxy-L-rhamnonate dehydrogenase (NAD+) [EC:1.1.1.401]	COG1028	FabG	NAD(P)-dependent dehydrogenase, short-chain alcohol dehydrogenase family	AH-321-A17_00599	-1
CACOEF010000004.1	24297	25754	-	AH-321-A17_00599	AH-321-A17	485	OG0000917	K03457	nucleobase:cation symporter-1, NCS1 family	COG1953	FUI1	Cytosine/uracil/thiamine/allantoin permease	AH-321-A17_00599	0
CACOEF010000004.1	25780	27114	-	AH-321-A17_00600	AH-321-A17	444	OG0000987	K11690	C4-dicarboxylate transporter, DctM subunit	COG4664	FcbT3	TRAP-type mannitol/chloroaromatic compound transport system, large permease component	AH-321-A17_00599	1
CACOEF010000004.1	27111	27725	-	AH-321-A17_00601	AH-321-A17	204	OG0000994	NA	NA	COG4665	FcbT2	TRAP-type mannitol/chloroaromatic compound transport system, small permease component	AH-321-A17_00599	2
CACOEF010000004.1	27791	28885	-	AH-321-A17_00602	AH-321-A17	364	OG0000072	NA	NA	COG4663	FcbT1	TRAP-type mannitol/chloroaromatic compound transport system, periplasmic component	AH-321-A17_00599	3
CACOEF010000004.1	29024	30619	+	AH-321-A17_00603	AH-321-A17	531	OG0000054	NA	NA	COG2303	BetA	Choline dehydrogenase or related flavoprotein	AH-321-A17_00599	4
CACOEF010000004.1	30619	31212	+	AH-321-A17_00604	AH-321-A17	197	OG0000922	NA	NA	COG0861	TerC	Tellurite resistance membrane protein TerC	AH-321-A17_00599	5
CACOEF010000016.1	168	1361	+	AH-321-A17_01209	AH-321-A17	397	OG0000997	K01438	acetylornithine deacetylase [EC:3.5.1.16]	COG0624	ArgE	Acetylornithine deacetylase/Succinyl-diaminopimelate desuccinylase or related deacylase	AH-321-A17_01210	-1
CACOEF010000016.1	1422	2870	-	AH-321-A17_01210	AH-321-A17	482	OG0000917	K03457	nucleobase:cation symporter-1, NCS1 family	COG1953	FUI1	Cytosine/uracil/thiamine/allantoin permease	AH-321-A17_01210	0
CACOEF010000016.1	3027	4463	-	AH-321-A17_01211	AH-321-A17	478	OG0000047	NA	NA	COG1012	AdhE	Acyl-CoA reductase or other NAD-dependent aldehyde dehydrogenase	AH-321-A17_01210	1
CACOEF010000016.1	4484	5443	-	AH-321-A17_01212	AH-321-A17	319	OG0001053	K25365	guanidinobutyrase / D-arginase [EC:3.5.3.7 3.5.3.10]	COG0010	SpeB	Arginase/agmatinase family enzyme	AH-321-A17_01210	2
CACOEF010000016.1	5497	6225	+	AH-321-A17_01213	AH-321-A17	242	OG0001014	NA	NA	NA	NA	NA	AH-321-A17_01210	3
CACOEF010000016.1	6222	6872	+	AH-321-A17_01214	AH-321-A17	216	OG0001013	NA	NA	COG0652	PpiB	Peptidyl-prolyl cis-trans isomerase (rotamase) - cyclophilin family	AH-321-A17_01210	4
CACOEF010000016.1	6865	7701	-	AH-321-A17_01215	AH-321-A17	278	OG0000071	NA	NA	COG1024	CaiD	Enoyl-CoA hydratase/carnithine racemase	AH-321-A17_01210	5
CACOGC010000005.1	22829	23509	+	AH-321-D17_00724	AH-321-D17	226	OG0001011	K21929	uracil-DNA glycosylase [EC:3.2.2.27]	COG1573	Udg4	Uracil-DNA glycosylase	AH-321-D17_00729	-5
CACOGC010000005.1	23499	23921	-	AH-321-D17_00725	AH-321-D17	140	OG0000808	K07107	acyl-CoA thioester hydrolase [EC:3.1.2.-]	COG0824	FadM	Acyl-CoA thioesterase FadM	AH-321-D17_00729	-4
CACOGC010000005.1	23946	24593	-	AH-321-D17_00726	AH-321-D17	215	OG0000965	NA	NA	NA	NA	NA	AH-321-D17_00729	-3
CACOGC010000005.1	24626	24814	+	AH-321-D17_00727	AH-321-D17	62	OG0001265	NA	NA	NA	NA	NA	AH-321-D17_00729	-2
CACOGC010000005.1	24811	25563	-	AH-321-D17_00728	AH-321-D17	250	OG0001186	K21883	2-dehydro-3-deoxy-L-rhamnonate dehydrogenase (NAD+) [EC:1.1.1.401]	COG1028	FabG	NAD(P)-dependent dehydrogenase, short-chain alcohol dehydrogenase family	AH-321-D17_00729	-1
CACOGC010000005.1	25568	27025	-	AH-321-D17_00729	AH-321-D17	485	OG0000917	K03457	nucleobase:cation symporter-1, NCS1 family	COG1953	FUI1	Cytosine/uracil/thiamine/allantoin permease	AH-321-D17_00729	0
CACOGC010000005.1	27051	28385	-	AH-321-D17_00730	AH-321-D17	444	OG0000987	K11690	C4-dicarboxylate transporter, DctM subunit	COG4664	FcbT3	TRAP-type mannitol/chloroaromatic compound transport system, large permease component	AH-321-D17_00729	1
CACOGC010000005.1	28382	29002	-	AH-321-D17_00731	AH-321-D17	206	OG0000994	NA	NA	COG4665	FcbT2	TRAP-type mannitol/chloroaromatic compound transport system, small permease component	AH-321-D17_00729	2
CACOGC010000005.1	29072	30166	-	AH-321-D17_00732	AH-321-D17	364	OG0000072	NA	NA	COG4663	FcbT1	TRAP-type mannitol/chloroaromatic compound transport system, periplasmic component	AH-321-D17_00729	3
CACOGC010000005.1	30299	31894	+	AH-321-D17_00733	AH-321-D17	531	OG0000054	NA	NA	COG2303	BetA	Choline dehydrogenase or related flavoprotein	AH-321-D17_00729	4
CACOGC010000005.1	31894	32487	+	AH-321-D17_00734	AH-321-D17	197	OG0000922	NA	NA	COG0861	TerC	Tellurite resistance membrane protein TerC	AH-321-D17_00729	5
CACOKI010000019.1	113	964	+	AH-321-L23_01013	AH-321-L23	283	OG0000072	NA	NA	COG4663	FcbT1	TRAP-type mannitol/chloroaromatic compound transport system, periplasmic component	AH-321-L23_01016	-3
CACOKI010000019.1	1036	1650	+	AH-321-L23_01014	AH-321-L23	204	OG0000994	NA	NA	COG4665	FcbT2	TRAP-type mannitol/chloroaromatic compound transport system, small permease component	AH-321-L23_01016	-2
CACOKI010000019.1	1647	2981	+	AH-321-L23_01015	AH-321-L23	444	OG0000987	K11690	C4-dicarboxylate transporter, DctM subunit	COG4664	FcbT3	TRAP-type mannitol/chloroaromatic compound transport system, large permease component	AH-321-L23_01016	-1
CACOKI010000019.1	3007	4461	+	AH-321-L23_01016	AH-321-L23	484	OG0000917	K03457	nucleobase:cation symporter-1, NCS1 family	COG1953	FUI1	Cytosine/uracil/thiamine/allantoin permease	AH-321-L23_01016	0
CACOKI010000019.1	4466	5218	+	AH-321-L23_01017	AH-321-L23	250	OG0001186	K21883	2-dehydro-3-deoxy-L-rhamnonate dehydrogenase (NAD+) [EC:1.1.1.401]	COG1028	FabG	NAD(P)-dependent dehydrogenase, short-chain alcohol dehydrogenase family	AH-321-L23_01016	1
CACOKI010000019.1	5436	6086	+	AH-321-L23_01018	AH-321-L23	216	OG0000965	NA	NA	NA	NA	NA	AH-321-L23_01016	2
CACOKI010000019.1	6113	6535	+	AH-321-L23_01019	AH-321-L23	140	OG0000808	K07107	acyl-CoA thioester hydrolase [EC:3.1.2.-]	COG0824	FadM	Acyl-CoA thioesterase FadM	AH-321-L23_01016	3
CACOKI010000019.1	6525	7205	-	AH-321-L23_01020	AH-321-L23	226	OG0001011	K21929	uracil-DNA glycosylase [EC:3.2.2.27]	COG1573	Udg4	Uracil-DNA glycosylase	AH-321-L23_01016	4
CACOKI010000031.1	42	482	+	AH-321-L23_01082	AH-321-L23	146	OG0001453	K01483	ureidoglycolate lyase [EC:4.3.2.3]	COG3194	AllA	Ureidoglycolate hydrolase (allantoin degradation)	AH-321-L23_01084	-2
CACOKI010000031.1	482	1387	+	AH-321-L23_01083	AH-321-L23	301	OG0000036	K00852	ribokinase [EC:2.7.1.15]	COG0524	RbsK	Sugar or nucleoside kinase, ribokinase family	AH-321-L23_01084	-1
CACOKI010000031.1	1440	2891	-	AH-321-L23_01084	AH-321-L23	483	OG0000917	K03457	nucleobase:cation symporter-1, NCS1 family	COG1953	FUI1	Cytosine/uracil/thiamine/allantoin permease	AH-321-L23_01084	0
CACOKI010000031.1	2998	3552	+	AH-321-L23_01085	AH-321-L23	184	OG0001002	NA	NA	COG0457	TPR	Tetratricopeptide (TPR) repeat	AH-321-L23_01084	1
CACOKN010000003.1	22691	23371	+	AH-321-M13_00594	AH-321-M13	226	OG0001011	K21929	uracil-DNA glycosylase [EC:3.2.2.27]	COG1573	Udg4	Uracil-DNA glycosylase	AH-321-M13_00599	-5
CACOKN010000003.1	23361	23783	-	AH-321-M13_00595	AH-321-M13	140	OG0000808	K07107	acyl-CoA thioester hydrolase [EC:3.1.2.-]	COG0824	FadM	Acyl-CoA thioesterase FadM	AH-321-M13_00599	-4
CACOKN010000003.1	23809	24459	-	AH-321-M13_00596	AH-321-M13	216	OG0000965	NA	NA	NA	NA	NA	AH-321-M13_00599	-3
CACOKN010000003.1	24492	24680	+	AH-321-M13_00597	AH-321-M13	62	OG0001265	NA	NA	NA	NA	NA	AH-321-M13_00599	-2
CACOKN010000003.1	24677	25429	-	AH-321-M13_00598	AH-321-M13	250	OG0001186	K21883	2-dehydro-3-deoxy-L-rhamnonate dehydrogenase (NAD+) [EC:1.1.1.401]	COG1028	FabG	NAD(P)-dependent dehydrogenase, short-chain alcohol dehydrogenase family	AH-321-M13_00599	-1
CACOKN010000003.1	25434	26891	-	AH-321-M13_00599	AH-321-M13	485	OG0000917	K03457	nucleobase:cation symporter-1, NCS1 family	COG1953	FUI1	Cytosine/uracil/thiamine/allantoin permease	AH-321-M13_00599	0
CACOKN010000003.1	26917	28251	-	AH-321-M13_00600	AH-321-M13	444	OG0000987	K11690	C4-dicarboxylate transporter, DctM subunit	COG4664	FcbT3	TRAP-type mannitol/chloroaromatic compound transport system, large permease component	AH-321-M13_00599	1
CACOKN010000003.1	28248	28868	-	AH-321-M13_00601	AH-321-M13	206	OG0000994	NA	NA	COG4665	FcbT2	TRAP-type mannitol/chloroaromatic compound transport system, small permease component	AH-321-M13_00599	2
CACOKN010000003.1	28938	30032	-	AH-321-M13_00602	AH-321-M13	364	OG0000072	NA	NA	COG4663	FcbT1	TRAP-type mannitol/chloroaromatic compound transport system, periplasmic component	AH-321-M13_00599	3
CACOKN010000003.1	30165	31760	+	AH-321-M13_00603	AH-321-M13	531	OG0000054	NA	NA	COG2303	BetA	Choline dehydrogenase or related flavoprotein	AH-321-M13_00599	4
CACOKN010000003.1	31760	32353	+	AH-321-M13_00604	AH-321-M13	197	OG0000922	NA	NA	COG0861	TerC	Tellurite resistance membrane protein TerC	AH-321-M13_00599	5
CACOLA010000005.1	8132	8725	-	AH-321-N11_00933	AH-321-N11	197	OG0000922	NA	NA	COG0861	TerC	Tellurite resistance membrane protein TerC	AH-321-N11_00938	-5
CACOLA010000005.1	8725	10320	-	AH-321-N11_00934	AH-321-N11	531	OG0000054	NA	NA	COG2303	BetA	Choline dehydrogenase or related flavoprotein	AH-321-N11_00938	-4
CACOLA010000005.1	10454	11548	+	AH-321-N11_00935	AH-321-N11	364	OG0000072	NA	NA	COG4663	FcbT1	TRAP-type mannitol/chloroaromatic compound transport system, periplasmic component	AH-321-N11_00938	-3
CACOLA010000005.1	11619	12233	+	AH-321-N11_00936	AH-321-N11	204	OG0000994	NA	NA	COG4665	FcbT2	TRAP-type mannitol/chloroaromatic compound transport system, small permease component	AH-321-N11_00938	-2
CACOLA010000005.1	12230	13564	+	AH-321-N11_00937	AH-321-N11	444	OG0000987	K11690	C4-dicarboxylate transporter, DctM subunit	COG4664	FcbT3	TRAP-type mannitol/chloroaromatic compound transport system, large permease component	AH-321-N11_00938	-1
CACOLA010000005.1	13590	15047	+	AH-321-N11_00938	AH-321-N11	485	OG0000917	K03457	nucleobase:cation symporter-1, NCS1 family	COG1953	FUI1	Cytosine/uracil/thiamine/allantoin permease	AH-321-N11_00938	0
CACOLA010000005.1	15052	15804	+	AH-321-N11_00939	AH-321-N11	250	OG0001186	K21883	2-dehydro-3-deoxy-L-rhamnonate dehydrogenase (NAD+) [EC:1.1.1.401]	COG1028	FabG	NAD(P)-dependent dehydrogenase, short-chain alcohol dehydrogenase family	AH-321-N11_00938	1
CACOLA010000005.1	15801	15938	-	AH-321-N11_00940	AH-321-N11	45	OG0001265	NA	NA	NA	NA	NA	AH-321-N11_00938	2
CACOLA010000005.1	16022	16672	+	AH-321-N11_00941	AH-321-N11	216	OG0000965	NA	NA	NA	NA	NA	AH-321-N11_00938	3
CACOLA010000005.1	16673	16813	-	AH-321-N11_00942	AH-321-N11	46	OG0001143	NA	NA	NA	NA	NA	AH-321-N11_00938	4
CACOLA010000005.1	16871	17293	+	AH-321-N11_00943	AH-321-N11	140	OG0000808	K07107	acyl-CoA thioester hydrolase [EC:3.1.2.-]	COG0824	FadM	Acyl-CoA thioesterase FadM	AH-321-N11_00938	5
CACOLY010000002.1	72488	73045	-	AH-321-P04_00273	AH-321-P04	185	OG0000787	NA	NA	COG2062	SixA	Phosphohistidine phosphatase SixA	AH-321-P04_00278	-5
CACOLY010000002.1	73048	73728	+	AH-321-P04_00274	AH-321-P04	226	OG0001011	K21929	uracil-DNA glycosylase [EC:3.2.2.27]	COG1573	Udg4	Uracil-DNA glycosylase	AH-321-P04_00278	-4
CACOLY010000002.1	73718	74140	-	AH-321-P04_00275	AH-321-P04	140	OG0000808	K07107	acyl-CoA thioester hydrolase [EC:3.1.2.-]	COG0824	FadM	Acyl-CoA thioesterase FadM	AH-321-P04_00278	-3
CACOLY010000002.1	74167	74817	-	AH-321-P04_00276	AH-321-P04	216	OG0000965	NA	NA	NA	NA	NA	AH-321-P04_00278	-2
CACOLY010000002.1	75033	75785	-	AH-321-P04_00277	AH-321-P04	250	OG0001186	K21883	2-dehydro-3-deoxy-L-rhamnonate dehydrogenase (NAD+) [EC:1.1.1.401]	COG1028	FabG	NAD(P)-dependent dehydrogenase, short-chain alcohol dehydrogenase family	AH-321-P04_00278	-1
CACOLY010000002.1	75790	77244	-	AH-321-P04_00278	AH-321-P04	484	OG0000917	K03457	nucleobase:cation symporter-1, NCS1 family	COG1953	FUI1	Cytosine/uracil/thiamine/allantoin permease	AH-321-P04_00278	0
CACOLY010000002.1	77270	78604	-	AH-321-P04_00279	AH-321-P04	444	OG0000987	K11690	C4-dicarboxylate transporter, DctM subunit	COG4664	FcbT3	TRAP-type mannitol/chloroaromatic compound transport system, large permease component	AH-321-P04_00278	1
CACOLY010000002.1	78601	79215	-	AH-321-P04_00280	AH-321-P04	204	OG0000994	NA	NA	COG4665	FcbT2	TRAP-type mannitol/chloroaromatic compound transport system, small permease component	AH-321-P04_00278	2
CACOLY010000002.1	79285	80379	-	AH-321-P04_00281	AH-321-P04	364	OG0000072	NA	NA	COG4663	FcbT1	TRAP-type mannitol/chloroaromatic compound transport system, periplasmic component	AH-321-P04_00278	3
CACOLY010000002.1	80513	82108	+	AH-321-P04_00282	AH-321-P04	531	OG0000054	NA	NA	COG2303	BetA	Choline dehydrogenase or related flavoprotein	AH-321-P04_00278	4
CACOLY010000002.1	82108	82701	+	AH-321-P04_00283	AH-321-P04	197	OG0000922	NA	NA	COG0861	TerC	Tellurite resistance membrane protein TerC	AH-321-P04_00278	5
CACOLY010000035.1	56	352	+	AH-321-P04_01060	AH-321-P04	98	OG0001453	K01483	ureidoglycolate lyase [EC:4.3.2.3]	COG3194	AllA	Ureidoglycolate hydrolase (allantoin degradation)	AH-321-P04_01062	-2
CACOLY010000035.1	352	1257	+	AH-321-P04_01061	AH-321-P04	301	OG0000036	K00852	ribokinase [EC:2.7.1.15]	COG0524	RbsK	Sugar or nucleoside kinase, ribokinase family	AH-321-P04_01062	-1
CACOLY010000035.1	1311	2762	-	AH-321-P04_01062	AH-321-P04	483	OG0000917	K03457	nucleobase:cation symporter-1, NCS1 family	COG1953	FUI1	Cytosine/uracil/thiamine/allantoin permease	AH-321-P04_01062	0
CACONH010000002.1	128722	129303	-	AH-324-B10_00600	AH-324-B10	193	OG0000922	NA	NA	COG0861	TerC	Tellurite resistance membrane protein TerC	AH-324-B10_00605	-5
CACONH010000002.1	129300	130919	-	AH-324-B10_00601	AH-324-B10	539	OG0000054	NA	NA	COG2303	BetA	Choline dehydrogenase or related flavoprotein	AH-324-B10_00605	-4
CACONH010000002.1	131050	132141	+	AH-324-B10_00602	AH-324-B10	363	OG0000072	NA	NA	COG4663	FcbT1	TRAP-type mannitol/chloroaromatic compound transport system, periplasmic component	AH-324-B10_00605	-3
CACONH010000002.1	132211	132825	+	AH-324-B10_00603	AH-324-B10	204	OG0000994	NA	NA	COG4665	FcbT2	TRAP-type mannitol/chloroaromatic compound transport system, small permease component	AH-324-B10_00605	-2
CACONH010000002.1	132822	134156	+	AH-324-B10_00604	AH-324-B10	444	OG0000987	K11690	C4-dicarboxylate transporter, DctM subunit	COG4664	FcbT3	TRAP-type mannitol/chloroaromatic compound transport system, large permease component	AH-324-B10_00605	-1
CACONH010000002.1	134181	135641	+	AH-324-B10_00605	AH-324-B10	486	OG0000917	K03457	nucleobase:cation symporter-1, NCS1 family	COG1953	FUI1	Cytosine/uracil/thiamine/allantoin permease	AH-324-B10_00605	0
CACONH010000002.1	135638	136384	+	AH-324-B10_00606	AH-324-B10	248	OG0001186	K21883	2-dehydro-3-deoxy-L-rhamnonate dehydrogenase (NAD+) [EC:1.1.1.401]	COG1028	FabG	NAD(P)-dependent dehydrogenase, short-chain alcohol dehydrogenase family	AH-324-B10_00605	1
CACONH010000002.1	136517	136723	-	AH-324-B10_00607	AH-324-B10	68	OG0001436	NA	NA	COG5633	YcfL	Uncharacterized conserved protein YcfL	AH-324-B10_00605	2
CACONH010000002.1	136831	137478	+	AH-324-B10_00608	AH-324-B10	215	OG0000965	NA	NA	NA	NA	NA	AH-324-B10_00605	3
CACONH010000002.1	137490	137885	+	AH-324-B10_00609	AH-324-B10	131	OG0000808	K07107	acyl-CoA thioester hydrolase [EC:3.1.2.-]	COG0824	FadM	Acyl-CoA thioesterase FadM	AH-324-B10_00605	4
CACONH010000002.1	137882	138556	-	AH-324-B10_00610	AH-324-B10	224	OG0001011	K21929	uracil-DNA glycosylase [EC:3.2.2.27]	COG1573	Udg4	Uracil-DNA glycosylase	AH-324-B10_00605	5
CACOOX010000007.1	35014	35592	-	AH-324-E14_00805	AH-324-E14	192	OG0000922	NA	NA	COG0861	TerC	Tellurite resistance membrane protein TerC	AH-324-E14_00810	-5
CACOOX010000007.1	35592	37241	-	AH-324-E14_00806	AH-324-E14	549	OG0000054	NA	NA	COG2303	BetA	Choline dehydrogenase or related flavoprotein	AH-324-E14_00810	-4
CACOOX010000007.1	37297	38388	+	AH-324-E14_00807	AH-324-E14	363	OG0000072	NA	NA	COG4663	FcbT1	TRAP-type mannitol/chloroaromatic compound transport system, periplasmic component	AH-324-E14_00810	-3
CACOOX010000007.1	38452	39066	+	AH-324-E14_00808	AH-324-E14	204	OG0000994	NA	NA	COG4665	FcbT2	TRAP-type mannitol/chloroaromatic compound transport system, small permease component	AH-324-E14_00810	-2
CACOOX010000007.1	39063	40397	+	AH-324-E14_00809	AH-324-E14	444	OG0000987	K11690	C4-dicarboxylate transporter, DctM subunit	COG4664	FcbT3	TRAP-type mannitol/chloroaromatic compound transport system, large permease component	AH-324-E14_00810	-1
CACOOX010000007.1	40422	41885	+	AH-324-E14_00810	AH-324-E14	487	OG0000917	K03457	nucleobase:cation symporter-1, NCS1 family	COG1953	FUI1	Cytosine/uracil/thiamine/allantoin permease	AH-324-E14_00810	0
CACOOX010000007.1	41878	42621	+	AH-324-E14_00811	AH-324-E14	247	OG0001186	K21883	2-dehydro-3-deoxy-L-rhamnonate dehydrogenase (NAD+) [EC:1.1.1.401]	COG1028	FabG	NAD(P)-dependent dehydrogenase, short-chain alcohol dehydrogenase family	AH-324-E14_00810	1
CACOOX010000007.1	42611	42739	-	AH-324-E14_00812	AH-324-E14	42	OG0001265	NA	NA	NA	NA	NA	AH-324-E14_00810	2
CACOOX010000007.1	42736	42942	-	AH-324-E14_00813	AH-324-E14	68	OG0001436	NA	NA	NA	NA	NA	AH-324-E14_00810	3
CACOOX010000007.1	43052	43693	+	AH-324-E14_00814	AH-324-E14	213	OG0000965	NA	NA	NA	NA	NA	AH-324-E14_00810	4
CACOOX010000007.1	43716	43826	+	AH-324-E14_00815	AH-324-E14	36	NA	NA	NA	NA	NA	NA	AH-324-E14_00810	5
CACOPB010000009.1	20873	21517	-	AH-324-F03_01057	AH-324-F03	214	OG0000832	NA	NA	COG4649	TPR1	TPR-like repeat domain	AH-324-F03_01062	-5
CACOPB010000009.1	21520	24189	-	AH-324-F03_01058	AH-324-F03	889	OG0000262	K01681	aconitate hydratase [EC:4.2.1.3]	COG1048	AcnA	Aconitase A	AH-324-F03_01062	-4
CACOPB010000009.1	24191	24784	-	AH-324-F03_01059	AH-324-F03	197	OG0000076	K11249	cysteine/O-acetylserine efflux protein	COG1280	RhtB	Threonine/homoserine/homoserine lactone efflux protein	AH-324-F03_01062	-3
CACOPB010000009.1	24787	25128	-	AH-324-F03_01060	AH-324-F03	113	OG0000837	K06878	tRNA-binding protein	COG0073	EMAP	tRNA-binding EMAP/Myf domain	AH-324-F03_01062	-2
CACOPB010000009.1	25147	26346	+	AH-324-F03_01061	AH-324-F03	399	OG0000997	K01438	acetylornithine deacetylase [EC:3.5.1.16]	COG0624	ArgE	Acetylornithine deacetylase/Succinyl-diaminopimelate desuccinylase or related deacylase	AH-324-F03_01062	-1
CACOPB010000009.1	26406	27854	-	AH-324-F03_01062	AH-324-F03	482	OG0000917	K03457	nucleobase:cation symporter-1, NCS1 family	COG1953	FUI1	Cytosine/uracil/thiamine/allantoin permease	AH-324-F03_01062	0
CACOPB010000009.1	28015	29451	-	AH-324-F03_01063	AH-324-F03	478	OG0000047	NA	NA	COG1012	AdhE	Acyl-CoA reductase or other NAD-dependent aldehyde dehydrogenase	AH-324-F03_01062	1
CACOPB010000009.1	29472	30431	-	AH-324-F03_01064	AH-324-F03	319	OG0001053	K25365	guanidinobutyrase / D-arginase [EC:3.5.3.7 3.5.3.10]	COG0010	SpeB	Arginase/agmatinase family enzyme	AH-324-F03_01062	2
CACOPB010000014.1	4019	4612	-	AH-324-F03_01181	AH-324-F03	197	OG0000922	NA	NA	COG0861	TerC	Tellurite resistance membrane protein TerC	AH-324-F03_01186	-5
CACOPB010000014.1	4612	6207	-	AH-324-F03_01182	AH-324-F03	531	OG0000054	NA	NA	COG2303	BetA	Choline dehydrogenase or related flavoprotein	AH-324-F03_01186	-4
CACOPB010000014.1	6348	7442	+	AH-324-F03_01183	AH-324-F03	364	OG0000072	NA	NA	COG4663	FcbT1	TRAP-type mannitol/chloroaromatic compound transport system, periplasmic component	AH-324-F03_01186	-3
CACOPB010000014.1	7509	8123	+	AH-324-F03_01184	AH-324-F03	204	OG0000994	NA	NA	COG4665	FcbT2	TRAP-type mannitol/chloroaromatic compound transport system, small permease component	AH-324-F03_01186	-2
CACOPB010000014.1	8120	9454	+	AH-324-F03_01185	AH-324-F03	444	OG0000987	K11690	C4-dicarboxylate transporter, DctM subunit	COG4664	FcbT3	TRAP-type mannitol/chloroaromatic compound transport system, large permease component	AH-324-F03_01186	-1
CACOPB010000014.1	9480	10937	+	AH-324-F03_01186	AH-324-F03	485	OG0000917	K03457	nucleobase:cation symporter-1, NCS1 family	COG1953	FUI1	Cytosine/uracil/thiamine/allantoin permease	AH-324-F03_01186	0
CACOPB010000014.1	10942	11688	+	AH-324-F03_01187	AH-324-F03	248	OG0001186	K21883	2-dehydro-3-deoxy-L-rhamnonate dehydrogenase (NAD+) [EC:1.1.1.401]	COG1028	FabG	NAD(P)-dependent dehydrogenase, short-chain alcohol dehydrogenase family	AH-324-F03_01186	1
CACOPB010000014.1	11902	12552	+	AH-324-F03_01188	AH-324-F03	216	OG0000965	NA	NA	NA	NA	NA	AH-324-F03_01186	2
CACOPB010000014.1	12557	12970	+	AH-324-F03_01189	AH-324-F03	137	OG0000808	K07107	acyl-CoA thioester hydrolase [EC:3.1.2.-]	COG0824	FadM	Acyl-CoA thioesterase FadM	AH-324-F03_01186	3
CACOPB010000014.1	12963	13646	-	AH-324-F03_01190	AH-324-F03	227	OG0001011	K21929	uracil-DNA glycosylase [EC:3.2.2.27]	COG1573	Udg4	Uracil-DNA glycosylase	AH-324-F03_01186	4
CACOPB010000014.1	13649	14206	+	AH-324-F03_01191	AH-324-F03	185	OG0000787	NA	NA	COG2062	SixA	Phosphohistidine phosphatase SixA	AH-324-F03_01186	5
CACOQN010000001.1	1249	1524	+	AH-324-J07_00001	AH-324-J07	91	OG0002885	NA	NA	NA	NA	NA	AH-324-J07_00005	-4
CACOQN010000001.1	2560	3153	-	AH-324-J07_00002	AH-324-J07	197	OG0000076	K11249	cysteine/O-acetylserine efflux protein	COG1280	RhtB	Threonine/homoserine/homoserine lactone efflux protein	AH-324-J07_00005	-3
CACOQN010000001.1	3156	3497	-	AH-324-J07_00003	AH-324-J07	113	OG0000837	K06878	tRNA-binding protein	COG0073	EMAP	tRNA-binding EMAP/Myf domain	AH-324-J07_00005	-2
CACOQN010000001.1	3525	4715	+	AH-324-J07_00004	AH-324-J07	396	OG0000997	K01438	acetylornithine deacetylase [EC:3.5.1.16]	COG0624	ArgE	Acetylornithine deacetylase/Succinyl-diaminopimelate desuccinylase or related deacylase	AH-324-J07_00005	-1
CACOQN010000001.1	4778	6226	-	AH-324-J07_00005	AH-324-J07	482	OG0000917	K03457	nucleobase:cation symporter-1, NCS1 family	COG1953	FUI1	Cytosine/uracil/thiamine/allantoin permease	AH-324-J07_00005	0
CACOQN010000001.1	6385	7821	-	AH-324-J07_00006	AH-324-J07	478	OG0000047	NA	NA	COG1012	AdhE	Acyl-CoA reductase or other NAD-dependent aldehyde dehydrogenase	AH-324-J07_00005	1
CACOQN010000001.1	7842	8801	-	AH-324-J07_00007	AH-324-J07	319	OG0001053	K25365	guanidinobutyrase / D-arginase [EC:3.5.3.7 3.5.3.10]	COG0010	SpeB	Arginase/agmatinase family enzyme	AH-324-J07_00005	2
CACOQN010000001.1	8855	9583	+	AH-324-J07_00008	AH-324-J07	242	OG0001014	NA	NA	NA	NA	NA	AH-324-J07_00005	3
CACOQN010000001.1	9580	10230	+	AH-324-J07_00009	AH-324-J07	216	OG0001013	NA	NA	COG0652	PpiB	Peptidyl-prolyl cis-trans isomerase (rotamase) - cyclophilin family	AH-324-J07_00005	4
CACOQN010000001.1	10223	12445	-	AH-324-J07_00010	AH-324-J07	740	OG0000071	K07516	3-hydroxyacyl-CoA dehydrogenase [EC:1.1.1.35]	COG1250	FadB	3-hydroxyacyl-CoA dehydrogenase	AH-324-J07_00005	5
CACOQN010000019.1	89	763	-	AH-324-J07_01308	AH-324-J07	224	OG0000917	NA	NA	COG1953	FUI1	Cytosine/uracil/thiamine/allantoin permease	AH-324-J07_01308	0
CACOQN010000019.1	789	2123	-	AH-324-J07_01309	AH-324-J07	444	OG0000987	K11690	C4-dicarboxylate transporter, DctM subunit	COG4664	FcbT3	TRAP-type mannitol/chloroaromatic compound transport system, large permease component	AH-324-J07_01308	1
CACOQN010000019.1	2120	2734	-	AH-324-J07_01310	AH-324-J07	204	OG0000994	NA	NA	COG4665	FcbT2	TRAP-type mannitol/chloroaromatic compound transport system, small permease component	AH-324-J07_01308	2
CACOQN010000019.1	2800	3894	-	AH-324-J07_01311	AH-324-J07	364	OG0000072	NA	NA	COG4663	FcbT1	TRAP-type mannitol/chloroaromatic compound transport system, periplasmic component	AH-324-J07_01308	3
CACOQN010000019.1	4038	5633	+	AH-324-J07_01312	AH-324-J07	531	OG0000054	NA	NA	COG2303	BetA	Choline dehydrogenase or related flavoprotein	AH-324-J07_01308	4
CACOQN010000019.1	5633	6226	+	AH-324-J07_01313	AH-324-J07	197	OG0000922	NA	NA	COG0861	TerC	Tellurite resistance membrane protein TerC	AH-324-J07_01308	5
CACORJ010000004.1	75173	75766	-	AH-324-K07_00611	AH-324-K07	197	OG0000922	NA	NA	COG0861	TerC	Tellurite resistance membrane protein TerC	AH-324-K07_00616	-5
CACORJ010000004.1	75766	77376	-	AH-324-K07_00612	AH-324-K07	536	OG0000054	NA	NA	COG2303	BetA	Choline dehydrogenase or related flavoprotein	AH-324-K07_00616	-4
CACORJ010000004.1	77518	78612	+	AH-324-K07_00613	AH-324-K07	364	OG0000072	NA	NA	COG4663	FcbT1	TRAP-type mannitol/chloroaromatic compound transport system, periplasmic component	AH-324-K07_00616	-3
CACORJ010000004.1	78683	79297	+	AH-324-K07_00614	AH-324-K07	204	OG0000994	NA	NA	COG4665	FcbT2	TRAP-type mannitol/chloroaromatic compound transport system, small permease component	AH-324-K07_00616	-2
CACORJ010000004.1	79294	80628	+	AH-324-K07_00615	AH-324-K07	444	OG0000987	K11690	C4-dicarboxylate transporter, DctM subunit	COG4664	FcbT3	TRAP-type mannitol/chloroaromatic compound transport system, large permease component	AH-324-K07_00616	-1
CACORJ010000004.1	80654	82111	+	AH-324-K07_00616	AH-324-K07	485	OG0000917	K03457	nucleobase:cation symporter-1, NCS1 family	COG1953	FUI1	Cytosine/uracil/thiamine/allantoin permease	AH-324-K07_00616	0
CACORJ010000004.1	82116	82868	+	AH-324-K07_00617	AH-324-K07	250	OG0001186	K21883	2-dehydro-3-deoxy-L-rhamnonate dehydrogenase (NAD+) [EC:1.1.1.401]	COG1028	FabG	NAD(P)-dependent dehydrogenase, short-chain alcohol dehydrogenase family	AH-324-K07_00616	1
CACORJ010000004.1	82865	83002	-	AH-324-K07_00618	AH-324-K07	45	OG0001265	NA	NA	NA	NA	NA	AH-324-K07_00616	2
CACORJ010000004.1	83087	83737	+	AH-324-K07_00619	AH-324-K07	216	OG0000965	NA	NA	NA	NA	NA	AH-324-K07_00616	3
CACORJ010000004.1	83738	83878	-	AH-324-K07_00620	AH-324-K07	46	OG0001143	NA	NA	NA	NA	NA	AH-324-K07_00616	4
CACORJ010000004.1	83936	84358	+	AH-324-K07_00621	AH-324-K07	140	OG0000808	K07107	acyl-CoA thioester hydrolase [EC:3.1.2.-]	COG0824	FadM	Acyl-CoA thioesterase FadM	AH-324-K07_00616	5
CACOSU010000004.1	79706	80386	+	AH-324-N03_00675	AH-324-N03	226	OG0001011	K21929	uracil-DNA glycosylase [EC:3.2.2.27]	COG1573	Udg4	Uracil-DNA glycosylase	AH-324-N03_00680	-5
CACOSU010000004.1	80383	80796	-	AH-324-N03_00676	AH-324-N03	137	OG0000808	K07107	acyl-CoA thioester hydrolase [EC:3.1.2.-]	COG0824	FadM	Acyl-CoA thioesterase FadM	AH-324-N03_00680	-4
CACOSU010000004.1	80801	81451	-	AH-324-N03_00677	AH-324-N03	216	OG0000965	NA	NA	NA	NA	NA	AH-324-N03_00680	-3
CACOSU010000004.1	81541	81663	+	AH-324-N03_00678	AH-324-N03	40	OG0001265	NA	NA	NA	NA	NA	AH-324-N03_00680	-2
CACOSU010000004.1	81666	82412	-	AH-324-N03_00679	AH-324-N03	248	OG0001186	K21883	2-dehydro-3-deoxy-L-rhamnonate dehydrogenase (NAD+) [EC:1.1.1.401]	COG1028	FabG	NAD(P)-dependent dehydrogenase, short-chain alcohol dehydrogenase family	AH-324-N03_00680	-1
CACOSU010000004.1	82417	83874	-	AH-324-N03_00680	AH-324-N03	485	OG0000917	K03457	nucleobase:cation symporter-1, NCS1 family	COG1953	FUI1	Cytosine/uracil/thiamine/allantoin permease	AH-324-N03_00680	0
CACOSU010000004.1	83900	85234	-	AH-324-N03_00681	AH-324-N03	444	OG0000987	K11690	C4-dicarboxylate transporter, DctM subunit	COG4664	FcbT3	TRAP-type mannitol/chloroaromatic compound transport system, large permease component	AH-324-N03_00680	1
CACOSU010000004.1	85231	85845	-	AH-324-N03_00682	AH-324-N03	204	OG0000994	NA	NA	COG4665	FcbT2	TRAP-type mannitol/chloroaromatic compound transport system, small permease component	AH-324-N03_00680	2
CACOSU010000004.1	85911	87005	-	AH-324-N03_00683	AH-324-N03	364	OG0000072	NA	NA	COG4663	FcbT1	TRAP-type mannitol/chloroaromatic compound transport system, periplasmic component	AH-324-N03_00680	3
CACOSU010000004.1	87144	88739	+	AH-324-N03_00684	AH-324-N03	531	OG0000054	NA	NA	COG2303	BetA	Choline dehydrogenase or related flavoprotein	AH-324-N03_00680	4
CACOSU010000004.1	88739	89332	+	AH-324-N03_00685	AH-324-N03	197	OG0000922	NA	NA	COG0861	TerC	Tellurite resistance membrane protein TerC	AH-324-N03_00680	5
LIBV01000085.1	38	1279	+	BACL5_MAG-120820-bin39_00932	BACL5_MAG-120820-bin39	413	OG0000917	K03457	nucleobase:cation symporter-1, NCS1 family	COG1953	FUI1	Cytosine/uracil/thiamine/allantoin permease	BACL5_MAG-120820-bin39_00932	0
LIBV01000085.1	1339	1842	-	BACL5_MAG-120820-bin39_00933	BACL5_MAG-120820-bin39	167	OG0001453	K01483	ureidoglycolate lyase [EC:4.3.2.3]	COG3194	AllA	Ureidoglycolate hydrolase (allantoin degradation)	BACL5_MAG-120820-bin39_00932	1
LIBV01000085.1	1839	2825	-	BACL5_MAG-120820-bin39_00934	BACL5_MAG-120820-bin39	328	OG0001450	K01477	allantoicase [EC:3.5.3.4]	COG4266	Alc	Allantoicase	BACL5_MAG-120820-bin39_00932	2
LIBV01000085.1	2826	3725	-	BACL5_MAG-120820-bin39_00935	BACL5_MAG-120820-bin39	299	OG0001445	K16842	allantoinase [EC:3.5.2.5]	COG0726	PgaB	Peptidoglycan/xylan/chitin deacetylase, PgdA/NodB/CDA1 family	BACL5_MAG-120820-bin39_00932	3
LIBW01000002.1	20599	21276	+	BACL5_MAG-121015-bin10_00064	BACL5_MAG-121015-bin10	225	OG0001011	K21929	uracil-DNA glycosylase [EC:3.2.2.27]	COG1573	Udg4	Uracil-DNA glycosylase	BACL5_MAG-121015-bin10_00069	-5
LIBW01000002.1	21266	21706	-	BACL5_MAG-121015-bin10_00065	BACL5_MAG-121015-bin10	146	OG0000808	K07107	acyl-CoA thioester hydrolase [EC:3.1.2.-]	COG0824	FadM	Acyl-CoA thioesterase FadM	BACL5_MAG-121015-bin10_00069	-4
LIBW01000002.1	21748	21888	+	BACL5_MAG-121015-bin10_00066	BACL5_MAG-121015-bin10	46	OG0001143	NA	NA	NA	NA	NA	BACL5_MAG-121015-bin10_00069	-3
LIBW01000002.1	21894	22535	-	BACL5_MAG-121015-bin10_00067	BACL5_MAG-121015-bin10	213	OG0000965	NA	NA	NA	NA	NA	BACL5_MAG-121015-bin10_00069	-2
LIBW01000002.1	22744	23490	-	BACL5_MAG-121015-bin10_00068	BACL5_MAG-121015-bin10	248	OG0001186	K21883	2-dehydro-3-deoxy-L-rhamnonate dehydrogenase (NAD+) [EC:1.1.1.401]	COG1028	FabG	NAD(P)-dependent dehydrogenase, short-chain alcohol dehydrogenase family	BACL5_MAG-121015-bin10_00069	-1
LIBW01000002.1	23495	24952	-	BACL5_MAG-121015-bin10_00069	BACL5_MAG-121015-bin10	485	OG0000917	K03457	nucleobase:cation symporter-1, NCS1 family	COG1953	FUI1	Cytosine/uracil/thiamine/allantoin permease	BACL5_MAG-121015-bin10_00069	0
LIBW01000002.1	24978	26312	-	BACL5_MAG-121015-bin10_00070	BACL5_MAG-121015-bin10	444	OG0000987	K11690	C4-dicarboxylate transporter, DctM subunit	COG4664	FcbT3	TRAP-type mannitol/chloroaromatic compound transport system, large permease component	BACL5_MAG-121015-bin10_00069	1
LIBW01000002.1	26313	26951	-	BACL5_MAG-121015-bin10_00071	BACL5_MAG-121015-bin10	212	OG0000994	NA	NA	COG4665	FcbT2	TRAP-type mannitol/chloroaromatic compound transport system, small permease component	BACL5_MAG-121015-bin10_00069	2
LIBW01000002.1	27015	28112	-	BACL5_MAG-121015-bin10_00072	BACL5_MAG-121015-bin10	365	OG0000072	NA	NA	COG4663	FcbT1	TRAP-type mannitol/chloroaromatic compound transport system, periplasmic component	BACL5_MAG-121015-bin10_00069	3
LIBW01000002.1	28260	29870	+	BACL5_MAG-121015-bin10_00073	BACL5_MAG-121015-bin10	536	OG0000054	NA	NA	COG2303	BetA	Choline dehydrogenase or related flavoprotein	BACL5_MAG-121015-bin10_00069	4
LIBW01000077.1	120	1589	+	BACL5_MAG-121015-bin10_00783	BACL5_MAG-121015-bin10	489	OG0000917	K03457	nucleobase:cation symporter-1, NCS1 family	COG1953	FUI1	Cytosine/uracil/thiamine/allantoin permease	BACL5_MAG-121015-bin10_00783	0
LIBW01000077.1	1649	2152	-	BACL5_MAG-121015-bin10_00784	BACL5_MAG-121015-bin10	167	OG0001453	K01483	ureidoglycolate lyase [EC:4.3.2.3]	COG3194	AllA	Ureidoglycolate hydrolase (allantoin degradation)	BACL5_MAG-121015-bin10_00783	1
LIBW01000077.1	2149	3135	-	BACL5_MAG-121015-bin10_00785	BACL5_MAG-121015-bin10	328	OG0001450	K01477	allantoicase [EC:3.5.3.4]	COG4266	Alc	Allantoicase	BACL5_MAG-121015-bin10_00783	2
LIBW01000077.1	3136	4035	-	BACL5_MAG-121015-bin10_00786	BACL5_MAG-121015-bin10	299	OG0001445	K16842	allantoinase [EC:3.5.2.5]	COG0726	PgaB	Peptidoglycan/xylan/chitin deacetylase, PgdA/NodB/CDA1 family	BACL5_MAG-121015-bin10_00783	3
LIBW01000077.1	4097	4672	+	BACL5_MAG-121015-bin10_00787	BACL5_MAG-121015-bin10	191	OG0002553	NA	NA	NA	NA	NA	BACL5_MAG-121015-bin10_00783	4
LIBW01000077.1	4665	4982	-	BACL5_MAG-121015-bin10_00788	BACL5_MAG-121015-bin10	105	OG0001100	NA	NA	COG2755	TesA	Lysophospholipase L1 or related esterase. Includes spore coat protein LipC/YcsK	BACL5_MAG-121015-bin10_00783	5
NSIJ01000001.1	48403	49554	-	Baikal-G1_00062	Baikal-G1	383	OG0001015	NA	NA	COG0006	PepP	Xaa-Pro aminopeptidase	Baikal-G1_00067	-5
NSIJ01000001.1	49608	50471	-	Baikal-G1_00063	Baikal-G1	287	OG0000003	K15270	S-adenosylmethionine uptake transporter	COG0697	EamA	Amino acid export permease, drug/metabolite transporter (DMT) superfamily	Baikal-G1_00067	-4
NSIJ01000001.1	50479	51282	-	Baikal-G1_00064	Baikal-G1	267	OG0000498	NA	NA	COG0739	NlpD	Murein endopeptidase or hydrolase activator MepM/NlpD, contains LysM domain	Baikal-G1_00067	-3
NSIJ01000001.1	51267	52025	-	Baikal-G1_00065	Baikal-G1	252	OG0000007	K03331	L-xylulose reductase [EC:1.1.1.10]	COG1028	FabG	NAD(P)-dependent dehydrogenase, short-chain alcohol dehydrogenase family	Baikal-G1_00067	-2
NSIJ01000001.1	52025	52639	-	Baikal-G1_00066	Baikal-G1	204	OG0000922	NA	NA	COG0861	TerC	Tellurite resistance membrane protein TerC	Baikal-G1_00067	-1
NSIJ01000001.1	52841	54298	+	Baikal-G1_00067	Baikal-G1	485	OG0000917	K03457	nucleobase:cation symporter-1, NCS1 family	COG1953	FUI1	Cytosine/uracil/thiamine/allantoin permease	Baikal-G1_00067	0
NSIJ01000001.1	54581	55222	+	Baikal-G1_00068	Baikal-G1	213	OG0000965	NA	NA	NA	NA	NA	Baikal-G1_00067	1
NSIJ01000001.1	55223	55363	-	Baikal-G1_00069	Baikal-G1	46	OG0001143	NA	NA	NA	NA	NA	Baikal-G1_00067	2
NSIJ01000001.1	55421	55843	+	Baikal-G1_00070	Baikal-G1	140	OG0000808	K07107	acyl-CoA thioester hydrolase [EC:3.1.2.-]	COG0824	FadM	Acyl-CoA thioesterase FadM	Baikal-G1_00067	3
NSIJ01000001.1	55833	56507	-	Baikal-G1_00071	Baikal-G1	224	OG0001011	K21929	uracil-DNA glycosylase [EC:3.2.2.27]	COG1573	Udg4	Uracil-DNA glycosylase	Baikal-G1_00067	4
NSIJ01000001.1	56702	56890	+	Baikal-G1_00072	Baikal-G1	62	OG0001168	NA	NA	NA	NA	NA	Baikal-G1_00067	5
CP031125.1	1064158	1064751	-	FZCC0015_01131	FZCC0015	197	OG0000922	NA	NA	COG0861	TerC	Tellurite resistance membrane protein TerC	FZCC0015_01136	-5
CP031125.1	1064751	1066346	-	FZCC0015_01132	FZCC0015	531	OG0000054	NA	NA	COG2303	BetA	Choline dehydrogenase or related flavoprotein	FZCC0015_01136	-4
CP031125.1	1066486	1067580	+	FZCC0015_01133	FZCC0015	364	OG0000072	NA	NA	COG4663	FcbT1	TRAP-type mannitol/chloroaromatic compound transport system, periplasmic component	FZCC0015_01136	-3
CP031125.1	1067646	1068260	+	FZCC0015_01134	FZCC0015	204	OG0000994	NA	NA	COG4665	FcbT2	TRAP-type mannitol/chloroaromatic compound transport system, small permease component	FZCC0015_01136	-2
CP031125.1	1068257	1069591	+	FZCC0015_01135	FZCC0015	444	OG0000987	K11690	C4-dicarboxylate transporter, DctM subunit	COG4664	FcbT3	TRAP-type mannitol/chloroaromatic compound transport system, large permease component	FZCC0015_01136	-1
CP031125.1	1069617	1071074	+	FZCC0015_01136	FZCC0015	485	OG0000917	K03457	nucleobase:cation symporter-1, NCS1 family	COG1953	FUI1	Cytosine/uracil/thiamine/allantoin permease	FZCC0015_01136	0
CP031125.1	1071076	1072080	+	FZCC0015_01137	FZCC0015	334	OG0000009	NA	NA	COG1063	Tdh	Threonine dehydrogenase or related Zn-dependent dehydrogenase	FZCC0015_01136	1
CP031125.1	1072064	1072204	-	FZCC0015_01138	FZCC0015	46	OG0001265	NA	NA	NA	NA	NA	FZCC0015_01136	2
CP031125.1	1072294	1072944	+	FZCC0015_01139	FZCC0015	216	OG0000965	NA	NA	NA	NA	NA	FZCC0015_01136	3
CP031125.1	1072945	1073085	-	FZCC0015_01140	FZCC0015	46	OG0001143	NA	NA	NA	NA	NA	FZCC0015_01136	4
CP031125.1	1073143	1073553	+	FZCC0015_01141	FZCC0015	136	OG0000808	K07107	acyl-CoA thioester hydrolase [EC:3.1.2.-]	COG0824	FadM	Acyl-CoA thioesterase FadM	FZCC0015_01136	5
LHBX01000016.1	97068	97646	-	GOM-A1_00129	GOM-A1	192	OG0000922	NA	NA	COG0861	TerC	Tellurite resistance membrane protein TerC	GOM-A1_00134	-5
LHBX01000016.1	97643	99247	-	GOM-A1_00130	GOM-A1	534	OG0000054	NA	NA	COG2303	BetA	Choline dehydrogenase or related flavoprotein	GOM-A1_00134	-4
LHBX01000016.1	99383	100480	+	GOM-A1_00131	GOM-A1	365	OG0000072	NA	NA	COG4663	FcbT1	TRAP-type mannitol/chloroaromatic compound transport system, periplasmic component	GOM-A1_00134	-3
LHBX01000016.1	100533	101138	+	GOM-A1_00132	GOM-A1	201	OG0000994	NA	NA	COG4665	FcbT2	TRAP-type mannitol/chloroaromatic compound transport system, small permease component	GOM-A1_00134	-2
LHBX01000016.1	101138	102475	+	GOM-A1_00133	GOM-A1	445	OG0000987	K11690	C4-dicarboxylate transporter, DctM subunit	COG4664	FcbT3	TRAP-type mannitol/chloroaromatic compound transport system, large permease component	GOM-A1_00134	-1
LHBX01000016.1	102498	103952	+	GOM-A1_00134	GOM-A1	484	OG0000917	K03457	nucleobase:cation symporter-1, NCS1 family	COG1953	FUI1	Cytosine/uracil/thiamine/allantoin permease	GOM-A1_00134	0
LHBX01000016.1	103955	104959	+	GOM-A1_00135	GOM-A1	334	OG0000009	NA	NA	COG1063	Tdh	Threonine dehydrogenase or related Zn-dependent dehydrogenase	GOM-A1_00134	1
LHBX01000016.1	104956	105087	-	GOM-A1_00136	GOM-A1	43	OG0001265	NA	NA	NA	NA	NA	GOM-A1_00134	2
LHBX01000016.1	105183	105836	+	GOM-A1_00137	GOM-A1	217	OG0000965	NA	NA	NA	NA	NA	GOM-A1_00134	3
LHBX01000016.1	105856	106248	+	GOM-A1_00138	GOM-A1	130	OG0000808	K07107	acyl-CoA thioester hydrolase [EC:3.1.2.-]	COG0824	FadM	Acyl-CoA thioesterase FadM	GOM-A1_00134	4
LHBX01000016.1	106240	106947	-	GOM-A1_00139	GOM-A1	235	OG0001011	K21929	uracil-DNA glycosylase [EC:3.2.2.27]	COG1573	Udg4	Uracil-DNA glycosylase	GOM-A1_00134	5
AZAL01000001.1	246397	246807	-	HIMB083_00285	HIMB083	136	OG0000808	K07107	acyl-CoA thioester hydrolase [EC:3.1.2.-]	COG0824	FadM	Acyl-CoA thioesterase FadM	HIMB083_00290	-5
AZAL01000001.1	246865	247005	+	HIMB083_00286	HIMB083	46	OG0001143	NA	NA	NA	NA	NA	HIMB083_00290	-4
AZAL01000001.1	247006	247656	-	HIMB083_00287	HIMB083	216	OG0000965	NA	NA	NA	NA	NA	HIMB083_00290	-3
AZAL01000001.1	247737	247886	+	HIMB083_00288	HIMB083	49	OG0001265	NA	NA	NA	NA	NA	HIMB083_00290	-2
AZAL01000001.1	247870	248874	-	HIMB083_00289	HIMB083	334	OG0000009	NA	NA	COG1063	Tdh	Threonine dehydrogenase or related Zn-dependent dehydrogenase	HIMB083_00290	-1
AZAL01000001.1	248876	250333	-	HIMB083_00290	HIMB083	485	OG0000917	K03457	nucleobase:cation symporter-1, NCS1 family	COG1953	FUI1	Cytosine/uracil/thiamine/allantoin permease	HIMB083_00290	0
AZAL01000001.1	250359	251693	-	HIMB083_00291	HIMB083	444	OG0000987	K11690	C4-dicarboxylate transporter, DctM subunit	COG4664	FcbT3	TRAP-type mannitol/chloroaromatic compound transport system, large permease component	HIMB083_00290	1
AZAL01000001.1	251690	252304	-	HIMB083_00292	HIMB083	204	OG0000994	NA	NA	COG4665	FcbT2	TRAP-type mannitol/chloroaromatic compound transport system, small permease component	HIMB083_00290	2
AZAL01000001.1	252370	253464	-	HIMB083_00293	HIMB083	364	OG0000072	NA	NA	COG4663	FcbT1	TRAP-type mannitol/chloroaromatic compound transport system, periplasmic component	HIMB083_00290	3
AZAL01000001.1	253605	255215	+	HIMB083_00294	HIMB083	536	OG0000054	NA	NA	COG2303	BetA	Choline dehydrogenase or related flavoprotein	HIMB083_00290	4
AZAL01000001.1	255215	255808	+	HIMB083_00295	HIMB083	197	OG0000922	NA	NA	COG0861	TerC	Tellurite resistance membrane protein TerC	HIMB083_00290	5
O147DRAFT_scaffold00001.1	1279645	1280061	-	HIMB122_01354	HIMB122	138	OG0000808	K07107	acyl-CoA thioester hydrolase [EC:3.1.2.-]	COG0824	FadM	Acyl-CoA thioesterase FadM	HIMB122_01359	-5
O147DRAFT_scaffold00001.1	1280120	1280260	+	HIMB122_01355	HIMB122	46	OG0001143	NA	NA	NA	NA	NA	HIMB122_01359	-4
O147DRAFT_scaffold00001.1	1280261	1280911	-	HIMB122_01356	HIMB122	216	OG0000965	NA	NA	NA	NA	NA	HIMB122_01359	-3
O147DRAFT_scaffold00001.1	1280987	1281121	+	HIMB122_01357	HIMB122	44	OG0001265	NA	NA	NA	NA	NA	HIMB122_01359	-2
O147DRAFT_scaffold00001.1	1281105	1282109	-	HIMB122_01358	HIMB122	334	OG0000009	NA	NA	COG1063	Tdh	Threonine dehydrogenase or related Zn-dependent dehydrogenase	HIMB122_01359	-1
O147DRAFT_scaffold00001.1	1282111	1283568	-	HIMB122_01359	HIMB122	485	OG0000917	K03457	nucleobase:cation symporter-1, NCS1 family	COG1953	FUI1	Cytosine/uracil/thiamine/allantoin permease	HIMB122_01359	0
O147DRAFT_scaffold00001.1	1283594	1284928	-	HIMB122_01360	HIMB122	444	OG0000987	K11690	C4-dicarboxylate transporter, DctM subunit	COG4664	FcbT3	TRAP-type mannitol/chloroaromatic compound transport system, large permease component	HIMB122_01359	1
O147DRAFT_scaffold00001.1	1284928	1285542	-	HIMB122_01361	HIMB122	204	OG0000994	NA	NA	COG4665	FcbT2	TRAP-type mannitol/chloroaromatic compound transport system, small permease component	HIMB122_01359	2
O147DRAFT_scaffold00001.1	1285615	1286709	-	HIMB122_01362	HIMB122	364	OG0000072	NA	NA	COG4663	FcbT1	TRAP-type mannitol/chloroaromatic compound transport system, periplasmic component	HIMB122_01359	3
O147DRAFT_scaffold00001.1	1286850	1288445	+	HIMB122_01363	HIMB122	531	OG0000054	NA	NA	COG2303	BetA	Choline dehydrogenase or related flavoprotein	HIMB122_01359	4
O147DRAFT_scaffold00001.1	1288445	1289038	+	HIMB122_01364	HIMB122	197	OG0000922	NA	NA	COG0861	TerC	Tellurite resistance membrane protein TerC	HIMB122_01359	5
HIMB123-00000000005	27665	28258	-	HIMB123_00254	HIMB123	197	OG0000922	NA	NA	COG0861	TerC	Tellurite resistance membrane protein TerC	HIMB123_00259	-5
HIMB123-00000000005	28258	29853	-	HIMB123_00255	HIMB123	531	OG0000054	NA	NA	COG2303	BetA	Choline dehydrogenase or related flavoprotein	HIMB123_00259	-4
HIMB123-00000000005	29994	31088	+	HIMB123_00256	HIMB123	364	OG0000072	NA	NA	COG4663	FcbT1	TRAP-type mannitol/chloroaromatic compound transport system, periplasmic component	HIMB123_00259	-3
HIMB123-00000000005	31154	31768	+	HIMB123_00257	HIMB123	204	OG0000994	NA	NA	COG4665	FcbT2	TRAP-type mannitol/chloroaromatic compound transport system, small permease component	HIMB123_00259	-2
HIMB123-00000000005	31765	32856	+	HIMB123_00258	HIMB123	363	OG0000987	K11690	C4-dicarboxylate transporter, DctM subunit	COG4664	FcbT3	TRAP-type mannitol/chloroaromatic compound transport system, large permease component	HIMB123_00259	-1
HIMB123-00000000005	33126	34583	+	HIMB123_00259	HIMB123	485	OG0000917	K03457	nucleobase:cation symporter-1, NCS1 family	COG1953	FUI1	Cytosine/uracil/thiamine/allantoin permease	HIMB123_00259	0
HIMB123-00000000005	34585	35589	+	HIMB123_00260	HIMB123	334	OG0000009	NA	NA	COG1063	Tdh	Threonine dehydrogenase or related Zn-dependent dehydrogenase	HIMB123_00259	1
HIMB123-00000000005	35573	35722	-	HIMB123_00261	HIMB123	49	OG0001265	NA	NA	NA	NA	NA	HIMB123_00259	2
HIMB123-00000000005	35803	36453	+	HIMB123_00262	HIMB123	216	OG0000965	NA	NA	NA	NA	NA	HIMB123_00259	3
HIMB123-00000000005	36454	36594	-	HIMB123_00263	HIMB123	46	OG0001143	NA	NA	NA	NA	NA	HIMB123_00259	4
HIMB123-00000000005	36652	37065	+	HIMB123_00264	HIMB123	137	OG0000808	K07107	acyl-CoA thioester hydrolase [EC:3.1.2.-]	COG0824	FadM	Acyl-CoA thioesterase FadM	HIMB123_00259	5
LT840186.1	375675	376268	-	HIMB1321_00400	HIMB1321	197	OG0000922	NA	NA	COG0861	TerC	Tellurite resistance membrane protein TerC	HIMB1321_00405	-5
LT840186.1	376268	377878	-	HIMB1321_00401	HIMB1321	536	OG0000054	NA	NA	COG2303	BetA	Choline dehydrogenase or related flavoprotein	HIMB1321_00405	-4
LT840186.1	378026	379123	+	HIMB1321_00402	HIMB1321	365	OG0000072	NA	NA	COG4663	FcbT1	TRAP-type mannitol/chloroaromatic compound transport system, periplasmic component	HIMB1321_00405	-3
LT840186.1	379197	379811	+	HIMB1321_00403	HIMB1321	204	OG0000994	NA	NA	COG4665	FcbT2	TRAP-type mannitol/chloroaromatic compound transport system, small permease component	HIMB1321_00405	-2
LT840186.1	379812	381146	+	HIMB1321_00404	HIMB1321	444	OG0000987	K11690	C4-dicarboxylate transporter, DctM subunit	COG4664	FcbT3	TRAP-type mannitol/chloroaromatic compound transport system, large permease component	HIMB1321_00405	-1
LT840186.1	381172	382629	+	HIMB1321_00405	HIMB1321	485	OG0000917	K03457	nucleobase:cation symporter-1, NCS1 family	COG1953	FUI1	Cytosine/uracil/thiamine/allantoin permease	HIMB1321_00405	0
LT840186.1	382634	383386	+	HIMB1321_00406	HIMB1321	250	OG0001186	K21883	2-dehydro-3-deoxy-L-rhamnonate dehydrogenase (NAD+) [EC:1.1.1.401]	COG1028	FabG	NAD(P)-dependent dehydrogenase, short-chain alcohol dehydrogenase family	HIMB1321_00405	1
LT840186.1	383525	384175	+	HIMB1321_00407	HIMB1321	216	OG0000965	NA	NA	NA	NA	NA	HIMB1321_00405	2
LT840186.1	384176	384316	-	HIMB1321_00408	HIMB1321	46	OG0001143	NA	NA	NA	NA	NA	HIMB1321_00405	3
LT840186.1	384375	384797	+	HIMB1321_00409	HIMB1321	140	OG0000808	K07107	acyl-CoA thioester hydrolase [EC:3.1.2.-]	COG0824	FadM	Acyl-CoA thioesterase FadM	HIMB1321_00405	4
LT840186.1	384787	385467	-	HIMB1321_00410	HIMB1321	226	OG0001011	K21929	uracil-DNA glycosylase [EC:3.2.2.27]	COG1573	Udg4	Uracil-DNA glycosylase	HIMB1321_00405	5
HIMB1402-00000000003	118208	118888	+	HIMB1402_00743	HIMB1402	226	OG0001011	K21929	uracil-DNA glycosylase [EC:3.2.2.27]	COG1573	Udg4	Uracil-DNA glycosylase	HIMB1402_00748	-5
HIMB1402-00000000003	118878	119300	-	HIMB1402_00744	HIMB1402	140	OG0000808	K07107	acyl-CoA thioester hydrolase [EC:3.1.2.-]	COG0824	FadM	Acyl-CoA thioesterase FadM	HIMB1402_00748	-4
HIMB1402-00000000003	119325	119975	-	HIMB1402_00745	HIMB1402	216	OG0000965	NA	NA	NA	NA	NA	HIMB1402_00748	-3
HIMB1402-00000000003	120104	120196	+	HIMB1402_00746	HIMB1402	30	OG0001265	NA	NA	NA	NA	NA	HIMB1402_00748	-2
HIMB1402-00000000003	120193	120945	-	HIMB1402_00747	HIMB1402	250	OG0001186	K21883	2-dehydro-3-deoxy-L-rhamnonate dehydrogenase (NAD+) [EC:1.1.1.401]	COG1028	FabG	NAD(P)-dependent dehydrogenase, short-chain alcohol dehydrogenase family	HIMB1402_00748	-1
HIMB1402-00000000003	120950	122407	-	HIMB1402_00748	HIMB1402	485	OG0000917	K03457	nucleobase:cation symporter-1, NCS1 family	COG1953	FUI1	Cytosine/uracil/thiamine/allantoin permease	HIMB1402_00748	0
HIMB1402-00000000003	122433	123767	-	HIMB1402_00749	HIMB1402	444	OG0000987	K11690	C4-dicarboxylate transporter, DctM subunit	COG4664	FcbT3	TRAP-type mannitol/chloroaromatic compound transport system, large permease component	HIMB1402_00748	1
HIMB1402-00000000003	123764	124378	-	HIMB1402_00750	HIMB1402	204	OG0000994	NA	NA	COG4665	FcbT2	TRAP-type mannitol/chloroaromatic compound transport system, small permease component	HIMB1402_00748	2
HIMB1402-00000000003	124447	125541	-	HIMB1402_00751	HIMB1402	364	OG0000072	NA	NA	COG4663	FcbT1	TRAP-type mannitol/chloroaromatic compound transport system, periplasmic component	HIMB1402_00748	3
HIMB1402-00000000003	125674	127269	+	HIMB1402_00752	HIMB1402	531	OG0000054	NA	NA	COG2303	BetA	Choline dehydrogenase or related flavoprotein	HIMB1402_00748	4
HIMB1402-00000000003	127269	127862	+	HIMB1402_00753	HIMB1402	197	OG0000922	NA	NA	COG0861	TerC	Tellurite resistance membrane protein TerC	HIMB1402_00748	5
HIMB1409-00000000003	60285	60959	+	HIMB1409_00713	HIMB1409	224	OG0001011	K21929	uracil-DNA glycosylase [EC:3.2.2.27]	COG1573	Udg4	Uracil-DNA glycosylase	HIMB1409_00718	-5
HIMB1409-00000000003	60954	61367	-	HIMB1409_00714	HIMB1409	137	OG0000808	K07107	acyl-CoA thioester hydrolase [EC:3.1.2.-]	COG0824	FadM	Acyl-CoA thioesterase FadM	HIMB1409_00718	-4
HIMB1409-00000000003	61427	61567	+	HIMB1409_00715	HIMB1409	46	OG0001143	NA	NA	NA	NA	NA	HIMB1409_00718	-3
HIMB1409-00000000003	61568	62218	-	HIMB1409_00716	HIMB1409	216	OG0000965	NA	NA	NA	NA	NA	HIMB1409_00718	-2
HIMB1409-00000000003	62433	63179	-	HIMB1409_00717	HIMB1409	248	OG0001186	K21883	2-dehydro-3-deoxy-L-rhamnonate dehydrogenase (NAD+) [EC:1.1.1.401]	COG1028	FabG	NAD(P)-dependent dehydrogenase, short-chain alcohol dehydrogenase family	HIMB1409_00718	-1
HIMB1409-00000000003	63185	64642	-	HIMB1409_00718	HIMB1409	485	OG0000917	K03457	nucleobase:cation symporter-1, NCS1 family	COG1953	FUI1	Cytosine/uracil/thiamine/allantoin permease	HIMB1409_00718	0
HIMB1409-00000000003	64668	66002	-	HIMB1409_00719	HIMB1409	444	OG0000987	K11690	C4-dicarboxylate transporter, DctM subunit	COG4664	FcbT3	TRAP-type mannitol/chloroaromatic compound transport system, large permease component	HIMB1409_00718	1
HIMB1409-00000000003	65999	66613	-	HIMB1409_00720	HIMB1409	204	OG0000994	NA	NA	COG4665	FcbT2	TRAP-type mannitol/chloroaromatic compound transport system, small permease component	HIMB1409_00718	2
HIMB1409-00000000003	66682	67776	-	HIMB1409_00721	HIMB1409	364	OG0000072	NA	NA	COG4663	FcbT1	TRAP-type mannitol/chloroaromatic compound transport system, periplasmic component	HIMB1409_00718	3
HIMB1409-00000000003	67923	69518	+	HIMB1409_00722	HIMB1409	531	OG0000054	NA	NA	COG2303	BetA	Choline dehydrogenase or related flavoprotein	HIMB1409_00718	4
HIMB1409-00000000003	69518	70111	+	HIMB1409_00723	HIMB1409	197	OG0000922	NA	NA	COG0861	TerC	Tellurite resistance membrane protein TerC	HIMB1409_00718	5
NZ_LAMZ01000001.1	294458	294874	-	HIMB140_00345	HIMB140	138	OG0000808	K07107	acyl-CoA thioester hydrolase [EC:3.1.2.-]	COG0824	FadM	Acyl-CoA thioesterase FadM	HIMB140_00350	-5
NZ_LAMZ01000001.1	294933	295073	+	HIMB140_00346	HIMB140	46	OG0001143	NA	NA	NA	NA	NA	HIMB140_00350	-4
NZ_LAMZ01000001.1	295074	295724	-	HIMB140_00347	HIMB140	216	OG0000965	NA	NA	NA	NA	NA	HIMB140_00350	-3
NZ_LAMZ01000001.1	295800	295934	+	HIMB140_00348	HIMB140	44	OG0001265	NA	NA	NA	NA	NA	HIMB140_00350	-2
NZ_LAMZ01000001.1	295918	296922	-	HIMB140_00349	HIMB140	334	OG0000009	NA	NA	COG1063	Tdh	Threonine dehydrogenase or related Zn-dependent dehydrogenase	HIMB140_00350	-1
NZ_LAMZ01000001.1	296924	298381	-	HIMB140_00350	HIMB140	485	OG0000917	K03457	nucleobase:cation symporter-1, NCS1 family	COG1953	FUI1	Cytosine/uracil/thiamine/allantoin permease	HIMB140_00350	0
NZ_LAMZ01000001.1	298408	299742	-	HIMB140_00351	HIMB140	444	OG0000987	K11690	C4-dicarboxylate transporter, DctM subunit	COG4664	FcbT3	TRAP-type mannitol/chloroaromatic compound transport system, large permease component	HIMB140_00350	1
NZ_LAMZ01000001.1	299742	300356	-	HIMB140_00352	HIMB140	204	OG0000994	NA	NA	COG4665	FcbT2	TRAP-type mannitol/chloroaromatic compound transport system, small permease component	HIMB140_00350	2
NZ_LAMZ01000001.1	300429	301523	-	HIMB140_00353	HIMB140	364	OG0000072	NA	NA	COG4663	FcbT1	TRAP-type mannitol/chloroaromatic compound transport system, periplasmic component	HIMB140_00350	3
NZ_LAMZ01000001.1	301664	303259	+	HIMB140_00354	HIMB140	531	OG0000054	NA	NA	COG2303	BetA	Choline dehydrogenase or related flavoprotein	HIMB140_00350	4
NZ_LAMZ01000001.1	303259	303852	+	HIMB140_00355	HIMB140	197	OG0000922	NA	NA	COG0861	TerC	Tellurite resistance membrane protein TerC	HIMB140_00350	5
HIMB1412-00000000001	759740	760336	-	HIMB1412_00794	HIMB1412	198	OG0000922	NA	NA	COG0861	TerC	Tellurite resistance membrane protein TerC	HIMB1412_00799	-5
HIMB1412-00000000001	760336	761931	-	HIMB1412_00795	HIMB1412	531	OG0000054	NA	NA	COG2303	BetA	Choline dehydrogenase or related flavoprotein	HIMB1412_00799	-4
HIMB1412-00000000001	762084	763181	+	HIMB1412_00796	HIMB1412	365	OG0000072	NA	NA	COG4663	FcbT1	TRAP-type mannitol/chloroaromatic compound transport system, periplasmic component	HIMB1412_00799	-3
HIMB1412-00000000001	763250	763864	+	HIMB1412_00797	HIMB1412	204	OG0000994	NA	NA	COG4665	FcbT2	TRAP-type mannitol/chloroaromatic compound transport system, small permease component	HIMB1412_00799	-2
HIMB1412-00000000001	763865	765199	+	HIMB1412_00798	HIMB1412	444	OG0000987	K11690	C4-dicarboxylate transporter, DctM subunit	COG4664	FcbT3	TRAP-type mannitol/chloroaromatic compound transport system, large permease component	HIMB1412_00799	-1
HIMB1412-00000000001	765221	766675	+	HIMB1412_00799	HIMB1412	484	OG0000917	K03457	nucleobase:cation symporter-1, NCS1 family	COG1953	FUI1	Cytosine/uracil/thiamine/allantoin permease	HIMB1412_00799	0
HIMB1412-00000000001	766677	767681	+	HIMB1412_00800	HIMB1412	334	OG0000009	NA	NA	COG1063	Tdh	Threonine dehydrogenase or related Zn-dependent dehydrogenase	HIMB1412_00799	1
HIMB1412-00000000001	767893	768543	+	HIMB1412_00801	HIMB1412	216	OG0000965	NA	NA	NA	NA	NA	HIMB1412_00799	2
HIMB1412-00000000001	768544	768684	-	HIMB1412_00802	HIMB1412	46	OG0001143	NA	NA	NA	NA	NA	HIMB1412_00799	3
HIMB1412-00000000001	768741	769163	+	HIMB1412_00803	HIMB1412	140	OG0000808	K07107	acyl-CoA thioester hydrolase [EC:3.1.2.-]	COG0824	FadM	Acyl-CoA thioesterase FadM	HIMB1412_00799	4
HIMB1412-00000000001	769153	769833	-	HIMB1412_00804	HIMB1412	226	OG0001011	K21929	uracil-DNA glycosylase [EC:3.2.2.27]	COG1573	Udg4	Uracil-DNA glycosylase	HIMB1412_00799	5
HIMB1413-00000000001	608630	609310	+	HIMB1413_00666	HIMB1413	226	OG0001011	K21929	uracil-DNA glycosylase [EC:3.2.2.27]	COG1573	Udg4	Uracil-DNA glycosylase	HIMB1413_00671	-5
HIMB1413-00000000001	609300	609713	-	HIMB1413_00667	HIMB1413	137	OG0000808	K07107	acyl-CoA thioester hydrolase [EC:3.1.2.-]	COG0824	FadM	Acyl-CoA thioesterase FadM	HIMB1413_00671	-4
HIMB1413-00000000001	609912	610562	-	HIMB1413_00668	HIMB1413	216	OG0000965	NA	NA	NA	NA	NA	HIMB1413_00671	-3
HIMB1413-00000000001	610652	610774	+	HIMB1413_00669	HIMB1413	40	OG0001265	NA	NA	NA	NA	NA	HIMB1413_00671	-2
HIMB1413-00000000001	610777	611523	-	HIMB1413_00670	HIMB1413	248	OG0001186	K21883	2-dehydro-3-deoxy-L-rhamnonate dehydrogenase (NAD+) [EC:1.1.1.401]	COG1028	FabG	NAD(P)-dependent dehydrogenase, short-chain alcohol dehydrogenase family	HIMB1413_00671	-1
HIMB1413-00000000001	611529	612986	-	HIMB1413_00671	HIMB1413	485	OG0000917	K03457	nucleobase:cation symporter-1, NCS1 family	COG1953	FUI1	Cytosine/uracil/thiamine/allantoin permease	HIMB1413_00671	0
HIMB1413-00000000001	613012	614346	-	HIMB1413_00672	HIMB1413	444	OG0000987	K11690	C4-dicarboxylate transporter, DctM subunit	COG4664	FcbT3	TRAP-type mannitol/chloroaromatic compound transport system, large permease component	HIMB1413_00671	1
HIMB1413-00000000001	614343	614957	-	HIMB1413_00673	HIMB1413	204	OG0000994	NA	NA	COG4665	FcbT2	TRAP-type mannitol/chloroaromatic compound transport system, small permease component	HIMB1413_00671	2
HIMB1413-00000000001	615026	616120	-	HIMB1413_00674	HIMB1413	364	OG0000072	NA	NA	COG4663	FcbT1	TRAP-type mannitol/chloroaromatic compound transport system, periplasmic component	HIMB1413_00671	3
HIMB1413-00000000001	616267	617862	+	HIMB1413_00675	HIMB1413	531	OG0000054	NA	NA	COG2303	BetA	Choline dehydrogenase or related flavoprotein	HIMB1413_00671	4
HIMB1413-00000000001	617862	618455	+	HIMB1413_00676	HIMB1413	197	OG0000922	NA	NA	COG0861	TerC	Tellurite resistance membrane protein TerC	HIMB1413_00671	5
HIMB1420-00000000002	302689	303369	+	HIMB1420_01073	HIMB1420	226	OG0001011	K21929	uracil-DNA glycosylase [EC:3.2.2.27]	COG1573	Udg4	Uracil-DNA glycosylase	HIMB1420_01078	-5
HIMB1420-00000000002	303359	303781	-	HIMB1420_01074	HIMB1420	140	OG0000808	K07107	acyl-CoA thioester hydrolase [EC:3.1.2.-]	COG0824	FadM	Acyl-CoA thioesterase FadM	HIMB1420_01078	-4
HIMB1420-00000000002	303838	303978	+	HIMB1420_01075	HIMB1420	46	OG0001143	NA	NA	NA	NA	NA	HIMB1420_01078	-3
HIMB1420-00000000002	303980	304630	-	HIMB1420_01076	HIMB1420	216	OG0000965	NA	NA	NA	NA	NA	HIMB1420_01078	-2
HIMB1420-00000000002	304841	305845	-	HIMB1420_01077	HIMB1420	334	OG0000009	NA	NA	COG1063	Tdh	Threonine dehydrogenase or related Zn-dependent dehydrogenase	HIMB1420_01078	-1
HIMB1420-00000000002	305847	307301	-	HIMB1420_01078	HIMB1420	484	OG0000917	K03457	nucleobase:cation symporter-1, NCS1 family	COG1953	FUI1	Cytosine/uracil/thiamine/allantoin permease	HIMB1420_01078	0
HIMB1420-00000000002	307323	308657	-	HIMB1420_01079	HIMB1420	444	OG0000987	K11690	C4-dicarboxylate transporter, DctM subunit	COG4664	FcbT3	TRAP-type mannitol/chloroaromatic compound transport system, large permease component	HIMB1420_01078	1
HIMB1420-00000000002	308658	309272	-	HIMB1420_01080	HIMB1420	204	OG0000994	NA	NA	COG4665	FcbT2	TRAP-type mannitol/chloroaromatic compound transport system, small permease component	HIMB1420_01078	2
HIMB1420-00000000002	309342	310439	-	HIMB1420_01081	HIMB1420	365	OG0000072	NA	NA	COG4663	FcbT1	TRAP-type mannitol/chloroaromatic compound transport system, periplasmic component	HIMB1420_01078	3
HIMB1420-00000000002	310590	312185	+	HIMB1420_01082	HIMB1420	531	OG0000054	NA	NA	COG2303	BetA	Choline dehydrogenase or related flavoprotein	HIMB1420_01078	4
HIMB1420-00000000002	312185	312781	+	HIMB1420_01083	HIMB1420	198	OG0000922	NA	NA	COG0861	TerC	Tellurite resistance membrane protein TerC	HIMB1420_01078	5
HIMB1427-00000000004	71131	71727	-	HIMB1427_00601	HIMB1427	198	OG0000922	NA	NA	COG0861	TerC	Tellurite resistance membrane protein TerC	HIMB1427_00606	-5
HIMB1427-00000000004	71727	73322	-	HIMB1427_00602	HIMB1427	531	OG0000054	NA	NA	COG2303	BetA	Choline dehydrogenase or related flavoprotein	HIMB1427_00606	-4
HIMB1427-00000000004	73473	74570	+	HIMB1427_00603	HIMB1427	365	OG0000072	NA	NA	COG4663	FcbT1	TRAP-type mannitol/chloroaromatic compound transport system, periplasmic component	HIMB1427_00606	-3
HIMB1427-00000000004	74641	75255	+	HIMB1427_00604	HIMB1427	204	OG0000994	NA	NA	COG4665	FcbT2	TRAP-type mannitol/chloroaromatic compound transport system, small permease component	HIMB1427_00606	-2
HIMB1427-00000000004	75256	76590	+	HIMB1427_00605	HIMB1427	444	OG0000987	K11690	C4-dicarboxylate transporter, DctM subunit	COG4664	FcbT3	TRAP-type mannitol/chloroaromatic compound transport system, large permease component	HIMB1427_00606	-1
HIMB1427-00000000004	76612	78066	+	HIMB1427_00606	HIMB1427	484	OG0000917	K03457	nucleobase:cation symporter-1, NCS1 family	COG1953	FUI1	Cytosine/uracil/thiamine/allantoin permease	HIMB1427_00606	0
HIMB1427-00000000004	78068	79072	+	HIMB1427_00607	HIMB1427	334	OG0000009	NA	NA	COG1063	Tdh	Threonine dehydrogenase or related Zn-dependent dehydrogenase	HIMB1427_00606	1
HIMB1427-00000000004	79283	79933	+	HIMB1427_00608	HIMB1427	216	OG0000965	NA	NA	NA	NA	NA	HIMB1427_00606	2
HIMB1427-00000000004	79935	80075	-	HIMB1427_00609	HIMB1427	46	OG0001143	NA	NA	NA	NA	NA	HIMB1427_00606	3
HIMB1427-00000000004	80132	80554	+	HIMB1427_00610	HIMB1427	140	OG0000808	K07107	acyl-CoA thioester hydrolase [EC:3.1.2.-]	COG0824	FadM	Acyl-CoA thioesterase FadM	HIMB1427_00606	4
HIMB1427-00000000004	80544	81224	-	HIMB1427_00611	HIMB1427	226	OG0001011	K21929	uracil-DNA glycosylase [EC:3.2.2.27]	COG1573	Udg4	Uracil-DNA glycosylase	HIMB1427_00606	5
HIMB1430-00000000001	173260	173853	-	HIMB1430_00192	HIMB1430	197	OG0000922	NA	NA	COG0861	TerC	Tellurite resistance membrane protein TerC	HIMB1430_00197	-5
HIMB1430-00000000001	173853	175448	-	HIMB1430_00193	HIMB1430	531	OG0000054	NA	NA	COG2303	BetA	Choline dehydrogenase or related flavoprotein	HIMB1430_00197	-4
HIMB1430-00000000001	175589	176683	+	HIMB1430_00194	HIMB1430	364	OG0000072	NA	NA	COG4663	FcbT1	TRAP-type mannitol/chloroaromatic compound transport system, periplasmic component	HIMB1430_00197	-3
HIMB1430-00000000001	176754	177368	+	HIMB1430_00195	HIMB1430	204	OG0000994	NA	NA	COG4665	FcbT2	TRAP-type mannitol/chloroaromatic compound transport system, small permease component	HIMB1430_00197	-2
HIMB1430-00000000001	177368	178702	+	HIMB1430_00196	HIMB1430	444	OG0000987	K11690	C4-dicarboxylate transporter, DctM subunit	COG4664	FcbT3	TRAP-type mannitol/chloroaromatic compound transport system, large permease component	HIMB1430_00197	-1
HIMB1430-00000000001	178729	180186	+	HIMB1430_00197	HIMB1430	485	OG0000917	K03457	nucleobase:cation symporter-1, NCS1 family	COG1953	FUI1	Cytosine/uracil/thiamine/allantoin permease	HIMB1430_00197	0
HIMB1430-00000000001	180188	181192	+	HIMB1430_00198	HIMB1430	334	OG0000009	NA	NA	COG1063	Tdh	Threonine dehydrogenase or related Zn-dependent dehydrogenase	HIMB1430_00197	1
HIMB1430-00000000001	181176	181310	-	HIMB1430_00199	HIMB1430	44	OG0001265	NA	NA	NA	NA	NA	HIMB1430_00197	2
HIMB1430-00000000001	181386	182036	+	HIMB1430_00200	HIMB1430	216	OG0000965	NA	NA	NA	NA	NA	HIMB1430_00197	3
HIMB1430-00000000001	182037	182177	-	HIMB1430_00201	HIMB1430	46	OG0001143	NA	NA	NA	NA	NA	HIMB1430_00197	4
HIMB1430-00000000001	182236	182652	+	HIMB1430_00202	HIMB1430	138	OG0000808	K07107	acyl-CoA thioester hydrolase [EC:3.1.2.-]	COG0824	FadM	Acyl-CoA thioesterase FadM	HIMB1430_00197	5
HIMB1436-00000000002	234881	235303	-	HIMB1436_01052	HIMB1436	140	OG0000808	K07107	acyl-CoA thioester hydrolase [EC:3.1.2.-]	COG0824	FadM	Acyl-CoA thioesterase FadM	HIMB1436_01057	-5
HIMB1436-00000000002	235361	235501	+	HIMB1436_01053	HIMB1436	46	OG0001143	NA	NA	NA	NA	NA	HIMB1436_01057	-4
HIMB1436-00000000002	235502	236152	-	HIMB1436_01054	HIMB1436	216	OG0000965	NA	NA	NA	NA	NA	HIMB1436_01057	-3
HIMB1436-00000000002	236235	236372	+	HIMB1436_01055	HIMB1436	45	OG0001265	NA	NA	NA	NA	NA	HIMB1436_01057	-2
HIMB1436-00000000002	236369	237121	-	HIMB1436_01056	HIMB1436	250	OG0001186	K21883	2-dehydro-3-deoxy-L-rhamnonate dehydrogenase (NAD+) [EC:1.1.1.401]	COG1028	FabG	NAD(P)-dependent dehydrogenase, short-chain alcohol dehydrogenase family	HIMB1436_01057	-1
HIMB1436-00000000002	237125	238582	-	HIMB1436_01057	HIMB1436	485	OG0000917	K03457	nucleobase:cation symporter-1, NCS1 family	COG1953	FUI1	Cytosine/uracil/thiamine/allantoin permease	HIMB1436_01057	0
HIMB1436-00000000002	238608	239942	-	HIMB1436_01058	HIMB1436	444	OG0000987	K11690	C4-dicarboxylate transporter, DctM subunit	COG4664	FcbT3	TRAP-type mannitol/chloroaromatic compound transport system, large permease component	HIMB1436_01057	1
HIMB1436-00000000002	239942	240559	-	HIMB1436_01059	HIMB1436	205	OG0000994	NA	NA	COG4665	FcbT2	TRAP-type mannitol/chloroaromatic compound transport system, small permease component	HIMB1436_01057	2
HIMB1436-00000000002	240628	241722	-	HIMB1436_01060	HIMB1436	364	OG0000072	NA	NA	COG4663	FcbT1	TRAP-type mannitol/chloroaromatic compound transport system, periplasmic component	HIMB1436_01057	3
HIMB1436-00000000002	241856	243451	+	HIMB1436_01061	HIMB1436	531	OG0000054	NA	NA	COG2303	BetA	Choline dehydrogenase or related flavoprotein	HIMB1436_01057	4
HIMB1436-00000000002	243451	244044	+	HIMB1436_01062	HIMB1436	197	OG0000922	NA	NA	COG0861	TerC	Tellurite resistance membrane protein TerC	HIMB1436_01057	5
HIMB1437-00000000001	219297	219854	-	HIMB1437_00257	HIMB1437	185	OG0000787	NA	NA	COG2062	SixA	Phosphohistidine phosphatase SixA	HIMB1437_00262	-5
HIMB1437-00000000001	219857	220537	+	HIMB1437_00258	HIMB1437	226	OG0001011	K21929	uracil-DNA glycosylase [EC:3.2.2.27]	COG1573	Udg4	Uracil-DNA glycosylase	HIMB1437_00262	-4
HIMB1437-00000000001	220527	220949	-	HIMB1437_00259	HIMB1437	140	OG0000808	K07107	acyl-CoA thioester hydrolase [EC:3.1.2.-]	COG0824	FadM	Acyl-CoA thioesterase FadM	HIMB1437_00262	-3
HIMB1437-00000000001	220974	221624	-	HIMB1437_00260	HIMB1437	216	OG0000965	NA	NA	NA	NA	NA	HIMB1437_00262	-2
HIMB1437-00000000001	221842	222594	-	HIMB1437_00261	HIMB1437	250	OG0001186	K21883	2-dehydro-3-deoxy-L-rhamnonate dehydrogenase (NAD+) [EC:1.1.1.401]	COG1028	FabG	NAD(P)-dependent dehydrogenase, short-chain alcohol dehydrogenase family	HIMB1437_00262	-1
HIMB1437-00000000001	222599	224056	-	HIMB1437_00262	HIMB1437	485	OG0000917	K03457	nucleobase:cation symporter-1, NCS1 family	COG1953	FUI1	Cytosine/uracil/thiamine/allantoin permease	HIMB1437_00262	0
HIMB1437-00000000001	224082	225416	-	HIMB1437_00263	HIMB1437	444	OG0000987	K11690	C4-dicarboxylate transporter, DctM subunit	COG4664	FcbT3	TRAP-type mannitol/chloroaromatic compound transport system, large permease component	HIMB1437_00262	1
HIMB1437-00000000001	225413	226027	-	HIMB1437_00264	HIMB1437	204	OG0000994	NA	NA	COG4665	FcbT2	TRAP-type mannitol/chloroaromatic compound transport system, small permease component	HIMB1437_00262	2
HIMB1437-00000000001	226097	227191	-	HIMB1437_00265	HIMB1437	364	OG0000072	NA	NA	COG4663	FcbT1	TRAP-type mannitol/chloroaromatic compound transport system, periplasmic component	HIMB1437_00262	3
HIMB1437-00000000001	227324	228919	+	HIMB1437_00266	HIMB1437	531	OG0000054	NA	NA	COG2303	BetA	Choline dehydrogenase or related flavoprotein	HIMB1437_00262	4
HIMB1437-00000000001	228919	229512	+	HIMB1437_00267	HIMB1437	197	OG0000922	NA	NA	COG0861	TerC	Tellurite resistance membrane protein TerC	HIMB1437_00262	5
HIMB1444-00000000002	96393	96986	-	HIMB1444_00509	HIMB1444	197	OG0000922	NA	NA	COG0861	TerC	Tellurite resistance membrane protein TerC	HIMB1444_00514	-5
HIMB1444-00000000002	96986	98581	-	HIMB1444_00510	HIMB1444	531	OG0000054	NA	NA	COG2303	BetA	Choline dehydrogenase or related flavoprotein	HIMB1444_00514	-4
HIMB1444-00000000002	98730	99824	+	HIMB1444_00511	HIMB1444	364	OG0000072	NA	NA	COG4663	FcbT1	TRAP-type mannitol/chloroaromatic compound transport system, periplasmic component	HIMB1444_00514	-3
HIMB1444-00000000002	99892	100506	+	HIMB1444_00512	HIMB1444	204	OG0000994	NA	NA	COG4665	FcbT2	TRAP-type mannitol/chloroaromatic compound transport system, small permease component	HIMB1444_00514	-2
HIMB1444-00000000002	100503	101837	+	HIMB1444_00513	HIMB1444	444	OG0000987	K11690	C4-dicarboxylate transporter, DctM subunit	COG4664	FcbT3	TRAP-type mannitol/chloroaromatic compound transport system, large permease component	HIMB1444_00514	-1
HIMB1444-00000000002	101863	103320	+	HIMB1444_00514	HIMB1444	485	OG0000917	K03457	nucleobase:cation symporter-1, NCS1 family	COG1953	FUI1	Cytosine/uracil/thiamine/allantoin permease	HIMB1444_00514	0
HIMB1444-00000000002	103326	104072	+	HIMB1444_00515	HIMB1444	248	OG0001186	K21883	2-dehydro-3-deoxy-L-rhamnonate dehydrogenase (NAD+) [EC:1.1.1.401]	COG1028	FabG	NAD(P)-dependent dehydrogenase, short-chain alcohol dehydrogenase family	HIMB1444_00514	1
HIMB1444-00000000002	104287	104937	+	HIMB1444_00516	HIMB1444	216	OG0000965	NA	NA	NA	NA	NA	HIMB1444_00514	2
HIMB1444-00000000002	104941	105078	-	HIMB1444_00517	HIMB1444	45	OG0001143	NA	NA	NA	NA	NA	HIMB1444_00514	3
HIMB1444-00000000002	105136	105549	+	HIMB1444_00518	HIMB1444	137	OG0000808	K07107	acyl-CoA thioester hydrolase [EC:3.1.2.-]	COG0824	FadM	Acyl-CoA thioesterase FadM	HIMB1444_00514	4
HIMB1444-00000000002	105539	106219	-	HIMB1444_00519	HIMB1444	226	OG0001011	K21929	uracil-DNA glycosylase [EC:3.2.2.27]	COG1573	Udg4	Uracil-DNA glycosylase	HIMB1444_00514	5
HIMB1456-00000000017	141166	141759	-	HIMB1456_01404	HIMB1456	197	OG0000922	NA	NA	COG0861	TerC	Tellurite resistance membrane protein TerC	HIMB1456_01409	-5
HIMB1456-00000000017	141759	143354	-	HIMB1456_01405	HIMB1456	531	OG0000054	NA	NA	COG2303	BetA	Choline dehydrogenase or related flavoprotein	HIMB1456_01409	-4
HIMB1456-00000000017	143499	144593	+	HIMB1456_01406	HIMB1456	364	OG0000072	NA	NA	COG4663	FcbT1	TRAP-type mannitol/chloroaromatic compound transport system, periplasmic component	HIMB1456_01409	-3
HIMB1456-00000000017	144659	145273	+	HIMB1456_01407	HIMB1456	204	OG0000994	NA	NA	COG4665	FcbT2	TRAP-type mannitol/chloroaromatic compound transport system, small permease component	HIMB1456_01409	-2
HIMB1456-00000000017	145270	146604	+	HIMB1456_01408	HIMB1456	444	OG0000987	K11690	C4-dicarboxylate transporter, DctM subunit	COG4664	FcbT3	TRAP-type mannitol/chloroaromatic compound transport system, large permease component	HIMB1456_01409	-1
HIMB1456-00000000017	146630	148087	+	HIMB1456_01409	HIMB1456	485	OG0000917	K03457	nucleobase:cation symporter-1, NCS1 family	COG1953	FUI1	Cytosine/uracil/thiamine/allantoin permease	HIMB1456_01409	0
HIMB1456-00000000017	148094	148840	+	HIMB1456_01410	HIMB1456	248	OG0001186	K21883	2-dehydro-3-deoxy-L-rhamnonate dehydrogenase (NAD+) [EC:1.1.1.401]	COG1028	FabG	NAD(P)-dependent dehydrogenase, short-chain alcohol dehydrogenase family	HIMB1456_01409	1
HIMB1456-00000000017	149055	149705	+	HIMB1456_01411	HIMB1456	216	OG0000965	NA	NA	NA	NA	NA	HIMB1456_01409	2
HIMB1456-00000000017	149706	149846	-	HIMB1456_01412	HIMB1456	46	OG0001143	NA	NA	NA	NA	NA	HIMB1456_01409	3
HIMB1456-00000000017	149904	150317	+	HIMB1456_01413	HIMB1456	137	OG0000808	K07107	acyl-CoA thioester hydrolase [EC:3.1.2.-]	COG0824	FadM	Acyl-CoA thioesterase FadM	HIMB1456_01409	4
HIMB1456-00000000017	150307	150987	-	HIMB1456_01414	HIMB1456	226	OG0001011	K21929	uracil-DNA glycosylase [EC:3.2.2.27]	COG1573	Udg4	Uracil-DNA glycosylase	HIMB1456_01409	5
HIMB1463-00000000005	4636	5232	-	HIMB1463_00347	HIMB1463	198	OG0000922	NA	NA	COG0861	TerC	Tellurite resistance membrane protein TerC	HIMB1463_00352	-5
HIMB1463-00000000005	5232	6827	-	HIMB1463_00348	HIMB1463	531	OG0000054	NA	NA	COG2303	BetA	Choline dehydrogenase or related flavoprotein	HIMB1463_00352	-4
HIMB1463-00000000005	6979	8076	+	HIMB1463_00349	HIMB1463	365	OG0000072	NA	NA	COG4663	FcbT1	TRAP-type mannitol/chloroaromatic compound transport system, periplasmic component	HIMB1463_00352	-3
HIMB1463-00000000005	8148	8762	+	HIMB1463_00350	HIMB1463	204	OG0000994	NA	NA	COG4665	FcbT2	TRAP-type mannitol/chloroaromatic compound transport system, small permease component	HIMB1463_00352	-2
HIMB1463-00000000005	8763	10097	+	HIMB1463_00351	HIMB1463	444	OG0000987	K11690	C4-dicarboxylate transporter, DctM subunit	COG4664	FcbT3	TRAP-type mannitol/chloroaromatic compound transport system, large permease component	HIMB1463_00352	-1
HIMB1463-00000000005	10119	11573	+	HIMB1463_00352	HIMB1463	484	OG0000917	K03457	nucleobase:cation symporter-1, NCS1 family	COG1953	FUI1	Cytosine/uracil/thiamine/allantoin permease	HIMB1463_00352	0
HIMB1463-00000000005	11575	12579	+	HIMB1463_00353	HIMB1463	334	OG0000009	NA	NA	COG1063	Tdh	Threonine dehydrogenase or related Zn-dependent dehydrogenase	HIMB1463_00352	1
HIMB1463-00000000005	12790	13440	+	HIMB1463_00354	HIMB1463	216	OG0000965	NA	NA	NA	NA	NA	HIMB1463_00352	2
HIMB1463-00000000005	13442	13582	-	HIMB1463_00355	HIMB1463	46	OG0001143	NA	NA	NA	NA	NA	HIMB1463_00352	3
HIMB1463-00000000005	13639	14061	+	HIMB1463_00356	HIMB1463	140	OG0000808	K07107	acyl-CoA thioester hydrolase [EC:3.1.2.-]	COG0824	FadM	Acyl-CoA thioesterase FadM	HIMB1463_00352	4
HIMB1463-00000000005	14051	14731	-	HIMB1463_00357	HIMB1463	226	OG0001011	K21929	uracil-DNA glycosylase [EC:3.2.2.27]	COG1573	Udg4	Uracil-DNA glycosylase	HIMB1463_00352	5
HIMB1483-00000000002	595743	597353	-	HIMB1483_00759	HIMB1483	536	OG0000054	NA	NA	COG2303	BetA	Choline dehydrogenase or related flavoprotein	HIMB1483_00764	-5
HIMB1483-00000000002	597340	597453	-	HIMB1483_00760	HIMB1483	37	NA	NA	NA	NA	NA	NA	HIMB1483_00764	-4
HIMB1483-00000000002	597486	598580	+	HIMB1483_00761	HIMB1483	364	OG0000072	NA	NA	COG4663	FcbT1	TRAP-type mannitol/chloroaromatic compound transport system, periplasmic component	HIMB1483_00764	-3
HIMB1483-00000000002	598651	599265	+	HIMB1483_00762	HIMB1483	204	OG0000994	NA	NA	COG4665	FcbT2	TRAP-type mannitol/chloroaromatic compound transport system, small permease component	HIMB1483_00764	-2
HIMB1483-00000000002	599262	600596	+	HIMB1483_00763	HIMB1483	444	OG0000987	K11690	C4-dicarboxylate transporter, DctM subunit	COG4664	FcbT3	TRAP-type mannitol/chloroaromatic compound transport system, large permease component	HIMB1483_00764	-1
HIMB1483-00000000002	600622	602079	+	HIMB1483_00764	HIMB1483	485	OG0000917	K03457	nucleobase:cation symporter-1, NCS1 family	COG1953	FUI1	Cytosine/uracil/thiamine/allantoin permease	HIMB1483_00764	0
HIMB1483-00000000002	602084	602836	+	HIMB1483_00765	HIMB1483	250	OG0001186	K21883	2-dehydro-3-deoxy-L-rhamnonate dehydrogenase (NAD+) [EC:1.1.1.401]	COG1028	FabG	NAD(P)-dependent dehydrogenase, short-chain alcohol dehydrogenase family	HIMB1483_00764	1
HIMB1483-00000000002	602833	602970	-	HIMB1483_00766	HIMB1483	45	OG0001265	NA	NA	NA	NA	NA	HIMB1483_00764	2
HIMB1483-00000000002	603057	603707	+	HIMB1483_00767	HIMB1483	216	OG0000965	NA	NA	NA	NA	NA	HIMB1483_00764	3
HIMB1483-00000000002	603708	603848	-	HIMB1483_00768	HIMB1483	46	OG0001143	NA	NA	NA	NA	NA	HIMB1483_00764	4
HIMB1483-00000000002	603906	604328	+	HIMB1483_00769	HIMB1483	140	OG0000808	K07107	acyl-CoA thioester hydrolase [EC:3.1.2.-]	COG0824	FadM	Acyl-CoA thioesterase FadM	HIMB1483_00764	5
HIMB1483-00000000002	976043	976384	-	HIMB1483_01194	HIMB1483	113	OG0000837	K06878	tRNA-binding protein	COG0073	EMAP	tRNA-binding EMAP/Myf domain	HIMB1483_01199	-5
HIMB1483-00000000002	976414	977604	+	HIMB1483_01195	HIMB1483	396	OG0000997	K01438	acetylornithine deacetylase [EC:3.5.1.16]	COG0624	ArgE	Acetylornithine deacetylase/Succinyl-diaminopimelate desuccinylase or related deacylase	HIMB1483_01199	-4
HIMB1483-00000000002	977643	978542	+	HIMB1483_01196	HIMB1483	299	OG0001445	K16842	allantoinase [EC:3.5.2.5]	COG0726	PgaB	Peptidoglycan/xylan/chitin deacetylase, PgdA/NodB/CDA1 family	HIMB1483_01199	-3
HIMB1483-00000000002	978544	979530	+	HIMB1483_01197	HIMB1483	328	OG0001450	K01477	allantoicase [EC:3.5.3.4]	COG4266	Alc	Allantoicase	HIMB1483_01199	-2
HIMB1483-00000000002	979527	980024	+	HIMB1483_01198	HIMB1483	165	OG0001453	K01483	ureidoglycolate lyase [EC:4.3.2.3]	COG3194	AllA	Ureidoglycolate hydrolase (allantoin degradation)	HIMB1483_01199	-1
HIMB1483-00000000002	980077	981528	-	HIMB1483_01199	HIMB1483	483	OG0000917	K03457	nucleobase:cation symporter-1, NCS1 family	COG1953	FUI1	Cytosine/uracil/thiamine/allantoin permease	HIMB1483_01199	0
HIMB1483-00000000002	981711	983147	-	HIMB1483_01200	HIMB1483	478	OG0000047	NA	NA	COG1012	AdhE	Acyl-CoA reductase or other NAD-dependent aldehyde dehydrogenase	HIMB1483_01199	1
HIMB1483-00000000002	983168	984127	-	HIMB1483_01201	HIMB1483	319	OG0001053	K25365	guanidinobutyrase / D-arginase [EC:3.5.3.7 3.5.3.10]	COG0010	SpeB	Arginase/agmatinase family enzyme	HIMB1483_01199	2
HIMB1483-00000000002	984182	984904	+	HIMB1483_01202	HIMB1483	240	OG0001014	NA	NA	NA	NA	NA	HIMB1483_01199	3
HIMB1483-00000000002	984901	985545	+	HIMB1483_01203	HIMB1483	214	OG0001013	NA	NA	COG0652	PpiB	Peptidyl-prolyl cis-trans isomerase (rotamase) - cyclophilin family	HIMB1483_01199	4
HIMB1483-00000000002	985538	987760	-	HIMB1483_01204	HIMB1483	740	OG0000071	K07516	3-hydroxyacyl-CoA dehydrogenase [EC:1.1.1.35]	COG1250	FadB	3-hydroxyacyl-CoA dehydrogenase	HIMB1483_01199	5
HIMB1485-00000000002	809904	810497	-	HIMB1485_01341	HIMB1485	197	OG0000922	NA	NA	COG0861	TerC	Tellurite resistance membrane protein TerC	HIMB1485_01346	-5
HIMB1485-00000000002	810497	812092	-	HIMB1485_01342	HIMB1485	531	OG0000054	NA	NA	COG2303	BetA	Choline dehydrogenase or related flavoprotein	HIMB1485_01346	-4
HIMB1485-00000000002	812233	813327	+	HIMB1485_01343	HIMB1485	364	OG0000072	NA	NA	COG4663	FcbT1	TRAP-type mannitol/chloroaromatic compound transport system, periplasmic component	HIMB1485_01346	-3
HIMB1485-00000000002	813400	814014	+	HIMB1485_01344	HIMB1485	204	OG0000994	NA	NA	COG4665	FcbT2	TRAP-type mannitol/chloroaromatic compound transport system, small permease component	HIMB1485_01346	-2
HIMB1485-00000000002	814014	815348	+	HIMB1485_01345	HIMB1485	444	OG0000987	K11690	C4-dicarboxylate transporter, DctM subunit	COG4664	FcbT3	TRAP-type mannitol/chloroaromatic compound transport system, large permease component	HIMB1485_01346	-1
HIMB1485-00000000002	815375	816832	+	HIMB1485_01346	HIMB1485	485	OG0000917	K03457	nucleobase:cation symporter-1, NCS1 family	COG1953	FUI1	Cytosine/uracil/thiamine/allantoin permease	HIMB1485_01346	0
HIMB1485-00000000002	816834	817838	+	HIMB1485_01347	HIMB1485	334	OG0000009	NA	NA	COG1063	Tdh	Threonine dehydrogenase or related Zn-dependent dehydrogenase	HIMB1485_01346	1
HIMB1485-00000000002	817822	817956	-	HIMB1485_01348	HIMB1485	44	OG0001265	NA	NA	NA	NA	NA	HIMB1485_01346	2
HIMB1485-00000000002	818032	818682	+	HIMB1485_01349	HIMB1485	216	OG0000965	NA	NA	NA	NA	NA	HIMB1485_01346	3
HIMB1485-00000000002	818683	818823	-	HIMB1485_01350	HIMB1485	46	OG0001143	NA	NA	NA	NA	NA	HIMB1485_01346	4
HIMB1485-00000000002	818882	819298	+	HIMB1485_01351	HIMB1485	138	OG0000808	K07107	acyl-CoA thioester hydrolase [EC:3.1.2.-]	COG0824	FadM	Acyl-CoA thioesterase FadM	HIMB1485_01346	5
HIMB1488-00000000001	645411	646004	-	HIMB1488_00697	HIMB1488	197	OG0000922	NA	NA	COG0861	TerC	Tellurite resistance membrane protein TerC	HIMB1488_00702	-5
HIMB1488-00000000001	646004	647599	-	HIMB1488_00698	HIMB1488	531	OG0000054	NA	NA	COG2303	BetA	Choline dehydrogenase or related flavoprotein	HIMB1488_00702	-4
HIMB1488-00000000001	647740	648834	+	HIMB1488_00699	HIMB1488	364	OG0000072	NA	NA	COG4663	FcbT1	TRAP-type mannitol/chloroaromatic compound transport system, periplasmic component	HIMB1488_00702	-3
HIMB1488-00000000001	648907	649521	+	HIMB1488_00700	HIMB1488	204	OG0000994	NA	NA	COG4665	FcbT2	TRAP-type mannitol/chloroaromatic compound transport system, small permease component	HIMB1488_00702	-2
HIMB1488-00000000001	649521	650855	+	HIMB1488_00701	HIMB1488	444	OG0000987	K11690	C4-dicarboxylate transporter, DctM subunit	COG4664	FcbT3	TRAP-type mannitol/chloroaromatic compound transport system, large permease component	HIMB1488_00702	-1
HIMB1488-00000000001	650882	652339	+	HIMB1488_00702	HIMB1488	485	OG0000917	K03457	nucleobase:cation symporter-1, NCS1 family	COG1953	FUI1	Cytosine/uracil/thiamine/allantoin permease	HIMB1488_00702	0
HIMB1488-00000000001	652341	653345	+	HIMB1488_00703	HIMB1488	334	OG0000009	NA	NA	COG1063	Tdh	Threonine dehydrogenase or related Zn-dependent dehydrogenase	HIMB1488_00702	1
HIMB1488-00000000001	653329	653463	-	HIMB1488_00704	HIMB1488	44	OG0001265	NA	NA	NA	NA	NA	HIMB1488_00702	2
HIMB1488-00000000001	653539	654189	+	HIMB1488_00705	HIMB1488	216	OG0000965	NA	NA	NA	NA	NA	HIMB1488_00702	3
HIMB1488-00000000001	654190	654330	-	HIMB1488_00706	HIMB1488	46	OG0001143	NA	NA	NA	NA	NA	HIMB1488_00702	4
HIMB1488-00000000001	654389	654802	+	HIMB1488_00707	HIMB1488	137	OG0000808	K07107	acyl-CoA thioester hydrolase [EC:3.1.2.-]	COG0824	FadM	Acyl-CoA thioesterase FadM	HIMB1488_00702	5
HIMB1490-00000000002	18046	18639	-	HIMB1490_00173	HIMB1490	197	OG0000922	NA	NA	COG0861	TerC	Tellurite resistance membrane protein TerC	HIMB1490_00178	-5
HIMB1490-00000000002	18639	20234	-	HIMB1490_00174	HIMB1490	531	OG0000054	NA	NA	COG2303	BetA	Choline dehydrogenase or related flavoprotein	HIMB1490_00178	-4
HIMB1490-00000000002	20375	21469	+	HIMB1490_00175	HIMB1490	364	OG0000072	NA	NA	COG4663	FcbT1	TRAP-type mannitol/chloroaromatic compound transport system, periplasmic component	HIMB1490_00178	-3
HIMB1490-00000000002	21542	22156	+	HIMB1490_00176	HIMB1490	204	OG0000994	NA	NA	COG4665	FcbT2	TRAP-type mannitol/chloroaromatic compound transport system, small permease component	HIMB1490_00178	-2
HIMB1490-00000000002	22156	23490	+	HIMB1490_00177	HIMB1490	444	OG0000987	K11690	C4-dicarboxylate transporter, DctM subunit	COG4664	FcbT3	TRAP-type mannitol/chloroaromatic compound transport system, large permease component	HIMB1490_00178	-1
HIMB1490-00000000002	23517	24974	+	HIMB1490_00178	HIMB1490	485	OG0000917	K03457	nucleobase:cation symporter-1, NCS1 family	COG1953	FUI1	Cytosine/uracil/thiamine/allantoin permease	HIMB1490_00178	0
HIMB1490-00000000002	24976	25980	+	HIMB1490_00179	HIMB1490	334	OG0000009	NA	NA	COG1063	Tdh	Threonine dehydrogenase or related Zn-dependent dehydrogenase	HIMB1490_00178	1
HIMB1490-00000000002	25964	26098	-	HIMB1490_00180	HIMB1490	44	OG0001265	NA	NA	NA	NA	NA	HIMB1490_00178	2
HIMB1490-00000000002	26174	26824	+	HIMB1490_00181	HIMB1490	216	OG0000965	NA	NA	NA	NA	NA	HIMB1490_00178	3
HIMB1490-00000000002	26825	26965	-	HIMB1490_00182	HIMB1490	46	OG0001143	NA	NA	NA	NA	NA	HIMB1490_00178	4
HIMB1490-00000000002	27024	27440	+	HIMB1490_00183	HIMB1490	138	OG0000808	K07107	acyl-CoA thioester hydrolase [EC:3.1.2.-]	COG0824	FadM	Acyl-CoA thioesterase FadM	HIMB1490_00178	5
HIMB1491-00000000001	1300725	1301141	-	HIMB1491_01361	HIMB1491	138	OG0000808	K07107	acyl-CoA thioester hydrolase [EC:3.1.2.-]	COG0824	FadM	Acyl-CoA thioesterase FadM	HIMB1491_01366	-5
HIMB1491-00000000001	1301200	1301340	+	HIMB1491_01362	HIMB1491	46	OG0001143	NA	NA	NA	NA	NA	HIMB1491_01366	-4
HIMB1491-00000000001	1301341	1301991	-	HIMB1491_01363	HIMB1491	216	OG0000965	NA	NA	NA	NA	NA	HIMB1491_01366	-3
HIMB1491-00000000001	1302067	1302201	+	HIMB1491_01364	HIMB1491	44	OG0001265	NA	NA	NA	NA	NA	HIMB1491_01366	-2
HIMB1491-00000000001	1302185	1303189	-	HIMB1491_01365	HIMB1491	334	OG0000009	NA	NA	COG1063	Tdh	Threonine dehydrogenase or related Zn-dependent dehydrogenase	HIMB1491_01366	-1
HIMB1491-00000000001	1303191	1304648	-	HIMB1491_01366	HIMB1491	485	OG0000917	K03457	nucleobase:cation symporter-1, NCS1 family	COG1953	FUI1	Cytosine/uracil/thiamine/allantoin permease	HIMB1491_01366	0
HIMB1491-00000000001	1304675	1306009	-	HIMB1491_01367	HIMB1491	444	OG0000987	K11690	C4-dicarboxylate transporter, DctM subunit	COG4664	FcbT3	TRAP-type mannitol/chloroaromatic compound transport system, large permease component	HIMB1491_01366	1
HIMB1491-00000000001	1306009	1306623	-	HIMB1491_01368	HIMB1491	204	OG0000994	NA	NA	COG4665	FcbT2	TRAP-type mannitol/chloroaromatic compound transport system, small permease component	HIMB1491_01366	2
HIMB1491-00000000001	1306696	1307790	-	HIMB1491_01369	HIMB1491	364	OG0000072	NA	NA	COG4663	FcbT1	TRAP-type mannitol/chloroaromatic compound transport system, periplasmic component	HIMB1491_01366	3
HIMB1491-00000000001	1307931	1309526	+	HIMB1491_01370	HIMB1491	531	OG0000054	NA	NA	COG2303	BetA	Choline dehydrogenase or related flavoprotein	HIMB1491_01366	4
HIMB1491-00000000001	1309526	1310119	+	HIMB1491_01371	HIMB1491	197	OG0000922	NA	NA	COG0861	TerC	Tellurite resistance membrane protein TerC	HIMB1491_01366	5
HIMB1492-00000000003	16453	17046	-	HIMB1492_00108	HIMB1492	197	OG0000922	NA	NA	COG0861	TerC	Tellurite resistance membrane protein TerC	HIMB1492_00113	-5
HIMB1492-00000000003	17046	18641	-	HIMB1492_00109	HIMB1492	531	OG0000054	NA	NA	COG2303	BetA	Choline dehydrogenase or related flavoprotein	HIMB1492_00113	-4
HIMB1492-00000000003	18782	19876	+	HIMB1492_00110	HIMB1492	364	OG0000072	NA	NA	COG4663	FcbT1	TRAP-type mannitol/chloroaromatic compound transport system, periplasmic component	HIMB1492_00113	-3
HIMB1492-00000000003	19948	20562	+	HIMB1492_00111	HIMB1492	204	OG0000994	NA	NA	COG4665	FcbT2	TRAP-type mannitol/chloroaromatic compound transport system, small permease component	HIMB1492_00113	-2
HIMB1492-00000000003	20562	21896	+	HIMB1492_00112	HIMB1492	444	OG0000987	K11690	C4-dicarboxylate transporter, DctM subunit	COG4664	FcbT3	TRAP-type mannitol/chloroaromatic compound transport system, large permease component	HIMB1492_00113	-1
HIMB1492-00000000003	21923	23380	+	HIMB1492_00113	HIMB1492	485	OG0000917	K03457	nucleobase:cation symporter-1, NCS1 family	COG1953	FUI1	Cytosine/uracil/thiamine/allantoin permease	HIMB1492_00113	0
HIMB1492-00000000003	23382	24386	+	HIMB1492_00114	HIMB1492	334	OG0000009	NA	NA	COG1063	Tdh	Threonine dehydrogenase or related Zn-dependent dehydrogenase	HIMB1492_00113	1
HIMB1492-00000000003	24370	24540	-	HIMB1492_00115	HIMB1492	56	OG0001265	NA	NA	NA	NA	NA	HIMB1492_00113	2
HIMB1492-00000000003	24581	25231	+	HIMB1492_00116	HIMB1492	216	OG0000965	NA	NA	NA	NA	NA	HIMB1492_00113	3
HIMB1492-00000000003	25232	25372	-	HIMB1492_00117	HIMB1492	46	OG0001143	NA	NA	NA	NA	NA	HIMB1492_00113	4
HIMB1492-00000000003	25431	25847	+	HIMB1492_00118	HIMB1492	138	OG0000808	K07107	acyl-CoA thioester hydrolase [EC:3.1.2.-]	COG0824	FadM	Acyl-CoA thioesterase FadM	HIMB1492_00113	5
HIMB1493-00000000001	587476	587892	-	HIMB1493_00629	HIMB1493	138	OG0000808	K07107	acyl-CoA thioester hydrolase [EC:3.1.2.-]	COG0824	FadM	Acyl-CoA thioesterase FadM	HIMB1493_00634	-5
HIMB1493-00000000001	587951	588091	+	HIMB1493_00630	HIMB1493	46	OG0001143	NA	NA	NA	NA	NA	HIMB1493_00634	-4
HIMB1493-00000000001	588092	588742	-	HIMB1493_00631	HIMB1493	216	OG0000965	NA	NA	NA	NA	NA	HIMB1493_00634	-3
HIMB1493-00000000001	588783	588953	+	HIMB1493_00632	HIMB1493	56	OG0001265	NA	NA	NA	NA	NA	HIMB1493_00634	-2
HIMB1493-00000000001	588937	589941	-	HIMB1493_00633	HIMB1493	334	OG0000009	NA	NA	COG1063	Tdh	Threonine dehydrogenase or related Zn-dependent dehydrogenase	HIMB1493_00634	-1
HIMB1493-00000000001	589943	591400	-	HIMB1493_00634	HIMB1493	485	OG0000917	K03457	nucleobase:cation symporter-1, NCS1 family	COG1953	FUI1	Cytosine/uracil/thiamine/allantoin permease	HIMB1493_00634	0
HIMB1493-00000000001	591427	592761	-	HIMB1493_00635	HIMB1493	444	OG0000987	K11690	C4-dicarboxylate transporter, DctM subunit	COG4664	FcbT3	TRAP-type mannitol/chloroaromatic compound transport system, large permease component	HIMB1493_00634	1
HIMB1493-00000000001	592761	593375	-	HIMB1493_00636	HIMB1493	204	OG0000994	NA	NA	COG4665	FcbT2	TRAP-type mannitol/chloroaromatic compound transport system, small permease component	HIMB1493_00634	2
HIMB1493-00000000001	593447	594541	-	HIMB1493_00637	HIMB1493	364	OG0000072	NA	NA	COG4663	FcbT1	TRAP-type mannitol/chloroaromatic compound transport system, periplasmic component	HIMB1493_00634	3
HIMB1493-00000000001	594682	596277	+	HIMB1493_00638	HIMB1493	531	OG0000054	NA	NA	COG2303	BetA	Choline dehydrogenase or related flavoprotein	HIMB1493_00634	4
HIMB1493-00000000001	596277	596870	+	HIMB1493_00639	HIMB1493	197	OG0000922	NA	NA	COG0861	TerC	Tellurite resistance membrane protein TerC	HIMB1493_00634	5
HIMB1494-00000000001	853910	854503	-	HIMB1494_00906	HIMB1494	197	OG0000922	NA	NA	COG0861	TerC	Tellurite resistance membrane protein TerC	HIMB1494_00911	-5
HIMB1494-00000000001	854503	856098	-	HIMB1494_00907	HIMB1494	531	OG0000054	NA	NA	COG2303	BetA	Choline dehydrogenase or related flavoprotein	HIMB1494_00911	-4
HIMB1494-00000000001	856239	857333	+	HIMB1494_00908	HIMB1494	364	OG0000072	NA	NA	COG4663	FcbT1	TRAP-type mannitol/chloroaromatic compound transport system, periplasmic component	HIMB1494_00911	-3
HIMB1494-00000000001	857405	858019	+	HIMB1494_00909	HIMB1494	204	OG0000994	NA	NA	COG4665	FcbT2	TRAP-type mannitol/chloroaromatic compound transport system, small permease component	HIMB1494_00911	-2
HIMB1494-00000000001	858019	859353	+	HIMB1494_00910	HIMB1494	444	OG0000987	K11690	C4-dicarboxylate transporter, DctM subunit	COG4664	FcbT3	TRAP-type mannitol/chloroaromatic compound transport system, large permease component	HIMB1494_00911	-1
HIMB1494-00000000001	859380	860837	+	HIMB1494_00911	HIMB1494	485	OG0000917	K03457	nucleobase:cation symporter-1, NCS1 family	COG1953	FUI1	Cytosine/uracil/thiamine/allantoin permease	HIMB1494_00911	0
HIMB1494-00000000001	860839	861843	+	HIMB1494_00912	HIMB1494	334	OG0000009	NA	NA	COG1063	Tdh	Threonine dehydrogenase or related Zn-dependent dehydrogenase	HIMB1494_00911	1
HIMB1494-00000000001	861827	861961	-	HIMB1494_00913	HIMB1494	44	OG0001265	NA	NA	NA	NA	NA	HIMB1494_00911	2
HIMB1494-00000000001	862037	862687	+	HIMB1494_00914	HIMB1494	216	OG0000965	NA	NA	NA	NA	NA	HIMB1494_00911	3
HIMB1494-00000000001	862688	862828	-	HIMB1494_00915	HIMB1494	46	OG0001143	NA	NA	NA	NA	NA	HIMB1494_00911	4
HIMB1494-00000000001	862887	863303	+	HIMB1494_00916	HIMB1494	138	OG0000808	K07107	acyl-CoA thioester hydrolase [EC:3.1.2.-]	COG0824	FadM	Acyl-CoA thioesterase FadM	HIMB1494_00911	5
HIMB1495-00000000001	830615	831208	-	HIMB1495_00884	HIMB1495	197	OG0000922	NA	NA	COG0861	TerC	Tellurite resistance membrane protein TerC	HIMB1495_00889	-5
HIMB1495-00000000001	831208	832803	-	HIMB1495_00885	HIMB1495	531	OG0000054	NA	NA	COG2303	BetA	Choline dehydrogenase or related flavoprotein	HIMB1495_00889	-4
HIMB1495-00000000001	832944	834038	+	HIMB1495_00886	HIMB1495	364	OG0000072	NA	NA	COG4663	FcbT1	TRAP-type mannitol/chloroaromatic compound transport system, periplasmic component	HIMB1495_00889	-3
HIMB1495-00000000001	834110	834724	+	HIMB1495_00887	HIMB1495	204	OG0000994	NA	NA	COG4665	FcbT2	TRAP-type mannitol/chloroaromatic compound transport system, small permease component	HIMB1495_00889	-2
HIMB1495-00000000001	834724	836058	+	HIMB1495_00888	HIMB1495	444	OG0000987	K11690	C4-dicarboxylate transporter, DctM subunit	COG4664	FcbT3	TRAP-type mannitol/chloroaromatic compound transport system, large permease component	HIMB1495_00889	-1
HIMB1495-00000000001	836085	837542	+	HIMB1495_00889	HIMB1495	485	OG0000917	K03457	nucleobase:cation symporter-1, NCS1 family	COG1953	FUI1	Cytosine/uracil/thiamine/allantoin permease	HIMB1495_00889	0
HIMB1495-00000000001	837544	838548	+	HIMB1495_00890	HIMB1495	334	OG0000009	NA	NA	COG1063	Tdh	Threonine dehydrogenase or related Zn-dependent dehydrogenase	HIMB1495_00889	1
HIMB1495-00000000001	838532	838666	-	HIMB1495_00891	HIMB1495	44	OG0001265	NA	NA	NA	NA	NA	HIMB1495_00889	2
HIMB1495-00000000001	838742	839392	+	HIMB1495_00892	HIMB1495	216	OG0000965	NA	NA	NA	NA	NA	HIMB1495_00889	3
HIMB1495-00000000001	839393	839533	-	HIMB1495_00893	HIMB1495	46	OG0001143	NA	NA	NA	NA	NA	HIMB1495_00889	4
HIMB1495-00000000001	839592	840008	+	HIMB1495_00894	HIMB1495	138	OG0000808	K07107	acyl-CoA thioester hydrolase [EC:3.1.2.-]	COG0824	FadM	Acyl-CoA thioesterase FadM	HIMB1495_00889	5
HIMB1505-00000000001	858061	858654	-	HIMB1505_00900	HIMB1505	197	OG0000922	NA	NA	COG0861	TerC	Tellurite resistance membrane protein TerC	HIMB1505_00905	-5
HIMB1505-00000000001	858654	860264	-	HIMB1505_00901	HIMB1505	536	OG0000054	NA	NA	COG2303	BetA	Choline dehydrogenase or related flavoprotein	HIMB1505_00905	-4
HIMB1505-00000000001	860412	861509	+	HIMB1505_00902	HIMB1505	365	OG0000072	NA	NA	COG4663	FcbT1	TRAP-type mannitol/chloroaromatic compound transport system, periplasmic component	HIMB1505_00905	-3
HIMB1505-00000000001	861583	862197	+	HIMB1505_00903	HIMB1505	204	OG0000994	NA	NA	COG4665	FcbT2	TRAP-type mannitol/chloroaromatic compound transport system, small permease component	HIMB1505_00905	-2
HIMB1505-00000000001	862198	863532	+	HIMB1505_00904	HIMB1505	444	OG0000987	K11690	C4-dicarboxylate transporter, DctM subunit	COG4664	FcbT3	TRAP-type mannitol/chloroaromatic compound transport system, large permease component	HIMB1505_00905	-1
HIMB1505-00000000001	863558	865015	+	HIMB1505_00905	HIMB1505	485	OG0000917	K03457	nucleobase:cation symporter-1, NCS1 family	COG1953	FUI1	Cytosine/uracil/thiamine/allantoin permease	HIMB1505_00905	0
HIMB1505-00000000001	865020	865772	+	HIMB1505_00906	HIMB1505	250	OG0001186	K21883	2-dehydro-3-deoxy-L-rhamnonate dehydrogenase (NAD+) [EC:1.1.1.401]	COG1028	FabG	NAD(P)-dependent dehydrogenase, short-chain alcohol dehydrogenase family	HIMB1505_00905	1
HIMB1505-00000000001	865911	866561	+	HIMB1505_00907	HIMB1505	216	OG0000965	NA	NA	NA	NA	NA	HIMB1505_00905	2
HIMB1505-00000000001	866562	866702	-	HIMB1505_00908	HIMB1505	46	OG0001143	NA	NA	NA	NA	NA	HIMB1505_00905	3
HIMB1505-00000000001	866761	867183	+	HIMB1505_00909	HIMB1505	140	OG0000808	K07107	acyl-CoA thioester hydrolase [EC:3.1.2.-]	COG0824	FadM	Acyl-CoA thioesterase FadM	HIMB1505_00905	4
HIMB1505-00000000001	867173	867853	-	HIMB1505_00910	HIMB1505	226	OG0001011	K21929	uracil-DNA glycosylase [EC:3.2.2.27]	COG1573	Udg4	Uracil-DNA glycosylase	HIMB1505_00905	5
HIMB1506-00000000001	625938	626351	-	HIMB1506_00683	HIMB1506	137	OG0000808	K07107	acyl-CoA thioester hydrolase [EC:3.1.2.-]	COG0824	FadM	Acyl-CoA thioesterase FadM	HIMB1506_00688	-5
HIMB1506-00000000001	626410	626550	+	HIMB1506_00684	HIMB1506	46	OG0001143	NA	NA	NA	NA	NA	HIMB1506_00688	-4
HIMB1506-00000000001	626551	627201	-	HIMB1506_00685	HIMB1506	216	OG0000965	NA	NA	NA	NA	NA	HIMB1506_00688	-3
HIMB1506-00000000001	627277	627411	+	HIMB1506_00686	HIMB1506	44	OG0001265	NA	NA	NA	NA	NA	HIMB1506_00688	-2
HIMB1506-00000000001	627395	628399	-	HIMB1506_00687	HIMB1506	334	OG0000009	NA	NA	COG1063	Tdh	Threonine dehydrogenase or related Zn-dependent dehydrogenase	HIMB1506_00688	-1
HIMB1506-00000000001	628401	629858	-	HIMB1506_00688	HIMB1506	485	OG0000917	K03457	nucleobase:cation symporter-1, NCS1 family	COG1953	FUI1	Cytosine/uracil/thiamine/allantoin permease	HIMB1506_00688	0
HIMB1506-00000000001	629885	631219	-	HIMB1506_00689	HIMB1506	444	OG0000987	K11690	C4-dicarboxylate transporter, DctM subunit	COG4664	FcbT3	TRAP-type mannitol/chloroaromatic compound transport system, large permease component	HIMB1506_00688	1
HIMB1506-00000000001	631219	631833	-	HIMB1506_00690	HIMB1506	204	OG0000994	NA	NA	COG4665	FcbT2	TRAP-type mannitol/chloroaromatic compound transport system, small permease component	HIMB1506_00688	2
HIMB1506-00000000001	631905	632999	-	HIMB1506_00691	HIMB1506	364	OG0000072	NA	NA	COG4663	FcbT1	TRAP-type mannitol/chloroaromatic compound transport system, periplasmic component	HIMB1506_00688	3
HIMB1506-00000000001	633140	634735	+	HIMB1506_00692	HIMB1506	531	OG0000054	NA	NA	COG2303	BetA	Choline dehydrogenase or related flavoprotein	HIMB1506_00688	4
HIMB1506-00000000001	634735	635328	+	HIMB1506_00693	HIMB1506	197	OG0000922	NA	NA	COG0861	TerC	Tellurite resistance membrane protein TerC	HIMB1506_00688	5
HIMB1507-00000000001	1292606	1293022	-	HIMB1507_01367	HIMB1507	138	OG0000808	K07107	acyl-CoA thioester hydrolase [EC:3.1.2.-]	COG0824	FadM	Acyl-CoA thioesterase FadM	HIMB1507_01372	-5
HIMB1507-00000000001	1293081	1293221	+	HIMB1507_01368	HIMB1507	46	OG0001143	NA	NA	NA	NA	NA	HIMB1507_01372	-4
HIMB1507-00000000001	1293222	1293872	-	HIMB1507_01369	HIMB1507	216	OG0000965	NA	NA	NA	NA	NA	HIMB1507_01372	-3
HIMB1507-00000000001	1293948	1294082	+	HIMB1507_01370	HIMB1507	44	OG0001265	NA	NA	NA	NA	NA	HIMB1507_01372	-2
HIMB1507-00000000001	1294066	1295070	-	HIMB1507_01371	HIMB1507	334	OG0000009	NA	NA	COG1063	Tdh	Threonine dehydrogenase or related Zn-dependent dehydrogenase	HIMB1507_01372	-1
HIMB1507-00000000001	1295072	1296529	-	HIMB1507_01372	HIMB1507	485	OG0000917	K03457	nucleobase:cation symporter-1, NCS1 family	COG1953	FUI1	Cytosine/uracil/thiamine/allantoin permease	HIMB1507_01372	0
HIMB1507-00000000001	1296556	1297890	-	HIMB1507_01373	HIMB1507	444	OG0000987	K11690	C4-dicarboxylate transporter, DctM subunit	COG4664	FcbT3	TRAP-type mannitol/chloroaromatic compound transport system, large permease component	HIMB1507_01372	1
HIMB1507-00000000001	1297890	1298504	-	HIMB1507_01374	HIMB1507	204	OG0000994	NA	NA	COG4665	FcbT2	TRAP-type mannitol/chloroaromatic compound transport system, small permease component	HIMB1507_01372	2
HIMB1507-00000000001	1298576	1299670	-	HIMB1507_01375	HIMB1507	364	OG0000072	NA	NA	COG4663	FcbT1	TRAP-type mannitol/chloroaromatic compound transport system, periplasmic component	HIMB1507_01372	3
HIMB1507-00000000001	1299811	1301406	+	HIMB1507_01376	HIMB1507	531	OG0000054	NA	NA	COG2303	BetA	Choline dehydrogenase or related flavoprotein	HIMB1507_01372	4
HIMB1507-00000000001	1301406	1301999	+	HIMB1507_01377	HIMB1507	197	OG0000922	NA	NA	COG0861	TerC	Tellurite resistance membrane protein TerC	HIMB1507_01372	5
HIMB1509-00000000001	810018	810611	-	HIMB1509_00857	HIMB1509	197	OG0000922	NA	NA	COG0861	TerC	Tellurite resistance membrane protein TerC	HIMB1509_00862	-5
HIMB1509-00000000001	810611	812206	-	HIMB1509_00858	HIMB1509	531	OG0000054	NA	NA	COG2303	BetA	Choline dehydrogenase or related flavoprotein	HIMB1509_00862	-4
HIMB1509-00000000001	812348	813442	+	HIMB1509_00859	HIMB1509	364	OG0000072	NA	NA	COG4663	FcbT1	TRAP-type mannitol/chloroaromatic compound transport system, periplasmic component	HIMB1509_00862	-3
HIMB1509-00000000001	813514	814128	+	HIMB1509_00860	HIMB1509	204	OG0000994	NA	NA	COG4665	FcbT2	TRAP-type mannitol/chloroaromatic compound transport system, small permease component	HIMB1509_00862	-2
HIMB1509-00000000001	814128	815462	+	HIMB1509_00861	HIMB1509	444	OG0000987	K11690	C4-dicarboxylate transporter, DctM subunit	COG4664	FcbT3	TRAP-type mannitol/chloroaromatic compound transport system, large permease component	HIMB1509_00862	-1
HIMB1509-00000000001	815489	816946	+	HIMB1509_00862	HIMB1509	485	OG0000917	K03457	nucleobase:cation symporter-1, NCS1 family	COG1953	FUI1	Cytosine/uracil/thiamine/allantoin permease	HIMB1509_00862	0
HIMB1509-00000000001	816948	817952	+	HIMB1509_00863	HIMB1509	334	OG0000009	NA	NA	COG1063	Tdh	Threonine dehydrogenase or related Zn-dependent dehydrogenase	HIMB1509_00862	1
HIMB1509-00000000001	817936	818070	-	HIMB1509_00864	HIMB1509	44	OG0001265	NA	NA	NA	NA	NA	HIMB1509_00862	2
HIMB1509-00000000001	818146	818796	+	HIMB1509_00865	HIMB1509	216	OG0000965	NA	NA	NA	NA	NA	HIMB1509_00862	3
HIMB1509-00000000001	818797	818937	-	HIMB1509_00866	HIMB1509	46	OG0001143	NA	NA	NA	NA	NA	HIMB1509_00862	4
HIMB1509-00000000001	818996	819412	+	HIMB1509_00867	HIMB1509	138	OG0000808	K07107	acyl-CoA thioester hydrolase [EC:3.1.2.-]	COG0824	FadM	Acyl-CoA thioesterase FadM	HIMB1509_00862	5
HIMB1513-00000000001	1268710	1269126	-	HIMB1513_01337	HIMB1513	138	OG0000808	K07107	acyl-CoA thioester hydrolase [EC:3.1.2.-]	COG0824	FadM	Acyl-CoA thioesterase FadM	HIMB1513_01342	-5
HIMB1513-00000000001	1269185	1269325	+	HIMB1513_01338	HIMB1513	46	OG0001143	NA	NA	NA	NA	NA	HIMB1513_01342	-4
HIMB1513-00000000001	1269326	1269976	-	HIMB1513_01339	HIMB1513	216	OG0000965	NA	NA	NA	NA	NA	HIMB1513_01342	-3
HIMB1513-00000000001	1270052	1270186	+	HIMB1513_01340	HIMB1513	44	OG0001265	NA	NA	NA	NA	NA	HIMB1513_01342	-2
HIMB1513-00000000001	1270170	1271174	-	HIMB1513_01341	HIMB1513	334	OG0000009	NA	NA	COG1063	Tdh	Threonine dehydrogenase or related Zn-dependent dehydrogenase	HIMB1513_01342	-1
HIMB1513-00000000001	1271176	1272633	-	HIMB1513_01342	HIMB1513	485	OG0000917	K03457	nucleobase:cation symporter-1, NCS1 family	COG1953	FUI1	Cytosine/uracil/thiamine/allantoin permease	HIMB1513_01342	0
HIMB1513-00000000001	1272660	1273994	-	HIMB1513_01343	HIMB1513	444	OG0000987	K11690	C4-dicarboxylate transporter, DctM subunit	COG4664	FcbT3	TRAP-type mannitol/chloroaromatic compound transport system, large permease component	HIMB1513_01342	1
HIMB1513-00000000001	1273994	1274608	-	HIMB1513_01344	HIMB1513	204	OG0000994	NA	NA	COG4665	FcbT2	TRAP-type mannitol/chloroaromatic compound transport system, small permease component	HIMB1513_01342	2
HIMB1513-00000000001	1274679	1275773	-	HIMB1513_01345	HIMB1513	364	OG0000072	NA	NA	COG4663	FcbT1	TRAP-type mannitol/chloroaromatic compound transport system, periplasmic component	HIMB1513_01342	3
HIMB1513-00000000001	1275914	1277509	+	HIMB1513_01346	HIMB1513	531	OG0000054	NA	NA	COG2303	BetA	Choline dehydrogenase or related flavoprotein	HIMB1513_01342	4
HIMB1513-00000000001	1277509	1278102	+	HIMB1513_01347	HIMB1513	197	OG0000922	NA	NA	COG0861	TerC	Tellurite resistance membrane protein TerC	HIMB1513_01342	5
HIMB1518-00000000001	742927	743343	-	HIMB1518_00784	HIMB1518	138	OG0000808	K07107	acyl-CoA thioester hydrolase [EC:3.1.2.-]	COG0824	FadM	Acyl-CoA thioesterase FadM	HIMB1518_00789	-5
HIMB1518-00000000001	743402	743542	+	HIMB1518_00785	HIMB1518	46	OG0001143	NA	NA	NA	NA	NA	HIMB1518_00789	-4
HIMB1518-00000000001	743543	744193	-	HIMB1518_00786	HIMB1518	216	OG0000965	NA	NA	NA	NA	NA	HIMB1518_00789	-3
HIMB1518-00000000001	744234	744404	+	HIMB1518_00787	HIMB1518	56	OG0001265	NA	NA	NA	NA	NA	HIMB1518_00789	-2
HIMB1518-00000000001	744388	745392	-	HIMB1518_00788	HIMB1518	334	OG0000009	NA	NA	COG1063	Tdh	Threonine dehydrogenase or related Zn-dependent dehydrogenase	HIMB1518_00789	-1
HIMB1518-00000000001	745394	746851	-	HIMB1518_00789	HIMB1518	485	OG0000917	K03457	nucleobase:cation symporter-1, NCS1 family	COG1953	FUI1	Cytosine/uracil/thiamine/allantoin permease	HIMB1518_00789	0
HIMB1518-00000000001	746878	748212	-	HIMB1518_00790	HIMB1518	444	OG0000987	K11690	C4-dicarboxylate transporter, DctM subunit	COG4664	FcbT3	TRAP-type mannitol/chloroaromatic compound transport system, large permease component	HIMB1518_00789	1
HIMB1518-00000000001	748212	748826	-	HIMB1518_00791	HIMB1518	204	OG0000994	NA	NA	COG4665	FcbT2	TRAP-type mannitol/chloroaromatic compound transport system, small permease component	HIMB1518_00789	2
HIMB1518-00000000001	748898	749992	-	HIMB1518_00792	HIMB1518	364	OG0000072	NA	NA	COG4663	FcbT1	TRAP-type mannitol/chloroaromatic compound transport system, periplasmic component	HIMB1518_00789	3
HIMB1518-00000000001	750133	751728	+	HIMB1518_00793	HIMB1518	531	OG0000054	NA	NA	COG2303	BetA	Choline dehydrogenase or related flavoprotein	HIMB1518_00789	4
HIMB1518-00000000001	751728	752321	+	HIMB1518_00794	HIMB1518	197	OG0000922	NA	NA	COG0861	TerC	Tellurite resistance membrane protein TerC	HIMB1518_00789	5
HIMB1520-00000000001	276477	277034	-	HIMB1520_00311	HIMB1520	185	OG0000787	NA	NA	COG2062	SixA	Phosphohistidine phosphatase SixA	HIMB1520_00316	-5
HIMB1520-00000000001	277037	277717	+	HIMB1520_00312	HIMB1520	226	OG0001011	K21929	uracil-DNA glycosylase [EC:3.2.2.27]	COG1573	Udg4	Uracil-DNA glycosylase	HIMB1520_00316	-4
HIMB1520-00000000001	277707	278129	-	HIMB1520_00313	HIMB1520	140	OG0000808	K07107	acyl-CoA thioester hydrolase [EC:3.1.2.-]	COG0824	FadM	Acyl-CoA thioesterase FadM	HIMB1520_00316	-3
HIMB1520-00000000001	278155	278805	-	HIMB1520_00314	HIMB1520	216	OG0000965	NA	NA	NA	NA	NA	HIMB1520_00316	-2
HIMB1520-00000000001	279016	280020	-	HIMB1520_00315	HIMB1520	334	OG0000009	NA	NA	COG1063	Tdh	Threonine dehydrogenase or related Zn-dependent dehydrogenase	HIMB1520_00316	-1
HIMB1520-00000000001	280022	281476	-	HIMB1520_00316	HIMB1520	484	OG0000917	K03457	nucleobase:cation symporter-1, NCS1 family	COG1953	FUI1	Cytosine/uracil/thiamine/allantoin permease	HIMB1520_00316	0
HIMB1520-00000000001	281498	282832	-	HIMB1520_00317	HIMB1520	444	OG0000987	K11690	C4-dicarboxylate transporter, DctM subunit	COG4664	FcbT3	TRAP-type mannitol/chloroaromatic compound transport system, large permease component	HIMB1520_00316	1
HIMB1520-00000000001	282833	283447	-	HIMB1520_00318	HIMB1520	204	OG0000994	NA	NA	COG4665	FcbT2	TRAP-type mannitol/chloroaromatic compound transport system, small permease component	HIMB1520_00316	2
HIMB1520-00000000001	283518	284615	-	HIMB1520_00319	HIMB1520	365	OG0000072	NA	NA	COG4663	FcbT1	TRAP-type mannitol/chloroaromatic compound transport system, periplasmic component	HIMB1520_00316	3
HIMB1520-00000000001	284765	286360	+	HIMB1520_00320	HIMB1520	531	OG0000054	NA	NA	COG2303	BetA	Choline dehydrogenase or related flavoprotein	HIMB1520_00316	4
HIMB1520-00000000001	286360	286956	+	HIMB1520_00321	HIMB1520	198	OG0000922	NA	NA	COG0861	TerC	Tellurite resistance membrane protein TerC	HIMB1520_00316	5
HIMB1521-00000000012	39795	40388	-	HIMB1521_01217	HIMB1521	197	OG0000922	NA	NA	COG0861	TerC	Tellurite resistance membrane protein TerC	HIMB1521_01222	-5
HIMB1521-00000000012	40388	41983	-	HIMB1521_01218	HIMB1521	531	OG0000054	NA	NA	COG2303	BetA	Choline dehydrogenase or related flavoprotein	HIMB1521_01222	-4
HIMB1521-00000000012	42124	43218	+	HIMB1521_01219	HIMB1521	364	OG0000072	NA	NA	COG4663	FcbT1	TRAP-type mannitol/chloroaromatic compound transport system, periplasmic component	HIMB1521_01222	-3
HIMB1521-00000000012	43289	43903	+	HIMB1521_01220	HIMB1521	204	OG0000994	NA	NA	COG4665	FcbT2	TRAP-type mannitol/chloroaromatic compound transport system, small permease component	HIMB1521_01222	-2
HIMB1521-00000000012	43903	45237	+	HIMB1521_01221	HIMB1521	444	OG0000987	K11690	C4-dicarboxylate transporter, DctM subunit	COG4664	FcbT3	TRAP-type mannitol/chloroaromatic compound transport system, large permease component	HIMB1521_01222	-1
HIMB1521-00000000012	45264	46721	+	HIMB1521_01222	HIMB1521	485	OG0000917	K03457	nucleobase:cation symporter-1, NCS1 family	COG1953	FUI1	Cytosine/uracil/thiamine/allantoin permease	HIMB1521_01222	0
HIMB1521-00000000012	46723	47727	+	HIMB1521_01223	HIMB1521	334	OG0000009	NA	NA	COG1063	Tdh	Threonine dehydrogenase or related Zn-dependent dehydrogenase	HIMB1521_01222	1
HIMB1521-00000000012	47711	47845	-	HIMB1521_01224	HIMB1521	44	OG0001265	NA	NA	NA	NA	NA	HIMB1521_01222	2
HIMB1521-00000000012	47921	48571	+	HIMB1521_01225	HIMB1521	216	OG0000965	NA	NA	NA	NA	NA	HIMB1521_01222	3
HIMB1521-00000000012	48572	48712	-	HIMB1521_01226	HIMB1521	46	OG0001143	NA	NA	NA	NA	NA	HIMB1521_01222	4
HIMB1521-00000000012	48771	49187	+	HIMB1521_01227	HIMB1521	138	OG0000808	K07107	acyl-CoA thioester hydrolase [EC:3.1.2.-]	COG0824	FadM	Acyl-CoA thioesterase FadM	HIMB1521_01222	5
HIMB1526-00000000001	687747	688340	-	HIMB1526_00720	HIMB1526	197	OG0000922	NA	NA	COG0861	TerC	Tellurite resistance membrane protein TerC	HIMB1526_00725	-5
HIMB1526-00000000001	688340	689935	-	HIMB1526_00721	HIMB1526	531	OG0000054	NA	NA	COG2303	BetA	Choline dehydrogenase or related flavoprotein	HIMB1526_00725	-4
HIMB1526-00000000001	690076	691170	+	HIMB1526_00722	HIMB1526	364	OG0000072	NA	NA	COG4663	FcbT1	TRAP-type mannitol/chloroaromatic compound transport system, periplasmic component	HIMB1526_00725	-3
HIMB1526-00000000001	691243	691857	+	HIMB1526_00723	HIMB1526	204	OG0000994	NA	NA	COG4665	FcbT2	TRAP-type mannitol/chloroaromatic compound transport system, small permease component	HIMB1526_00725	-2
HIMB1526-00000000001	691857	693191	+	HIMB1526_00724	HIMB1526	444	OG0000987	K11690	C4-dicarboxylate transporter, DctM subunit	COG4664	FcbT3	TRAP-type mannitol/chloroaromatic compound transport system, large permease component	HIMB1526_00725	-1
HIMB1526-00000000001	693218	694675	+	HIMB1526_00725	HIMB1526	485	OG0000917	K03457	nucleobase:cation symporter-1, NCS1 family	COG1953	FUI1	Cytosine/uracil/thiamine/allantoin permease	HIMB1526_00725	0
HIMB1526-00000000001	694677	695681	+	HIMB1526_00726	HIMB1526	334	OG0000009	NA	NA	COG1063	Tdh	Threonine dehydrogenase or related Zn-dependent dehydrogenase	HIMB1526_00725	1
HIMB1526-00000000001	695665	695799	-	HIMB1526_00727	HIMB1526	44	OG0001265	NA	NA	NA	NA	NA	HIMB1526_00725	2
HIMB1526-00000000001	695875	696525	+	HIMB1526_00728	HIMB1526	216	OG0000965	NA	NA	NA	NA	NA	HIMB1526_00725	3
HIMB1526-00000000001	696526	696675	-	HIMB1526_00729	HIMB1526	49	OG0001143	NA	NA	NA	NA	NA	HIMB1526_00725	4
HIMB1526-00000000001	696725	697138	+	HIMB1526_00730	HIMB1526	137	OG0000808	K07107	acyl-CoA thioester hydrolase [EC:3.1.2.-]	COG0824	FadM	Acyl-CoA thioesterase FadM	HIMB1526_00725	5
HIMB1527-00000000002	395515	396195	+	HIMB1527_01056	HIMB1527	226	OG0001011	K21929	uracil-DNA glycosylase [EC:3.2.2.27]	COG1573	Udg4	Uracil-DNA glycosylase	HIMB1527_01061	-5
HIMB1527-00000000002	396185	396607	-	HIMB1527_01057	HIMB1527	140	OG0000808	K07107	acyl-CoA thioester hydrolase [EC:3.1.2.-]	COG0824	FadM	Acyl-CoA thioesterase FadM	HIMB1527_01061	-4
HIMB1527-00000000002	396666	396806	+	HIMB1527_01058	HIMB1527	46	OG0001143	NA	NA	NA	NA	NA	HIMB1527_01061	-3
HIMB1527-00000000002	396807	397457	-	HIMB1527_01059	HIMB1527	216	OG0000965	NA	NA	NA	NA	NA	HIMB1527_01061	-2
HIMB1527-00000000002	397596	398348	-	HIMB1527_01060	HIMB1527	250	OG0001186	K21883	2-dehydro-3-deoxy-L-rhamnonate dehydrogenase (NAD+) [EC:1.1.1.401]	COG1028	FabG	NAD(P)-dependent dehydrogenase, short-chain alcohol dehydrogenase family	HIMB1527_01061	-1
HIMB1527-00000000002	398353	399810	-	HIMB1527_01061	HIMB1527	485	OG0000917	K03457	nucleobase:cation symporter-1, NCS1 family	COG1953	FUI1	Cytosine/uracil/thiamine/allantoin permease	HIMB1527_01061	0
HIMB1527-00000000002	399836	401170	-	HIMB1527_01062	HIMB1527	444	OG0000987	K11690	C4-dicarboxylate transporter, DctM subunit	COG4664	FcbT3	TRAP-type mannitol/chloroaromatic compound transport system, large permease component	HIMB1527_01061	1
HIMB1527-00000000002	401171	401785	-	HIMB1527_01063	HIMB1527	204	OG0000994	NA	NA	COG4665	FcbT2	TRAP-type mannitol/chloroaromatic compound transport system, small permease component	HIMB1527_01061	2
HIMB1527-00000000002	401860	402957	-	HIMB1527_01064	HIMB1527	365	OG0000072	NA	NA	COG4663	FcbT1	TRAP-type mannitol/chloroaromatic compound transport system, periplasmic component	HIMB1527_01061	3
HIMB1527-00000000002	403105	404715	+	HIMB1527_01065	HIMB1527	536	OG0000054	NA	NA	COG2303	BetA	Choline dehydrogenase or related flavoprotein	HIMB1527_01061	4
HIMB1527-00000000002	404715	405308	+	HIMB1527_01066	HIMB1527	197	OG0000922	NA	NA	COG0861	TerC	Tellurite resistance membrane protein TerC	HIMB1527_01061	5
HIMB1542-00000000001	601258	601674	-	HIMB1542_00658	HIMB1542	138	OG0000808	K07107	acyl-CoA thioester hydrolase [EC:3.1.2.-]	COG0824	FadM	Acyl-CoA thioesterase FadM	HIMB1542_00663	-5
HIMB1542-00000000001	601733	601873	+	HIMB1542_00659	HIMB1542	46	OG0001143	NA	NA	NA	NA	NA	HIMB1542_00663	-4
HIMB1542-00000000001	601874	602524	-	HIMB1542_00660	HIMB1542	216	OG0000965	NA	NA	NA	NA	NA	HIMB1542_00663	-3
HIMB1542-00000000001	602600	602734	+	HIMB1542_00661	HIMB1542	44	OG0001265	NA	NA	NA	NA	NA	HIMB1542_00663	-2
HIMB1542-00000000001	602718	603722	-	HIMB1542_00662	HIMB1542	334	OG0000009	NA	NA	COG1063	Tdh	Threonine dehydrogenase or related Zn-dependent dehydrogenase	HIMB1542_00663	-1
HIMB1542-00000000001	603724	605181	-	HIMB1542_00663	HIMB1542	485	OG0000917	K03457	nucleobase:cation symporter-1, NCS1 family	COG1953	FUI1	Cytosine/uracil/thiamine/allantoin permease	HIMB1542_00663	0
HIMB1542-00000000001	605207	606541	-	HIMB1542_00664	HIMB1542	444	OG0000987	K11690	C4-dicarboxylate transporter, DctM subunit	COG4664	FcbT3	TRAP-type mannitol/chloroaromatic compound transport system, large permease component	HIMB1542_00663	1
HIMB1542-00000000001	606541	607155	-	HIMB1542_00665	HIMB1542	204	OG0000994	NA	NA	COG4665	FcbT2	TRAP-type mannitol/chloroaromatic compound transport system, small permease component	HIMB1542_00663	2
HIMB1542-00000000001	607228	608322	-	HIMB1542_00666	HIMB1542	364	OG0000072	NA	NA	COG4663	FcbT1	TRAP-type mannitol/chloroaromatic compound transport system, periplasmic component	HIMB1542_00663	3
HIMB1542-00000000001	608463	610058	+	HIMB1542_00667	HIMB1542	531	OG0000054	NA	NA	COG2303	BetA	Choline dehydrogenase or related flavoprotein	HIMB1542_00663	4
HIMB1542-00000000001	610058	610651	+	HIMB1542_00668	HIMB1542	197	OG0000922	NA	NA	COG0861	TerC	Tellurite resistance membrane protein TerC	HIMB1542_00663	5
HIMB1549-00000000001	409111	409704	-	HIMB1549_00428	HIMB1549	197	OG0000922	NA	NA	COG0861	TerC	Tellurite resistance membrane protein TerC	HIMB1549_00433	-5
HIMB1549-00000000001	409704	411314	-	HIMB1549_00429	HIMB1549	536	OG0000054	NA	NA	COG2303	BetA	Choline dehydrogenase or related flavoprotein	HIMB1549_00433	-4
HIMB1549-00000000001	411462	412559	+	HIMB1549_00430	HIMB1549	365	OG0000072	NA	NA	COG4663	FcbT1	TRAP-type mannitol/chloroaromatic compound transport system, periplasmic component	HIMB1549_00433	-3
HIMB1549-00000000001	412633	413247	+	HIMB1549_00431	HIMB1549	204	OG0000994	NA	NA	COG4665	FcbT2	TRAP-type mannitol/chloroaromatic compound transport system, small permease component	HIMB1549_00433	-2
HIMB1549-00000000001	413248	414582	+	HIMB1549_00432	HIMB1549	444	OG0000987	K11690	C4-dicarboxylate transporter, DctM subunit	COG4664	FcbT3	TRAP-type mannitol/chloroaromatic compound transport system, large permease component	HIMB1549_00433	-1
HIMB1549-00000000001	414608	416065	+	HIMB1549_00433	HIMB1549	485	OG0000917	K03457	nucleobase:cation symporter-1, NCS1 family	COG1953	FUI1	Cytosine/uracil/thiamine/allantoin permease	HIMB1549_00433	0
HIMB1549-00000000001	416070	416822	+	HIMB1549_00434	HIMB1549	250	OG0001186	K21883	2-dehydro-3-deoxy-L-rhamnonate dehydrogenase (NAD+) [EC:1.1.1.401]	COG1028	FabG	NAD(P)-dependent dehydrogenase, short-chain alcohol dehydrogenase family	HIMB1549_00433	1
HIMB1549-00000000001	416961	417611	+	HIMB1549_00435	HIMB1549	216	OG0000965	NA	NA	NA	NA	NA	HIMB1549_00433	2
HIMB1549-00000000001	417612	417752	-	HIMB1549_00436	HIMB1549	46	OG0001143	NA	NA	NA	NA	NA	HIMB1549_00433	3
HIMB1549-00000000001	417811	418233	+	HIMB1549_00437	HIMB1549	140	OG0000808	K07107	acyl-CoA thioester hydrolase [EC:3.1.2.-]	COG0824	FadM	Acyl-CoA thioesterase FadM	HIMB1549_00433	4
HIMB1549-00000000001	418223	418903	-	HIMB1549_00438	HIMB1549	226	OG0001011	K21929	uracil-DNA glycosylase [EC:3.2.2.27]	COG1573	Udg4	Uracil-DNA glycosylase	HIMB1549_00433	5
HIMB1552-00000000001	238109	238702	-	HIMB1552_00256	HIMB1552	197	OG0000922	NA	NA	COG0861	TerC	Tellurite resistance membrane protein TerC	HIMB1552_00261	-5
HIMB1552-00000000001	238702	240297	-	HIMB1552_00257	HIMB1552	531	OG0000054	NA	NA	COG2303	BetA	Choline dehydrogenase or related flavoprotein	HIMB1552_00261	-4
HIMB1552-00000000001	240438	241532	+	HIMB1552_00258	HIMB1552	364	OG0000072	NA	NA	COG4663	FcbT1	TRAP-type mannitol/chloroaromatic compound transport system, periplasmic component	HIMB1552_00261	-3
HIMB1552-00000000001	241605	242219	+	HIMB1552_00259	HIMB1552	204	OG0000994	NA	NA	COG4665	FcbT2	TRAP-type mannitol/chloroaromatic compound transport system, small permease component	HIMB1552_00261	-2
HIMB1552-00000000001	242219	243553	+	HIMB1552_00260	HIMB1552	444	OG0000987	K11690	C4-dicarboxylate transporter, DctM subunit	COG4664	FcbT3	TRAP-type mannitol/chloroaromatic compound transport system, large permease component	HIMB1552_00261	-1
HIMB1552-00000000001	243580	245037	+	HIMB1552_00261	HIMB1552	485	OG0000917	K03457	nucleobase:cation symporter-1, NCS1 family	COG1953	FUI1	Cytosine/uracil/thiamine/allantoin permease	HIMB1552_00261	0
HIMB1552-00000000001	245039	246043	+	HIMB1552_00262	HIMB1552	334	OG0000009	NA	NA	COG1063	Tdh	Threonine dehydrogenase or related Zn-dependent dehydrogenase	HIMB1552_00261	1
HIMB1552-00000000001	246027	246161	-	HIMB1552_00263	HIMB1552	44	OG0001265	NA	NA	NA	NA	NA	HIMB1552_00261	2
HIMB1552-00000000001	246237	246887	+	HIMB1552_00264	HIMB1552	216	OG0000965	NA	NA	NA	NA	NA	HIMB1552_00261	3
HIMB1552-00000000001	246888	247028	-	HIMB1552_00265	HIMB1552	46	OG0001143	NA	NA	NA	NA	NA	HIMB1552_00261	4
HIMB1552-00000000001	247087	247500	+	HIMB1552_00266	HIMB1552	137	OG0000808	K07107	acyl-CoA thioester hydrolase [EC:3.1.2.-]	COG0824	FadM	Acyl-CoA thioesterase FadM	HIMB1552_00261	5
HIMB1556-00000000001	1219679	1220092	-	HIMB1556_01281	HIMB1556	137	OG0000808	K07107	acyl-CoA thioester hydrolase [EC:3.1.2.-]	COG0824	FadM	Acyl-CoA thioesterase FadM	HIMB1556_01286	-5
HIMB1556-00000000001	1220151	1220291	+	HIMB1556_01282	HIMB1556	46	OG0001143	NA	NA	NA	NA	NA	HIMB1556_01286	-4
HIMB1556-00000000001	1220292	1220942	-	HIMB1556_01283	HIMB1556	216	OG0000965	NA	NA	NA	NA	NA	HIMB1556_01286	-3
HIMB1556-00000000001	1221018	1221152	+	HIMB1556_01284	HIMB1556	44	OG0001265	NA	NA	NA	NA	NA	HIMB1556_01286	-2
HIMB1556-00000000001	1221136	1222140	-	HIMB1556_01285	HIMB1556	334	OG0000009	NA	NA	COG1063	Tdh	Threonine dehydrogenase or related Zn-dependent dehydrogenase	HIMB1556_01286	-1
HIMB1556-00000000001	1222142	1223599	-	HIMB1556_01286	HIMB1556	485	OG0000917	K03457	nucleobase:cation symporter-1, NCS1 family	COG1953	FUI1	Cytosine/uracil/thiamine/allantoin permease	HIMB1556_01286	0
HIMB1556-00000000001	1223626	1224960	-	HIMB1556_01287	HIMB1556	444	OG0000987	K11690	C4-dicarboxylate transporter, DctM subunit	COG4664	FcbT3	TRAP-type mannitol/chloroaromatic compound transport system, large permease component	HIMB1556_01286	1
HIMB1556-00000000001	1224960	1225574	-	HIMB1556_01288	HIMB1556	204	OG0000994	NA	NA	COG4665	FcbT2	TRAP-type mannitol/chloroaromatic compound transport system, small permease component	HIMB1556_01286	2
HIMB1556-00000000001	1225647	1226741	-	HIMB1556_01289	HIMB1556	364	OG0000072	NA	NA	COG4663	FcbT1	TRAP-type mannitol/chloroaromatic compound transport system, periplasmic component	HIMB1556_01286	3
HIMB1556-00000000001	1226882	1228477	+	HIMB1556_01290	HIMB1556	531	OG0000054	NA	NA	COG2303	BetA	Choline dehydrogenase or related flavoprotein	HIMB1556_01286	4
HIMB1556-00000000001	1228477	1229070	+	HIMB1556_01291	HIMB1556	197	OG0000922	NA	NA	COG0861	TerC	Tellurite resistance membrane protein TerC	HIMB1556_01286	5
HIMB1559-00000000001	175921	176514	-	HIMB1559_00194	HIMB1559	197	OG0000922	NA	NA	COG0861	TerC	Tellurite resistance membrane protein TerC	HIMB1559_00199	-5
HIMB1559-00000000001	176514	178109	-	HIMB1559_00195	HIMB1559	531	OG0000054	NA	NA	COG2303	BetA	Choline dehydrogenase or related flavoprotein	HIMB1559_00199	-4
HIMB1559-00000000001	178249	179343	+	HIMB1559_00196	HIMB1559	364	OG0000072	NA	NA	COG4663	FcbT1	TRAP-type mannitol/chloroaromatic compound transport system, periplasmic component	HIMB1559_00199	-3
HIMB1559-00000000001	179417	180031	+	HIMB1559_00197	HIMB1559	204	OG0000994	NA	NA	COG4665	FcbT2	TRAP-type mannitol/chloroaromatic compound transport system, small permease component	HIMB1559_00199	-2
HIMB1559-00000000001	180031	181365	+	HIMB1559_00198	HIMB1559	444	OG0000987	K11690	C4-dicarboxylate transporter, DctM subunit	COG4664	FcbT3	TRAP-type mannitol/chloroaromatic compound transport system, large permease component	HIMB1559_00199	-1
HIMB1559-00000000001	181392	182849	+	HIMB1559_00199	HIMB1559	485	OG0000917	K03457	nucleobase:cation symporter-1, NCS1 family	COG1953	FUI1	Cytosine/uracil/thiamine/allantoin permease	HIMB1559_00199	0
HIMB1559-00000000001	182851	183855	+	HIMB1559_00200	HIMB1559	334	OG0000009	NA	NA	COG1063	Tdh	Threonine dehydrogenase or related Zn-dependent dehydrogenase	HIMB1559_00199	1
HIMB1559-00000000001	183839	183973	-	HIMB1559_00201	HIMB1559	44	OG0001265	NA	NA	NA	NA	NA	HIMB1559_00199	2
HIMB1559-00000000001	184049	184699	+	HIMB1559_00202	HIMB1559	216	OG0000965	NA	NA	NA	NA	NA	HIMB1559_00199	3
HIMB1559-00000000001	184700	184840	-	HIMB1559_00203	HIMB1559	46	OG0001143	NA	NA	NA	NA	NA	HIMB1559_00199	4
HIMB1559-00000000001	184899	185315	+	HIMB1559_00204	HIMB1559	138	OG0000808	K07107	acyl-CoA thioester hydrolase [EC:3.1.2.-]	COG0824	FadM	Acyl-CoA thioesterase FadM	HIMB1559_00199	5
HIMB1564-00000000001	716584	717141	-	HIMB1564_00766	HIMB1564	185	OG0000787	NA	NA	COG2062	SixA	Phosphohistidine phosphatase SixA	HIMB1564_00771	-5
HIMB1564-00000000001	717144	717824	+	HIMB1564_00767	HIMB1564	226	OG0001011	K21929	uracil-DNA glycosylase [EC:3.2.2.27]	COG1573	Udg4	Uracil-DNA glycosylase	HIMB1564_00771	-4
HIMB1564-00000000001	717814	718236	-	HIMB1564_00768	HIMB1564	140	OG0000808	K07107	acyl-CoA thioester hydrolase [EC:3.1.2.-]	COG0824	FadM	Acyl-CoA thioesterase FadM	HIMB1564_00771	-3
HIMB1564-00000000001	718262	718912	-	HIMB1564_00769	HIMB1564	216	OG0000965	NA	NA	NA	NA	NA	HIMB1564_00771	-2
HIMB1564-00000000001	719123	720127	-	HIMB1564_00770	HIMB1564	334	OG0000009	NA	NA	COG1063	Tdh	Threonine dehydrogenase or related Zn-dependent dehydrogenase	HIMB1564_00771	-1
HIMB1564-00000000001	720129	721583	-	HIMB1564_00771	HIMB1564	484	OG0000917	K03457	nucleobase:cation symporter-1, NCS1 family	COG1953	FUI1	Cytosine/uracil/thiamine/allantoin permease	HIMB1564_00771	0
HIMB1564-00000000001	721605	722939	-	HIMB1564_00772	HIMB1564	444	OG0000987	K11690	C4-dicarboxylate transporter, DctM subunit	COG4664	FcbT3	TRAP-type mannitol/chloroaromatic compound transport system, large permease component	HIMB1564_00771	1
HIMB1564-00000000001	722940	723554	-	HIMB1564_00773	HIMB1564	204	OG0000994	NA	NA	COG4665	FcbT2	TRAP-type mannitol/chloroaromatic compound transport system, small permease component	HIMB1564_00771	2
HIMB1564-00000000001	723625	724722	-	HIMB1564_00774	HIMB1564	365	OG0000072	NA	NA	COG4663	FcbT1	TRAP-type mannitol/chloroaromatic compound transport system, periplasmic component	HIMB1564_00771	3
HIMB1564-00000000001	724872	726467	+	HIMB1564_00775	HIMB1564	531	OG0000054	NA	NA	COG2303	BetA	Choline dehydrogenase or related flavoprotein	HIMB1564_00771	4
HIMB1564-00000000001	726467	727063	+	HIMB1564_00776	HIMB1564	198	OG0000922	NA	NA	COG0861	TerC	Tellurite resistance membrane protein TerC	HIMB1564_00771	5
HIMB1573-00000000001	1273522	1273938	-	HIMB1573_01372	HIMB1573	138	OG0000808	K07107	acyl-CoA thioester hydrolase [EC:3.1.2.-]	COG0824	FadM	Acyl-CoA thioesterase FadM	HIMB1573_01377	-5
HIMB1573-00000000001	1273997	1274137	+	HIMB1573_01373	HIMB1573	46	OG0001143	NA	NA	NA	NA	NA	HIMB1573_01377	-4
HIMB1573-00000000001	1274138	1274830	-	HIMB1573_01374	HIMB1573	230	OG0000965	NA	NA	NA	NA	NA	HIMB1573_01377	-3
HIMB1573-00000000001	1274864	1274998	+	HIMB1573_01375	HIMB1573	44	OG0001265	NA	NA	NA	NA	NA	HIMB1573_01377	-2
HIMB1573-00000000001	1274982	1275986	-	HIMB1573_01376	HIMB1573	334	OG0000009	NA	NA	COG1063	Tdh	Threonine dehydrogenase or related Zn-dependent dehydrogenase	HIMB1573_01377	-1
HIMB1573-00000000001	1275988	1277445	-	HIMB1573_01377	HIMB1573	485	OG0000917	K03457	nucleobase:cation symporter-1, NCS1 family	COG1953	FUI1	Cytosine/uracil/thiamine/allantoin permease	HIMB1573_01377	0
HIMB1573-00000000001	1277472	1278806	-	HIMB1573_01378	HIMB1573	444	OG0000987	K11690	C4-dicarboxylate transporter, DctM subunit	COG4664	FcbT3	TRAP-type mannitol/chloroaromatic compound transport system, large permease component	HIMB1573_01377	1
HIMB1573-00000000001	1278806	1279420	-	HIMB1573_01379	HIMB1573	204	OG0000994	NA	NA	COG4665	FcbT2	TRAP-type mannitol/chloroaromatic compound transport system, small permease component	HIMB1573_01377	2
HIMB1573-00000000001	1279492	1280586	-	HIMB1573_01380	HIMB1573	364	OG0000072	NA	NA	COG4663	FcbT1	TRAP-type mannitol/chloroaromatic compound transport system, periplasmic component	HIMB1573_01377	3
HIMB1573-00000000001	1280728	1282323	+	HIMB1573_01381	HIMB1573	531	OG0000054	NA	NA	COG2303	BetA	Choline dehydrogenase or related flavoprotein	HIMB1573_01377	4
HIMB1573-00000000001	1282323	1282916	+	HIMB1573_01382	HIMB1573	197	OG0000922	NA	NA	COG0861	TerC	Tellurite resistance membrane protein TerC	HIMB1573_01377	5
HIMB1577-00000000001	1301203	1301796	-	HIMB1577_01388	HIMB1577	197	OG0000922	NA	NA	COG0861	TerC	Tellurite resistance membrane protein TerC	HIMB1577_01393	-5
HIMB1577-00000000001	1301796	1303391	-	HIMB1577_01389	HIMB1577	531	OG0000054	NA	NA	COG2303	BetA	Choline dehydrogenase or related flavoprotein	HIMB1577_01393	-4
HIMB1577-00000000001	1303532	1304626	+	HIMB1577_01390	HIMB1577	364	OG0000072	NA	NA	COG4663	FcbT1	TRAP-type mannitol/chloroaromatic compound transport system, periplasmic component	HIMB1577_01393	-3
HIMB1577-00000000001	1304698	1305312	+	HIMB1577_01391	HIMB1577	204	OG0000994	NA	NA	COG4665	FcbT2	TRAP-type mannitol/chloroaromatic compound transport system, small permease component	HIMB1577_01393	-2
HIMB1577-00000000001	1305312	1306646	+	HIMB1577_01392	HIMB1577	444	OG0000987	K11690	C4-dicarboxylate transporter, DctM subunit	COG4664	FcbT3	TRAP-type mannitol/chloroaromatic compound transport system, large permease component	HIMB1577_01393	-1
HIMB1577-00000000001	1306673	1308130	+	HIMB1577_01393	HIMB1577	485	OG0000917	K03457	nucleobase:cation symporter-1, NCS1 family	COG1953	FUI1	Cytosine/uracil/thiamine/allantoin permease	HIMB1577_01393	0
HIMB1577-00000000001	1308132	1309136	+	HIMB1577_01394	HIMB1577	334	OG0000009	NA	NA	COG1063	Tdh	Threonine dehydrogenase or related Zn-dependent dehydrogenase	HIMB1577_01393	1
HIMB1577-00000000001	1309120	1309254	-	HIMB1577_01395	HIMB1577	44	OG0001265	NA	NA	NA	NA	NA	HIMB1577_01393	2
HIMB1577-00000000001	1309330	1309980	+	HIMB1577_01396	HIMB1577	216	OG0000965	NA	NA	NA	NA	NA	HIMB1577_01393	3
HIMB1577-00000000001	1309981	1310121	-	HIMB1577_01397	HIMB1577	46	OG0001143	NA	NA	NA	NA	NA	HIMB1577_01393	4
HIMB1577-00000000001	1310180	1310593	+	HIMB1577_01398	HIMB1577	137	OG0000808	K07107	acyl-CoA thioester hydrolase [EC:3.1.2.-]	COG0824	FadM	Acyl-CoA thioesterase FadM	HIMB1577_01393	5
HIMB1587-00000000001	176121	176714	-	HIMB1587_00194	HIMB1587	197	OG0000922	NA	NA	COG0861	TerC	Tellurite resistance membrane protein TerC	HIMB1587_00199	-5
HIMB1587-00000000001	176714	178309	-	HIMB1587_00195	HIMB1587	531	OG0000054	NA	NA	COG2303	BetA	Choline dehydrogenase or related flavoprotein	HIMB1587_00199	-4
HIMB1587-00000000001	178449	179543	+	HIMB1587_00196	HIMB1587	364	OG0000072	NA	NA	COG4663	FcbT1	TRAP-type mannitol/chloroaromatic compound transport system, periplasmic component	HIMB1587_00199	-3
HIMB1587-00000000001	179617	180231	+	HIMB1587_00197	HIMB1587	204	OG0000994	NA	NA	COG4665	FcbT2	TRAP-type mannitol/chloroaromatic compound transport system, small permease component	HIMB1587_00199	-2
HIMB1587-00000000001	180231	181565	+	HIMB1587_00198	HIMB1587	444	OG0000987	K11690	C4-dicarboxylate transporter, DctM subunit	COG4664	FcbT3	TRAP-type mannitol/chloroaromatic compound transport system, large permease component	HIMB1587_00199	-1
HIMB1587-00000000001	181592	183049	+	HIMB1587_00199	HIMB1587	485	OG0000917	K03457	nucleobase:cation symporter-1, NCS1 family	COG1953	FUI1	Cytosine/uracil/thiamine/allantoin permease	HIMB1587_00199	0
HIMB1587-00000000001	183051	184055	+	HIMB1587_00200	HIMB1587	334	OG0000009	NA	NA	COG1063	Tdh	Threonine dehydrogenase or related Zn-dependent dehydrogenase	HIMB1587_00199	1
HIMB1587-00000000001	184039	184173	-	HIMB1587_00201	HIMB1587	44	OG0001265	NA	NA	NA	NA	NA	HIMB1587_00199	2
HIMB1587-00000000001	184249	184899	+	HIMB1587_00202	HIMB1587	216	OG0000965	NA	NA	NA	NA	NA	HIMB1587_00199	3
HIMB1587-00000000001	184900	185040	-	HIMB1587_00203	HIMB1587	46	OG0001143	NA	NA	NA	NA	NA	HIMB1587_00199	4
HIMB1587-00000000001	185099	185515	+	HIMB1587_00204	HIMB1587	138	OG0000808	K07107	acyl-CoA thioester hydrolase [EC:3.1.2.-]	COG0824	FadM	Acyl-CoA thioesterase FadM	HIMB1587_00199	5
HIMB1593-00000000001	831186	831779	-	HIMB1593_00869	HIMB1593	197	OG0000922	NA	NA	COG0861	TerC	Tellurite resistance membrane protein TerC	HIMB1593_00874	-5
HIMB1593-00000000001	831779	833374	-	HIMB1593_00870	HIMB1593	531	OG0000054	NA	NA	COG2303	BetA	Choline dehydrogenase or related flavoprotein	HIMB1593_00874	-4
HIMB1593-00000000001	833515	834609	+	HIMB1593_00871	HIMB1593	364	OG0000072	NA	NA	COG4663	FcbT1	TRAP-type mannitol/chloroaromatic compound transport system, periplasmic component	HIMB1593_00874	-3
HIMB1593-00000000001	834681	835295	+	HIMB1593_00872	HIMB1593	204	OG0000994	NA	NA	COG4665	FcbT2	TRAP-type mannitol/chloroaromatic compound transport system, small permease component	HIMB1593_00874	-2
HIMB1593-00000000001	835295	836629	+	HIMB1593_00873	HIMB1593	444	OG0000987	K11690	C4-dicarboxylate transporter, DctM subunit	COG4664	FcbT3	TRAP-type mannitol/chloroaromatic compound transport system, large permease component	HIMB1593_00874	-1
HIMB1593-00000000001	836656	838113	+	HIMB1593_00874	HIMB1593	485	OG0000917	K03457	nucleobase:cation symporter-1, NCS1 family	COG1953	FUI1	Cytosine/uracil/thiamine/allantoin permease	HIMB1593_00874	0
HIMB1593-00000000001	838115	839119	+	HIMB1593_00875	HIMB1593	334	OG0000009	NA	NA	COG1063	Tdh	Threonine dehydrogenase or related Zn-dependent dehydrogenase	HIMB1593_00874	1
HIMB1593-00000000001	839103	839237	-	HIMB1593_00876	HIMB1593	44	OG0001265	NA	NA	NA	NA	NA	HIMB1593_00874	2
HIMB1593-00000000001	839313	839963	+	HIMB1593_00877	HIMB1593	216	OG0000965	NA	NA	NA	NA	NA	HIMB1593_00874	3
HIMB1593-00000000001	840031	840447	+	HIMB1593_00878	HIMB1593	138	OG0000808	K07107	acyl-CoA thioester hydrolase [EC:3.1.2.-]	COG0824	FadM	Acyl-CoA thioesterase FadM	HIMB1593_00874	4
HIMB1593-00000000001	840440	841120	-	HIMB1593_00879	HIMB1593	226	OG0001011	K21929	uracil-DNA glycosylase [EC:3.2.2.27]	COG1573	Udg4	Uracil-DNA glycosylase	HIMB1593_00874	5
HIMB1597-00000000001	136626	137042	-	HIMB1597_00151	HIMB1597	138	OG0000808	K07107	acyl-CoA thioester hydrolase [EC:3.1.2.-]	COG0824	FadM	Acyl-CoA thioesterase FadM	HIMB1597_00156	-5
HIMB1597-00000000001	137101	137241	+	HIMB1597_00152	HIMB1597	46	OG0001143	NA	NA	NA	NA	NA	HIMB1597_00156	-4
HIMB1597-00000000001	137242	137892	-	HIMB1597_00153	HIMB1597	216	OG0000965	NA	NA	NA	NA	NA	HIMB1597_00156	-3
HIMB1597-00000000001	137968	138102	+	HIMB1597_00154	HIMB1597	44	OG0001265	NA	NA	NA	NA	NA	HIMB1597_00156	-2
HIMB1597-00000000001	138086	139090	-	HIMB1597_00155	HIMB1597	334	OG0000009	NA	NA	COG1063	Tdh	Threonine dehydrogenase or related Zn-dependent dehydrogenase	HIMB1597_00156	-1
HIMB1597-00000000001	139092	140549	-	HIMB1597_00156	HIMB1597	485	OG0000917	K03457	nucleobase:cation symporter-1, NCS1 family	COG1953	FUI1	Cytosine/uracil/thiamine/allantoin permease	HIMB1597_00156	0
HIMB1597-00000000001	140576	141910	-	HIMB1597_00157	HIMB1597	444	OG0000987	K11690	C4-dicarboxylate transporter, DctM subunit	COG4664	FcbT3	TRAP-type mannitol/chloroaromatic compound transport system, large permease component	HIMB1597_00156	1
HIMB1597-00000000001	141910	142524	-	HIMB1597_00158	HIMB1597	204	OG0000994	NA	NA	COG4665	FcbT2	TRAP-type mannitol/chloroaromatic compound transport system, small permease component	HIMB1597_00156	2
HIMB1597-00000000001	142598	143692	-	HIMB1597_00159	HIMB1597	364	OG0000072	NA	NA	COG4663	FcbT1	TRAP-type mannitol/chloroaromatic compound transport system, periplasmic component	HIMB1597_00156	3
HIMB1597-00000000001	143832	145427	+	HIMB1597_00160	HIMB1597	531	OG0000054	NA	NA	COG2303	BetA	Choline dehydrogenase or related flavoprotein	HIMB1597_00156	4
HIMB1597-00000000001	145427	146020	+	HIMB1597_00161	HIMB1597	197	OG0000922	NA	NA	COG0861	TerC	Tellurite resistance membrane protein TerC	HIMB1597_00156	5
HIMB1602-00000000190	94	1098	-	HIMB1602_01159	HIMB1602	334	OG0000009	NA	NA	COG1063	Tdh	Threonine dehydrogenase or related Zn-dependent dehydrogenase	HIMB1602_01160	-1
HIMB1602-00000000190	1100	1762	-	HIMB1602_01160	HIMB1602	220	OG0000917	NA	NA	COG1953	FUI1	Cytosine/uracil/thiamine/allantoin permease	HIMB1602_01160	0
HIMB1611-00000000001	611903	612319	-	HIMB1611_00688	HIMB1611	138	OG0000808	K07107	acyl-CoA thioester hydrolase [EC:3.1.2.-]	COG0824	FadM	Acyl-CoA thioesterase FadM	HIMB1611_00693	-5
HIMB1611-00000000001	612378	612518	+	HIMB1611_00689	HIMB1611	46	OG0001143	NA	NA	NA	NA	NA	HIMB1611_00693	-4
HIMB1611-00000000001	612519	613169	-	HIMB1611_00690	HIMB1611	216	OG0000965	NA	NA	NA	NA	NA	HIMB1611_00693	-3
HIMB1611-00000000001	613245	613379	+	HIMB1611_00691	HIMB1611	44	OG0001265	NA	NA	NA	NA	NA	HIMB1611_00693	-2
HIMB1611-00000000001	613363	614367	-	HIMB1611_00692	HIMB1611	334	OG0000009	NA	NA	COG1063	Tdh	Threonine dehydrogenase or related Zn-dependent dehydrogenase	HIMB1611_00693	-1
HIMB1611-00000000001	614369	615826	-	HIMB1611_00693	HIMB1611	485	OG0000917	K03457	nucleobase:cation symporter-1, NCS1 family	COG1953	FUI1	Cytosine/uracil/thiamine/allantoin permease	HIMB1611_00693	0
HIMB1611-00000000001	615853	617187	-	HIMB1611_00694	HIMB1611	444	OG0000987	K11690	C4-dicarboxylate transporter, DctM subunit	COG4664	FcbT3	TRAP-type mannitol/chloroaromatic compound transport system, large permease component	HIMB1611_00693	1
HIMB1611-00000000001	617187	617801	-	HIMB1611_00695	HIMB1611	204	OG0000994	NA	NA	COG4665	FcbT2	TRAP-type mannitol/chloroaromatic compound transport system, small permease component	HIMB1611_00693	2
HIMB1611-00000000001	617872	618948	-	HIMB1611_00696	HIMB1611	358	OG0000072	NA	NA	COG4663	FcbT1	TRAP-type mannitol/chloroaromatic compound transport system, periplasmic component	HIMB1611_00693	3
HIMB1611-00000000001	619107	620702	+	HIMB1611_00697	HIMB1611	531	OG0000054	NA	NA	COG2303	BetA	Choline dehydrogenase or related flavoprotein	HIMB1611_00693	4
HIMB1611-00000000001	620702	621295	+	HIMB1611_00698	HIMB1611	197	OG0000922	NA	NA	COG0861	TerC	Tellurite resistance membrane protein TerC	HIMB1611_00693	5
HIMB1623-00000000004	3479	4072	-	HIMB1623_00446	HIMB1623	197	OG0000922	NA	NA	COG0861	TerC	Tellurite resistance membrane protein TerC	HIMB1623_00451	-5
HIMB1623-00000000004	4072	5667	-	HIMB1623_00447	HIMB1623	531	OG0000054	NA	NA	COG2303	BetA	Choline dehydrogenase or related flavoprotein	HIMB1623_00451	-4
HIMB1623-00000000004	5808	6902	+	HIMB1623_00448	HIMB1623	364	OG0000072	NA	NA	COG4663	FcbT1	TRAP-type mannitol/chloroaromatic compound transport system, periplasmic component	HIMB1623_00451	-3
HIMB1623-00000000004	6974	7588	+	HIMB1623_00449	HIMB1623	204	OG0000994	NA	NA	COG4665	FcbT2	TRAP-type mannitol/chloroaromatic compound transport system, small permease component	HIMB1623_00451	-2
HIMB1623-00000000004	7589	8923	+	HIMB1623_00450	HIMB1623	444	OG0000987	K11690	C4-dicarboxylate transporter, DctM subunit	COG4664	FcbT3	TRAP-type mannitol/chloroaromatic compound transport system, large permease component	HIMB1623_00451	-1
HIMB1623-00000000004	8950	10407	+	HIMB1623_00451	HIMB1623	485	OG0000917	K03457	nucleobase:cation symporter-1, NCS1 family	COG1953	FUI1	Cytosine/uracil/thiamine/allantoin permease	HIMB1623_00451	0
HIMB1623-00000000004	10409	11413	+	HIMB1623_00452	HIMB1623	334	OG0000009	NA	NA	COG1063	Tdh	Threonine dehydrogenase or related Zn-dependent dehydrogenase	HIMB1623_00451	1
HIMB1623-00000000004	11397	11531	-	HIMB1623_00453	HIMB1623	44	OG0001265	NA	NA	NA	NA	NA	HIMB1623_00451	2
HIMB1623-00000000004	11607	12257	+	HIMB1623_00454	HIMB1623	216	OG0000965	NA	NA	NA	NA	NA	HIMB1623_00451	3
HIMB1623-00000000004	12258	12398	-	HIMB1623_00455	HIMB1623	46	OG0001143	NA	NA	NA	NA	NA	HIMB1623_00451	4
HIMB1623-00000000004	12457	12873	+	HIMB1623_00456	HIMB1623	138	OG0000808	K07107	acyl-CoA thioester hydrolase [EC:3.1.2.-]	COG0824	FadM	Acyl-CoA thioesterase FadM	HIMB1623_00451	5
HIMB1631-00000000001	186491	187084	-	HIMB1631_00209	HIMB1631	197	OG0000922	NA	NA	COG0861	TerC	Tellurite resistance membrane protein TerC	HIMB1631_00214	-5
HIMB1631-00000000001	187084	188679	-	HIMB1631_00210	HIMB1631	531	OG0000054	NA	NA	COG2303	BetA	Choline dehydrogenase or related flavoprotein	HIMB1631_00214	-4
HIMB1631-00000000001	188820	189914	+	HIMB1631_00211	HIMB1631	364	OG0000072	NA	NA	COG4663	FcbT1	TRAP-type mannitol/chloroaromatic compound transport system, periplasmic component	HIMB1631_00214	-3
HIMB1631-00000000001	189986	190600	+	HIMB1631_00212	HIMB1631	204	OG0000994	NA	NA	COG4665	FcbT2	TRAP-type mannitol/chloroaromatic compound transport system, small permease component	HIMB1631_00214	-2
HIMB1631-00000000001	190600	191934	+	HIMB1631_00213	HIMB1631	444	OG0000987	K11690	C4-dicarboxylate transporter, DctM subunit	COG4664	FcbT3	TRAP-type mannitol/chloroaromatic compound transport system, large permease component	HIMB1631_00214	-1
HIMB1631-00000000001	191961	193418	+	HIMB1631_00214	HIMB1631	485	OG0000917	K03457	nucleobase:cation symporter-1, NCS1 family	COG1953	FUI1	Cytosine/uracil/thiamine/allantoin permease	HIMB1631_00214	0
HIMB1631-00000000001	193420	194424	+	HIMB1631_00215	HIMB1631	334	OG0000009	NA	NA	COG1063	Tdh	Threonine dehydrogenase or related Zn-dependent dehydrogenase	HIMB1631_00214	1
HIMB1631-00000000001	194408	194542	-	HIMB1631_00216	HIMB1631	44	OG0001265	NA	NA	NA	NA	NA	HIMB1631_00214	2
HIMB1631-00000000001	194618	195268	+	HIMB1631_00217	HIMB1631	216	OG0000965	NA	NA	NA	NA	NA	HIMB1631_00214	3
HIMB1631-00000000001	195269	195409	-	HIMB1631_00218	HIMB1631	46	OG0001143	NA	NA	NA	NA	NA	HIMB1631_00214	4
HIMB1631-00000000001	195468	195881	+	HIMB1631_00219	HIMB1631	137	OG0000808	K07107	acyl-CoA thioester hydrolase [EC:3.1.2.-]	COG0824	FadM	Acyl-CoA thioesterase FadM	HIMB1631_00214	5
HIMB1636-00000000001	597777	598190	-	HIMB1636_00631	HIMB1636	137	OG0000808	K07107	acyl-CoA thioester hydrolase [EC:3.1.2.-]	COG0824	FadM	Acyl-CoA thioesterase FadM	HIMB1636_00636	-5
HIMB1636-00000000001	598249	598389	+	HIMB1636_00632	HIMB1636	46	OG0001143	NA	NA	NA	NA	NA	HIMB1636_00636	-4
HIMB1636-00000000001	598390	599040	-	HIMB1636_00633	HIMB1636	216	OG0000965	NA	NA	NA	NA	NA	HIMB1636_00636	-3
HIMB1636-00000000001	599116	599250	+	HIMB1636_00634	HIMB1636	44	OG0001265	NA	NA	NA	NA	NA	HIMB1636_00636	-2
HIMB1636-00000000001	599234	600238	-	HIMB1636_00635	HIMB1636	334	OG0000009	NA	NA	COG1063	Tdh	Threonine dehydrogenase or related Zn-dependent dehydrogenase	HIMB1636_00636	-1
HIMB1636-00000000001	600240	601697	-	HIMB1636_00636	HIMB1636	485	OG0000917	K03457	nucleobase:cation symporter-1, NCS1 family	COG1953	FUI1	Cytosine/uracil/thiamine/allantoin permease	HIMB1636_00636	0
HIMB1636-00000000001	601724	603058	-	HIMB1636_00637	HIMB1636	444	OG0000987	K11690	C4-dicarboxylate transporter, DctM subunit	COG4664	FcbT3	TRAP-type mannitol/chloroaromatic compound transport system, large permease component	HIMB1636_00636	1
HIMB1636-00000000001	603058	603672	-	HIMB1636_00638	HIMB1636	204	OG0000994	NA	NA	COG4665	FcbT2	TRAP-type mannitol/chloroaromatic compound transport system, small permease component	HIMB1636_00636	2
HIMB1636-00000000001	603745	604839	-	HIMB1636_00639	HIMB1636	364	OG0000072	NA	NA	COG4663	FcbT1	TRAP-type mannitol/chloroaromatic compound transport system, periplasmic component	HIMB1636_00636	3
HIMB1636-00000000001	604980	606575	+	HIMB1636_00640	HIMB1636	531	OG0000054	NA	NA	COG2303	BetA	Choline dehydrogenase or related flavoprotein	HIMB1636_00636	4
HIMB1636-00000000001	606575	607168	+	HIMB1636_00641	HIMB1636	197	OG0000922	NA	NA	COG0861	TerC	Tellurite resistance membrane protein TerC	HIMB1636_00636	5
HIMB1641-00000000001	1190900	1191313	-	HIMB1641_01245	HIMB1641	137	OG0000808	K07107	acyl-CoA thioester hydrolase [EC:3.1.2.-]	COG0824	FadM	Acyl-CoA thioesterase FadM	HIMB1641_01250	-5
HIMB1641-00000000001	1191372	1191512	+	HIMB1641_01246	HIMB1641	46	OG0001143	NA	NA	NA	NA	NA	HIMB1641_01250	-4
HIMB1641-00000000001	1191513	1192163	-	HIMB1641_01247	HIMB1641	216	OG0000965	NA	NA	NA	NA	NA	HIMB1641_01250	-3
HIMB1641-00000000001	1192239	1192373	+	HIMB1641_01248	HIMB1641	44	OG0001265	NA	NA	NA	NA	NA	HIMB1641_01250	-2
HIMB1641-00000000001	1192357	1193361	-	HIMB1641_01249	HIMB1641	334	OG0000009	NA	NA	COG1063	Tdh	Threonine dehydrogenase or related Zn-dependent dehydrogenase	HIMB1641_01250	-1
HIMB1641-00000000001	1193363	1194820	-	HIMB1641_01250	HIMB1641	485	OG0000917	K03457	nucleobase:cation symporter-1, NCS1 family	COG1953	FUI1	Cytosine/uracil/thiamine/allantoin permease	HIMB1641_01250	0
HIMB1641-00000000001	1194847	1196181	-	HIMB1641_01251	HIMB1641	444	OG0000987	K11690	C4-dicarboxylate transporter, DctM subunit	COG4664	FcbT3	TRAP-type mannitol/chloroaromatic compound transport system, large permease component	HIMB1641_01250	1
HIMB1641-00000000001	1196181	1196795	-	HIMB1641_01252	HIMB1641	204	OG0000994	NA	NA	COG4665	FcbT2	TRAP-type mannitol/chloroaromatic compound transport system, small permease component	HIMB1641_01250	2
HIMB1641-00000000001	1196868	1197962	-	HIMB1641_01253	HIMB1641	364	OG0000072	NA	NA	COG4663	FcbT1	TRAP-type mannitol/chloroaromatic compound transport system, periplasmic component	HIMB1641_01250	3
HIMB1641-00000000001	1198103	1199698	+	HIMB1641_01254	HIMB1641	531	OG0000054	NA	NA	COG2303	BetA	Choline dehydrogenase or related flavoprotein	HIMB1641_01250	4
HIMB1641-00000000001	1199698	1200291	+	HIMB1641_01255	HIMB1641	197	OG0000922	NA	NA	COG0861	TerC	Tellurite resistance membrane protein TerC	HIMB1641_01250	5
HIMB1662-00000000001	1164725	1165141	-	HIMB1662_01235	HIMB1662	138	OG0000808	K07107	acyl-CoA thioester hydrolase [EC:3.1.2.-]	COG0824	FadM	Acyl-CoA thioesterase FadM	HIMB1662_01240	-5
HIMB1662-00000000001	1165200	1165340	+	HIMB1662_01236	HIMB1662	46	OG0001143	NA	NA	NA	NA	NA	HIMB1662_01240	-4
HIMB1662-00000000001	1165341	1165991	-	HIMB1662_01237	HIMB1662	216	OG0000965	NA	NA	NA	NA	NA	HIMB1662_01240	-3
HIMB1662-00000000001	1166067	1166201	+	HIMB1662_01238	HIMB1662	44	OG0001265	NA	NA	NA	NA	NA	HIMB1662_01240	-2
HIMB1662-00000000001	1166185	1167189	-	HIMB1662_01239	HIMB1662	334	OG0000009	NA	NA	COG1063	Tdh	Threonine dehydrogenase or related Zn-dependent dehydrogenase	HIMB1662_01240	-1
HIMB1662-00000000001	1167191	1168648	-	HIMB1662_01240	HIMB1662	485	OG0000917	K03457	nucleobase:cation symporter-1, NCS1 family	COG1953	FUI1	Cytosine/uracil/thiamine/allantoin permease	HIMB1662_01240	0
HIMB1662-00000000001	1168675	1170009	-	HIMB1662_01241	HIMB1662	444	OG0000987	K11690	C4-dicarboxylate transporter, DctM subunit	COG4664	FcbT3	TRAP-type mannitol/chloroaromatic compound transport system, large permease component	HIMB1662_01240	1
HIMB1662-00000000001	1170009	1170623	-	HIMB1662_01242	HIMB1662	204	OG0000994	NA	NA	COG4665	FcbT2	TRAP-type mannitol/chloroaromatic compound transport system, small permease component	HIMB1662_01240	2
HIMB1662-00000000001	1170696	1171208	-	HIMB1662_01243	HIMB1662	170	OG0000072	NA	NA	COG4663	FcbT1	TRAP-type mannitol/chloroaromatic compound transport system, periplasmic component	HIMB1662_01240	3
HIMB1662-00000000001	1171211	1171789	-	HIMB1662_01244	HIMB1662	192	OG0000072	NA	NA	COG4663	FcbT1	TRAP-type mannitol/chloroaromatic compound transport system, periplasmic component	HIMB1662_01240	4
HIMB1662-00000000001	1171930	1173525	+	HIMB1662_01245	HIMB1662	531	OG0000054	NA	NA	COG2303	BetA	Choline dehydrogenase or related flavoprotein	HIMB1662_01240	5
HIMB1685-00000000001	308757	309173	-	HIMB1685_00353	HIMB1685	138	OG0000808	K07107	acyl-CoA thioester hydrolase [EC:3.1.2.-]	COG0824	FadM	Acyl-CoA thioesterase FadM	HIMB1685_00358	-5
HIMB1685-00000000001	309232	309372	+	HIMB1685_00354	HIMB1685	46	OG0001143	NA	NA	NA	NA	NA	HIMB1685_00358	-4
HIMB1685-00000000001	309373	310023	-	HIMB1685_00355	HIMB1685	216	OG0000965	NA	NA	NA	NA	NA	HIMB1685_00358	-3
HIMB1685-00000000001	310099	310233	+	HIMB1685_00356	HIMB1685	44	OG0001265	NA	NA	NA	NA	NA	HIMB1685_00358	-2
HIMB1685-00000000001	310217	311221	-	HIMB1685_00357	HIMB1685	334	OG0000009	NA	NA	COG1063	Tdh	Threonine dehydrogenase or related Zn-dependent dehydrogenase	HIMB1685_00358	-1
HIMB1685-00000000001	311223	312680	-	HIMB1685_00358	HIMB1685	485	OG0000917	K03457	nucleobase:cation symporter-1, NCS1 family	COG1953	FUI1	Cytosine/uracil/thiamine/allantoin permease	HIMB1685_00358	0
HIMB1685-00000000001	312707	314041	-	HIMB1685_00359	HIMB1685	444	OG0000987	K11690	C4-dicarboxylate transporter, DctM subunit	COG4664	FcbT3	TRAP-type mannitol/chloroaromatic compound transport system, large permease component	HIMB1685_00358	1
HIMB1685-00000000001	314041	314655	-	HIMB1685_00360	HIMB1685	204	OG0000994	NA	NA	COG4665	FcbT2	TRAP-type mannitol/chloroaromatic compound transport system, small permease component	HIMB1685_00358	2
HIMB1685-00000000001	314728	315822	-	HIMB1685_00361	HIMB1685	364	OG0000072	NA	NA	COG4663	FcbT1	TRAP-type mannitol/chloroaromatic compound transport system, periplasmic component	HIMB1685_00358	3
HIMB1685-00000000001	315964	317559	+	HIMB1685_00362	HIMB1685	531	OG0000054	NA	NA	COG2303	BetA	Choline dehydrogenase or related flavoprotein	HIMB1685_00358	4
HIMB1685-00000000001	317559	318152	+	HIMB1685_00363	HIMB1685	197	OG0000922	NA	NA	COG0861	TerC	Tellurite resistance membrane protein TerC	HIMB1685_00358	5
HIMB1695-00000000001	376074	376754	+	HIMB1695_00422	HIMB1695	226	OG0001011	K21929	uracil-DNA glycosylase [EC:3.2.2.27]	COG1573	Udg4	Uracil-DNA glycosylase	HIMB1695_00427	-5
HIMB1695-00000000001	376747	377163	-	HIMB1695_00423	HIMB1695	138	OG0000808	K07107	acyl-CoA thioester hydrolase [EC:3.1.2.-]	COG0824	FadM	Acyl-CoA thioesterase FadM	HIMB1695_00427	-4
HIMB1695-00000000001	377222	377362	+	HIMB1695_00424	HIMB1695	46	OG0001143	NA	NA	NA	NA	NA	HIMB1695_00427	-3
HIMB1695-00000000001	377363	378013	-	HIMB1695_00425	HIMB1695	216	OG0000965	NA	NA	NA	NA	NA	HIMB1695_00427	-2
HIMB1695-00000000001	378207	379211	-	HIMB1695_00426	HIMB1695	334	OG0000009	NA	NA	COG1063	Tdh	Threonine dehydrogenase or related Zn-dependent dehydrogenase	HIMB1695_00427	-1
HIMB1695-00000000001	379213	380670	-	HIMB1695_00427	HIMB1695	485	OG0000917	K03457	nucleobase:cation symporter-1, NCS1 family	COG1953	FUI1	Cytosine/uracil/thiamine/allantoin permease	HIMB1695_00427	0
HIMB1695-00000000001	380697	382031	-	HIMB1695_00428	HIMB1695	444	OG0000987	K11690	C4-dicarboxylate transporter, DctM subunit	COG4664	FcbT3	TRAP-type mannitol/chloroaromatic compound transport system, large permease component	HIMB1695_00427	1
HIMB1695-00000000001	382031	382645	-	HIMB1695_00429	HIMB1695	204	OG0000994	NA	NA	COG4665	FcbT2	TRAP-type mannitol/chloroaromatic compound transport system, small permease component	HIMB1695_00427	2
HIMB1695-00000000001	382717	383811	-	HIMB1695_00430	HIMB1695	364	OG0000072	NA	NA	COG4663	FcbT1	TRAP-type mannitol/chloroaromatic compound transport system, periplasmic component	HIMB1695_00427	3
HIMB1695-00000000001	383952	385547	+	HIMB1695_00431	HIMB1695	531	OG0000054	NA	NA	COG2303	BetA	Choline dehydrogenase or related flavoprotein	HIMB1695_00427	4
HIMB1695-00000000001	385547	386140	+	HIMB1695_00432	HIMB1695	197	OG0000922	NA	NA	COG0861	TerC	Tellurite resistance membrane protein TerC	HIMB1695_00427	5
HIMB1701-00000000001	296460	296873	-	HIMB1701_00343	HIMB1701	137	OG0000808	K07107	acyl-CoA thioester hydrolase [EC:3.1.2.-]	COG0824	FadM	Acyl-CoA thioesterase FadM	HIMB1701_00348	-5
HIMB1701-00000000001	296932	297072	+	HIMB1701_00344	HIMB1701	46	OG0001143	NA	NA	NA	NA	NA	HIMB1701_00348	-4
HIMB1701-00000000001	297073	297723	-	HIMB1701_00345	HIMB1701	216	OG0000965	NA	NA	NA	NA	NA	HIMB1701_00348	-3
HIMB1701-00000000001	297799	297933	+	HIMB1701_00346	HIMB1701	44	OG0001265	NA	NA	NA	NA	NA	HIMB1701_00348	-2
HIMB1701-00000000001	297917	298921	-	HIMB1701_00347	HIMB1701	334	OG0000009	NA	NA	COG1063	Tdh	Threonine dehydrogenase or related Zn-dependent dehydrogenase	HIMB1701_00348	-1
HIMB1701-00000000001	298923	300380	-	HIMB1701_00348	HIMB1701	485	OG0000917	K03457	nucleobase:cation symporter-1, NCS1 family	COG1953	FUI1	Cytosine/uracil/thiamine/allantoin permease	HIMB1701_00348	0
HIMB1701-00000000001	300407	301741	-	HIMB1701_00349	HIMB1701	444	OG0000987	K11690	C4-dicarboxylate transporter, DctM subunit	COG4664	FcbT3	TRAP-type mannitol/chloroaromatic compound transport system, large permease component	HIMB1701_00348	1
HIMB1701-00000000001	301741	302355	-	HIMB1701_00350	HIMB1701	204	OG0000994	NA	NA	COG4665	FcbT2	TRAP-type mannitol/chloroaromatic compound transport system, small permease component	HIMB1701_00348	2
HIMB1701-00000000001	302428	303522	-	HIMB1701_00351	HIMB1701	364	OG0000072	NA	NA	COG4663	FcbT1	TRAP-type mannitol/chloroaromatic compound transport system, periplasmic component	HIMB1701_00348	3
HIMB1701-00000000001	303663	305258	+	HIMB1701_00352	HIMB1701	531	OG0000054	NA	NA	COG2303	BetA	Choline dehydrogenase or related flavoprotein	HIMB1701_00348	4
HIMB1701-00000000001	305258	305851	+	HIMB1701_00353	HIMB1701	197	OG0000922	NA	NA	COG0861	TerC	Tellurite resistance membrane protein TerC	HIMB1701_00348	5
HIMB1702-00000000001	826005	826598	-	HIMB1702_00864	HIMB1702	197	OG0000922	NA	NA	COG0861	TerC	Tellurite resistance membrane protein TerC	HIMB1702_00869	-5
HIMB1702-00000000001	826598	828193	-	HIMB1702_00865	HIMB1702	531	OG0000054	NA	NA	COG2303	BetA	Choline dehydrogenase or related flavoprotein	HIMB1702_00869	-4
HIMB1702-00000000001	828334	829428	+	HIMB1702_00866	HIMB1702	364	OG0000072	NA	NA	COG4663	FcbT1	TRAP-type mannitol/chloroaromatic compound transport system, periplasmic component	HIMB1702_00869	-3
HIMB1702-00000000001	829501	830115	+	HIMB1702_00867	HIMB1702	204	OG0000994	NA	NA	COG4665	FcbT2	TRAP-type mannitol/chloroaromatic compound transport system, small permease component	HIMB1702_00869	-2
HIMB1702-00000000001	830115	831449	+	HIMB1702_00868	HIMB1702	444	OG0000987	K11690	C4-dicarboxylate transporter, DctM subunit	COG4664	FcbT3	TRAP-type mannitol/chloroaromatic compound transport system, large permease component	HIMB1702_00869	-1
HIMB1702-00000000001	831476	832933	+	HIMB1702_00869	HIMB1702	485	OG0000917	K03457	nucleobase:cation symporter-1, NCS1 family	COG1953	FUI1	Cytosine/uracil/thiamine/allantoin permease	HIMB1702_00869	0
HIMB1702-00000000001	832935	833939	+	HIMB1702_00870	HIMB1702	334	OG0000009	NA	NA	COG1063	Tdh	Threonine dehydrogenase or related Zn-dependent dehydrogenase	HIMB1702_00869	1
HIMB1702-00000000001	833923	834057	-	HIMB1702_00871	HIMB1702	44	OG0001265	NA	NA	NA	NA	NA	HIMB1702_00869	2
HIMB1702-00000000001	834133	834783	+	HIMB1702_00872	HIMB1702	216	OG0000965	NA	NA	NA	NA	NA	HIMB1702_00869	3
HIMB1702-00000000001	834784	834924	-	HIMB1702_00873	HIMB1702	46	OG0001143	NA	NA	NA	NA	NA	HIMB1702_00869	4
HIMB1702-00000000001	834983	835396	+	HIMB1702_00874	HIMB1702	137	OG0000808	K07107	acyl-CoA thioester hydrolase [EC:3.1.2.-]	COG0824	FadM	Acyl-CoA thioesterase FadM	HIMB1702_00869	5
HIMB1709-00000000001	300567	300983	-	HIMB1709_00342	HIMB1709	138	OG0000808	K07107	acyl-CoA thioester hydrolase [EC:3.1.2.-]	COG0824	FadM	Acyl-CoA thioesterase FadM	HIMB1709_00347	-5
HIMB1709-00000000001	301042	301182	+	HIMB1709_00343	HIMB1709	46	OG0001143	NA	NA	NA	NA	NA	HIMB1709_00347	-4
HIMB1709-00000000001	301183	301833	-	HIMB1709_00344	HIMB1709	216	OG0000965	NA	NA	NA	NA	NA	HIMB1709_00347	-3
HIMB1709-00000000001	301909	302043	+	HIMB1709_00345	HIMB1709	44	OG0001265	NA	NA	NA	NA	NA	HIMB1709_00347	-2
HIMB1709-00000000001	302027	303031	-	HIMB1709_00346	HIMB1709	334	OG0000009	NA	NA	COG1063	Tdh	Threonine dehydrogenase or related Zn-dependent dehydrogenase	HIMB1709_00347	-1
HIMB1709-00000000001	303033	304490	-	HIMB1709_00347	HIMB1709	485	OG0000917	K03457	nucleobase:cation symporter-1, NCS1 family	COG1953	FUI1	Cytosine/uracil/thiamine/allantoin permease	HIMB1709_00347	0
HIMB1709-00000000001	304517	305851	-	HIMB1709_00348	HIMB1709	444	OG0000987	K11690	C4-dicarboxylate transporter, DctM subunit	COG4664	FcbT3	TRAP-type mannitol/chloroaromatic compound transport system, large permease component	HIMB1709_00347	1
HIMB1709-00000000001	305852	306466	-	HIMB1709_00349	HIMB1709	204	OG0000994	NA	NA	COG4665	FcbT2	TRAP-type mannitol/chloroaromatic compound transport system, small permease component	HIMB1709_00347	2
HIMB1709-00000000001	306538	307632	-	HIMB1709_00350	HIMB1709	364	OG0000072	NA	NA	COG4663	FcbT1	TRAP-type mannitol/chloroaromatic compound transport system, periplasmic component	HIMB1709_00347	3
HIMB1709-00000000001	307773	309368	+	HIMB1709_00351	HIMB1709	531	OG0000054	NA	NA	COG2303	BetA	Choline dehydrogenase or related flavoprotein	HIMB1709_00347	4
HIMB1709-00000000001	309368	309961	+	HIMB1709_00352	HIMB1709	197	OG0000922	NA	NA	COG0861	TerC	Tellurite resistance membrane protein TerC	HIMB1709_00347	5
HIMB1710-00000000003	805090	805683	-	HIMB1710_00859	HIMB1710	197	OG0000922	NA	NA	COG0861	TerC	Tellurite resistance membrane protein TerC	HIMB1710_00864	-5
HIMB1710-00000000003	805683	807278	-	HIMB1710_00860	HIMB1710	531	OG0000054	NA	NA	COG2303	BetA	Choline dehydrogenase or related flavoprotein	HIMB1710_00864	-4
HIMB1710-00000000003	807419	808513	+	HIMB1710_00861	HIMB1710	364	OG0000072	NA	NA	COG4663	FcbT1	TRAP-type mannitol/chloroaromatic compound transport system, periplasmic component	HIMB1710_00864	-3
HIMB1710-00000000003	808586	809200	+	HIMB1710_00862	HIMB1710	204	OG0000994	NA	NA	COG4665	FcbT2	TRAP-type mannitol/chloroaromatic compound transport system, small permease component	HIMB1710_00864	-2
HIMB1710-00000000003	809200	810534	+	HIMB1710_00863	HIMB1710	444	OG0000987	K11690	C4-dicarboxylate transporter, DctM subunit	COG4664	FcbT3	TRAP-type mannitol/chloroaromatic compound transport system, large permease component	HIMB1710_00864	-1
HIMB1710-00000000003	810561	812018	+	HIMB1710_00864	HIMB1710	485	OG0000917	K03457	nucleobase:cation symporter-1, NCS1 family	COG1953	FUI1	Cytosine/uracil/thiamine/allantoin permease	HIMB1710_00864	0
HIMB1710-00000000003	812020	813024	+	HIMB1710_00865	HIMB1710	334	OG0000009	NA	NA	COG1063	Tdh	Threonine dehydrogenase or related Zn-dependent dehydrogenase	HIMB1710_00864	1
HIMB1710-00000000003	813008	813142	-	HIMB1710_00866	HIMB1710	44	OG0001265	NA	NA	NA	NA	NA	HIMB1710_00864	2
HIMB1710-00000000003	813218	813868	+	HIMB1710_00867	HIMB1710	216	OG0000965	NA	NA	NA	NA	NA	HIMB1710_00864	3
HIMB1710-00000000003	813869	814009	-	HIMB1710_00868	HIMB1710	46	OG0001143	NA	NA	NA	NA	NA	HIMB1710_00864	4
HIMB1710-00000000003	814068	814481	+	HIMB1710_00869	HIMB1710	137	OG0000808	K07107	acyl-CoA thioester hydrolase [EC:3.1.2.-]	COG0824	FadM	Acyl-CoA thioesterase FadM	HIMB1710_00864	5
HIMB1715-00000000017	25524	26117	-	HIMB1715_01018	HIMB1715	197	OG0000922	NA	NA	COG0861	TerC	Tellurite resistance membrane protein TerC	HIMB1715_01023	-5
HIMB1715-00000000017	26117	27712	-	HIMB1715_01019	HIMB1715	531	OG0000054	NA	NA	COG2303	BetA	Choline dehydrogenase or related flavoprotein	HIMB1715_01023	-4
HIMB1715-00000000017	27853	28947	+	HIMB1715_01020	HIMB1715	364	OG0000072	NA	NA	COG4663	FcbT1	TRAP-type mannitol/chloroaromatic compound transport system, periplasmic component	HIMB1715_01023	-3
HIMB1715-00000000017	29019	29633	+	HIMB1715_01021	HIMB1715	204	OG0000994	NA	NA	COG4665	FcbT2	TRAP-type mannitol/chloroaromatic compound transport system, small permease component	HIMB1715_01023	-2
HIMB1715-00000000017	29633	30967	+	HIMB1715_01022	HIMB1715	444	OG0000987	K11690	C4-dicarboxylate transporter, DctM subunit	COG4664	FcbT3	TRAP-type mannitol/chloroaromatic compound transport system, large permease component	HIMB1715_01023	-1
HIMB1715-00000000017	30993	32450	+	HIMB1715_01023	HIMB1715	485	OG0000917	K03457	nucleobase:cation symporter-1, NCS1 family	COG1953	FUI1	Cytosine/uracil/thiamine/allantoin permease	HIMB1715_01023	0
HIMB1715-00000000017	32452	33456	+	HIMB1715_01024	HIMB1715	334	OG0000009	NA	NA	COG1063	Tdh	Threonine dehydrogenase or related Zn-dependent dehydrogenase	HIMB1715_01023	1
HIMB1715-00000000017	33440	33574	-	HIMB1715_01025	HIMB1715	44	OG0001265	NA	NA	NA	NA	NA	HIMB1715_01023	2
HIMB1715-00000000017	33650	34300	+	HIMB1715_01026	HIMB1715	216	OG0000965	NA	NA	NA	NA	NA	HIMB1715_01023	3
HIMB1715-00000000017	34301	34441	-	HIMB1715_01027	HIMB1715	46	OG0001143	NA	NA	NA	NA	NA	HIMB1715_01023	4
HIMB1715-00000000017	34500	34916	+	HIMB1715_01028	HIMB1715	138	OG0000808	K07107	acyl-CoA thioester hydrolase [EC:3.1.2.-]	COG0824	FadM	Acyl-CoA thioesterase FadM	HIMB1715_01023	5
HIMB1723-00000000001	66072	66485	-	HIMB1723_00071	HIMB1723	137	OG0000808	K07107	acyl-CoA thioester hydrolase [EC:3.1.2.-]	COG0824	FadM	Acyl-CoA thioesterase FadM	HIMB1723_00076	-5
HIMB1723-00000000001	66544	66684	+	HIMB1723_00072	HIMB1723	46	OG0001143	NA	NA	NA	NA	NA	HIMB1723_00076	-4
HIMB1723-00000000001	66685	67335	-	HIMB1723_00073	HIMB1723	216	OG0000965	NA	NA	NA	NA	NA	HIMB1723_00076	-3
HIMB1723-00000000001	67411	67545	+	HIMB1723_00074	HIMB1723	44	OG0001265	NA	NA	NA	NA	NA	HIMB1723_00076	-2
HIMB1723-00000000001	67529	68533	-	HIMB1723_00075	HIMB1723	334	OG0000009	NA	NA	COG1063	Tdh	Threonine dehydrogenase or related Zn-dependent dehydrogenase	HIMB1723_00076	-1
HIMB1723-00000000001	68535	69992	-	HIMB1723_00076	HIMB1723	485	OG0000917	K03457	nucleobase:cation symporter-1, NCS1 family	COG1953	FUI1	Cytosine/uracil/thiamine/allantoin permease	HIMB1723_00076	0
HIMB1723-00000000001	70019	71353	-	HIMB1723_00077	HIMB1723	444	OG0000987	K11690	C4-dicarboxylate transporter, DctM subunit	COG4664	FcbT3	TRAP-type mannitol/chloroaromatic compound transport system, large permease component	HIMB1723_00076	1
HIMB1723-00000000001	71353	71967	-	HIMB1723_00078	HIMB1723	204	OG0000994	NA	NA	COG4665	FcbT2	TRAP-type mannitol/chloroaromatic compound transport system, small permease component	HIMB1723_00076	2
HIMB1723-00000000001	72038	73132	-	HIMB1723_00079	HIMB1723	364	OG0000072	NA	NA	COG4663	FcbT1	TRAP-type mannitol/chloroaromatic compound transport system, periplasmic component	HIMB1723_00076	3
HIMB1723-00000000001	73273	74868	+	HIMB1723_00080	HIMB1723	531	OG0000054	NA	NA	COG2303	BetA	Choline dehydrogenase or related flavoprotein	HIMB1723_00076	4
HIMB1723-00000000001	74868	75461	+	HIMB1723_00081	HIMB1723	197	OG0000922	NA	NA	COG0861	TerC	Tellurite resistance membrane protein TerC	HIMB1723_00076	5
HIMB1746-00000000003	130278	130691	-	HIMB1746_00943	HIMB1746	137	OG0000808	K07107	acyl-CoA thioester hydrolase [EC:3.1.2.-]	COG0824	FadM	Acyl-CoA thioesterase FadM	HIMB1746_00948	-5
HIMB1746-00000000003	130750	130890	+	HIMB1746_00944	HIMB1746	46	OG0001143	NA	NA	NA	NA	NA	HIMB1746_00948	-4
HIMB1746-00000000003	130891	131541	-	HIMB1746_00945	HIMB1746	216	OG0000965	NA	NA	NA	NA	NA	HIMB1746_00948	-3
HIMB1746-00000000003	131617	131751	+	HIMB1746_00946	HIMB1746	44	OG0001265	NA	NA	NA	NA	NA	HIMB1746_00948	-2
HIMB1746-00000000003	131735	132739	-	HIMB1746_00947	HIMB1746	334	OG0000009	NA	NA	COG1063	Tdh	Threonine dehydrogenase or related Zn-dependent dehydrogenase	HIMB1746_00948	-1
HIMB1746-00000000003	132741	134198	-	HIMB1746_00948	HIMB1746	485	OG0000917	K03457	nucleobase:cation symporter-1, NCS1 family	COG1953	FUI1	Cytosine/uracil/thiamine/allantoin permease	HIMB1746_00948	0
HIMB1746-00000000003	134225	135559	-	HIMB1746_00949	HIMB1746	444	OG0000987	K11690	C4-dicarboxylate transporter, DctM subunit	COG4664	FcbT3	TRAP-type mannitol/chloroaromatic compound transport system, large permease component	HIMB1746_00948	1
HIMB1746-00000000003	135559	136173	-	HIMB1746_00950	HIMB1746	204	OG0000994	NA	NA	COG4665	FcbT2	TRAP-type mannitol/chloroaromatic compound transport system, small permease component	HIMB1746_00948	2
HIMB1746-00000000003	136245	137339	-	HIMB1746_00951	HIMB1746	364	OG0000072	NA	NA	COG4663	FcbT1	TRAP-type mannitol/chloroaromatic compound transport system, periplasmic component	HIMB1746_00948	3
HIMB1746-00000000003	137480	139075	+	HIMB1746_00952	HIMB1746	531	OG0000054	NA	NA	COG2303	BetA	Choline dehydrogenase or related flavoprotein	HIMB1746_00948	4
HIMB1746-00000000003	139075	139668	+	HIMB1746_00953	HIMB1746	197	OG0000922	NA	NA	COG0861	TerC	Tellurite resistance membrane protein TerC	HIMB1746_00948	5
HIMB1748-00000000003	596324	596737	-	HIMB1748_01262	HIMB1748	137	OG0000808	K07107	acyl-CoA thioester hydrolase [EC:3.1.2.-]	COG0824	FadM	Acyl-CoA thioesterase FadM	HIMB1748_01267	-5
HIMB1748-00000000003	596796	596936	+	HIMB1748_01263	HIMB1748	46	OG0001143	NA	NA	NA	NA	NA	HIMB1748_01267	-4
HIMB1748-00000000003	596937	597587	-	HIMB1748_01264	HIMB1748	216	OG0000965	NA	NA	NA	NA	NA	HIMB1748_01267	-3
HIMB1748-00000000003	597663	597797	+	HIMB1748_01265	HIMB1748	44	OG0001265	NA	NA	NA	NA	NA	HIMB1748_01267	-2
HIMB1748-00000000003	597781	598785	-	HIMB1748_01266	HIMB1748	334	OG0000009	NA	NA	COG1063	Tdh	Threonine dehydrogenase or related Zn-dependent dehydrogenase	HIMB1748_01267	-1
HIMB1748-00000000003	598787	600244	-	HIMB1748_01267	HIMB1748	485	OG0000917	K03457	nucleobase:cation symporter-1, NCS1 family	COG1953	FUI1	Cytosine/uracil/thiamine/allantoin permease	HIMB1748_01267	0
HIMB1748-00000000003	600271	601605	-	HIMB1748_01268	HIMB1748	444	OG0000987	K11690	C4-dicarboxylate transporter, DctM subunit	COG4664	FcbT3	TRAP-type mannitol/chloroaromatic compound transport system, large permease component	HIMB1748_01267	1
HIMB1748-00000000003	601605	602219	-	HIMB1748_01269	HIMB1748	204	OG0000994	NA	NA	COG4665	FcbT2	TRAP-type mannitol/chloroaromatic compound transport system, small permease component	HIMB1748_01267	2
HIMB1748-00000000003	602292	603386	-	HIMB1748_01270	HIMB1748	364	OG0000072	NA	NA	COG4663	FcbT1	TRAP-type mannitol/chloroaromatic compound transport system, periplasmic component	HIMB1748_01267	3
HIMB1748-00000000003	603527	605122	+	HIMB1748_01271	HIMB1748	531	OG0000054	NA	NA	COG2303	BetA	Choline dehydrogenase or related flavoprotein	HIMB1748_01267	4
HIMB1748-00000000003	605122	605715	+	HIMB1748_01272	HIMB1748	197	OG0000922	NA	NA	COG0861	TerC	Tellurite resistance membrane protein TerC	HIMB1748_01267	5
HIMB1758-00000000001	1275992	1276408	-	HIMB1758_01362	HIMB1758	138	OG0000808	K07107	acyl-CoA thioester hydrolase [EC:3.1.2.-]	COG0824	FadM	Acyl-CoA thioesterase FadM	HIMB1758_01367	-5
HIMB1758-00000000001	1276467	1276607	+	HIMB1758_01363	HIMB1758	46	OG0001143	NA	NA	NA	NA	NA	HIMB1758_01367	-4
HIMB1758-00000000001	1276608	1277258	-	HIMB1758_01364	HIMB1758	216	OG0000965	NA	NA	NA	NA	NA	HIMB1758_01367	-3
HIMB1758-00000000001	1277334	1277468	+	HIMB1758_01365	HIMB1758	44	OG0001265	NA	NA	NA	NA	NA	HIMB1758_01367	-2
HIMB1758-00000000001	1277452	1278456	-	HIMB1758_01366	HIMB1758	334	OG0000009	NA	NA	COG1063	Tdh	Threonine dehydrogenase or related Zn-dependent dehydrogenase	HIMB1758_01367	-1
HIMB1758-00000000001	1278458	1279915	-	HIMB1758_01367	HIMB1758	485	OG0000917	K03457	nucleobase:cation symporter-1, NCS1 family	COG1953	FUI1	Cytosine/uracil/thiamine/allantoin permease	HIMB1758_01367	0
HIMB1758-00000000001	1279942	1281276	-	HIMB1758_01368	HIMB1758	444	OG0000987	K11690	C4-dicarboxylate transporter, DctM subunit	COG4664	FcbT3	TRAP-type mannitol/chloroaromatic compound transport system, large permease component	HIMB1758_01367	1
HIMB1758-00000000001	1281276	1281890	-	HIMB1758_01369	HIMB1758	204	OG0000994	NA	NA	COG4665	FcbT2	TRAP-type mannitol/chloroaromatic compound transport system, small permease component	HIMB1758_01367	2
HIMB1758-00000000001	1281961	1283055	-	HIMB1758_01370	HIMB1758	364	OG0000072	NA	NA	COG4663	FcbT1	TRAP-type mannitol/chloroaromatic compound transport system, periplasmic component	HIMB1758_01367	3
HIMB1758-00000000001	1283196	1284791	+	HIMB1758_01371	HIMB1758	531	OG0000054	NA	NA	COG2303	BetA	Choline dehydrogenase or related flavoprotein	HIMB1758_01367	4
HIMB1758-00000000001	1284791	1285384	+	HIMB1758_01372	HIMB1758	197	OG0000922	NA	NA	COG0861	TerC	Tellurite resistance membrane protein TerC	HIMB1758_01367	5
HIMB1765-00000000001	167238	167831	-	HIMB1765_00186	HIMB1765	197	OG0000922	NA	NA	COG0861	TerC	Tellurite resistance membrane protein TerC	HIMB1765_00191	-5
HIMB1765-00000000001	167831	169426	-	HIMB1765_00187	HIMB1765	531	OG0000054	NA	NA	COG2303	BetA	Choline dehydrogenase or related flavoprotein	HIMB1765_00191	-4
HIMB1765-00000000001	169585	170661	+	HIMB1765_00188	HIMB1765	358	OG0000072	NA	NA	COG4663	FcbT1	TRAP-type mannitol/chloroaromatic compound transport system, periplasmic component	HIMB1765_00191	-3
HIMB1765-00000000001	170734	171348	+	HIMB1765_00189	HIMB1765	204	OG0000994	NA	NA	COG4665	FcbT2	TRAP-type mannitol/chloroaromatic compound transport system, small permease component	HIMB1765_00191	-2
HIMB1765-00000000001	171348	172682	+	HIMB1765_00190	HIMB1765	444	OG0000987	K11690	C4-dicarboxylate transporter, DctM subunit	COG4664	FcbT3	TRAP-type mannitol/chloroaromatic compound transport system, large permease component	HIMB1765_00191	-1
HIMB1765-00000000001	172709	174166	+	HIMB1765_00191	HIMB1765	485	OG0000917	K03457	nucleobase:cation symporter-1, NCS1 family	COG1953	FUI1	Cytosine/uracil/thiamine/allantoin permease	HIMB1765_00191	0
HIMB1765-00000000001	174168	175172	+	HIMB1765_00192	HIMB1765	334	OG0000009	NA	NA	COG1063	Tdh	Threonine dehydrogenase or related Zn-dependent dehydrogenase	HIMB1765_00191	1
HIMB1765-00000000001	175156	175290	-	HIMB1765_00193	HIMB1765	44	OG0001265	NA	NA	NA	NA	NA	HIMB1765_00191	2
HIMB1765-00000000001	175366	176016	+	HIMB1765_00194	HIMB1765	216	OG0000965	NA	NA	NA	NA	NA	HIMB1765_00191	3
HIMB1765-00000000001	176017	176157	-	HIMB1765_00195	HIMB1765	46	OG0001143	NA	NA	NA	NA	NA	HIMB1765_00191	4
HIMB1765-00000000001	176216	176629	+	HIMB1765_00196	HIMB1765	137	OG0000808	K07107	acyl-CoA thioester hydrolase [EC:3.1.2.-]	COG0824	FadM	Acyl-CoA thioesterase FadM	HIMB1765_00191	5
HIMB1770-00000000001	221204	221620	-	HIMB1770_00251	HIMB1770	138	OG0000808	K07107	acyl-CoA thioester hydrolase [EC:3.1.2.-]	COG0824	FadM	Acyl-CoA thioesterase FadM	HIMB1770_00256	-5
HIMB1770-00000000001	221679	221819	+	HIMB1770_00252	HIMB1770	46	OG0001143	NA	NA	NA	NA	NA	HIMB1770_00256	-4
HIMB1770-00000000001	221820	222470	-	HIMB1770_00253	HIMB1770	216	OG0000965	NA	NA	NA	NA	NA	HIMB1770_00256	-3
HIMB1770-00000000001	222511	222681	+	HIMB1770_00254	HIMB1770	56	OG0001265	NA	NA	NA	NA	NA	HIMB1770_00256	-2
HIMB1770-00000000001	222665	223669	-	HIMB1770_00255	HIMB1770	334	OG0000009	NA	NA	COG1063	Tdh	Threonine dehydrogenase or related Zn-dependent dehydrogenase	HIMB1770_00256	-1
HIMB1770-00000000001	223671	225128	-	HIMB1770_00256	HIMB1770	485	OG0000917	K03457	nucleobase:cation symporter-1, NCS1 family	COG1953	FUI1	Cytosine/uracil/thiamine/allantoin permease	HIMB1770_00256	0
HIMB1770-00000000001	225155	226489	-	HIMB1770_00257	HIMB1770	444	OG0000987	K11690	C4-dicarboxylate transporter, DctM subunit	COG4664	FcbT3	TRAP-type mannitol/chloroaromatic compound transport system, large permease component	HIMB1770_00256	1
HIMB1770-00000000001	226489	227103	-	HIMB1770_00258	HIMB1770	204	OG0000994	NA	NA	COG4665	FcbT2	TRAP-type mannitol/chloroaromatic compound transport system, small permease component	HIMB1770_00256	2
HIMB1770-00000000001	227175	228269	-	HIMB1770_00259	HIMB1770	364	OG0000072	NA	NA	COG4663	FcbT1	TRAP-type mannitol/chloroaromatic compound transport system, periplasmic component	HIMB1770_00256	3
HIMB1770-00000000001	228410	230005	+	HIMB1770_00260	HIMB1770	531	OG0000054	NA	NA	COG2303	BetA	Choline dehydrogenase or related flavoprotein	HIMB1770_00256	4
HIMB1770-00000000001	230005	230598	+	HIMB1770_00261	HIMB1770	197	OG0000922	NA	NA	COG0861	TerC	Tellurite resistance membrane protein TerC	HIMB1770_00256	5
HIMB1782-00000000001	37303	37716	-	HIMB1782_00042	HIMB1782	137	OG0000808	K07107	acyl-CoA thioester hydrolase [EC:3.1.2.-]	COG0824	FadM	Acyl-CoA thioesterase FadM	HIMB1782_00047	-5
HIMB1782-00000000001	37775	37915	+	HIMB1782_00043	HIMB1782	46	OG0001143	NA	NA	NA	NA	NA	HIMB1782_00047	-4
HIMB1782-00000000001	37916	38566	-	HIMB1782_00044	HIMB1782	216	OG0000965	NA	NA	NA	NA	NA	HIMB1782_00047	-3
HIMB1782-00000000001	38642	38776	+	HIMB1782_00045	HIMB1782	44	OG0001265	NA	NA	NA	NA	NA	HIMB1782_00047	-2
HIMB1782-00000000001	38760	39764	-	HIMB1782_00046	HIMB1782	334	OG0000009	NA	NA	COG1063	Tdh	Threonine dehydrogenase or related Zn-dependent dehydrogenase	HIMB1782_00047	-1
HIMB1782-00000000001	39766	41223	-	HIMB1782_00047	HIMB1782	485	OG0000917	K03457	nucleobase:cation symporter-1, NCS1 family	COG1953	FUI1	Cytosine/uracil/thiamine/allantoin permease	HIMB1782_00047	0
HIMB1782-00000000001	41250	42584	-	HIMB1782_00048	HIMB1782	444	OG0000987	K11690	C4-dicarboxylate transporter, DctM subunit	COG4664	FcbT3	TRAP-type mannitol/chloroaromatic compound transport system, large permease component	HIMB1782_00047	1
HIMB1782-00000000001	42584	43198	-	HIMB1782_00049	HIMB1782	204	OG0000994	NA	NA	COG4665	FcbT2	TRAP-type mannitol/chloroaromatic compound transport system, small permease component	HIMB1782_00047	2
HIMB1782-00000000001	43271	44365	-	HIMB1782_00050	HIMB1782	364	OG0000072	NA	NA	COG4663	FcbT1	TRAP-type mannitol/chloroaromatic compound transport system, periplasmic component	HIMB1782_00047	3
HIMB1782-00000000001	44506	46101	+	HIMB1782_00051	HIMB1782	531	OG0000054	NA	NA	COG2303	BetA	Choline dehydrogenase or related flavoprotein	HIMB1782_00047	4
HIMB1782-00000000001	46101	46694	+	HIMB1782_00052	HIMB1782	197	OG0000922	NA	NA	COG0861	TerC	Tellurite resistance membrane protein TerC	HIMB1782_00047	5
HIMB1835-00000000010	10531	11124	-	HIMB1835_00115	HIMB1835	197	OG0000922	NA	NA	COG0861	TerC	Tellurite resistance membrane protein TerC	HIMB1835_00120	-5
HIMB1835-00000000010	11124	12719	-	HIMB1835_00116	HIMB1835	531	OG0000054	NA	NA	COG2303	BetA	Choline dehydrogenase or related flavoprotein	HIMB1835_00120	-4
HIMB1835-00000000010	12852	13946	+	HIMB1835_00117	HIMB1835	364	OG0000072	NA	NA	COG4663	FcbT1	TRAP-type mannitol/chloroaromatic compound transport system, periplasmic component	HIMB1835_00120	-3
HIMB1835-00000000010	14016	14630	+	HIMB1835_00118	HIMB1835	204	OG0000994	NA	NA	COG4665	FcbT2	TRAP-type mannitol/chloroaromatic compound transport system, small permease component	HIMB1835_00120	-2
HIMB1835-00000000010	14627	15961	+	HIMB1835_00119	HIMB1835	444	OG0000987	K11690	C4-dicarboxylate transporter, DctM subunit	COG4664	FcbT3	TRAP-type mannitol/chloroaromatic compound transport system, large permease component	HIMB1835_00120	-1
HIMB1835-00000000010	15987	17444	+	HIMB1835_00120	HIMB1835	485	OG0000917	K03457	nucleobase:cation symporter-1, NCS1 family	COG1953	FUI1	Cytosine/uracil/thiamine/allantoin permease	HIMB1835_00120	0
HIMB1835-00000000010	17449	18201	+	HIMB1835_00121	HIMB1835	250	OG0001186	K21883	2-dehydro-3-deoxy-L-rhamnonate dehydrogenase (NAD+) [EC:1.1.1.401]	COG1028	FabG	NAD(P)-dependent dehydrogenase, short-chain alcohol dehydrogenase family	HIMB1835_00120	1
HIMB1835-00000000010	18198	18290	-	HIMB1835_00122	HIMB1835	30	OG0001265	NA	NA	NA	NA	NA	HIMB1835_00120	2
HIMB1838-00000000032	36542	37222	+	HIMB1838_00965	HIMB1838	226	OG0001011	K21929	uracil-DNA glycosylase [EC:3.2.2.27]	COG1573	Udg4	Uracil-DNA glycosylase	HIMB1838_00970	-5
HIMB1838-00000000032	37212	37634	-	HIMB1838_00966	HIMB1838	140	OG0000808	K07107	acyl-CoA thioester hydrolase [EC:3.1.2.-]	COG0824	FadM	Acyl-CoA thioesterase FadM	HIMB1838_00970	-4
HIMB1838-00000000032	37659	38309	-	HIMB1838_00967	HIMB1838	216	OG0000965	NA	NA	NA	NA	NA	HIMB1838_00970	-3
HIMB1838-00000000032	38393	38530	+	HIMB1838_00968	HIMB1838	45	OG0001265	NA	NA	NA	NA	NA	HIMB1838_00970	-2
HIMB1838-00000000032	38527	39279	-	HIMB1838_00969	HIMB1838	250	OG0001186	K21883	2-dehydro-3-deoxy-L-rhamnonate dehydrogenase (NAD+) [EC:1.1.1.401]	COG1028	FabG	NAD(P)-dependent dehydrogenase, short-chain alcohol dehydrogenase family	HIMB1838_00970	-1
HIMB1838-00000000032	39284	40741	-	HIMB1838_00970	HIMB1838	485	OG0000917	K03457	nucleobase:cation symporter-1, NCS1 family	COG1953	FUI1	Cytosine/uracil/thiamine/allantoin permease	HIMB1838_00970	0
HIMB1838-00000000032	40767	42101	-	HIMB1838_00971	HIMB1838	444	OG0000987	K11690	C4-dicarboxylate transporter, DctM subunit	COG4664	FcbT3	TRAP-type mannitol/chloroaromatic compound transport system, large permease component	HIMB1838_00970	1
HIMB1838-00000000032	42098	42712	-	HIMB1838_00972	HIMB1838	204	OG0000994	NA	NA	COG4665	FcbT2	TRAP-type mannitol/chloroaromatic compound transport system, small permease component	HIMB1838_00970	2
HIMB1838-00000000032	42781	43875	-	HIMB1838_00973	HIMB1838	364	OG0000072	NA	NA	COG4663	FcbT1	TRAP-type mannitol/chloroaromatic compound transport system, periplasmic component	HIMB1838_00970	3
HIMB1838-00000000032	44007	45602	+	HIMB1838_00974	HIMB1838	531	OG0000054	NA	NA	COG2303	BetA	Choline dehydrogenase or related flavoprotein	HIMB1838_00970	4
HIMB1838-00000000032	45602	46195	+	HIMB1838_00975	HIMB1838	197	OG0000922	NA	NA	COG0861	TerC	Tellurite resistance membrane protein TerC	HIMB1838_00970	5
HIMB1863-00000000003	36659	37339	+	HIMB1863_00422	HIMB1863	226	OG0001011	K21929	uracil-DNA glycosylase [EC:3.2.2.27]	COG1573	Udg4	Uracil-DNA glycosylase	HIMB1863_00427	-5
HIMB1863-00000000003	37329	37751	-	HIMB1863_00423	HIMB1863	140	OG0000808	K07107	acyl-CoA thioester hydrolase [EC:3.1.2.-]	COG0824	FadM	Acyl-CoA thioesterase FadM	HIMB1863_00427	-4
HIMB1863-00000000003	37776	38426	-	HIMB1863_00424	HIMB1863	216	OG0000965	NA	NA	NA	NA	NA	HIMB1863_00427	-3
HIMB1863-00000000003	38510	38647	+	HIMB1863_00425	HIMB1863	45	OG0001265	NA	NA	NA	NA	NA	HIMB1863_00427	-2
HIMB1863-00000000003	38644	39396	-	HIMB1863_00426	HIMB1863	250	OG0001186	K21883	2-dehydro-3-deoxy-L-rhamnonate dehydrogenase (NAD+) [EC:1.1.1.401]	COG1028	FabG	NAD(P)-dependent dehydrogenase, short-chain alcohol dehydrogenase family	HIMB1863_00427	-1
HIMB1863-00000000003	39401	40858	-	HIMB1863_00427	HIMB1863	485	OG0000917	K03457	nucleobase:cation symporter-1, NCS1 family	COG1953	FUI1	Cytosine/uracil/thiamine/allantoin permease	HIMB1863_00427	0
HIMB1863-00000000003	40884	42218	-	HIMB1863_00428	HIMB1863	444	OG0000987	K11690	C4-dicarboxylate transporter, DctM subunit	COG4664	FcbT3	TRAP-type mannitol/chloroaromatic compound transport system, large permease component	HIMB1863_00427	1
HIMB1863-00000000003	42215	42829	-	HIMB1863_00429	HIMB1863	204	OG0000994	NA	NA	COG4665	FcbT2	TRAP-type mannitol/chloroaromatic compound transport system, small permease component	HIMB1863_00427	2
HIMB1863-00000000003	42899	43993	-	HIMB1863_00430	HIMB1863	364	OG0000072	NA	NA	COG4663	FcbT1	TRAP-type mannitol/chloroaromatic compound transport system, periplasmic component	HIMB1863_00427	3
HIMB1863-00000000003	44125	45720	+	HIMB1863_00431	HIMB1863	531	OG0000054	NA	NA	COG2303	BetA	Choline dehydrogenase or related flavoprotein	HIMB1863_00427	4
HIMB1863-00000000003	45720	46313	+	HIMB1863_00432	HIMB1863	197	OG0000922	NA	NA	COG0861	TerC	Tellurite resistance membrane protein TerC	HIMB1863_00427	5
HIMB2104-00000000006	36532	37212	+	HIMB2104_00913	HIMB2104	226	OG0001011	K21929	uracil-DNA glycosylase [EC:3.2.2.27]	COG1573	Udg4	Uracil-DNA glycosylase	HIMB2104_00918	-5
HIMB2104-00000000006	37202	37624	-	HIMB2104_00914	HIMB2104	140	OG0000808	K07107	acyl-CoA thioester hydrolase [EC:3.1.2.-]	COG0824	FadM	Acyl-CoA thioesterase FadM	HIMB2104_00918	-4
HIMB2104-00000000006	37649	38299	-	HIMB2104_00915	HIMB2104	216	OG0000965	NA	NA	NA	NA	NA	HIMB2104_00918	-3
HIMB2104-00000000006	38383	38520	+	HIMB2104_00916	HIMB2104	45	OG0001265	NA	NA	NA	NA	NA	HIMB2104_00918	-2
HIMB2104-00000000006	38517	39269	-	HIMB2104_00917	HIMB2104	250	OG0001186	K21883	2-dehydro-3-deoxy-L-rhamnonate dehydrogenase (NAD+) [EC:1.1.1.401]	COG1028	FabG	NAD(P)-dependent dehydrogenase, short-chain alcohol dehydrogenase family	HIMB2104_00918	-1
HIMB2104-00000000006	39274	40731	-	HIMB2104_00918	HIMB2104	485	OG0000917	K03457	nucleobase:cation symporter-1, NCS1 family	COG1953	FUI1	Cytosine/uracil/thiamine/allantoin permease	HIMB2104_00918	0
HIMB2104-00000000006	40757	42091	-	HIMB2104_00919	HIMB2104	444	OG0000987	K11690	C4-dicarboxylate transporter, DctM subunit	COG4664	FcbT3	TRAP-type mannitol/chloroaromatic compound transport system, large permease component	HIMB2104_00918	1
HIMB2104-00000000006	42088	42702	-	HIMB2104_00920	HIMB2104	204	OG0000994	NA	NA	COG4665	FcbT2	TRAP-type mannitol/chloroaromatic compound transport system, small permease component	HIMB2104_00918	2
HIMB2104-00000000006	42772	43866	-	HIMB2104_00921	HIMB2104	364	OG0000072	NA	NA	COG4663	FcbT1	TRAP-type mannitol/chloroaromatic compound transport system, periplasmic component	HIMB2104_00918	3
HIMB2104-00000000006	43998	45593	+	HIMB2104_00922	HIMB2104	531	OG0000054	NA	NA	COG2303	BetA	Choline dehydrogenase or related flavoprotein	HIMB2104_00918	4
HIMB2104-00000000006	45593	46186	+	HIMB2104_00923	HIMB2104	197	OG0000922	NA	NA	COG0861	TerC	Tellurite resistance membrane protein TerC	HIMB2104_00918	5
HIMB2187-00000000002	210518	211111	-	HIMB2187_01201	HIMB2187	197	OG0000922	NA	NA	COG0861	TerC	Tellurite resistance membrane protein TerC	HIMB2187_01206	-5
HIMB2187-00000000002	211101	212705	-	HIMB2187_01202	HIMB2187	534	OG0000054	NA	NA	COG2303	BetA	Choline dehydrogenase or related flavoprotein	HIMB2187_01206	-4
HIMB2187-00000000002	212839	213933	+	HIMB2187_01203	HIMB2187	364	OG0000072	NA	NA	COG4663	FcbT1	TRAP-type mannitol/chloroaromatic compound transport system, periplasmic component	HIMB2187_01206	-3
HIMB2187-00000000002	214004	214618	+	HIMB2187_01204	HIMB2187	204	OG0000994	NA	NA	COG4665	FcbT2	TRAP-type mannitol/chloroaromatic compound transport system, small permease component	HIMB2187_01206	-2
HIMB2187-00000000002	214615	215949	+	HIMB2187_01205	HIMB2187	444	OG0000987	K11690	C4-dicarboxylate transporter, DctM subunit	COG4664	FcbT3	TRAP-type mannitol/chloroaromatic compound transport system, large permease component	HIMB2187_01206	-1
HIMB2187-00000000002	215975	217432	+	HIMB2187_01206	HIMB2187	485	OG0000917	K03457	nucleobase:cation symporter-1, NCS1 family	COG1953	FUI1	Cytosine/uracil/thiamine/allantoin permease	HIMB2187_01206	0
HIMB2187-00000000002	217437	218189	+	HIMB2187_01207	HIMB2187	250	OG0001186	K21883	2-dehydro-3-deoxy-L-rhamnonate dehydrogenase (NAD+) [EC:1.1.1.401]	COG1028	FabG	NAD(P)-dependent dehydrogenase, short-chain alcohol dehydrogenase family	HIMB2187_01206	1
HIMB2187-00000000002	218186	218323	-	HIMB2187_01208	HIMB2187	45	OG0001265	NA	NA	NA	NA	NA	HIMB2187_01206	2
HIMB2187-00000000002	218407	219057	+	HIMB2187_01209	HIMB2187	216	OG0000965	NA	NA	NA	NA	NA	HIMB2187_01206	3
HIMB2187-00000000002	219058	219198	-	HIMB2187_01210	HIMB2187	46	OG0001143	NA	NA	NA	NA	NA	HIMB2187_01206	4
HIMB2187-00000000002	219256	219678	+	HIMB2187_01211	HIMB2187	140	OG0000808	K07107	acyl-CoA thioester hydrolase [EC:3.1.2.-]	COG0824	FadM	Acyl-CoA thioesterase FadM	HIMB2187_01206	5
HIMB2200-00000000004	48893	49573	+	HIMB2200_00504	HIMB2200	226	OG0001011	K21929	uracil-DNA glycosylase [EC:3.2.2.27]	COG1573	Udg4	Uracil-DNA glycosylase	HIMB2200_00509	-5
HIMB2200-00000000004	49563	49985	-	HIMB2200_00505	HIMB2200	140	OG0000808	K07107	acyl-CoA thioester hydrolase [EC:3.1.2.-]	COG0824	FadM	Acyl-CoA thioesterase FadM	HIMB2200_00509	-4
HIMB2200-00000000004	50010	50660	-	HIMB2200_00506	HIMB2200	216	OG0000965	NA	NA	NA	NA	NA	HIMB2200_00509	-3
HIMB2200-00000000004	50744	50881	+	HIMB2200_00507	HIMB2200	45	OG0001265	NA	NA	NA	NA	NA	HIMB2200_00509	-2
HIMB2200-00000000004	50878	51630	-	HIMB2200_00508	HIMB2200	250	OG0001186	K21883	2-dehydro-3-deoxy-L-rhamnonate dehydrogenase (NAD+) [EC:1.1.1.401]	COG1028	FabG	NAD(P)-dependent dehydrogenase, short-chain alcohol dehydrogenase family	HIMB2200_00509	-1
HIMB2200-00000000004	51635	53092	-	HIMB2200_00509	HIMB2200	485	OG0000917	K03457	nucleobase:cation symporter-1, NCS1 family	COG1953	FUI1	Cytosine/uracil/thiamine/allantoin permease	HIMB2200_00509	0
HIMB2200-00000000004	53118	54452	-	HIMB2200_00510	HIMB2200	444	OG0000987	K11690	C4-dicarboxylate transporter, DctM subunit	COG4664	FcbT3	TRAP-type mannitol/chloroaromatic compound transport system, large permease component	HIMB2200_00509	1
HIMB2200-00000000004	54449	55063	-	HIMB2200_00511	HIMB2200	204	OG0000994	NA	NA	COG4665	FcbT2	TRAP-type mannitol/chloroaromatic compound transport system, small permease component	HIMB2200_00509	2
HIMB2200-00000000004	55133	56227	-	HIMB2200_00512	HIMB2200	364	OG0000072	NA	NA	COG4663	FcbT1	TRAP-type mannitol/chloroaromatic compound transport system, periplasmic component	HIMB2200_00509	3
HIMB2200-00000000004	56362	57957	+	HIMB2200_00513	HIMB2200	531	OG0000054	NA	NA	COG2303	BetA	Choline dehydrogenase or related flavoprotein	HIMB2200_00509	4
HIMB2200-00000000004	57957	58550	+	HIMB2200_00514	HIMB2200	197	OG0000922	NA	NA	COG0861	TerC	Tellurite resistance membrane protein TerC	HIMB2200_00509	5
HIMB2201-00000000001	248153	248746	-	HIMB2201_00269	HIMB2201	197	OG0000922	NA	NA	COG0861	TerC	Tellurite resistance membrane protein TerC	HIMB2201_00274	-5
HIMB2201-00000000001	248746	250341	-	HIMB2201_00270	HIMB2201	531	OG0000054	NA	NA	COG2303	BetA	Choline dehydrogenase or related flavoprotein	HIMB2201_00274	-4
HIMB2201-00000000001	250488	251582	+	HIMB2201_00271	HIMB2201	364	OG0000072	NA	NA	COG4663	FcbT1	TRAP-type mannitol/chloroaromatic compound transport system, periplasmic component	HIMB2201_00274	-3
HIMB2201-00000000001	251652	252266	+	HIMB2201_00272	HIMB2201	204	OG0000994	NA	NA	COG4665	FcbT2	TRAP-type mannitol/chloroaromatic compound transport system, small permease component	HIMB2201_00274	-2
HIMB2201-00000000001	252263	253597	+	HIMB2201_00273	HIMB2201	444	OG0000987	K11690	C4-dicarboxylate transporter, DctM subunit	COG4664	FcbT3	TRAP-type mannitol/chloroaromatic compound transport system, large permease component	HIMB2201_00274	-1
HIMB2201-00000000001	253623	255080	+	HIMB2201_00274	HIMB2201	485	OG0000917	K03457	nucleobase:cation symporter-1, NCS1 family	COG1953	FUI1	Cytosine/uracil/thiamine/allantoin permease	HIMB2201_00274	0
HIMB2201-00000000001	255086	255832	+	HIMB2201_00275	HIMB2201	248	OG0001186	K21883	2-dehydro-3-deoxy-L-rhamnonate dehydrogenase (NAD+) [EC:1.1.1.401]	COG1028	FabG	NAD(P)-dependent dehydrogenase, short-chain alcohol dehydrogenase family	HIMB2201_00274	1
HIMB2201-00000000001	255835	255936	-	HIMB2201_00276	HIMB2201	33	OG0001265	NA	NA	NA	NA	NA	HIMB2201_00274	2
HIMB2201-00000000001	256047	256697	+	HIMB2201_00277	HIMB2201	216	OG0000965	NA	NA	NA	NA	NA	HIMB2201_00274	3
HIMB2201-00000000001	256701	256838	-	HIMB2201_00278	HIMB2201	45	OG0001143	NA	NA	NA	NA	NA	HIMB2201_00274	4
HIMB2201-00000000001	256896	257309	+	HIMB2201_00279	HIMB2201	137	OG0000808	K07107	acyl-CoA thioester hydrolase [EC:3.1.2.-]	COG0824	FadM	Acyl-CoA thioesterase FadM	HIMB2201_00274	5
HIMB2204-00000000001	134892	135572	+	HIMB2204_00152	HIMB2204	226	OG0001011	K21929	uracil-DNA glycosylase [EC:3.2.2.27]	COG1573	Udg4	Uracil-DNA glycosylase	HIMB2204_00157	-5
HIMB2204-00000000001	135562	135984	-	HIMB2204_00153	HIMB2204	140	OG0000808	K07107	acyl-CoA thioester hydrolase [EC:3.1.2.-]	COG0824	FadM	Acyl-CoA thioesterase FadM	HIMB2204_00157	-4
HIMB2204-00000000001	136009	136659	-	HIMB2204_00154	HIMB2204	216	OG0000965	NA	NA	NA	NA	NA	HIMB2204_00157	-3
HIMB2204-00000000001	136788	136880	+	HIMB2204_00155	HIMB2204	30	OG0001265	NA	NA	NA	NA	NA	HIMB2204_00157	-2
HIMB2204-00000000001	136877	137629	-	HIMB2204_00156	HIMB2204	250	OG0001186	K21883	2-dehydro-3-deoxy-L-rhamnonate dehydrogenase (NAD+) [EC:1.1.1.401]	COG1028	FabG	NAD(P)-dependent dehydrogenase, short-chain alcohol dehydrogenase family	HIMB2204_00157	-1
HIMB2204-00000000001	137634	139091	-	HIMB2204_00157	HIMB2204	485	OG0000917	K03457	nucleobase:cation symporter-1, NCS1 family	COG1953	FUI1	Cytosine/uracil/thiamine/allantoin permease	HIMB2204_00157	0
HIMB2204-00000000001	139117	140451	-	HIMB2204_00158	HIMB2204	444	OG0000987	K11690	C4-dicarboxylate transporter, DctM subunit	COG4664	FcbT3	TRAP-type mannitol/chloroaromatic compound transport system, large permease component	HIMB2204_00157	1
HIMB2204-00000000001	140448	141062	-	HIMB2204_00159	HIMB2204	204	OG0000994	NA	NA	COG4665	FcbT2	TRAP-type mannitol/chloroaromatic compound transport system, small permease component	HIMB2204_00157	2
HIMB2204-00000000001	141132	142226	-	HIMB2204_00160	HIMB2204	364	OG0000072	NA	NA	COG4663	FcbT1	TRAP-type mannitol/chloroaromatic compound transport system, periplasmic component	HIMB2204_00157	3
HIMB2204-00000000001	142359	143954	+	HIMB2204_00161	HIMB2204	531	OG0000054	NA	NA	COG2303	BetA	Choline dehydrogenase or related flavoprotein	HIMB2204_00157	4
HIMB2204-00000000001	143954	144547	+	HIMB2204_00162	HIMB2204	197	OG0000922	NA	NA	COG0861	TerC	Tellurite resistance membrane protein TerC	HIMB2204_00157	5
HIMB2211-00000000001	589155	589568	-	HIMB2211_00641	HIMB2211	137	OG0000808	K07107	acyl-CoA thioester hydrolase [EC:3.1.2.-]	COG0824	FadM	Acyl-CoA thioesterase FadM	HIMB2211_00646	-5
HIMB2211-00000000001	589627	589767	+	HIMB2211_00642	HIMB2211	46	OG0001143	NA	NA	NA	NA	NA	HIMB2211_00646	-4
HIMB2211-00000000001	589768	590418	-	HIMB2211_00643	HIMB2211	216	OG0000965	NA	NA	NA	NA	NA	HIMB2211_00646	-3
HIMB2211-00000000001	590494	590628	+	HIMB2211_00644	HIMB2211	44	OG0001265	NA	NA	NA	NA	NA	HIMB2211_00646	-2
HIMB2211-00000000001	590612	591616	-	HIMB2211_00645	HIMB2211	334	OG0000009	NA	NA	COG1063	Tdh	Threonine dehydrogenase or related Zn-dependent dehydrogenase	HIMB2211_00646	-1
HIMB2211-00000000001	591618	593075	-	HIMB2211_00646	HIMB2211	485	OG0000917	K03457	nucleobase:cation symporter-1, NCS1 family	COG1953	FUI1	Cytosine/uracil/thiamine/allantoin permease	HIMB2211_00646	0
HIMB2211-00000000001	593102	594436	-	HIMB2211_00647	HIMB2211	444	OG0000987	K11690	C4-dicarboxylate transporter, DctM subunit	COG4664	FcbT3	TRAP-type mannitol/chloroaromatic compound transport system, large permease component	HIMB2211_00646	1
HIMB2211-00000000001	594436	595050	-	HIMB2211_00648	HIMB2211	204	OG0000994	NA	NA	COG4665	FcbT2	TRAP-type mannitol/chloroaromatic compound transport system, small permease component	HIMB2211_00646	2
HIMB2211-00000000001	595122	596216	-	HIMB2211_00649	HIMB2211	364	OG0000072	NA	NA	COG4663	FcbT1	TRAP-type mannitol/chloroaromatic compound transport system, periplasmic component	HIMB2211_00646	3
HIMB2211-00000000001	596357	597952	+	HIMB2211_00650	HIMB2211	531	OG0000054	NA	NA	COG2303	BetA	Choline dehydrogenase or related flavoprotein	HIMB2211_00646	4
HIMB2211-00000000001	597952	598545	+	HIMB2211_00651	HIMB2211	197	OG0000922	NA	NA	COG0861	TerC	Tellurite resistance membrane protein TerC	HIMB2211_00646	5
HIMB2215-00000000005	86482	87075	-	HIMB2215_00931	HIMB2215	197	OG0000922	NA	NA	COG0861	TerC	Tellurite resistance membrane protein TerC	HIMB2215_00936	-5
HIMB2215-00000000005	87075	88670	-	HIMB2215_00932	HIMB2215	531	OG0000054	NA	NA	COG2303	BetA	Choline dehydrogenase or related flavoprotein	HIMB2215_00936	-4
HIMB2215-00000000005	88805	89899	+	HIMB2215_00933	HIMB2215	364	OG0000072	NA	NA	COG4663	FcbT1	TRAP-type mannitol/chloroaromatic compound transport system, periplasmic component	HIMB2215_00936	-3
HIMB2215-00000000005	89969	90583	+	HIMB2215_00934	HIMB2215	204	OG0000994	NA	NA	COG4665	FcbT2	TRAP-type mannitol/chloroaromatic compound transport system, small permease component	HIMB2215_00936	-2
HIMB2215-00000000005	90580	91914	+	HIMB2215_00935	HIMB2215	444	OG0000987	K11690	C4-dicarboxylate transporter, DctM subunit	COG4664	FcbT3	TRAP-type mannitol/chloroaromatic compound transport system, large permease component	HIMB2215_00936	-1
HIMB2215-00000000005	91940	93397	+	HIMB2215_00936	HIMB2215	485	OG0000917	K03457	nucleobase:cation symporter-1, NCS1 family	COG1953	FUI1	Cytosine/uracil/thiamine/allantoin permease	HIMB2215_00936	0
HIMB2215-00000000005	93402	94154	+	HIMB2215_00937	HIMB2215	250	OG0001186	K21883	2-dehydro-3-deoxy-L-rhamnonate dehydrogenase (NAD+) [EC:1.1.1.401]	COG1028	FabG	NAD(P)-dependent dehydrogenase, short-chain alcohol dehydrogenase family	HIMB2215_00936	1
HIMB2215-00000000005	94151	94243	-	HIMB2215_00938	HIMB2215	30	OG0001265	NA	NA	NA	NA	NA	HIMB2215_00936	2
HIMB2215-00000000005	94372	95022	+	HIMB2215_00939	HIMB2215	216	OG0000965	NA	NA	NA	NA	NA	HIMB2215_00936	3
HIMB2215-00000000005	95047	95469	+	HIMB2215_00940	HIMB2215	140	OG0000808	K07107	acyl-CoA thioester hydrolase [EC:3.1.2.-]	COG0824	FadM	Acyl-CoA thioesterase FadM	HIMB2215_00936	4
HIMB2215-00000000005	95459	96139	-	HIMB2215_00941	HIMB2215	226	OG0001011	K21929	uracil-DNA glycosylase [EC:3.2.2.27]	COG1573	Udg4	Uracil-DNA glycosylase	HIMB2215_00936	5
HIMB2226-00000000002	305455	306135	+	HIMB2226_01041	HIMB2226	226	OG0001011	K21929	uracil-DNA glycosylase [EC:3.2.2.27]	COG1573	Udg4	Uracil-DNA glycosylase	HIMB2226_01046	-5
HIMB2226-00000000002	306125	306547	-	HIMB2226_01042	HIMB2226	140	OG0000808	K07107	acyl-CoA thioester hydrolase [EC:3.1.2.-]	COG0824	FadM	Acyl-CoA thioesterase FadM	HIMB2226_01046	-4
HIMB2226-00000000002	306605	306745	+	HIMB2226_01043	HIMB2226	46	OG0001143	NA	NA	NA	NA	NA	HIMB2226_01046	-3
HIMB2226-00000000002	306746	307396	-	HIMB2226_01044	HIMB2226	216	OG0000965	NA	NA	NA	NA	NA	HIMB2226_01046	-2
HIMB2226-00000000002	307614	308366	-	HIMB2226_01045	HIMB2226	250	OG0001186	K21883	2-dehydro-3-deoxy-L-rhamnonate dehydrogenase (NAD+) [EC:1.1.1.401]	COG1028	FabG	NAD(P)-dependent dehydrogenase, short-chain alcohol dehydrogenase family	HIMB2226_01046	-1
HIMB2226-00000000002	308371	309828	-	HIMB2226_01046	HIMB2226	485	OG0000917	K03457	nucleobase:cation symporter-1, NCS1 family	COG1953	FUI1	Cytosine/uracil/thiamine/allantoin permease	HIMB2226_01046	0
HIMB2226-00000000002	309854	311188	-	HIMB2226_01047	HIMB2226	444	OG0000987	K11690	C4-dicarboxylate transporter, DctM subunit	COG4664	FcbT3	TRAP-type mannitol/chloroaromatic compound transport system, large permease component	HIMB2226_01046	1
HIMB2226-00000000002	311188	311805	-	HIMB2226_01048	HIMB2226	205	OG0000994	NA	NA	COG4665	FcbT2	TRAP-type mannitol/chloroaromatic compound transport system, small permease component	HIMB2226_01046	2
HIMB2226-00000000002	311875	312969	-	HIMB2226_01049	HIMB2226	364	OG0000072	NA	NA	COG4663	FcbT1	TRAP-type mannitol/chloroaromatic compound transport system, periplasmic component	HIMB2226_01046	3
HIMB2226-00000000002	313103	314698	+	HIMB2226_01050	HIMB2226	531	OG0000054	NA	NA	COG2303	BetA	Choline dehydrogenase or related flavoprotein	HIMB2226_01046	4
HIMB2226-00000000002	314698	315291	+	HIMB2226_01051	HIMB2226	197	OG0000922	NA	NA	COG0861	TerC	Tellurite resistance membrane protein TerC	HIMB2226_01046	5
HIMB2250-00000000001	456736	457329	-	HIMB2250_00476	HIMB2250	197	OG0000922	NA	NA	COG0861	TerC	Tellurite resistance membrane protein TerC	HIMB2250_00481	-5
HIMB2250-00000000001	457329	458924	-	HIMB2250_00477	HIMB2250	531	OG0000054	NA	NA	COG2303	BetA	Choline dehydrogenase or related flavoprotein	HIMB2250_00481	-4
HIMB2250-00000000001	459071	460165	+	HIMB2250_00478	HIMB2250	364	OG0000072	NA	NA	COG4663	FcbT1	TRAP-type mannitol/chloroaromatic compound transport system, periplasmic component	HIMB2250_00481	-3
HIMB2250-00000000001	460234	460848	+	HIMB2250_00479	HIMB2250	204	OG0000994	NA	NA	COG4665	FcbT2	TRAP-type mannitol/chloroaromatic compound transport system, small permease component	HIMB2250_00481	-2
HIMB2250-00000000001	460845	462179	+	HIMB2250_00480	HIMB2250	444	OG0000987	K11690	C4-dicarboxylate transporter, DctM subunit	COG4664	FcbT3	TRAP-type mannitol/chloroaromatic compound transport system, large permease component	HIMB2250_00481	-1
HIMB2250-00000000001	462205	463662	+	HIMB2250_00481	HIMB2250	485	OG0000917	K03457	nucleobase:cation symporter-1, NCS1 family	COG1953	FUI1	Cytosine/uracil/thiamine/allantoin permease	HIMB2250_00481	0
HIMB2250-00000000001	463669	464415	+	HIMB2250_00482	HIMB2250	248	OG0001186	K21883	2-dehydro-3-deoxy-L-rhamnonate dehydrogenase (NAD+) [EC:1.1.1.401]	COG1028	FabG	NAD(P)-dependent dehydrogenase, short-chain alcohol dehydrogenase family	HIMB2250_00481	1
HIMB2250-00000000001	464418	464540	-	HIMB2250_00483	HIMB2250	40	OG0001265	NA	NA	NA	NA	NA	HIMB2250_00481	2
HIMB2250-00000000001	464630	465280	+	HIMB2250_00484	HIMB2250	216	OG0000965	NA	NA	NA	NA	NA	HIMB2250_00481	3
HIMB2250-00000000001	465277	465420	-	HIMB2250_00485	HIMB2250	47	OG0001143	NA	NA	NA	NA	NA	HIMB2250_00481	4
HIMB2250-00000000001	465478	465891	+	HIMB2250_00486	HIMB2250	137	OG0000808	K07107	acyl-CoA thioester hydrolase [EC:3.1.2.-]	COG0824	FadM	Acyl-CoA thioesterase FadM	HIMB2250_00481	5
HIMB2304-00000000188	154	501	+	HIMB2304_00687	HIMB2304	115	OG0000917	NA	NA	COG1953	FUI1	Cytosine/uracil/thiamine/allantoin permease	HIMB2304_00687	0
HIMB2304-00000000188	507	1253	+	HIMB2304_00688	HIMB2304	248	OG0001186	K21883	2-dehydro-3-deoxy-L-rhamnonate dehydrogenase (NAD+) [EC:1.1.1.401]	COG1028	FabG	NAD(P)-dependent dehydrogenase, short-chain alcohol dehydrogenase family	HIMB2304_00687	1
HIMB2305-00000000012	22239	22634	-	HIMB2305_01050	HIMB2305	131	OG0000808	K07107	acyl-CoA thioester hydrolase [EC:3.1.2.-]	COG0824	FadM	Acyl-CoA thioesterase FadM	HIMB2305_01055	-5
HIMB2305-00000000012	22686	24128	-	HIMB2305_01051	HIMB2305	480	OG0001158	NA	NA	COG2308	NA	Circularly permuted ATP-grasp protein	HIMB2305_01055	-4
HIMB2305-00000000012	24237	24962	+	HIMB2305_01052	HIMB2305	241	OG0001204	K07395	putative proteasome-type protease	COG3484	NA	Predicted proteasome-type protease	HIMB2305_01055	-3
HIMB2305-00000000012	25039	25692	-	HIMB2305_01053	HIMB2305	217	OG0000965	NA	NA	NA	NA	NA	HIMB2305_01055	-2
HIMB2305-00000000012	25922	26668	-	HIMB2305_01054	HIMB2305	248	OG0001186	K21883	2-dehydro-3-deoxy-L-rhamnonate dehydrogenase (NAD+) [EC:1.1.1.401]	COG1028	FabG	NAD(P)-dependent dehydrogenase, short-chain alcohol dehydrogenase family	HIMB2305_01055	-1
HIMB2305-00000000012	26668	28122	-	HIMB2305_01055	HIMB2305	484	OG0000917	K03457	nucleobase:cation symporter-1, NCS1 family	COG1953	FUI1	Cytosine/uracil/thiamine/allantoin permease	HIMB2305_01055	0
HIMB2305-00000000012	28147	29481	-	HIMB2305_01056	HIMB2305	444	OG0000987	K11690	C4-dicarboxylate transporter, DctM subunit	COG4664	FcbT3	TRAP-type mannitol/chloroaromatic compound transport system, large permease component	HIMB2305_01055	1
HIMB2305-00000000012	29478	30092	-	HIMB2305_01057	HIMB2305	204	OG0000994	NA	NA	COG4665	FcbT2	TRAP-type mannitol/chloroaromatic compound transport system, small permease component	HIMB2305_01055	2
HIMB2305-00000000012	30161	31267	-	HIMB2305_01058	HIMB2305	368	OG0000072	NA	NA	COG4663	FcbT1	TRAP-type mannitol/chloroaromatic compound transport system, periplasmic component	HIMB2305_01055	3
HIMB2305-00000000012	31365	32975	+	HIMB2305_01059	HIMB2305	536	OG0000054	NA	NA	COG2303	BetA	Choline dehydrogenase or related flavoprotein	HIMB2305_01055	4
HIMB2305-00000000012	32976	33557	+	HIMB2305_01060	HIMB2305	193	OG0000922	NA	NA	COG0861	TerC	Tellurite resistance membrane protein TerC	HIMB2305_01055	5
NZ_JBPPFS010000001.1	783008	783688	+	HIMB4_00857	HIMB4	226	OG0001011	K21929	uracil-DNA glycosylase [EC:3.2.2.27]	COG1573	Udg4	Uracil-DNA glycosylase	HIMB4_00862	-5
NZ_JBPPFS010000001.1	783678	784100	-	HIMB4_00858	HIMB4	140	OG0000808	K07107	acyl-CoA thioester hydrolase [EC:3.1.2.-]	COG0824	FadM	Acyl-CoA thioesterase FadM	HIMB4_00862	-4
NZ_JBPPFS010000001.1	784159	784299	+	HIMB4_00859	HIMB4	46	OG0001143	NA	NA	NA	NA	NA	HIMB4_00862	-3
NZ_JBPPFS010000001.1	784300	784950	-	HIMB4_00860	HIMB4	216	OG0000965	NA	NA	NA	NA	NA	HIMB4_00862	-2
NZ_JBPPFS010000001.1	785089	785841	-	HIMB4_00861	HIMB4	250	OG0001186	K21883	2-dehydro-3-deoxy-L-rhamnonate dehydrogenase (NAD+) [EC:1.1.1.401]	COG1028	FabG	NAD(P)-dependent dehydrogenase, short-chain alcohol dehydrogenase family	HIMB4_00862	-1
NZ_JBPPFS010000001.1	785846	787303	-	HIMB4_00862	HIMB4	485	OG0000917	K03457	nucleobase:cation symporter-1, NCS1 family	COG1953	FUI1	Cytosine/uracil/thiamine/allantoin permease	HIMB4_00862	0
NZ_JBPPFS010000001.1	787329	788663	-	HIMB4_00863	HIMB4	444	OG0000987	K11690	C4-dicarboxylate transporter, DctM subunit	COG4664	FcbT3	TRAP-type mannitol/chloroaromatic compound transport system, large permease component	HIMB4_00862	1
NZ_JBPPFS010000001.1	788664	789278	-	HIMB4_00864	HIMB4	204	OG0000994	NA	NA	COG4665	FcbT2	TRAP-type mannitol/chloroaromatic compound transport system, small permease component	HIMB4_00862	2
NZ_JBPPFS010000001.1	789352	790449	-	HIMB4_00865	HIMB4	365	OG0000072	NA	NA	COG4663	FcbT1	TRAP-type mannitol/chloroaromatic compound transport system, periplasmic component	HIMB4_00862	3
NZ_JBPPFS010000001.1	790597	792207	+	HIMB4_00866	HIMB4	536	OG0000054	NA	NA	COG2303	BetA	Choline dehydrogenase or related flavoprotein	HIMB4_00862	4
NZ_JBPPFS010000001.1	792207	792800	+	HIMB4_00867	HIMB4	197	OG0000922	NA	NA	COG0861	TerC	Tellurite resistance membrane protein TerC	HIMB4_00862	5
CP003809.1	473265	473861	-	HIMB5_00517	HIMB5	198	OG0000922	NA	NA	COG0861	TerC	Tellurite resistance membrane protein TerC	HIMB5_00522	-5
CP003809.1	473861	475456	-	HIMB5_00518	HIMB5	531	OG0000054	NA	NA	COG2303	BetA	Choline dehydrogenase or related flavoprotein	HIMB5_00522	-4
CP003809.1	475606	476703	+	HIMB5_00519	HIMB5	365	OG0000072	NA	NA	COG4663	FcbT1	TRAP-type mannitol/chloroaromatic compound transport system, periplasmic component	HIMB5_00522	-3
CP003809.1	476773	477387	+	HIMB5_00520	HIMB5	204	OG0000994	NA	NA	COG4665	FcbT2	TRAP-type mannitol/chloroaromatic compound transport system, small permease component	HIMB5_00522	-2
CP003809.1	477388	478722	+	HIMB5_00521	HIMB5	444	OG0000987	K11690	C4-dicarboxylate transporter, DctM subunit	COG4664	FcbT3	TRAP-type mannitol/chloroaromatic compound transport system, large permease component	HIMB5_00522	-1
CP003809.1	478744	480198	+	HIMB5_00522	HIMB5	484	OG0000917	K03457	nucleobase:cation symporter-1, NCS1 family	COG1953	FUI1	Cytosine/uracil/thiamine/allantoin permease	HIMB5_00522	0
CP003809.1	480200	481204	+	HIMB5_00523	HIMB5	334	OG0000009	NA	NA	COG1063	Tdh	Threonine dehydrogenase or related Zn-dependent dehydrogenase	HIMB5_00522	1
CP003809.1	481415	482065	+	HIMB5_00524	HIMB5	216	OG0000965	NA	NA	NA	NA	NA	HIMB5_00522	2
CP003809.1	482067	482207	-	HIMB5_00525	HIMB5	46	OG0001143	NA	NA	NA	NA	NA	HIMB5_00522	3
CP003809.1	482264	482686	+	HIMB5_00526	HIMB5	140	OG0000808	K07107	acyl-CoA thioester hydrolase [EC:3.1.2.-]	COG0824	FadM	Acyl-CoA thioesterase FadM	HIMB5_00522	4
CP003809.1	482676	483356	-	HIMB5_00527	HIMB5	226	OG0001011	K21929	uracil-DNA glycosylase [EC:3.2.2.27]	COG1573	Udg4	Uracil-DNA glycosylase	HIMB5_00522	5
CH724130.1	372150	372824	+	HTCC1002_00409	HTCC1002	224	OG0001011	K21929	uracil-DNA glycosylase [EC:3.2.2.27]	COG1573	Udg4	Uracil-DNA glycosylase	HTCC1002_00414	-5
CH724130.1	372817	373242	-	HTCC1002_00410	HTCC1002	141	OG0000808	K07107	acyl-CoA thioester hydrolase [EC:3.1.2.-]	COG0824	FadM	Acyl-CoA thioesterase FadM	HTCC1002_00414	-4
CH724130.1	373300	373437	+	HTCC1002_00411	HTCC1002	45	OG0001143	NA	NA	NA	NA	NA	HTCC1002_00414	-3
CH724130.1	373440	374081	-	HTCC1002_00412	HTCC1002	213	OG0000965	NA	NA	NA	NA	NA	HTCC1002_00414	-2
CH724130.1	374283	375029	-	HTCC1002_00413	HTCC1002	248	OG0001186	K21883	2-dehydro-3-deoxy-L-rhamnonate dehydrogenase (NAD+) [EC:1.1.1.401]	COG1028	FabG	NAD(P)-dependent dehydrogenase, short-chain alcohol dehydrogenase family	HTCC1002_00414	-1
CH724130.1	375034	376491	-	HTCC1002_00414	HTCC1002	485	OG0000917	K03457	nucleobase:cation symporter-1, NCS1 family	COG1953	FUI1	Cytosine/uracil/thiamine/allantoin permease	HTCC1002_00414	0
CH724130.1	376563	377453	+	HTCC1002_00415	HTCC1002	296	OG0001024	NA	NA	COG0697	EamA	Amino acid export permease, drug/metabolite transporter (DMT) superfamily	HTCC1002_00414	1
CH724130.1	377458	378783	-	HTCC1002_00416	HTCC1002	441	OG0000987	K11690	C4-dicarboxylate transporter, DctM subunit	COG4664	FcbT3	TRAP-type mannitol/chloroaromatic compound transport system, large permease component	HTCC1002_00414	2
CH724130.1	378783	379442	-	HTCC1002_00417	HTCC1002	219	OG0000994	NA	NA	COG4665	FcbT2	TRAP-type mannitol/chloroaromatic compound transport system, small permease component	HTCC1002_00414	3
CH724130.1	379531	380622	-	HTCC1002_00418	HTCC1002	363	OG0000072	NA	NA	COG4663	FcbT1	TRAP-type mannitol/chloroaromatic compound transport system, periplasmic component	HTCC1002_00414	4
CH724130.1	380801	381727	-	HTCC1002_00419	HTCC1002	308	OG0000005	K00020	3-hydroxyisobutyrate dehydrogenase [EC:1.1.1.31]	COG2084	MmsB	3-hydroxyisobutyrate dehydrogenase or related beta-hydroxyacid dehydrogenase	HTCC1002_00414	5
CH724130.1	1245215	1246423	-	HTCC1002_01327	HTCC1002	402	OG0001367	NA	NA	COG1196	Smc	Chromosome segregation ATPase Smc	HTCC1002_01332	-5
CH724130.1	1246505	1247149	-	HTCC1002_01328	HTCC1002	214	OG0001013	NA	NA	COG0652	PpiB	Peptidyl-prolyl cis-trans isomerase (rotamase) - cyclophilin family	HTCC1002_01332	-4
CH724130.1	1247149	1247886	-	HTCC1002_01329	HTCC1002	245	OG0001014	NA	NA	NA	NA	NA	HTCC1002_01332	-3
CH724130.1	1247944	1248903	+	HTCC1002_01330	HTCC1002	319	OG0001053	K25365	guanidinobutyrase / D-arginase [EC:3.5.3.7 3.5.3.10]	COG0010	SpeB	Arginase/agmatinase family enzyme	HTCC1002_01332	-2
CH724130.1	1248924	1250360	+	HTCC1002_01331	HTCC1002	478	OG0000047	NA	NA	COG1012	AdhE	Acyl-CoA reductase or other NAD-dependent aldehyde dehydrogenase	HTCC1002_01332	-1
CH724130.1	1250555	1252003	+	HTCC1002_01332	HTCC1002	482	OG0000917	K03457	nucleobase:cation symporter-1, NCS1 family	COG1953	FUI1	Cytosine/uracil/thiamine/allantoin permease	HTCC1002_01332	0
CH724130.1	1252049	1252552	-	HTCC1002_01333	HTCC1002	167	OG0001453	K01483	ureidoglycolate lyase [EC:4.3.2.3]	COG3194	AllA	Ureidoglycolate hydrolase (allantoin degradation)	HTCC1002_01332	1
CH724130.1	1252549	1253535	-	HTCC1002_01334	HTCC1002	328	OG0001450	K01477	allantoicase [EC:3.5.3.4]	COG4266	Alc	Allantoicase	HTCC1002_01332	2
CH724130.1	1253538	1254437	-	HTCC1002_01335	HTCC1002	299	OG0001445	K16842	allantoinase [EC:3.5.2.5]	COG0726	PgaB	Peptidoglycan/xylan/chitin deacetylase, PgdA/NodB/CDA1 family	HTCC1002_01332	3
CH724130.1	1254476	1255666	-	HTCC1002_01336	HTCC1002	396	OG0000997	K01438	acetylornithine deacetylase [EC:3.5.1.16]	COG0624	ArgE	Acetylornithine deacetylase/Succinyl-diaminopimelate desuccinylase or related deacylase	HTCC1002_01332	4
CH724130.1	1255694	1256035	+	HTCC1002_01337	HTCC1002	113	OG0000837	K06878	tRNA-binding protein	COG0073	EMAP	tRNA-binding EMAP/Myf domain	HTCC1002_01332	5
KI421437.1	64819	65493	+	HTCC1013_00064	HTCC1013	224	OG0001011	K21929	uracil-DNA glycosylase [EC:3.2.2.27]	COG1573	Udg4	Uracil-DNA glycosylase	HTCC1013_00069	-5
KI421437.1	65486	65911	-	HTCC1013_00065	HTCC1013	141	OG0000808	K07107	acyl-CoA thioester hydrolase [EC:3.1.2.-]	COG0824	FadM	Acyl-CoA thioesterase FadM	HTCC1013_00069	-4
KI421437.1	65969	66106	+	HTCC1013_00066	HTCC1013	45	OG0001143	NA	NA	NA	NA	NA	HTCC1013_00069	-3
KI421437.1	66109	66750	-	HTCC1013_00067	HTCC1013	213	OG0000965	NA	NA	NA	NA	NA	HTCC1013_00069	-2
KI421437.1	66952	67698	-	HTCC1013_00068	HTCC1013	248	OG0001186	K21883	2-dehydro-3-deoxy-L-rhamnonate dehydrogenase (NAD+) [EC:1.1.1.401]	COG1028	FabG	NAD(P)-dependent dehydrogenase, short-chain alcohol dehydrogenase family	HTCC1013_00069	-1
KI421437.1	67703	69160	-	HTCC1013_00069	HTCC1013	485	OG0000917	K03457	nucleobase:cation symporter-1, NCS1 family	COG1953	FUI1	Cytosine/uracil/thiamine/allantoin permease	HTCC1013_00069	0
KI421437.1	69186	70520	-	HTCC1013_00070	HTCC1013	444	OG0000987	K11690	C4-dicarboxylate transporter, DctM subunit	COG4664	FcbT3	TRAP-type mannitol/chloroaromatic compound transport system, large permease component	HTCC1013_00069	1
KI421437.1	70520	71167	-	HTCC1013_00071	HTCC1013	215	OG0000994	NA	NA	COG4665	FcbT2	TRAP-type mannitol/chloroaromatic compound transport system, small permease component	HTCC1013_00069	2
KI421437.1	71237	72331	-	HTCC1013_00072	HTCC1013	364	OG0000072	NA	NA	COG4663	FcbT1	TRAP-type mannitol/chloroaromatic compound transport system, periplasmic component	HTCC1013_00069	3
KI421437.1	72483	74078	+	HTCC1013_00073	HTCC1013	531	OG0000054	NA	NA	COG2303	BetA	Choline dehydrogenase or related flavoprotein	HTCC1013_00069	4
KI421437.1	74078	74668	+	HTCC1013_00074	HTCC1013	196	OG0000922	NA	NA	COG0861	TerC	Tellurite resistance membrane protein TerC	HTCC1013_00069	5
A3QGDRAFT_scaffold_0.1	726013	726603	-	HTCC1016_00777	HTCC1016	196	OG0000922	NA	NA	COG0861	TerC	Tellurite resistance membrane protein TerC	HTCC1016_00782	-5
A3QGDRAFT_scaffold_0.1	726603	728198	-	HTCC1016_00778	HTCC1016	531	OG0000054	NA	NA	COG2303	BetA	Choline dehydrogenase or related flavoprotein	HTCC1016_00782	-4
A3QGDRAFT_scaffold_0.1	728350	729444	+	HTCC1016_00779	HTCC1016	364	OG0000072	NA	NA	COG4663	FcbT1	TRAP-type mannitol/chloroaromatic compound transport system, periplasmic component	HTCC1016_00782	-3
A3QGDRAFT_scaffold_0.1	729514	730161	+	HTCC1016_00780	HTCC1016	215	OG0000994	NA	NA	COG4665	FcbT2	TRAP-type mannitol/chloroaromatic compound transport system, small permease component	HTCC1016_00782	-2
A3QGDRAFT_scaffold_0.1	730161	731495	+	HTCC1016_00781	HTCC1016	444	OG0000987	K11690	C4-dicarboxylate transporter, DctM subunit	COG4664	FcbT3	TRAP-type mannitol/chloroaromatic compound transport system, large permease component	HTCC1016_00782	-1
A3QGDRAFT_scaffold_0.1	731521	732978	+	HTCC1016_00782	HTCC1016	485	OG0000917	K03457	nucleobase:cation symporter-1, NCS1 family	COG1953	FUI1	Cytosine/uracil/thiamine/allantoin permease	HTCC1016_00782	0
A3QGDRAFT_scaffold_0.1	732983	733729	+	HTCC1016_00783	HTCC1016	248	OG0001186	K21883	2-dehydro-3-deoxy-L-rhamnonate dehydrogenase (NAD+) [EC:1.1.1.401]	COG1028	FabG	NAD(P)-dependent dehydrogenase, short-chain alcohol dehydrogenase family	HTCC1016_00782	1
A3QGDRAFT_scaffold_0.1	733931	734572	+	HTCC1016_00784	HTCC1016	213	OG0000965	NA	NA	NA	NA	NA	HTCC1016_00782	2
A3QGDRAFT_scaffold_0.1	734575	734712	-	HTCC1016_00785	HTCC1016	45	OG0001143	NA	NA	NA	NA	NA	HTCC1016_00782	3
A3QGDRAFT_scaffold_0.1	734770	735195	+	HTCC1016_00786	HTCC1016	141	OG0000808	K07107	acyl-CoA thioester hydrolase [EC:3.1.2.-]	COG0824	FadM	Acyl-CoA thioesterase FadM	HTCC1016_00782	4
A3QGDRAFT_scaffold_0.1	735188	735862	-	HTCC1016_00787	HTCC1016	224	OG0001011	K21929	uracil-DNA glycosylase [EC:3.2.2.27]	COG1573	Udg4	Uracil-DNA glycosylase	HTCC1016_00782	5
A3QGDRAFT_scaffold_1.2	354576	354917	-	HTCC1016_01259	HTCC1016	113	OG0000837	K06878	tRNA-binding protein	COG0073	EMAP	tRNA-binding EMAP/Myf domain	HTCC1016_01264	-5
A3QGDRAFT_scaffold_1.2	354945	356135	+	HTCC1016_01260	HTCC1016	396	OG0000997	K01438	acetylornithine deacetylase [EC:3.5.1.16]	COG0624	ArgE	Acetylornithine deacetylase/Succinyl-diaminopimelate desuccinylase or related deacylase	HTCC1016_01264	-4
A3QGDRAFT_scaffold_1.2	356174	357073	+	HTCC1016_01261	HTCC1016	299	OG0001445	K16842	allantoinase [EC:3.5.2.5]	COG0726	PgaB	Peptidoglycan/xylan/chitin deacetylase, PgdA/NodB/CDA1 family	HTCC1016_01264	-3
A3QGDRAFT_scaffold_1.2	357076	358062	+	HTCC1016_01262	HTCC1016	328	OG0001450	K01477	allantoicase [EC:3.5.3.4]	COG4266	Alc	Allantoicase	HTCC1016_01264	-2
A3QGDRAFT_scaffold_1.2	358059	358562	+	HTCC1016_01263	HTCC1016	167	OG0001453	K01483	ureidoglycolate lyase [EC:4.3.2.3]	COG3194	AllA	Ureidoglycolate hydrolase (allantoin degradation)	HTCC1016_01264	-1
A3QGDRAFT_scaffold_1.2	358608	360056	-	HTCC1016_01264	HTCC1016	482	OG0000917	K03457	nucleobase:cation symporter-1, NCS1 family	COG1953	FUI1	Cytosine/uracil/thiamine/allantoin permease	HTCC1016_01264	0
A3QGDRAFT_scaffold_1.2	360251	361687	-	HTCC1016_01265	HTCC1016	478	OG0000047	NA	NA	COG1012	AdhE	Acyl-CoA reductase or other NAD-dependent aldehyde dehydrogenase	HTCC1016_01264	1
A3QGDRAFT_scaffold_1.2	361708	362667	-	HTCC1016_01266	HTCC1016	319	OG0001053	K25365	guanidinobutyrase / D-arginase [EC:3.5.3.7 3.5.3.10]	COG0010	SpeB	Arginase/agmatinase family enzyme	HTCC1016_01264	2
A3QGDRAFT_scaffold_1.2	362725	363462	+	HTCC1016_01267	HTCC1016	245	OG0001014	NA	NA	NA	NA	NA	HTCC1016_01264	3
A3QGDRAFT_scaffold_1.2	363462	364106	+	HTCC1016_01268	HTCC1016	214	OG0001013	NA	NA	COG0652	PpiB	Peptidyl-prolyl cis-trans isomerase (rotamase) - cyclophilin family	HTCC1016_01264	4
A3QGDRAFT_scaffold_1.2	364188	365396	+	HTCC1016_01269	HTCC1016	402	OG0001367	NA	NA	COG1196	Smc	Chromosome segregation ATPase Smc	HTCC1016_01264	5
ARVY01000001.1	678527	679117	-	HTCC1040_00716	HTCC1040	196	OG0000922	NA	NA	COG0861	TerC	Tellurite resistance membrane protein TerC	HTCC1040_00721	-5
ARVY01000001.1	679117	680712	-	HTCC1040_00717	HTCC1040	531	OG0000054	NA	NA	COG2303	BetA	Choline dehydrogenase or related flavoprotein	HTCC1040_00721	-4
ARVY01000001.1	680864	681958	+	HTCC1040_00718	HTCC1040	364	OG0000072	NA	NA	COG4663	FcbT1	TRAP-type mannitol/chloroaromatic compound transport system, periplasmic component	HTCC1040_00721	-3
ARVY01000001.1	682028	682675	+	HTCC1040_00719	HTCC1040	215	OG0000994	NA	NA	COG4665	FcbT2	TRAP-type mannitol/chloroaromatic compound transport system, small permease component	HTCC1040_00721	-2
ARVY01000001.1	682675	684009	+	HTCC1040_00720	HTCC1040	444	OG0000987	K11690	C4-dicarboxylate transporter, DctM subunit	COG4664	FcbT3	TRAP-type mannitol/chloroaromatic compound transport system, large permease component	HTCC1040_00721	-1
ARVY01000001.1	684035	685492	+	HTCC1040_00721	HTCC1040	485	OG0000917	K03457	nucleobase:cation symporter-1, NCS1 family	COG1953	FUI1	Cytosine/uracil/thiamine/allantoin permease	HTCC1040_00721	0
ARVY01000001.1	685497	686243	+	HTCC1040_00722	HTCC1040	248	OG0001186	K21883	2-dehydro-3-deoxy-L-rhamnonate dehydrogenase (NAD+) [EC:1.1.1.401]	COG1028	FabG	NAD(P)-dependent dehydrogenase, short-chain alcohol dehydrogenase family	HTCC1040_00721	1
ARVY01000001.1	686445	687086	+	HTCC1040_00723	HTCC1040	213	OG0000965	NA	NA	NA	NA	NA	HTCC1040_00721	2
ARVY01000001.1	687283	687708	+	HTCC1040_00724	HTCC1040	141	OG0000808	K07107	acyl-CoA thioester hydrolase [EC:3.1.2.-]	COG0824	FadM	Acyl-CoA thioesterase FadM	HTCC1040_00721	3
ARVY01000001.1	687701	688375	-	HTCC1040_00725	HTCC1040	224	OG0001011	K21929	uracil-DNA glycosylase [EC:3.2.2.27]	COG1573	Udg4	Uracil-DNA glycosylase	HTCC1040_00721	4
ARVY01000001.1	688378	688929	+	HTCC1040_00726	HTCC1040	183	OG0000787	NA	NA	COG2062	SixA	Phosphohistidine phosphatase SixA	HTCC1040_00721	5
ARVY01000001.1	1080385	1080726	-	HTCC1040_01175	HTCC1040	113	OG0000837	K06878	tRNA-binding protein	COG0073	EMAP	tRNA-binding EMAP/Myf domain	HTCC1040_01180	-5
ARVY01000001.1	1080754	1081944	+	HTCC1040_01176	HTCC1040	396	OG0000997	K01438	acetylornithine deacetylase [EC:3.5.1.16]	COG0624	ArgE	Acetylornithine deacetylase/Succinyl-diaminopimelate desuccinylase or related deacylase	HTCC1040_01180	-4
ARVY01000001.1	1081983	1082882	+	HTCC1040_01177	HTCC1040	299	OG0001445	K16842	allantoinase [EC:3.5.2.5]	COG0726	PgaB	Peptidoglycan/xylan/chitin deacetylase, PgdA/NodB/CDA1 family	HTCC1040_01180	-3
ARVY01000001.1	1082885	1083871	+	HTCC1040_01178	HTCC1040	328	OG0001450	K01477	allantoicase [EC:3.5.3.4]	COG4266	Alc	Allantoicase	HTCC1040_01180	-2
ARVY01000001.1	1083868	1084371	+	HTCC1040_01179	HTCC1040	167	OG0001453	K01483	ureidoglycolate lyase [EC:4.3.2.3]	COG3194	AllA	Ureidoglycolate hydrolase (allantoin degradation)	HTCC1040_01180	-1
ARVY01000001.1	1084417	1085865	-	HTCC1040_01180	HTCC1040	482	OG0000917	K03457	nucleobase:cation symporter-1, NCS1 family	COG1953	FUI1	Cytosine/uracil/thiamine/allantoin permease	HTCC1040_01180	0
ARVY01000001.1	1086060	1087496	-	HTCC1040_01181	HTCC1040	478	OG0000047	NA	NA	COG1012	AdhE	Acyl-CoA reductase or other NAD-dependent aldehyde dehydrogenase	HTCC1040_01180	1
ARVY01000001.1	1087517	1088476	-	HTCC1040_01182	HTCC1040	319	OG0001053	K25365	guanidinobutyrase / D-arginase [EC:3.5.3.7 3.5.3.10]	COG0010	SpeB	Arginase/agmatinase family enzyme	HTCC1040_01180	2
ARVY01000001.1	1088534	1089271	+	HTCC1040_01183	HTCC1040	245	OG0001014	NA	NA	NA	NA	NA	HTCC1040_01180	3
ARVY01000001.1	1089271	1089915	+	HTCC1040_01184	HTCC1040	214	OG0001013	NA	NA	COG0652	PpiB	Peptidyl-prolyl cis-trans isomerase (rotamase) - cyclophilin family	HTCC1040_01180	4
ARVY01000001.1	1089997	1091205	+	HTCC1040_01185	HTCC1040	402	OG0001367	NA	NA	COG1196	Smc	Chromosome segregation ATPase Smc	HTCC1040_01180	5
CP000084.1	832239	833165	+	HTCC1062_00871	HTCC1062	308	OG0000005	K00020	3-hydroxyisobutyrate dehydrogenase [EC:1.1.1.31]	COG2084	MmsB	3-hydroxyisobutyrate dehydrogenase or related beta-hydroxyacid dehydrogenase	HTCC1062_00876	-5
CP000084.1	833343	834434	+	HTCC1062_00872	HTCC1062	363	OG0000072	NA	NA	COG4663	FcbT1	TRAP-type mannitol/chloroaromatic compound transport system, periplasmic component	HTCC1062_00876	-4
CP000084.1	834523	835182	+	HTCC1062_00873	HTCC1062	219	OG0000994	NA	NA	COG4665	FcbT2	TRAP-type mannitol/chloroaromatic compound transport system, small permease component	HTCC1062_00876	-3
CP000084.1	835182	836507	+	HTCC1062_00874	HTCC1062	441	OG0000987	K11690	C4-dicarboxylate transporter, DctM subunit	COG4664	FcbT3	TRAP-type mannitol/chloroaromatic compound transport system, large permease component	HTCC1062_00876	-2
CP000084.1	836512	837402	-	HTCC1062_00875	HTCC1062	296	OG0001024	NA	NA	COG0697	EamA	Amino acid export permease, drug/metabolite transporter (DMT) superfamily	HTCC1062_00876	-1
CP000084.1	837474	838931	+	HTCC1062_00876	HTCC1062	485	OG0000917	K03457	nucleobase:cation symporter-1, NCS1 family	COG1953	FUI1	Cytosine/uracil/thiamine/allantoin permease	HTCC1062_00876	0
CP000084.1	838936	839682	+	HTCC1062_00877	HTCC1062	248	OG0001186	K21883	2-dehydro-3-deoxy-L-rhamnonate dehydrogenase (NAD+) [EC:1.1.1.401]	COG1028	FabG	NAD(P)-dependent dehydrogenase, short-chain alcohol dehydrogenase family	HTCC1062_00876	1
CP000084.1	839884	840525	+	HTCC1062_00878	HTCC1062	213	OG0000965	NA	NA	NA	NA	NA	HTCC1062_00876	2
CP000084.1	840528	840665	-	HTCC1062_00879	HTCC1062	45	OG0001143	NA	NA	NA	NA	NA	HTCC1062_00876	3
CP000084.1	840723	841148	+	HTCC1062_00880	HTCC1062	141	OG0000808	K07107	acyl-CoA thioester hydrolase [EC:3.1.2.-]	COG0824	FadM	Acyl-CoA thioesterase FadM	HTCC1062_00876	4
CP000084.1	841141	841815	-	HTCC1062_00881	HTCC1062	224	OG0001011	K21929	uracil-DNA glycosylase [EC:3.2.2.27]	COG1573	Udg4	Uracil-DNA glycosylase	HTCC1062_00876	5
DS995298.1	1090914	1091594	+	HTCC7211_01193	HTCC7211	226	OG0001011	K21929	uracil-DNA glycosylase [EC:3.2.2.27]	COG1573	Udg4	Uracil-DNA glycosylase	HTCC7211_01198	-5
DS995298.1	1091584	1092006	-	HTCC7211_01194	HTCC7211	140	OG0000808	K07107	acyl-CoA thioester hydrolase [EC:3.1.2.-]	COG0824	FadM	Acyl-CoA thioesterase FadM	HTCC7211_01198	-4
DS995298.1	1092054	1092704	-	HTCC7211_01195	HTCC7211	216	OG0000965	NA	NA	NA	NA	NA	HTCC7211_01198	-3
DS995298.1	1092795	1092932	+	HTCC7211_01196	HTCC7211	45	OG0001265	NA	NA	NA	NA	NA	HTCC7211_01198	-2
DS995298.1	1092922	1093668	-	HTCC7211_01197	HTCC7211	248	OG0001186	K21883	2-dehydro-3-deoxy-L-rhamnonate dehydrogenase (NAD+) [EC:1.1.1.401]	COG1028	FabG	NAD(P)-dependent dehydrogenase, short-chain alcohol dehydrogenase family	HTCC7211_01198	-1
DS995298.1	1093673	1095187	-	HTCC7211_01198	HTCC7211	504	OG0000917	K03457	nucleobase:cation symporter-1, NCS1 family	COG1953	FUI1	Cytosine/uracil/thiamine/allantoin permease	HTCC7211_01198	0
DS995298.1	1095157	1096491	-	HTCC7211_01199	HTCC7211	444	OG0000987	K11690	C4-dicarboxylate transporter, DctM subunit	COG4664	FcbT3	TRAP-type mannitol/chloroaromatic compound transport system, large permease component	HTCC7211_01198	1
DS995298.1	1096492	1097130	-	HTCC7211_01200	HTCC7211	212	OG0000994	NA	NA	COG4665	FcbT2	TRAP-type mannitol/chloroaromatic compound transport system, small permease component	HTCC7211_01198	2
DS995298.1	1097198	1098313	-	HTCC7211_01201	HTCC7211	371	OG0000072	NA	NA	COG4663	FcbT1	TRAP-type mannitol/chloroaromatic compound transport system, periplasmic component	HTCC7211_01198	3
DS995298.1	1098445	1100040	+	HTCC7211_01202	HTCC7211	531	OG0000054	NA	NA	COG2303	BetA	Choline dehydrogenase or related flavoprotein	HTCC7211_01198	4
DS995298.1	1100041	1100634	+	HTCC7211_01203	HTCC7211	197	OG0000922	NA	NA	COG0861	TerC	Tellurite resistance membrane protein TerC	HTCC7211_01198	5
KL370779.1	968849	969442	-	HTCC7214_01007	HTCC7214	197	OG0000922	NA	NA	COG0861	TerC	Tellurite resistance membrane protein TerC	HTCC7214_01012	-5
KL370779.1	969443	971038	-	HTCC7214_01008	HTCC7214	531	OG0000054	NA	NA	COG2303	BetA	Choline dehydrogenase or related flavoprotein	HTCC7214_01012	-4
KL370779.1	971183	972277	+	HTCC7214_01009	HTCC7214	364	OG0000072	NA	NA	COG4663	FcbT1	TRAP-type mannitol/chloroaromatic compound transport system, periplasmic component	HTCC7214_01012	-3
KL370779.1	972347	972961	+	HTCC7214_01010	HTCC7214	204	OG0000994	NA	NA	COG4665	FcbT2	TRAP-type mannitol/chloroaromatic compound transport system, small permease component	HTCC7214_01012	-2
KL370779.1	972958	974292	+	HTCC7214_01011	HTCC7214	444	OG0000987	K11690	C4-dicarboxylate transporter, DctM subunit	COG4664	FcbT3	TRAP-type mannitol/chloroaromatic compound transport system, large permease component	HTCC7214_01012	-1
KL370779.1	974319	975776	+	HTCC7214_01012	HTCC7214	485	OG0000917	K03457	nucleobase:cation symporter-1, NCS1 family	COG1953	FUI1	Cytosine/uracil/thiamine/allantoin permease	HTCC7214_01012	0
KL370779.1	975781	976527	+	HTCC7214_01013	HTCC7214	248	OG0001186	K21883	2-dehydro-3-deoxy-L-rhamnonate dehydrogenase (NAD+) [EC:1.1.1.401]	COG1028	FabG	NAD(P)-dependent dehydrogenase, short-chain alcohol dehydrogenase family	HTCC7214_01012	1
KL370779.1	976745	977395	+	HTCC7214_01014	HTCC7214	216	OG0000965	NA	NA	NA	NA	NA	HTCC7214_01012	2
KL370779.1	977396	977536	-	HTCC7214_01015	HTCC7214	46	OG0001143	NA	NA	NA	NA	NA	HTCC7214_01012	3
KL370779.1	977594	978016	+	HTCC7214_01016	HTCC7214	140	OG0000808	K07107	acyl-CoA thioester hydrolase [EC:3.1.2.-]	COG0824	FadM	Acyl-CoA thioesterase FadM	HTCC7214_01012	4
KL370779.1	978006	978686	-	HTCC7214_01017	HTCC7214	226	OG0001011	K21929	uracil-DNA glycosylase [EC:3.2.2.27]	COG1573	Udg4	Uracil-DNA glycosylase	HTCC7214_01012	5
JNIU01000001.1	454855	455412	-	HTCC7217_00509	HTCC7217	185	OG0000787	NA	NA	COG2062	SixA	Phosphohistidine phosphatase SixA	HTCC7217_00514	-5
JNIU01000001.1	455415	456095	+	HTCC7217_00510	HTCC7217	226	OG0001011	K21929	uracil-DNA glycosylase [EC:3.2.2.27]	COG1573	Udg4	Uracil-DNA glycosylase	HTCC7217_00514	-4
JNIU01000001.1	456085	456507	-	HTCC7217_00511	HTCC7217	140	OG0000808	K07107	acyl-CoA thioester hydrolase [EC:3.1.2.-]	COG0824	FadM	Acyl-CoA thioesterase FadM	HTCC7217_00514	-3
JNIU01000001.1	456555	457205	-	HTCC7217_00512	HTCC7217	216	OG0000965	NA	NA	NA	NA	NA	HTCC7217_00514	-2
JNIU01000001.1	457423	458169	-	HTCC7217_00513	HTCC7217	248	OG0001186	K21883	2-dehydro-3-deoxy-L-rhamnonate dehydrogenase (NAD+) [EC:1.1.1.401]	COG1028	FabG	NAD(P)-dependent dehydrogenase, short-chain alcohol dehydrogenase family	HTCC7217_00514	-1
JNIU01000001.1	458174	459631	-	HTCC7217_00514	HTCC7217	485	OG0000917	K03457	nucleobase:cation symporter-1, NCS1 family	COG1953	FUI1	Cytosine/uracil/thiamine/allantoin permease	HTCC7217_00514	0
JNIU01000001.1	459657	460997	-	HTCC7217_00515	HTCC7217	446	OG0000987	K11690	C4-dicarboxylate transporter, DctM subunit	COG4664	FcbT3	TRAP-type mannitol/chloroaromatic compound transport system, large permease component	HTCC7217_00514	1
JNIU01000001.1	460994	461608	-	HTCC7217_00516	HTCC7217	204	OG0000994	NA	NA	COG4665	FcbT2	TRAP-type mannitol/chloroaromatic compound transport system, small permease component	HTCC7217_00514	2
JNIU01000001.1	461678	462754	-	HTCC7217_00517	HTCC7217	358	OG0000072	NA	NA	COG4663	FcbT1	TRAP-type mannitol/chloroaromatic compound transport system, periplasmic component	HTCC7217_00514	3
JNIU01000001.1	462915	464510	+	HTCC7217_00518	HTCC7217	531	OG0000054	NA	NA	COG2303	BetA	Choline dehydrogenase or related flavoprotein	HTCC7217_00514	4
JNIU01000001.1	464511	465104	+	HTCC7217_00519	HTCC7217	197	OG0000922	NA	NA	COG0861	TerC	Tellurite resistance membrane protein TerC	HTCC7217_00514	5
KI421440.1	750694	751374	+	HTCC8051_00816	HTCC8051	226	OG0001011	K21929	uracil-DNA glycosylase [EC:3.2.2.27]	COG1573	Udg4	Uracil-DNA glycosylase	HTCC8051_00821	-5
KI421440.1	751364	751786	-	HTCC8051_00817	HTCC8051	140	OG0000808	K07107	acyl-CoA thioester hydrolase [EC:3.1.2.-]	COG0824	FadM	Acyl-CoA thioesterase FadM	HTCC8051_00821	-4
KI421440.1	751844	751984	+	HTCC8051_00818	HTCC8051	46	OG0001143	NA	NA	NA	NA	NA	HTCC8051_00821	-3
KI421440.1	751985	752635	-	HTCC8051_00819	HTCC8051	216	OG0000965	NA	NA	NA	NA	NA	HTCC8051_00821	-2
KI421440.1	752643	753389	-	HTCC8051_00820	HTCC8051	248	OG0001186	K21883	2-dehydro-3-deoxy-L-rhamnonate dehydrogenase (NAD+) [EC:1.1.1.401]	COG1028	FabG	NAD(P)-dependent dehydrogenase, short-chain alcohol dehydrogenase family	HTCC8051_00821	-1
KI421440.1	753395	754852	-	HTCC8051_00821	HTCC8051	485	OG0000917	K03457	nucleobase:cation symporter-1, NCS1 family	COG1953	FUI1	Cytosine/uracil/thiamine/allantoin permease	HTCC8051_00821	0
KI421440.1	754920	755816	+	HTCC8051_00822	HTCC8051	298	OG0001024	NA	NA	COG0697	EamA	Amino acid export permease, drug/metabolite transporter (DMT) superfamily	HTCC8051_00821	1
KI421440.1	755817	757148	-	HTCC8051_00823	HTCC8051	443	OG0000987	K11690	C4-dicarboxylate transporter, DctM subunit	COG4664	FcbT3	TRAP-type mannitol/chloroaromatic compound transport system, large permease component	HTCC8051_00821	2
KI421440.1	757148	757804	-	HTCC8051_00824	HTCC8051	218	OG0000994	NA	NA	COG4665	FcbT2	TRAP-type mannitol/chloroaromatic compound transport system, small permease component	HTCC8051_00821	3
KI421440.1	757881	758969	-	HTCC8051_00825	HTCC8051	362	OG0000072	NA	NA	COG4663	FcbT1	TRAP-type mannitol/chloroaromatic compound transport system, periplasmic component	HTCC8051_00821	4
KI421440.1	759128	760054	-	HTCC8051_00826	HTCC8051	308	OG0000005	K00020	3-hydroxyisobutyrate dehydrogenase [EC:1.1.1.31]	COG2084	MmsB	3-hydroxyisobutyrate dehydrogenase or related beta-hydroxyacid dehydrogenase	HTCC8051_00821	5
AWZW01000001.1	509148	509615	-	HTCC9022_00535	HTCC9022	155	OG0001047	NA	NA	COG0824	FadM	Acyl-CoA thioesterase FadM	HTCC9022_00540	-5
AWZW01000001.1	509670	510314	-	HTCC9022_00536	HTCC9022	214	OG0001013	NA	NA	COG0652	PpiB	Peptidyl-prolyl cis-trans isomerase (rotamase) - cyclophilin family	HTCC9022_00540	-4
AWZW01000001.1	510317	511045	-	HTCC9022_00537	HTCC9022	242	OG0001014	NA	NA	NA	NA	NA	HTCC9022_00540	-3
AWZW01000001.1	511096	512055	+	HTCC9022_00538	HTCC9022	319	OG0001053	K25365	guanidinobutyrase / D-arginase [EC:3.5.3.7 3.5.3.10]	COG0010	SpeB	Arginase/agmatinase family enzyme	HTCC9022_00540	-2
AWZW01000001.1	512076	513512	+	HTCC9022_00539	HTCC9022	478	OG0000047	NA	NA	COG1012	AdhE	Acyl-CoA reductase or other NAD-dependent aldehyde dehydrogenase	HTCC9022_00540	-1
AWZW01000001.1	513733	515181	+	HTCC9022_00540	HTCC9022	482	OG0000917	K03457	nucleobase:cation symporter-1, NCS1 family	COG1953	FUI1	Cytosine/uracil/thiamine/allantoin permease	HTCC9022_00540	0
AWZW01000001.1	515245	515739	-	HTCC9022_00541	HTCC9022	164	OG0001453	K01483	ureidoglycolate lyase [EC:4.3.2.3]	COG3194	AllA	Ureidoglycolate hydrolase (allantoin degradation)	HTCC9022_00540	1
AWZW01000001.1	515739	516728	-	HTCC9022_00542	HTCC9022	329	OG0001450	K01477	allantoicase [EC:3.5.3.4]	COG4266	Alc	Allantoicase	HTCC9022_00540	2
AWZW01000001.1	516731	517630	-	HTCC9022_00543	HTCC9022	299	OG0001445	K16842	allantoinase [EC:3.5.2.5]	COG0726	PgaB	Peptidoglycan/xylan/chitin deacetylase, PgdA/NodB/CDA1 family	HTCC9022_00540	3
AWZW01000001.1	517669	518859	-	HTCC9022_00544	HTCC9022	396	OG0000997	K01438	acetylornithine deacetylase [EC:3.5.1.16]	COG0624	ArgE	Acetylornithine deacetylase/Succinyl-diaminopimelate desuccinylase or related deacylase	HTCC9022_00540	4
AWZW01000001.1	518887	519228	+	HTCC9022_00545	HTCC9022	113	OG0000837	K06878	tRNA-binding protein	COG0073	EMAP	tRNA-binding EMAP/Myf domain	HTCC9022_00540	5
KI421433.1	650356	651036	+	HTCC9022_01270	HTCC9022	226	OG0001011	K21929	uracil-DNA glycosylase [EC:3.2.2.27]	COG1573	Udg4	Uracil-DNA glycosylase	HTCC9022_01275	-5
KI421433.1	651026	651448	-	HTCC9022_01271	HTCC9022	140	OG0000808	K07107	acyl-CoA thioester hydrolase [EC:3.1.2.-]	COG0824	FadM	Acyl-CoA thioesterase FadM	HTCC9022_01275	-4
KI421433.1	651507	651647	+	HTCC9022_01272	HTCC9022	46	OG0001143	NA	NA	NA	NA	NA	HTCC9022_01275	-3
KI421433.1	651648	652325	-	HTCC9022_01273	HTCC9022	225	OG0000965	NA	NA	NA	NA	NA	HTCC9022_01275	-2
KI421433.1	652306	653052	-	HTCC9022_01274	HTCC9022	248	OG0001186	K21883	2-dehydro-3-deoxy-L-rhamnonate dehydrogenase (NAD+) [EC:1.1.1.401]	COG1028	FabG	NAD(P)-dependent dehydrogenase, short-chain alcohol dehydrogenase family	HTCC9022_01275	-1
KI421433.1	653058	654515	-	HTCC9022_01275	HTCC9022	485	OG0000917	K03457	nucleobase:cation symporter-1, NCS1 family	COG1953	FUI1	Cytosine/uracil/thiamine/allantoin permease	HTCC9022_01275	0
KI421433.1	654581	655474	+	HTCC9022_01276	HTCC9022	297	OG0001024	NA	NA	COG0697	EamA	Amino acid export permease, drug/metabolite transporter (DMT) superfamily	HTCC9022_01275	1
KI421433.1	655479	656810	-	HTCC9022_01277	HTCC9022	443	OG0000987	K11690	C4-dicarboxylate transporter, DctM subunit	COG4664	FcbT3	TRAP-type mannitol/chloroaromatic compound transport system, large permease component	HTCC9022_01275	2
KI421433.1	656810	657466	-	HTCC9022_01278	HTCC9022	218	OG0000994	NA	NA	COG4665	FcbT2	TRAP-type mannitol/chloroaromatic compound transport system, small permease component	HTCC9022_01275	3
KI421433.1	657546	658634	-	HTCC9022_01279	HTCC9022	362	OG0000072	NA	NA	COG4663	FcbT1	TRAP-type mannitol/chloroaromatic compound transport system, periplasmic component	HTCC9022_01275	4
KI421433.1	658799	659725	-	HTCC9022_01280	HTCC9022	308	OG0000005	K00020	3-hydroxyisobutyrate dehydrogenase [EC:1.1.1.31]	COG2084	MmsB	3-hydroxyisobutyrate dehydrogenase or related beta-hydroxyacid dehydrogenase	HTCC9022_01275	5
NZ_LANA01000002.1	15402	16538	-	HTCC9565_00825	HTCC9565	378	OG0001069	NA	NA	COG4638	HcaE	Phenylpropionate dioxygenase or related ring-hydroxylating dioxygenase, large terminal subunit	HTCC9565_00830	-5
NZ_LANA01000002.1	16686	17330	-	HTCC9565_00826	HTCC9565	214	OG0001013	NA	NA	COG0652	PpiB	Peptidyl-prolyl cis-trans isomerase (rotamase) - cyclophilin family	HTCC9565_00830	-4
NZ_LANA01000002.1	17334	18056	-	HTCC9565_00827	HTCC9565	240	OG0001014	NA	NA	NA	NA	NA	HTCC9565_00830	-3
NZ_LANA01000002.1	18114	19073	+	HTCC9565_00828	HTCC9565	319	OG0001053	K25365	guanidinobutyrase / D-arginase [EC:3.5.3.7 3.5.3.10]	COG0010	SpeB	Arginase/agmatinase family enzyme	HTCC9565_00830	-2
NZ_LANA01000002.1	19094	20530	+	HTCC9565_00829	HTCC9565	478	OG0000047	NA	NA	COG1012	AdhE	Acyl-CoA reductase or other NAD-dependent aldehyde dehydrogenase	HTCC9565_00830	-1
NZ_LANA01000002.1	20715	22163	+	HTCC9565_00830	HTCC9565	482	OG0000917	K03457	nucleobase:cation symporter-1, NCS1 family	COG1953	FUI1	Cytosine/uracil/thiamine/allantoin permease	HTCC9565_00830	0
NZ_LANA01000002.1	22211	22714	-	HTCC9565_00831	HTCC9565	167	OG0001453	K01483	ureidoglycolate lyase [EC:4.3.2.3]	COG3194	AllA	Ureidoglycolate hydrolase (allantoin degradation)	HTCC9565_00830	1
NZ_LANA01000002.1	22711	23697	-	HTCC9565_00832	HTCC9565	328	OG0001450	K01477	allantoicase [EC:3.5.3.4]	COG4266	Alc	Allantoicase	HTCC9565_00830	2
NZ_LANA01000002.1	23700	24599	-	HTCC9565_00833	HTCC9565	299	OG0001445	K16842	allantoinase [EC:3.5.2.5]	COG0726	PgaB	Peptidoglycan/xylan/chitin deacetylase, PgdA/NodB/CDA1 family	HTCC9565_00830	3
NZ_LANA01000002.1	24638	25828	-	HTCC9565_00834	HTCC9565	396	OG0000997	K01438	acetylornithine deacetylase [EC:3.5.1.16]	COG0624	ArgE	Acetylornithine deacetylase/Succinyl-diaminopimelate desuccinylase or related deacylase	HTCC9565_00830	4
NZ_LANA01000002.1	25856	26197	+	HTCC9565_00835	HTCC9565	113	OG0000837	K06878	tRNA-binding protein	COG0073	EMAP	tRNA-binding EMAP/Myf domain	HTCC9565_00830	5
NZ_LANA01000002.1	438686	439360	+	HTCC9565_01298	HTCC9565	224	OG0001011	K21929	uracil-DNA glycosylase [EC:3.2.2.27]	COG1573	Udg4	Uracil-DNA glycosylase	HTCC9565_01303	-5
NZ_LANA01000002.1	439357	439782	-	HTCC9565_01299	HTCC9565	141	OG0000808	K07107	acyl-CoA thioester hydrolase [EC:3.1.2.-]	COG0824	FadM	Acyl-CoA thioesterase FadM	HTCC9565_01303	-4
NZ_LANA01000002.1	439978	440622	-	HTCC9565_01300	HTCC9565	214	OG0000965	NA	NA	NA	NA	NA	HTCC9565_01303	-3
NZ_LANA01000002.1	440714	440833	+	HTCC9565_01301	HTCC9565	39	OG0001265	NA	NA	NA	NA	NA	HTCC9565_01303	-2
NZ_LANA01000002.1	440823	441569	-	HTCC9565_01302	HTCC9565	248	OG0001186	K21883	2-dehydro-3-deoxy-L-rhamnonate dehydrogenase (NAD+) [EC:1.1.1.401]	COG1028	FabG	NAD(P)-dependent dehydrogenase, short-chain alcohol dehydrogenase family	HTCC9565_01303	-1
NZ_LANA01000002.1	441574	443031	-	HTCC9565_01303	HTCC9565	485	OG0000917	K03457	nucleobase:cation symporter-1, NCS1 family	COG1953	FUI1	Cytosine/uracil/thiamine/allantoin permease	HTCC9565_01303	0
NZ_LANA01000002.1	443057	444391	-	HTCC9565_01304	HTCC9565	444	OG0000987	K11690	C4-dicarboxylate transporter, DctM subunit	COG4664	FcbT3	TRAP-type mannitol/chloroaromatic compound transport system, large permease component	HTCC9565_01303	1
NZ_LANA01000002.1	444391	445038	-	HTCC9565_01305	HTCC9565	215	OG0000994	NA	NA	COG4665	FcbT2	TRAP-type mannitol/chloroaromatic compound transport system, small permease component	HTCC9565_01303	2
NZ_LANA01000002.1	445110	446207	-	HTCC9565_01306	HTCC9565	365	OG0000072	NA	NA	COG4663	FcbT1	TRAP-type mannitol/chloroaromatic compound transport system, periplasmic component	HTCC9565_01303	3
NZ_LANA01000002.1	446361	447956	+	HTCC9565_01307	HTCC9565	531	OG0000054	NA	NA	COG2303	BetA	Choline dehydrogenase or related flavoprotein	HTCC9565_01303	4
NZ_LANA01000002.1	447956	448546	+	HTCC9565_01308	HTCC9565	196	OG0000922	NA	NA	COG0861	TerC	Tellurite resistance membrane protein TerC	HTCC9565_01303	5
Ga0182791_11	321616	322299	+	LSUCC0261_00337	LSUCC0261	227	OG0000101	NA	NA	COG0765	HisM	ABC-type amino acid transport system, permease component	LSUCC0261_00342	-5
Ga0182791_11	322256	323017	+	LSUCC0261_00338	LSUCC0261	253	OG0000112	NA	NA	COG1126	GlnQ	ABC-type polar amino acid transport system, ATPase component	LSUCC0261_00342	-4
Ga0182791_11	323020	323922	+	LSUCC0261_00339	LSUCC0261	300	OG0004451	NA	NA	NA	NA	NA	LSUCC0261_00342	-3
Ga0182791_11	323915	325048	+	LSUCC0261_00340	LSUCC0261	377	OG0000997	NA	NA	COG0624	ArgE	Acetylornithine deacetylase/Succinyl-diaminopimelate desuccinylase or related deacylase	LSUCC0261_00342	-2
Ga0182791_11	325043	325741	-	LSUCC0261_00341	LSUCC0261	232	OG0001520	K08714	voltage-gated sodium channel	NA	NA	NA	LSUCC0261_00342	-1
Ga0182791_11	325844	327295	-	LSUCC0261_00342	LSUCC0261	483	OG0000917	K03457	nucleobase:cation symporter-1, NCS1 family	COG1953	FUI1	Cytosine/uracil/thiamine/allantoin permease	LSUCC0261_00342	0
Ga0182791_11	327568	328524	+	LSUCC0261_00343	LSUCC0261	318	OG0002750	K07086	uncharacterized protein	COG3329	SbtA	Na+-dependent bicarbonate transporter SbtA	LSUCC0261_00342	1
Ga0182791_11	328619	329881	+	LSUCC0261_00344	LSUCC0261	420	OG0001676	NA	NA	COG3765	WzzB	LPS O-antigen chain length determinant protein, WzzB/FepE family	LSUCC0261_00342	2
Ga0182791_11	330267	330503	+	LSUCC0261_00345	LSUCC0261	78	OG0001324	NA	NA	NA	NA	NA	LSUCC0261_00342	3
Ga0182791_11	330555	330923	-	LSUCC0261_00346	LSUCC0261	122	OG0000998	NA	NA	NA	NA	NA	LSUCC0261_00342	4
Ga0182791_11	330985	332082	-	LSUCC0261_00347	LSUCC0261	365	OG0001604	K10680	N-ethylmaleimide reductase [EC:1.-.-.-]	COG1902	FadH	NADH:flavin reductase, Old Yellow Enzyme (OYE) family	LSUCC0261_00342	5
NTJN01000004.1	73884	74864	-	MED-G40_00743	MED-G40	326	OG0001110	K07795	putative tricarboxylic transport membrane protein	COG3181	TctC	Tripartite-type tricarboxylate transporter, extracytoplasmic receptor component TctC	MED-G40_00748	-5
NTJN01000004.1	74932	75828	-	MED-G40_00744	MED-G40	298	OG0001090	K15737	glutarate dioxygenase [EC:1.14.11.64]	NA	NA	NA	MED-G40_00748	-4
NTJN01000004.1	75850	76755	+	MED-G40_00745	MED-G40	301	OG0001445	K16842	allantoinase [EC:3.5.2.5]	COG0726	PgaB	Peptidoglycan/xylan/chitin deacetylase, PgdA/NodB/CDA1 family	MED-G40_00748	-3
NTJN01000004.1	76759	77745	+	MED-G40_00746	MED-G40	328	OG0001450	K01477	allantoicase [EC:3.5.3.4]	COG4266	Alc	Allantoicase	MED-G40_00748	-2
NTJN01000004.1	77748	78242	+	MED-G40_00747	MED-G40	164	OG0001453	K01483	ureidoglycolate lyase [EC:4.3.2.3]	COG3194	AllA	Ureidoglycolate hydrolase (allantoin degradation)	MED-G40_00748	-1
NTJN01000004.1	78281	79732	-	MED-G40_00748	MED-G40	483	OG0000917	K03457	nucleobase:cation symporter-1, NCS1 family	COG1953	FUI1	Cytosine/uracil/thiamine/allantoin permease	MED-G40_00748	0
NTJN01000004.1	79886	80212	-	MED-G40_00749	MED-G40	108	OG0001083	NA	NA	NA	NA	NA	MED-G40_00748	1
NTJN01000004.1	80202	80906	-	MED-G40_00750	MED-G40	234	OG0001073	NA	NA	COG1296	AzlC	Predicted branched-chain amino acid permease (azaleucine resistance)	MED-G40_00748	2
NTJN01000004.1	80903	81688	-	MED-G40_00751	MED-G40	261	OG0001077	NA	NA	COG0410	LivF	ABC-type branched-chain amino acid transport system, ATPase component LivF	MED-G40_00748	3
NTJN01000004.1	81688	82428	-	MED-G40_00752	MED-G40	246	OG0000928	K01995	branched-chain amino acid transport system ATP-binding protein	COG0411	LivG	ABC-type branched-chain amino acid transport system, ATPase component LivG	MED-G40_00748	4
NTJN01000004.1	82425	83480	-	MED-G40_00753	MED-G40	351	OG0001109	NA	NA	COG4177	LivM	ABC-type branched-chain amino acid transport system, permease component	MED-G40_00748	5
CP038852.1	280227	280649	-	NP1_00329	NP1	140	OG0000808	K07107	acyl-CoA thioester hydrolase [EC:3.1.2.-]	COG0824	FadM	Acyl-CoA thioesterase FadM	NP1_00334	-5
CP038852.1	280708	280845	+	NP1_00330	NP1	45	OG0001143	NA	NA	NA	NA	NA	NP1_00334	-4
CP038852.1	280848	281495	-	NP1_00331	NP1	215	OG0000965	NA	NA	NA	NA	NA	NP1_00334	-3
CP038852.1	281586	281705	+	NP1_00332	NP1	39	OG0001265	NA	NA	NA	NA	NA	NP1_00334	-2
CP038852.1	281695	282441	-	NP1_00333	NP1	248	OG0001186	K21883	2-dehydro-3-deoxy-L-rhamnonate dehydrogenase (NAD+) [EC:1.1.1.401]	COG1028	FabG	NAD(P)-dependent dehydrogenase, short-chain alcohol dehydrogenase family	NP1_00334	-1
CP038852.1	282446	283903	-	NP1_00334	NP1	485	OG0000917	K03457	nucleobase:cation symporter-1, NCS1 family	COG1953	FUI1	Cytosine/uracil/thiamine/allantoin permease	NP1_00334	0
CP038852.1	283975	284865	+	NP1_00335	NP1	296	OG0001024	NA	NA	COG0697	EamA	Amino acid export permease, drug/metabolite transporter (DMT) superfamily	NP1_00334	1
CP038852.1	284874	286199	-	NP1_00336	NP1	441	OG0000987	K11690	C4-dicarboxylate transporter, DctM subunit	COG4664	FcbT3	TRAP-type mannitol/chloroaromatic compound transport system, large permease component	NP1_00334	2
CP038852.1	286199	286858	-	NP1_00337	NP1	219	OG0000994	NA	NA	COG4665	FcbT2	TRAP-type mannitol/chloroaromatic compound transport system, small permease component	NP1_00334	3
CP038852.1	286946	288037	-	NP1_00338	NP1	363	OG0000072	NA	NA	COG4663	FcbT1	TRAP-type mannitol/chloroaromatic compound transport system, periplasmic component	NP1_00334	4
CP038852.1	288217	289143	-	NP1_00339	NP1	308	OG0000005	K00020	3-hydroxyisobutyrate dehydrogenase [EC:1.1.1.31]	COG2084	MmsB	3-hydroxyisobutyrate dehydrogenase or related beta-hydroxyacid dehydrogenase	NP1_00334	5
CAJQSQ010000028.1	33480	34040	-	RIS-SAG-41_01111	RIS-SAG-41	186	OG0000787	NA	NA	COG2062	SixA	Phosphohistidine phosphatase SixA	RIS-SAG-41_01116	-5
CAJQSQ010000028.1	34043	34717	+	RIS-SAG-41_01112	RIS-SAG-41	224	OG0001011	K21929	uracil-DNA glycosylase [EC:3.2.2.27]	COG1573	Udg4	Uracil-DNA glycosylase	RIS-SAG-41_01116	-4
CAJQSQ010000028.1	34714	35136	-	RIS-SAG-41_01113	RIS-SAG-41	140	OG0000808	K07107	acyl-CoA thioester hydrolase [EC:3.1.2.-]	COG0824	FadM	Acyl-CoA thioesterase FadM	RIS-SAG-41_01116	-3
CAJQSQ010000028.1	35175	35822	-	RIS-SAG-41_01114	RIS-SAG-41	215	OG0000965	NA	NA	NA	NA	NA	RIS-SAG-41_01116	-2
CAJQSQ010000028.1	36024	36770	-	RIS-SAG-41_01115	RIS-SAG-41	248	OG0001186	K21883	2-dehydro-3-deoxy-L-rhamnonate dehydrogenase (NAD+) [EC:1.1.1.401]	COG1028	FabG	NAD(P)-dependent dehydrogenase, short-chain alcohol dehydrogenase family	RIS-SAG-41_01116	-1
CAJQSQ010000028.1	36775	38232	-	RIS-SAG-41_01116	RIS-SAG-41	485	OG0000917	K03457	nucleobase:cation symporter-1, NCS1 family	COG1953	FUI1	Cytosine/uracil/thiamine/allantoin permease	RIS-SAG-41_01116	0
CAJQSQ010000028.1	38258	39592	-	RIS-SAG-41_01117	RIS-SAG-41	444	OG0000987	K11690	C4-dicarboxylate transporter, DctM subunit	COG4664	FcbT3	TRAP-type mannitol/chloroaromatic compound transport system, large permease component	RIS-SAG-41_01116	1
CAJQSQ010000028.1	39592	40239	-	RIS-SAG-41_01118	RIS-SAG-41	215	OG0000994	NA	NA	COG4665	FcbT2	TRAP-type mannitol/chloroaromatic compound transport system, small permease component	RIS-SAG-41_01116	2
CAJQSQ010000028.1	40316	41410	-	RIS-SAG-41_01119	RIS-SAG-41	364	OG0000072	NA	NA	COG4663	FcbT1	TRAP-type mannitol/chloroaromatic compound transport system, periplasmic component	RIS-SAG-41_01116	3
CAJQSQ010000028.1	41561	43156	+	RIS-SAG-41_01120	RIS-SAG-41	531	OG0000054	NA	NA	COG2303	BetA	Choline dehydrogenase or related flavoprotein	RIS-SAG-41_01116	4
CAJQSQ010000028.1	43156	43746	+	RIS-SAG-41_01121	RIS-SAG-41	196	OG0000922	NA	NA	COG0861	TerC	Tellurite resistance membrane protein TerC	RIS-SAG-41_01116	5
CP020777.1	524243	524836	-	RS39_00573	RS39	197	OG0000922	NA	NA	COG0861	TerC	Tellurite resistance membrane protein TerC	RS39_00578	-5
CP020777.1	524836	526446	-	RS39_00574	RS39	536	OG0000054	NA	NA	COG2303	BetA	Choline dehydrogenase or related flavoprotein	RS39_00578	-4
CP020777.1	526579	527673	+	RS39_00575	RS39	364	OG0000072	NA	NA	COG4663	FcbT1	TRAP-type mannitol/chloroaromatic compound transport system, periplasmic component	RS39_00578	-3
CP020777.1	527743	528363	+	RS39_00576	RS39	206	OG0000994	NA	NA	COG4665	FcbT2	TRAP-type mannitol/chloroaromatic compound transport system, small permease component	RS39_00578	-2
CP020777.1	528360	529694	+	RS39_00577	RS39	444	OG0000987	K11690	C4-dicarboxylate transporter, DctM subunit	COG4664	FcbT3	TRAP-type mannitol/chloroaromatic compound transport system, large permease component	RS39_00578	-1
CP020777.1	529720	531177	+	RS39_00578	RS39	485	OG0000917	K03457	nucleobase:cation symporter-1, NCS1 family	COG1953	FUI1	Cytosine/uracil/thiamine/allantoin permease	RS39_00578	0
CP020777.1	531181	531933	+	RS39_00579	RS39	250	OG0001186	K21883	2-dehydro-3-deoxy-L-rhamnonate dehydrogenase (NAD+) [EC:1.1.1.401]	COG1028	FabG	NAD(P)-dependent dehydrogenase, short-chain alcohol dehydrogenase family	RS39_00578	1
CP020777.1	531930	532067	-	RS39_00580	RS39	45	OG0001265	NA	NA	NA	NA	NA	RS39_00578	2
CP020777.1	532151	532801	+	RS39_00581	RS39	216	OG0000965	NA	NA	NA	NA	NA	RS39_00578	3
CP020777.1	532825	533247	+	RS39_00582	RS39	140	OG0000808	K07107	acyl-CoA thioester hydrolase [EC:3.1.2.-]	COG0824	FadM	Acyl-CoA thioesterase FadM	RS39_00578	4
CP020777.1	533237	533917	-	RS39_00583	RS39	226	OG0001011	K21929	uracil-DNA glycosylase [EC:3.2.2.27]	COG1573	Udg4	Uracil-DNA glycosylase	RS39_00578	5
CP020778.1	87235	87909	+	RS40_00092	RS40	224	OG0001011	K21929	uracil-DNA glycosylase [EC:3.2.2.27]	COG1573	Udg4	Uracil-DNA glycosylase	RS40_00097	-5
CP020778.1	87901	88296	-	RS40_00093	RS40	131	OG0000808	K07107	acyl-CoA thioester hydrolase [EC:3.1.2.-]	COG0824	FadM	Acyl-CoA thioesterase FadM	RS40_00097	-4
CP020778.1	88347	88493	+	RS40_00094	RS40	48	OG0001143	NA	NA	NA	NA	NA	RS40_00097	-3
CP020778.1	88490	89143	-	RS40_00095	RS40	217	OG0000965	NA	NA	NA	NA	NA	RS40_00097	-2
CP020778.1	89372	90118	-	RS40_00096	RS40	248	OG0001186	K21883	2-dehydro-3-deoxy-L-rhamnonate dehydrogenase (NAD+) [EC:1.1.1.401]	COG1028	FabG	NAD(P)-dependent dehydrogenase, short-chain alcohol dehydrogenase family	RS40_00097	-1
CP020778.1	90118	91572	-	RS40_00097	RS40	484	OG0000917	K03457	nucleobase:cation symporter-1, NCS1 family	COG1953	FUI1	Cytosine/uracil/thiamine/allantoin permease	RS40_00097	0
CP020778.1	91597	92931	-	RS40_00098	RS40	444	OG0000987	K11690	C4-dicarboxylate transporter, DctM subunit	COG4664	FcbT3	TRAP-type mannitol/chloroaromatic compound transport system, large permease component	RS40_00097	1
CP020778.1	92928	93539	-	RS40_00099	RS40	203	OG0000994	NA	NA	COG4665	FcbT2	TRAP-type mannitol/chloroaromatic compound transport system, small permease component	RS40_00097	2
CP020778.1	93586	94686	-	RS40_00100	RS40	366	OG0000072	NA	NA	COG4663	FcbT1	TRAP-type mannitol/chloroaromatic compound transport system, periplasmic component	RS40_00097	3
CP020778.1	94829	96439	+	RS40_00101	RS40	536	OG0000054	NA	NA	COG2303	BetA	Choline dehydrogenase or related flavoprotein	RS40_00097	4
CP020778.1	96440	97021	+	RS40_00102	RS40	193	OG0000922	NA	NA	COG0861	TerC	Tellurite resistance membrane protein TerC	RS40_00097	5
JACWCY010000008.1	38493	39050	-	SAG-MED01_01234	SAG-MED01	185	OG0000787	NA	NA	COG2062	SixA	Phosphohistidine phosphatase SixA	SAG-MED01_01239	-5
JACWCY010000008.1	39053	39733	+	SAG-MED01_01235	SAG-MED01	226	OG0001011	K21929	uracil-DNA glycosylase [EC:3.2.2.27]	COG1573	Udg4	Uracil-DNA glycosylase	SAG-MED01_01239	-4
JACWCY010000008.1	39723	40145	-	SAG-MED01_01236	SAG-MED01	140	OG0000808	K07107	acyl-CoA thioester hydrolase [EC:3.1.2.-]	COG0824	FadM	Acyl-CoA thioesterase FadM	SAG-MED01_01239	-3
JACWCY010000008.1	40169	40819	-	SAG-MED01_01237	SAG-MED01	216	OG0000965	NA	NA	NA	NA	NA	SAG-MED01_01239	-2
JACWCY010000008.1	41040	41792	-	SAG-MED01_01238	SAG-MED01	250	OG0001186	K21883	2-dehydro-3-deoxy-L-rhamnonate dehydrogenase (NAD+) [EC:1.1.1.401]	COG1028	FabG	NAD(P)-dependent dehydrogenase, short-chain alcohol dehydrogenase family	SAG-MED01_01239	-1
JACWCY010000008.1	41797	43254	-	SAG-MED01_01239	SAG-MED01	485	OG0000917	K03457	nucleobase:cation symporter-1, NCS1 family	COG1953	FUI1	Cytosine/uracil/thiamine/allantoin permease	SAG-MED01_01239	0
JACWCY010000008.1	43280	44614	-	SAG-MED01_01240	SAG-MED01	444	OG0000987	K11690	C4-dicarboxylate transporter, DctM subunit	COG4664	FcbT3	TRAP-type mannitol/chloroaromatic compound transport system, large permease component	SAG-MED01_01239	1
JACWCY010000008.1	44611	45225	-	SAG-MED01_01241	SAG-MED01	204	OG0000994	NA	NA	COG4665	FcbT2	TRAP-type mannitol/chloroaromatic compound transport system, small permease component	SAG-MED01_01239	2
JACWCY010000008.1	45297	45713	-	SAG-MED01_01242	SAG-MED01	138	OG0000072	NA	NA	COG4663	FcbT1	TRAP-type mannitol/chloroaromatic compound transport system, periplasmic component	SAG-MED01_01239	3
JACWCY010000008.1	45658	46839	-	SAG-MED01_01243	SAG-MED01	393	OG0000054	NA	NA	COG2303	BetA	Choline dehydrogenase or related flavoprotein	SAG-MED01_01239	4
JACWCY010000009.1	3737	4006	+	SAG-MED01_01249	SAG-MED01	89	OG0001303	NA	NA	NA	NA	NA	SAG-MED01_01254	-5
JACWCY010000009.1	4071	4691	+	SAG-MED01_01250	SAG-MED01	206	OG0001145	NA	NA	NA	NA	NA	SAG-MED01_01254	-4
JACWCY010000009.1	4708	5607	+	SAG-MED01_01251	SAG-MED01	299	OG0001445	K16842	allantoinase [EC:3.5.2.5]	COG0726	PgaB	Peptidoglycan/xylan/chitin deacetylase, PgdA/NodB/CDA1 family	SAG-MED01_01254	-3
JACWCY010000009.1	5609	6592	+	SAG-MED01_01252	SAG-MED01	327	OG0001450	K01477	allantoicase [EC:3.5.3.4]	COG4266	Alc	Allantoicase	SAG-MED01_01254	-2
JACWCY010000009.1	6589	7092	+	SAG-MED01_01253	SAG-MED01	167	OG0001453	K01483	ureidoglycolate lyase [EC:4.3.2.3]	COG3194	AllA	Ureidoglycolate hydrolase (allantoin degradation)	SAG-MED01_01254	-1
JACWCY010000009.1	7141	8592	-	SAG-MED01_01254	SAG-MED01	483	OG0000917	K03457	nucleobase:cation symporter-1, NCS1 family	COG1953	FUI1	Cytosine/uracil/thiamine/allantoin permease	SAG-MED01_01254	0
JACWCY010000009.1	8916	9425	+	SAG-MED01_01255	SAG-MED01	169	OG0000033	NA	NA	COG4665	FcbT2	TRAP-type mannitol/chloroaromatic compound transport system, small permease component	SAG-MED01_01254	1
JACWCY010000009.1	9428	10765	+	SAG-MED01_01256	SAG-MED01	445	OG0002196	K11690	C4-dicarboxylate transporter, DctM subunit	COG4664	FcbT3	TRAP-type mannitol/chloroaromatic compound transport system, large permease component	SAG-MED01_01254	2
JACWCY010000009.1	10892	11968	+	SAG-MED01_01257	SAG-MED01	358	OG0000072	NA	NA	COG1638	DctP	TRAP-type C4-dicarboxylate transport system, periplasmic component	SAG-MED01_01254	3
JACWCY010000009.1	12012	12767	-	SAG-MED01_01258	SAG-MED01	251	OG0000007	NA	NA	COG1028	FabG	NAD(P)-dependent dehydrogenase, short-chain alcohol dehydrogenase family	SAG-MED01_01254	4
JACWCY010000009.1	12769	14145	-	SAG-MED01_01259	SAG-MED01	458	OG0002150	NA	NA	COG1012	AdhE	Acyl-CoA reductase or other NAD-dependent aldehyde dehydrogenase	SAG-MED01_01254	5
JACWDC010000004.1	86762	87826	+	SAG-MED05_00651	SAG-MED05	354	OG0001109	NA	NA	COG4177	LivM	ABC-type branched-chain amino acid transport system, permease component	SAG-MED05_00656	-5
JACWDC010000004.1	87823	88557	+	SAG-MED05_00652	SAG-MED05	244	OG0000928	K01995	branched-chain amino acid transport system ATP-binding protein	COG0411	LivG	ABC-type branched-chain amino acid transport system, ATPase component LivG	SAG-MED05_00656	-4
JACWDC010000004.1	88557	89342	+	SAG-MED05_00653	SAG-MED05	261	OG0001077	NA	NA	COG0410	LivF	ABC-type branched-chain amino acid transport system, ATPase component LivF	SAG-MED05_00656	-3
JACWDC010000004.1	89339	90043	+	SAG-MED05_00654	SAG-MED05	234	OG0001073	NA	NA	COG1296	AzlC	Predicted branched-chain amino acid permease (azaleucine resistance)	SAG-MED05_00656	-2
JACWDC010000004.1	90033	90353	+	SAG-MED05_00655	SAG-MED05	106	OG0001083	NA	NA	COG4392	AzlD2	Branched-chain amino acid transport protein	SAG-MED05_00656	-1
JACWDC010000004.1	90506	91957	+	SAG-MED05_00656	SAG-MED05	483	OG0000917	K03457	nucleobase:cation symporter-1, NCS1 family	COG1953	FUI1	Cytosine/uracil/thiamine/allantoin permease	SAG-MED05_00656	0
JACWDC010000004.1	91996	92490	-	SAG-MED05_00657	SAG-MED05	164	OG0001453	K01483	ureidoglycolate lyase [EC:4.3.2.3]	COG3194	AllA	Ureidoglycolate hydrolase (allantoin degradation)	SAG-MED05_00656	1
JACWDC010000004.1	92490	93479	-	SAG-MED05_00658	SAG-MED05	329	OG0001450	K01477	allantoicase [EC:3.5.3.4]	COG4266	Alc	Allantoicase	SAG-MED05_00656	2
JACWDC010000004.1	93483	94388	-	SAG-MED05_00659	SAG-MED05	301	OG0001445	K16842	allantoinase [EC:3.5.2.5]	COG0726	PgaB	Peptidoglycan/xylan/chitin deacetylase, PgdA/NodB/CDA1 family	SAG-MED05_00656	3
JACWDC010000004.1	94410	95306	+	SAG-MED05_00660	SAG-MED05	298	OG0001090	K15737	glutarate dioxygenase [EC:1.14.11.64]	NA	NA	NA	SAG-MED05_00656	4
JACWDC010000004.1	95378	96358	+	SAG-MED05_00661	SAG-MED05	326	OG0001110	K07795	putative tricarboxylic transport membrane protein	COG3181	TctC	Tripartite-type tricarboxylate transporter, extracytoplasmic receptor component TctC	SAG-MED05_00656	5
JACWDD010000001.1	81077	82003	+	SAG-MED06_00101	SAG-MED06	308	OG0000005	K00020	3-hydroxyisobutyrate dehydrogenase [EC:1.1.1.31]	COG2084	MmsB	3-hydroxyisobutyrate dehydrogenase or related beta-hydroxyacid dehydrogenase	SAG-MED06_00106	-5
JACWDD010000001.1	82168	83256	+	SAG-MED06_00102	SAG-MED06	362	OG0000072	NA	NA	COG4663	FcbT1	TRAP-type mannitol/chloroaromatic compound transport system, periplasmic component	SAG-MED06_00106	-4
JACWDD010000001.1	83346	84002	+	SAG-MED06_00103	SAG-MED06	218	OG0000994	NA	NA	COG4665	FcbT2	TRAP-type mannitol/chloroaromatic compound transport system, small permease component	SAG-MED06_00106	-3
JACWDD010000001.1	84002	85333	+	SAG-MED06_00104	SAG-MED06	443	OG0000987	K11690	C4-dicarboxylate transporter, DctM subunit	COG4664	FcbT3	TRAP-type mannitol/chloroaromatic compound transport system, large permease component	SAG-MED06_00106	-2
JACWDD010000001.1	85338	86231	-	SAG-MED06_00105	SAG-MED06	297	OG0001024	NA	NA	COG0697	EamA	Amino acid export permease, drug/metabolite transporter (DMT) superfamily	SAG-MED06_00106	-1
JACWDD010000001.1	86299	87756	+	SAG-MED06_00106	SAG-MED06	485	OG0000917	K03457	nucleobase:cation symporter-1, NCS1 family	COG1953	FUI1	Cytosine/uracil/thiamine/allantoin permease	SAG-MED06_00106	0
JACWDD010000001.1	87762	88508	+	SAG-MED06_00107	SAG-MED06	248	OG0001186	K21883	2-dehydro-3-deoxy-L-rhamnonate dehydrogenase (NAD+) [EC:1.1.1.401]	COG1028	FabG	NAD(P)-dependent dehydrogenase, short-chain alcohol dehydrogenase family	SAG-MED06_00106	1
JACWDD010000001.1	88515	89165	+	SAG-MED06_00108	SAG-MED06	216	OG0000965	NA	NA	NA	NA	NA	SAG-MED06_00106	2
JACWDD010000001.1	89166	89306	-	SAG-MED06_00109	SAG-MED06	46	OG0001143	NA	NA	NA	NA	NA	SAG-MED06_00106	3
JACWDD010000001.1	89364	89786	+	SAG-MED06_00110	SAG-MED06	140	OG0000808	K07107	acyl-CoA thioester hydrolase [EC:3.1.2.-]	COG0824	FadM	Acyl-CoA thioesterase FadM	SAG-MED06_00106	4
JACWDD010000001.1	89776	90456	-	SAG-MED06_00111	SAG-MED06	226	OG0001011	K21929	uracil-DNA glycosylase [EC:3.2.2.27]	COG1573	Udg4	Uracil-DNA glycosylase	SAG-MED06_00106	5
JACWDF010000002.1	100475	101068	-	SAG-MED08_00568	SAG-MED08	197	OG0000922	NA	NA	COG0861	TerC	Tellurite resistance membrane protein TerC	SAG-MED08_00573	-5
JACWDF010000002.1	101068	102663	-	SAG-MED08_00569	SAG-MED08	531	OG0000054	NA	NA	COG2303	BetA	Choline dehydrogenase or related flavoprotein	SAG-MED08_00573	-4
JACWDF010000002.1	102804	103898	+	SAG-MED08_00570	SAG-MED08	364	OG0000072	NA	NA	COG4663	FcbT1	TRAP-type mannitol/chloroaromatic compound transport system, periplasmic component	SAG-MED08_00573	-3
JACWDF010000002.1	103940	104587	+	SAG-MED08_00571	SAG-MED08	215	OG0000994	NA	NA	COG4665	FcbT2	TRAP-type mannitol/chloroaromatic compound transport system, small permease component	SAG-MED08_00573	-2
JACWDF010000002.1	104566	105918	+	SAG-MED08_00572	SAG-MED08	450	OG0000987	K11690	C4-dicarboxylate transporter, DctM subunit	COG4664	FcbT3	TRAP-type mannitol/chloroaromatic compound transport system, large permease component	SAG-MED08_00573	-1
JACWDF010000002.1	105944	107401	+	SAG-MED08_00573	SAG-MED08	485	OG0000917	K03457	nucleobase:cation symporter-1, NCS1 family	COG1953	FUI1	Cytosine/uracil/thiamine/allantoin permease	SAG-MED08_00573	0
JACWDF010000002.1	107407	108153	+	SAG-MED08_00574	SAG-MED08	248	OG0001186	K21883	2-dehydro-3-deoxy-L-rhamnonate dehydrogenase (NAD+) [EC:1.1.1.401]	COG1028	FabG	NAD(P)-dependent dehydrogenase, short-chain alcohol dehydrogenase family	SAG-MED08_00573	1
JACWDF010000002.1	108366	109016	+	SAG-MED08_00575	SAG-MED08	216	OG0000965	NA	NA	NA	NA	NA	SAG-MED08_00573	2
JACWDF010000002.1	109013	109153	-	SAG-MED08_00576	SAG-MED08	46	OG0001143	NA	NA	NA	NA	NA	SAG-MED08_00573	3
JACWDF010000002.1	109212	109625	+	SAG-MED08_00577	SAG-MED08	137	OG0000808	K07107	acyl-CoA thioester hydrolase [EC:3.1.2.-]	COG0824	FadM	Acyl-CoA thioesterase FadM	SAG-MED08_00573	4
JACWDF010000002.1	109622	110302	-	SAG-MED08_00578	SAG-MED08	226	OG0001011	K21929	uracil-DNA glycosylase [EC:3.2.2.27]	COG1573	Udg4	Uracil-DNA glycosylase	SAG-MED08_00573	5
JACWDI010000003.1	82924	83886	+	SAG-MED11_00844	SAG-MED11	320	OG0001526	K00873	pyruvate kinase [EC:2.7.1.40]	COG0469	PykF	Pyruvate kinase	SAG-MED11_00849	-5
JACWDI010000003.1	83879	84310	+	SAG-MED11_00845	SAG-MED11	143	OG0000966	NA	NA	COG0529	CysC	Adenylylsulfate kinase or related kinase	SAG-MED11_00849	-4
JACWDI010000003.1	84311	84928	-	SAG-MED11_00846	SAG-MED11	205	OG0000965	NA	NA	NA	NA	NA	SAG-MED11_00849	-3
JACWDI010000003.1	85039	85176	+	SAG-MED11_00847	SAG-MED11	45	OG0001265	NA	NA	NA	NA	NA	SAG-MED11_00849	-2
JACWDI010000003.1	85173	85925	-	SAG-MED11_00848	SAG-MED11	250	OG0001186	K21883	2-dehydro-3-deoxy-L-rhamnonate dehydrogenase (NAD+) [EC:1.1.1.401]	COG1028	FabG	NAD(P)-dependent dehydrogenase, short-chain alcohol dehydrogenase family	SAG-MED11_00849	-1
JACWDI010000003.1	85930	87387	-	SAG-MED11_00849	SAG-MED11	485	OG0000917	K03457	nucleobase:cation symporter-1, NCS1 family	COG1953	FUI1	Cytosine/uracil/thiamine/allantoin permease	SAG-MED11_00849	0
JACWDI010000003.1	87413	88747	-	SAG-MED11_00850	SAG-MED11	444	OG0000987	K11690	C4-dicarboxylate transporter, DctM subunit	COG4664	FcbT3	TRAP-type mannitol/chloroaromatic compound transport system, large permease component	SAG-MED11_00849	1
JACWDI010000003.1	88744	89358	-	SAG-MED11_00851	SAG-MED11	204	OG0000994	NA	NA	COG4665	FcbT2	TRAP-type mannitol/chloroaromatic compound transport system, small permease component	SAG-MED11_00849	2
JACWDI010000003.1	89428	90522	-	SAG-MED11_00852	SAG-MED11	364	OG0000072	NA	NA	COG4663	FcbT1	TRAP-type mannitol/chloroaromatic compound transport system, periplasmic component	SAG-MED11_00849	3
JACWDI010000003.1	90647	92251	+	SAG-MED11_00853	SAG-MED11	534	OG0000054	NA	NA	COG2303	BetA	Choline dehydrogenase or related flavoprotein	SAG-MED11_00849	4
JACWDI010000003.1	92241	92834	+	SAG-MED11_00854	SAG-MED11	197	OG0000922	NA	NA	COG0861	TerC	Tellurite resistance membrane protein TerC	SAG-MED11_00849	5
JACWDK010000006.1	12112	12705	-	SAG-MED13_00921	SAG-MED13	197	OG0000922	NA	NA	COG0861	TerC	Tellurite resistance membrane protein TerC	SAG-MED13_00926	-5
JACWDK010000006.1	12705	14300	-	SAG-MED13_00922	SAG-MED13	531	OG0000054	NA	NA	COG2303	BetA	Choline dehydrogenase or related flavoprotein	SAG-MED13_00926	-4
JACWDK010000006.1	14433	15527	+	SAG-MED13_00923	SAG-MED13	364	OG0000072	NA	NA	COG4663	FcbT1	TRAP-type mannitol/chloroaromatic compound transport system, periplasmic component	SAG-MED13_00926	-3
JACWDK010000006.1	15596	16210	+	SAG-MED13_00924	SAG-MED13	204	OG0000994	NA	NA	COG4665	FcbT2	TRAP-type mannitol/chloroaromatic compound transport system, small permease component	SAG-MED13_00926	-2
JACWDK010000006.1	16207	17541	+	SAG-MED13_00925	SAG-MED13	444	OG0000987	K11690	C4-dicarboxylate transporter, DctM subunit	COG4664	FcbT3	TRAP-type mannitol/chloroaromatic compound transport system, large permease component	SAG-MED13_00926	-1
JACWDK010000006.1	17567	19024	+	SAG-MED13_00926	SAG-MED13	485	OG0000917	K03457	nucleobase:cation symporter-1, NCS1 family	COG1953	FUI1	Cytosine/uracil/thiamine/allantoin permease	SAG-MED13_00926	0
JACWDK010000006.1	19029	19781	+	SAG-MED13_00927	SAG-MED13	250	OG0001186	K21883	2-dehydro-3-deoxy-L-rhamnonate dehydrogenase (NAD+) [EC:1.1.1.401]	COG1028	FabG	NAD(P)-dependent dehydrogenase, short-chain alcohol dehydrogenase family	SAG-MED13_00926	1
JACWDK010000006.1	20002	20652	+	SAG-MED13_00928	SAG-MED13	216	OG0000965	NA	NA	NA	NA	NA	SAG-MED13_00926	2
JACWDK010000006.1	20677	21099	+	SAG-MED13_00929	SAG-MED13	140	OG0000808	K07107	acyl-CoA thioester hydrolase [EC:3.1.2.-]	COG0824	FadM	Acyl-CoA thioesterase FadM	SAG-MED13_00926	3
JACWDK010000006.1	21089	21769	-	SAG-MED13_00930	SAG-MED13	226	OG0001011	K21929	uracil-DNA glycosylase [EC:3.2.2.27]	COG1573	Udg4	Uracil-DNA glycosylase	SAG-MED13_00926	4
JACWDK010000006.1	21772	22329	+	SAG-MED13_00931	SAG-MED13	185	OG0000787	NA	NA	COG2062	SixA	Phosphohistidine phosphatase SixA	SAG-MED13_00926	5
JACWDM010000001.1	243237	243815	-	SAG-MED15_00243	SAG-MED15	192	OG0000922	NA	NA	COG0861	TerC	Tellurite resistance membrane protein TerC	SAG-MED15_00248	-5
JACWDM010000001.1	243815	245407	-	SAG-MED15_00244	SAG-MED15	530	OG0000054	NA	NA	COG2303	BetA	Choline dehydrogenase or related flavoprotein	SAG-MED15_00248	-4
JACWDM010000001.1	245549	246640	+	SAG-MED15_00245	SAG-MED15	363	OG0000072	NA	NA	COG4663	FcbT1	TRAP-type mannitol/chloroaromatic compound transport system, periplasmic component	SAG-MED15_00248	-3
JACWDM010000001.1	246708	247322	+	SAG-MED15_00246	SAG-MED15	204	OG0000994	NA	NA	COG4665	FcbT2	TRAP-type mannitol/chloroaromatic compound transport system, small permease component	SAG-MED15_00248	-2
JACWDM010000001.1	247319	248653	+	SAG-MED15_00247	SAG-MED15	444	OG0000987	K11690	C4-dicarboxylate transporter, DctM subunit	COG4664	FcbT3	TRAP-type mannitol/chloroaromatic compound transport system, large permease component	SAG-MED15_00248	-1
JACWDM010000001.1	248678	250141	+	SAG-MED15_00248	SAG-MED15	487	OG0000917	K03457	nucleobase:cation symporter-1, NCS1 family	COG1953	FUI1	Cytosine/uracil/thiamine/allantoin permease	SAG-MED15_00248	0
JACWDM010000001.1	250138	250884	+	SAG-MED15_00249	SAG-MED15	248	OG0001186	K21883	2-dehydro-3-deoxy-L-rhamnonate dehydrogenase (NAD+) [EC:1.1.1.401]	COG1028	FabG	NAD(P)-dependent dehydrogenase, short-chain alcohol dehydrogenase family	SAG-MED15_00248	1
JACWDM010000001.1	250874	251002	-	SAG-MED15_00250	SAG-MED15	42	OG0001265	NA	NA	NA	NA	NA	SAG-MED15_00248	2
JACWDM010000001.1	250999	251205	-	SAG-MED15_00251	SAG-MED15	68	OG0001436	NA	NA	NA	NA	NA	SAG-MED15_00248	3
JACWDM010000001.1	251317	251958	+	SAG-MED15_00252	SAG-MED15	213	OG0000965	NA	NA	NA	NA	NA	SAG-MED15_00248	4
JACWDM010000001.1	251960	252100	-	SAG-MED15_00253	SAG-MED15	46	OG0001143	NA	NA	NA	NA	NA	SAG-MED15_00248	5
JACWDT010000006.1	5663	6589	+	SAG-MED22_01057	SAG-MED22	308	OG0000005	K00020	3-hydroxyisobutyrate dehydrogenase [EC:1.1.1.31]	COG2084	MmsB	3-hydroxyisobutyrate dehydrogenase or related beta-hydroxyacid dehydrogenase	SAG-MED22_01062	-5
JACWDT010000006.1	6721	7809	+	SAG-MED22_01058	SAG-MED22	362	OG0000072	NA	NA	COG4663	FcbT1	TRAP-type mannitol/chloroaromatic compound transport system, periplasmic component	SAG-MED22_01062	-4
JACWDT010000006.1	7883	8539	+	SAG-MED22_01059	SAG-MED22	218	OG0000994	NA	NA	COG4665	FcbT2	TRAP-type mannitol/chloroaromatic compound transport system, small permease component	SAG-MED22_01062	-3
JACWDT010000006.1	8530	9870	+	SAG-MED22_01060	SAG-MED22	446	OG0000987	K11690	C4-dicarboxylate transporter, DctM subunit	COG4664	FcbT3	TRAP-type mannitol/chloroaromatic compound transport system, large permease component	SAG-MED22_01062	-2
JACWDT010000006.1	9871	10767	-	SAG-MED22_01061	SAG-MED22	298	OG0001024	NA	NA	COG0697	EamA	Amino acid export permease, drug/metabolite transporter (DMT) superfamily	SAG-MED22_01062	-1
JACWDT010000006.1	10833	12290	+	SAG-MED22_01062	SAG-MED22	485	OG0000917	K03457	nucleobase:cation symporter-1, NCS1 family	COG1953	FUI1	Cytosine/uracil/thiamine/allantoin permease	SAG-MED22_01062	0
JACWDT010000006.1	12292	13296	+	SAG-MED22_01063	SAG-MED22	334	OG0000009	NA	NA	COG1063	Tdh	Threonine dehydrogenase or related Zn-dependent dehydrogenase	SAG-MED22_01062	1
JACWDT010000006.1	13496	14146	+	SAG-MED22_01064	SAG-MED22	216	OG0000965	NA	NA	NA	NA	NA	SAG-MED22_01062	2
JACWDT010000006.1	14143	14283	-	SAG-MED22_01065	SAG-MED22	46	OG0001143	NA	NA	NA	NA	NA	SAG-MED22_01062	3
JACWDT010000006.1	14342	14755	+	SAG-MED22_01066	SAG-MED22	137	OG0000808	K07107	acyl-CoA thioester hydrolase [EC:3.1.2.-]	COG0824	FadM	Acyl-CoA thioesterase FadM	SAG-MED22_01062	4
JACWDT010000006.1	14752	15432	-	SAG-MED22_01067	SAG-MED22	226	OG0001011	K21929	uracil-DNA glycosylase [EC:3.2.2.27]	COG1573	Udg4	Uracil-DNA glycosylase	SAG-MED22_01062	5
JACWEO010000009.1	34459	35052	-	SAG-MED47_01223	SAG-MED47	197	OG0000922	NA	NA	COG0861	TerC	Tellurite resistance membrane protein TerC	SAG-MED47_01228	-5
JACWEO010000009.1	35042	36646	-	SAG-MED47_01224	SAG-MED47	534	OG0000054	NA	NA	COG2303	BetA	Choline dehydrogenase or related flavoprotein	SAG-MED47_01228	-4
JACWEO010000009.1	36780	37874	+	SAG-MED47_01225	SAG-MED47	364	OG0000072	NA	NA	COG4663	FcbT1	TRAP-type mannitol/chloroaromatic compound transport system, periplasmic component	SAG-MED47_01228	-3
JACWEO010000009.1	37946	38560	+	SAG-MED47_01226	SAG-MED47	204	OG0000994	NA	NA	COG4665	FcbT2	TRAP-type mannitol/chloroaromatic compound transport system, small permease component	SAG-MED47_01228	-2
JACWEO010000009.1	38557	39891	+	SAG-MED47_01227	SAG-MED47	444	OG0000987	K11690	C4-dicarboxylate transporter, DctM subunit	COG4664	FcbT3	TRAP-type mannitol/chloroaromatic compound transport system, large permease component	SAG-MED47_01228	-1
JACWEO010000009.1	39917	41377	+	SAG-MED47_01228	SAG-MED47	486	OG0000917	K03457	nucleobase:cation symporter-1, NCS1 family	COG1953	FUI1	Cytosine/uracil/thiamine/allantoin permease	SAG-MED47_01228	0
JACWEO010000009.1	41378	42130	+	SAG-MED47_01229	SAG-MED47	250	OG0001186	K21883	2-dehydro-3-deoxy-L-rhamnonate dehydrogenase (NAD+) [EC:1.1.1.401]	COG1028	FabG	NAD(P)-dependent dehydrogenase, short-chain alcohol dehydrogenase family	SAG-MED47_01228	1
JACWEO010000009.1	42142	42264	-	SAG-MED47_01230	SAG-MED47	40	OG0001265	NA	NA	NA	NA	NA	SAG-MED47_01228	2
JACWEO010000009.1	42339	42989	+	SAG-MED47_01231	SAG-MED47	216	OG0000965	NA	NA	NA	NA	NA	SAG-MED47_01228	3
JACWEO010000009.1	43014	43436	+	SAG-MED47_01232	SAG-MED47	140	OG0000808	K07107	acyl-CoA thioester hydrolase [EC:3.1.2.-]	COG0824	FadM	Acyl-CoA thioesterase FadM	SAG-MED47_01228	4
JACWEO010000009.1	43426	44106	-	SAG-MED47_01233	SAG-MED47	226	OG0001011	K21929	uracil-DNA glycosylase [EC:3.2.2.27]	COG1573	Udg4	Uracil-DNA glycosylase	SAG-MED47_01228	5
JACWEQ010000001.1	54993	55586	-	SAG-MED49_00069	SAG-MED49	197	OG0000922	NA	NA	COG0861	TerC	Tellurite resistance membrane protein TerC	SAG-MED49_00074	-5
JACWEQ010000001.1	55587	57182	-	SAG-MED49_00070	SAG-MED49	531	OG0000054	NA	NA	COG2303	BetA	Choline dehydrogenase or related flavoprotein	SAG-MED49_00074	-4
JACWEQ010000001.1	57335	58432	+	SAG-MED49_00071	SAG-MED49	365	OG0000072	NA	NA	COG4663	FcbT1	TRAP-type mannitol/chloroaromatic compound transport system, periplasmic component	SAG-MED49_00074	-3
JACWEQ010000001.1	58498	59112	+	SAG-MED49_00072	SAG-MED49	204	OG0000994	NA	NA	COG4665	FcbT2	TRAP-type mannitol/chloroaromatic compound transport system, small permease component	SAG-MED49_00074	-2
JACWEQ010000001.1	59113	60447	+	SAG-MED49_00073	SAG-MED49	444	OG0000987	K11690	C4-dicarboxylate transporter, DctM subunit	COG4664	FcbT3	TRAP-type mannitol/chloroaromatic compound transport system, large permease component	SAG-MED49_00074	-1
JACWEQ010000001.1	60474	61931	+	SAG-MED49_00074	SAG-MED49	485	OG0000917	K03457	nucleobase:cation symporter-1, NCS1 family	COG1953	FUI1	Cytosine/uracil/thiamine/allantoin permease	SAG-MED49_00074	0
JACWEQ010000001.1	61936	62682	+	SAG-MED49_00075	SAG-MED49	248	OG0001186	K21883	2-dehydro-3-deoxy-L-rhamnonate dehydrogenase (NAD+) [EC:1.1.1.401]	COG1028	FabG	NAD(P)-dependent dehydrogenase, short-chain alcohol dehydrogenase family	SAG-MED49_00074	1
JACWEQ010000001.1	62783	63433	+	SAG-MED49_00076	SAG-MED49	216	OG0000965	NA	NA	NA	NA	NA	SAG-MED49_00074	2
JACWEQ010000001.1	63434	63574	-	SAG-MED49_00077	SAG-MED49	46	OG0001143	NA	NA	NA	NA	NA	SAG-MED49_00074	3
JACWEQ010000001.1	63632	64054	+	SAG-MED49_00078	SAG-MED49	140	OG0000808	K07107	acyl-CoA thioester hydrolase [EC:3.1.2.-]	COG0824	FadM	Acyl-CoA thioesterase FadM	SAG-MED49_00074	4
JACWEQ010000001.1	64044	64724	-	SAG-MED49_00079	SAG-MED49	226	OG0001011	K21929	uracil-DNA glycosylase [EC:3.2.2.27]	COG1573	Udg4	Uracil-DNA glycosylase	SAG-MED49_00074	5
JACWER010000004.1	139	912	+	SAG-MED50_00919	SAG-MED50	257	OG0000005	K00020	3-hydroxyisobutyrate dehydrogenase [EC:1.1.1.31]	COG2084	MmsB	3-hydroxyisobutyrate dehydrogenase or related beta-hydroxyacid dehydrogenase	SAG-MED50_00924	-5
JACWER010000004.1	1077	2165	+	SAG-MED50_00920	SAG-MED50	362	OG0000072	NA	NA	COG4663	FcbT1	TRAP-type mannitol/chloroaromatic compound transport system, periplasmic component	SAG-MED50_00924	-4
JACWER010000004.1	2254	2910	+	SAG-MED50_00921	SAG-MED50	218	OG0000994	NA	NA	COG4665	FcbT2	TRAP-type mannitol/chloroaromatic compound transport system, small permease component	SAG-MED50_00924	-3
JACWER010000004.1	2910	4241	+	SAG-MED50_00922	SAG-MED50	443	OG0000987	K11690	C4-dicarboxylate transporter, DctM subunit	COG4664	FcbT3	TRAP-type mannitol/chloroaromatic compound transport system, large permease component	SAG-MED50_00924	-2
JACWER010000004.1	4246	5139	-	SAG-MED50_00923	SAG-MED50	297	OG0001024	NA	NA	COG0697	EamA	Amino acid export permease, drug/metabolite transporter (DMT) superfamily	SAG-MED50_00924	-1
JACWER010000004.1	5207	6664	+	SAG-MED50_00924	SAG-MED50	485	OG0000917	K03457	nucleobase:cation symporter-1, NCS1 family	COG1953	FUI1	Cytosine/uracil/thiamine/allantoin permease	SAG-MED50_00924	0
JACWER010000004.1	6670	7416	+	SAG-MED50_00925	SAG-MED50	248	OG0001186	K21883	2-dehydro-3-deoxy-L-rhamnonate dehydrogenase (NAD+) [EC:1.1.1.401]	COG1028	FabG	NAD(P)-dependent dehydrogenase, short-chain alcohol dehydrogenase family	SAG-MED50_00924	1
JACWER010000004.1	7423	8073	+	SAG-MED50_00926	SAG-MED50	216	OG0000965	NA	NA	NA	NA	NA	SAG-MED50_00924	2
JACWER010000004.1	8074	8214	-	SAG-MED50_00927	SAG-MED50	46	OG0001143	NA	NA	NA	NA	NA	SAG-MED50_00924	3
JACWER010000004.1	8272	8694	+	SAG-MED50_00928	SAG-MED50	140	OG0000808	K07107	acyl-CoA thioester hydrolase [EC:3.1.2.-]	COG0824	FadM	Acyl-CoA thioesterase FadM	SAG-MED50_00924	4
JACWER010000004.1	8684	9364	-	SAG-MED50_00929	SAG-MED50	226	OG0001011	K21929	uracil-DNA glycosylase [EC:3.2.2.27]	COG1573	Udg4	Uracil-DNA glycosylase	SAG-MED50_00924	5
CP159810.1	760849	761523	+	Uisw_090_00857	Uisw_090	224	OG0001011	K21929	uracil-DNA glycosylase [EC:3.2.2.27]	COG1573	Udg4	Uracil-DNA glycosylase	Uisw_090_00862	-5
CP159810.1	761516	761941	-	Uisw_090_00858	Uisw_090	141	OG0000808	K07107	acyl-CoA thioester hydrolase [EC:3.1.2.-]	COG0824	FadM	Acyl-CoA thioesterase FadM	Uisw_090_00862	-4
CP159810.1	761998	762135	+	Uisw_090_00859	Uisw_090	45	OG0001143	NA	NA	NA	NA	NA	Uisw_090_00862	-3
CP159810.1	762138	762779	-	Uisw_090_00860	Uisw_090	213	OG0000965	NA	NA	NA	NA	NA	Uisw_090_00862	-2
CP159810.1	762981	763727	-	Uisw_090_00861	Uisw_090	248	OG0001186	K21883	2-dehydro-3-deoxy-L-rhamnonate dehydrogenase (NAD+) [EC:1.1.1.401]	COG1028	FabG	NAD(P)-dependent dehydrogenase, short-chain alcohol dehydrogenase family	Uisw_090_00862	-1
CP159810.1	763732	765189	-	Uisw_090_00862	Uisw_090	485	OG0000917	K03457	nucleobase:cation symporter-1, NCS1 family	COG1953	FUI1	Cytosine/uracil/thiamine/allantoin permease	Uisw_090_00862	0
CP159810.1	765215	766549	-	Uisw_090_00863	Uisw_090	444	OG0000987	K11690	C4-dicarboxylate transporter, DctM subunit	COG4664	FcbT3	TRAP-type mannitol/chloroaromatic compound transport system, large permease component	Uisw_090_00862	1
CP159810.1	766549	767196	-	Uisw_090_00864	Uisw_090	215	OG0000994	NA	NA	COG4665	FcbT2	TRAP-type mannitol/chloroaromatic compound transport system, small permease component	Uisw_090_00862	2
CP159810.1	767268	768362	-	Uisw_090_00865	Uisw_090	364	OG0000072	NA	NA	COG4663	FcbT1	TRAP-type mannitol/chloroaromatic compound transport system, periplasmic component	Uisw_090_00862	3
CP159810.1	768513	770108	+	Uisw_090_00866	Uisw_090	531	OG0000054	NA	NA	COG2303	BetA	Choline dehydrogenase or related flavoprotein	Uisw_090_00862	4
CP159810.1	770108	770698	+	Uisw_090_00867	Uisw_090	196	OG0000922	NA	NA	COG0861	TerC	Tellurite resistance membrane protein TerC	Uisw_090_00862	5
CP159824.1	455787	456377	-	Uisw_092_00501	Uisw_092	196	OG0000922	NA	NA	COG0861	TerC	Tellurite resistance membrane protein TerC	Uisw_092_00506	-5
CP159824.1	456377	457972	-	Uisw_092_00502	Uisw_092	531	OG0000054	NA	NA	COG2303	BetA	Choline dehydrogenase or related flavoprotein	Uisw_092_00506	-4
CP159824.1	458105	459217	+	Uisw_092_00503	Uisw_092	370	OG0000072	NA	NA	COG4663	FcbT1	TRAP-type mannitol/chloroaromatic compound transport system, periplasmic component	Uisw_092_00506	-3
CP159824.1	459292	459939	+	Uisw_092_00504	Uisw_092	215	OG0000994	NA	NA	COG4665	FcbT2	TRAP-type mannitol/chloroaromatic compound transport system, small permease component	Uisw_092_00506	-2
CP159824.1	459939	461273	+	Uisw_092_00505	Uisw_092	444	OG0000987	K11690	C4-dicarboxylate transporter, DctM subunit	COG4664	FcbT3	TRAP-type mannitol/chloroaromatic compound transport system, large permease component	Uisw_092_00506	-1
CP159824.1	461299	462756	+	Uisw_092_00506	Uisw_092	485	OG0000917	K03457	nucleobase:cation symporter-1, NCS1 family	COG1953	FUI1	Cytosine/uracil/thiamine/allantoin permease	Uisw_092_00506	0
CP159824.1	462761	463507	+	Uisw_092_00507	Uisw_092	248	OG0001186	K21883	2-dehydro-3-deoxy-L-rhamnonate dehydrogenase (NAD+) [EC:1.1.1.401]	COG1028	FabG	NAD(P)-dependent dehydrogenase, short-chain alcohol dehydrogenase family	Uisw_092_00506	1
CP159824.1	463669	464355	+	Uisw_092_00508	Uisw_092	228	OG0000965	NA	NA	NA	NA	NA	Uisw_092_00506	2
CP159824.1	464393	464815	+	Uisw_092_00509	Uisw_092	140	OG0000808	K07107	acyl-CoA thioester hydrolase [EC:3.1.2.-]	COG0824	FadM	Acyl-CoA thioesterase FadM	Uisw_092_00506	3
CP159824.1	464805	465485	-	Uisw_092_00510	Uisw_092	226	OG0001011	K21929	uracil-DNA glycosylase [EC:3.2.2.27]	COG1573	Udg4	Uracil-DNA glycosylase	Uisw_092_00506	4
CP159824.1	465488	466048	+	Uisw_092_00511	Uisw_092	186	OG0000787	NA	NA	COG2062	SixA	Phosphohistidine phosphatase SixA	Uisw_092_00506	5
CP159824.1	905864	906205	-	Uisw_092_01038	Uisw_092	113	OG0000837	K06878	tRNA-binding protein	COG0073	EMAP	tRNA-binding EMAP/Myf domain	Uisw_092_01043	-5
CP159824.1	906224	907423	+	Uisw_092_01039	Uisw_092	399	OG0000997	K01438	acetylornithine deacetylase [EC:3.5.1.16]	COG0624	ArgE	Acetylornithine deacetylase/Succinyl-diaminopimelate desuccinylase or related deacylase	Uisw_092_01043	-4
CP159824.1	907420	907914	-	Uisw_092_01040	Uisw_092	164	OG0001453	K01483	ureidoglycolate lyase [EC:4.3.2.3]	COG3194	AllA	Ureidoglycolate hydrolase (allantoin degradation)	Uisw_092_01043	-3
CP159824.1	907914	908903	-	Uisw_092_01041	Uisw_092	329	OG0001450	K01477	allantoicase [EC:3.5.3.4]	COG4266	Alc	Allantoicase	Uisw_092_01043	-2
CP159824.1	908903	909805	-	Uisw_092_01042	Uisw_092	300	OG0001445	K16842	allantoinase [EC:3.5.2.5]	COG0726	PgaB	Peptidoglycan/xylan/chitin deacetylase, PgdA/NodB/CDA1 family	Uisw_092_01043	-1
CP159824.1	909890	911341	-	Uisw_092_01043	Uisw_092	483	OG0000917	K03457	nucleobase:cation symporter-1, NCS1 family	COG1953	FUI1	Cytosine/uracil/thiamine/allantoin permease	Uisw_092_01043	0
CP159824.1	911534	912970	-	Uisw_092_01044	Uisw_092	478	OG0000047	NA	NA	COG1012	AdhE	Acyl-CoA reductase or other NAD-dependent aldehyde dehydrogenase	Uisw_092_01043	1
CP159824.1	912991	913950	-	Uisw_092_01045	Uisw_092	319	OG0001053	K25365	guanidinobutyrase / D-arginase [EC:3.5.3.7 3.5.3.10]	COG0010	SpeB	Arginase/agmatinase family enzyme	Uisw_092_01043	2
CP159824.1	914008	914730	+	Uisw_092_01046	Uisw_092	240	OG0001014	NA	NA	NA	NA	NA	Uisw_092_01043	3
CP159824.1	914734	915378	+	Uisw_092_01047	Uisw_092	214	OG0001013	NA	NA	COG0652	PpiB	Peptidyl-prolyl cis-trans isomerase (rotamase) - cyclophilin family	Uisw_092_01043	4
CP159824.1	915529	916665	+	Uisw_092_01048	Uisw_092	378	OG0001069	NA	NA	COG4638	HcaE	Phenylpropionate dioxygenase or related ring-hydroxylating dioxygenase, large terminal subunit	Uisw_092_01043	5
CP159823.1	537793	538719	+	Uisw_094_00580	Uisw_094	308	OG0000005	K00020	3-hydroxyisobutyrate dehydrogenase [EC:1.1.1.31]	COG2084	MmsB	3-hydroxyisobutyrate dehydrogenase or related beta-hydroxyacid dehydrogenase	Uisw_094_00585	-5
CP159823.1	538899	539990	+	Uisw_094_00581	Uisw_094	363	OG0000072	NA	NA	COG4663	FcbT1	TRAP-type mannitol/chloroaromatic compound transport system, periplasmic component	Uisw_094_00585	-4
CP159823.1	540077	540736	+	Uisw_094_00582	Uisw_094	219	OG0000994	NA	NA	COG4665	FcbT2	TRAP-type mannitol/chloroaromatic compound transport system, small permease component	Uisw_094_00585	-3
CP159823.1	540727	542061	+	Uisw_094_00583	Uisw_094	444	OG0000987	K11690	C4-dicarboxylate transporter, DctM subunit	COG4664	FcbT3	TRAP-type mannitol/chloroaromatic compound transport system, large permease component	Uisw_094_00585	-2
CP159823.1	542066	542956	-	Uisw_094_00584	Uisw_094	296	OG0001024	NA	NA	COG0697	EamA	Amino acid export permease, drug/metabolite transporter (DMT) superfamily	Uisw_094_00585	-1
CP159823.1	543028	544485	+	Uisw_094_00585	Uisw_094	485	OG0000917	K03457	nucleobase:cation symporter-1, NCS1 family	COG1953	FUI1	Cytosine/uracil/thiamine/allantoin permease	Uisw_094_00585	0
CP159823.1	544490	545236	+	Uisw_094_00586	Uisw_094	248	OG0001186	K21883	2-dehydro-3-deoxy-L-rhamnonate dehydrogenase (NAD+) [EC:1.1.1.401]	COG1028	FabG	NAD(P)-dependent dehydrogenase, short-chain alcohol dehydrogenase family	Uisw_094_00585	1
CP159823.1	545226	545345	-	Uisw_094_00587	Uisw_094	39	OG0001265	NA	NA	NA	NA	NA	Uisw_094_00585	2
CP159823.1	545437	546084	+	Uisw_094_00588	Uisw_094	215	OG0000965	NA	NA	NA	NA	NA	Uisw_094_00585	3
CP159823.1	546087	546224	-	Uisw_094_00589	Uisw_094	45	OG0001143	NA	NA	NA	NA	NA	Uisw_094_00585	4
CP159823.1	546283	546705	+	Uisw_094_00590	Uisw_094	140	OG0000808	K07107	acyl-CoA thioester hydrolase [EC:3.1.2.-]	COG0824	FadM	Acyl-CoA thioesterase FadM	Uisw_094_00585	5
CP159822.1	257110	258318	-	Uisw_099_02_00273	Uisw_099_02	402	OG0001367	NA	NA	COG1196	Smc	Chromosome segregation ATPase Smc	Uisw_099_02_00278	-5
CP159822.1	258400	259044	-	Uisw_099_02_00274	Uisw_099_02	214	OG0001013	NA	NA	COG0652	PpiB	Peptidyl-prolyl cis-trans isomerase (rotamase) - cyclophilin family	Uisw_099_02_00278	-4
CP159822.1	259044	259781	-	Uisw_099_02_00275	Uisw_099_02	245	OG0001014	NA	NA	NA	NA	NA	Uisw_099_02_00278	-3
CP159822.1	259839	260798	+	Uisw_099_02_00276	Uisw_099_02	319	OG0001053	K25365	guanidinobutyrase / D-arginase [EC:3.5.3.7 3.5.3.10]	COG0010	SpeB	Arginase/agmatinase family enzyme	Uisw_099_02_00278	-2
CP159822.1	260819	262255	+	Uisw_099_02_00277	Uisw_099_02	478	OG0000047	NA	NA	COG1012	AdhE	Acyl-CoA reductase or other NAD-dependent aldehyde dehydrogenase	Uisw_099_02_00278	-1
CP159822.1	262449	263897	+	Uisw_099_02_00278	Uisw_099_02	482	OG0000917	K03457	nucleobase:cation symporter-1, NCS1 family	COG1953	FUI1	Cytosine/uracil/thiamine/allantoin permease	Uisw_099_02_00278	0
CP159822.1	263943	264446	-	Uisw_099_02_00279	Uisw_099_02	167	OG0001453	K01483	ureidoglycolate lyase [EC:4.3.2.3]	COG3194	AllA	Ureidoglycolate hydrolase (allantoin degradation)	Uisw_099_02_00278	1
CP159822.1	264443	265429	-	Uisw_099_02_00280	Uisw_099_02	328	OG0001450	K01477	allantoicase [EC:3.5.3.4]	COG4266	Alc	Allantoicase	Uisw_099_02_00278	2
CP159822.1	265429	266331	-	Uisw_099_02_00281	Uisw_099_02	300	OG0001445	K16842	allantoinase [EC:3.5.2.5]	COG0726	PgaB	Peptidoglycan/xylan/chitin deacetylase, PgdA/NodB/CDA1 family	Uisw_099_02_00278	3
CP159822.1	266371	267561	-	Uisw_099_02_00282	Uisw_099_02	396	OG0000997	K01438	acetylornithine deacetylase [EC:3.5.1.16]	COG0624	ArgE	Acetylornithine deacetylase/Succinyl-diaminopimelate desuccinylase or related deacylase	Uisw_099_02_00278	4
CP159822.1	267589	267930	+	Uisw_099_02_00283	Uisw_099_02	113	OG0000837	K06878	tRNA-binding protein	COG0073	EMAP	tRNA-binding EMAP/Myf domain	Uisw_099_02_00278	5
CP159822.1	435089	435679	-	Uisw_099_02_00471	Uisw_099_02	196	OG0000922	NA	NA	COG0861	TerC	Tellurite resistance membrane protein TerC	Uisw_099_02_00476	-5
CP159822.1	435679	437337	-	Uisw_099_02_00472	Uisw_099_02	552	OG0000054	NA	NA	COG2303	BetA	Choline dehydrogenase or related flavoprotein	Uisw_099_02_00476	-4
CP159822.1	437428	438525	+	Uisw_099_02_00473	Uisw_099_02	365	OG0000072	NA	NA	COG4663	FcbT1	TRAP-type mannitol/chloroaromatic compound transport system, periplasmic component	Uisw_099_02_00476	-3
CP159822.1	438597	439244	+	Uisw_099_02_00474	Uisw_099_02	215	OG0000994	NA	NA	COG4665	FcbT2	TRAP-type mannitol/chloroaromatic compound transport system, small permease component	Uisw_099_02_00476	-2
CP159822.1	439244	440578	+	Uisw_099_02_00475	Uisw_099_02	444	OG0000987	K11690	C4-dicarboxylate transporter, DctM subunit	COG4664	FcbT3	TRAP-type mannitol/chloroaromatic compound transport system, large permease component	Uisw_099_02_00476	-1
CP159822.1	440604	442061	+	Uisw_099_02_00476	Uisw_099_02	485	OG0000917	K03457	nucleobase:cation symporter-1, NCS1 family	COG1953	FUI1	Cytosine/uracil/thiamine/allantoin permease	Uisw_099_02_00476	0
CP159822.1	442066	442812	+	Uisw_099_02_00477	Uisw_099_02	248	OG0001186	K21883	2-dehydro-3-deoxy-L-rhamnonate dehydrogenase (NAD+) [EC:1.1.1.401]	COG1028	FabG	NAD(P)-dependent dehydrogenase, short-chain alcohol dehydrogenase family	Uisw_099_02_00476	1
CP159822.1	443013	443660	+	Uisw_099_02_00478	Uisw_099_02	215	OG0000965	NA	NA	NA	NA	NA	Uisw_099_02_00476	2
CP159822.1	443664	443813	-	Uisw_099_02_00479	Uisw_099_02	49	OG0001143	NA	NA	NA	NA	NA	Uisw_099_02_00476	3
CP159822.1	443860	444282	+	Uisw_099_02_00480	Uisw_099_02	140	OG0000808	K07107	acyl-CoA thioester hydrolase [EC:3.1.2.-]	COG0824	FadM	Acyl-CoA thioesterase FadM	Uisw_099_02_00476	4
CP159822.1	444279	444953	-	Uisw_099_02_00481	Uisw_099_02	224	OG0001011	K21929	uracil-DNA glycosylase [EC:3.2.2.27]	COG1573	Udg4	Uracil-DNA glycosylase	Uisw_099_02_00476	5
CP159821.1	554221	554811	-	Uisw_101_00563	Uisw_101	196	OG0000922	NA	NA	COG0861	TerC	Tellurite resistance membrane protein TerC	Uisw_101_00568	-5
CP159821.1	554811	556406	-	Uisw_101_00564	Uisw_101	531	OG0000054	NA	NA	COG2303	BetA	Choline dehydrogenase or related flavoprotein	Uisw_101_00568	-4
CP159821.1	556557	557651	+	Uisw_101_00565	Uisw_101	364	OG0000072	NA	NA	COG4663	FcbT1	TRAP-type mannitol/chloroaromatic compound transport system, periplasmic component	Uisw_101_00568	-3
CP159821.1	557723	558370	+	Uisw_101_00566	Uisw_101	215	OG0000994	NA	NA	COG4665	FcbT2	TRAP-type mannitol/chloroaromatic compound transport system, small permease component	Uisw_101_00568	-2
CP159821.1	558370	559704	+	Uisw_101_00567	Uisw_101	444	OG0000987	K11690	C4-dicarboxylate transporter, DctM subunit	COG4664	FcbT3	TRAP-type mannitol/chloroaromatic compound transport system, large permease component	Uisw_101_00568	-1
CP159821.1	559730	561187	+	Uisw_101_00568	Uisw_101	485	OG0000917	K03457	nucleobase:cation symporter-1, NCS1 family	COG1953	FUI1	Cytosine/uracil/thiamine/allantoin permease	Uisw_101_00568	0
CP159821.1	561192	561938	+	Uisw_101_00569	Uisw_101	248	OG0001186	K21883	2-dehydro-3-deoxy-L-rhamnonate dehydrogenase (NAD+) [EC:1.1.1.401]	COG1028	FabG	NAD(P)-dependent dehydrogenase, short-chain alcohol dehydrogenase family	Uisw_101_00568	1
CP159821.1	562140	562781	+	Uisw_101_00570	Uisw_101	213	OG0000965	NA	NA	NA	NA	NA	Uisw_101_00568	2
CP159821.1	562784	562921	-	Uisw_101_00571	Uisw_101	45	OG0001143	NA	NA	NA	NA	NA	Uisw_101_00568	3
CP159821.1	562978	563403	+	Uisw_101_00572	Uisw_101	141	OG0000808	K07107	acyl-CoA thioester hydrolase [EC:3.1.2.-]	COG0824	FadM	Acyl-CoA thioesterase FadM	Uisw_101_00568	4
CP159821.1	563396	564070	-	Uisw_101_00573	Uisw_101	224	OG0001011	K21929	uracil-DNA glycosylase [EC:3.2.2.27]	COG1573	Udg4	Uracil-DNA glycosylase	Uisw_101_00568	5
CP159820.1	549496	550086	-	Uisw_104_00566	Uisw_104	196	OG0000922	NA	NA	COG0861	TerC	Tellurite resistance membrane protein TerC	Uisw_104_00571	-5
CP159820.1	550086	551681	-	Uisw_104_00567	Uisw_104	531	OG0000054	NA	NA	COG2303	BetA	Choline dehydrogenase or related flavoprotein	Uisw_104_00571	-4
CP159820.1	551832	552926	+	Uisw_104_00568	Uisw_104	364	OG0000072	NA	NA	COG4663	FcbT1	TRAP-type mannitol/chloroaromatic compound transport system, periplasmic component	Uisw_104_00571	-3
CP159820.1	552998	553645	+	Uisw_104_00569	Uisw_104	215	OG0000994	NA	NA	COG4665	FcbT2	TRAP-type mannitol/chloroaromatic compound transport system, small permease component	Uisw_104_00571	-2
CP159820.1	553645	554979	+	Uisw_104_00570	Uisw_104	444	OG0000987	K11690	C4-dicarboxylate transporter, DctM subunit	COG4664	FcbT3	TRAP-type mannitol/chloroaromatic compound transport system, large permease component	Uisw_104_00571	-1
CP159820.1	555005	556462	+	Uisw_104_00571	Uisw_104	485	OG0000917	K03457	nucleobase:cation symporter-1, NCS1 family	COG1953	FUI1	Cytosine/uracil/thiamine/allantoin permease	Uisw_104_00571	0
CP159820.1	556467	557213	+	Uisw_104_00572	Uisw_104	248	OG0001186	K21883	2-dehydro-3-deoxy-L-rhamnonate dehydrogenase (NAD+) [EC:1.1.1.401]	COG1028	FabG	NAD(P)-dependent dehydrogenase, short-chain alcohol dehydrogenase family	Uisw_104_00571	1
CP159820.1	557415	558056	+	Uisw_104_00573	Uisw_104	213	OG0000965	NA	NA	NA	NA	NA	Uisw_104_00571	2
CP159820.1	558059	558196	-	Uisw_104_00574	Uisw_104	45	OG0001143	NA	NA	NA	NA	NA	Uisw_104_00571	3
CP159820.1	558253	558678	+	Uisw_104_00575	Uisw_104	141	OG0000808	K07107	acyl-CoA thioester hydrolase [EC:3.1.2.-]	COG0824	FadM	Acyl-CoA thioesterase FadM	Uisw_104_00571	4
CP159820.1	558671	559345	-	Uisw_104_00576	Uisw_104	224	OG0001011	K21929	uracil-DNA glycosylase [EC:3.2.2.27]	COG1573	Udg4	Uracil-DNA glycosylase	Uisw_104_00571	5
CP159819.1	487874	488800	+	Uisw_106_00527	Uisw_106	308	OG0000005	K00020	3-hydroxyisobutyrate dehydrogenase [EC:1.1.1.31]	COG2084	MmsB	3-hydroxyisobutyrate dehydrogenase or related beta-hydroxyacid dehydrogenase	Uisw_106_00532	-5
CP159819.1	488981	490072	+	Uisw_106_00528	Uisw_106	363	OG0000072	NA	NA	COG4663	FcbT1	TRAP-type mannitol/chloroaromatic compound transport system, periplasmic component	Uisw_106_00532	-4
CP159819.1	490159	490818	+	Uisw_106_00529	Uisw_106	219	OG0000994	NA	NA	COG4665	FcbT2	TRAP-type mannitol/chloroaromatic compound transport system, small permease component	Uisw_106_00532	-3
CP159819.1	490809	492143	+	Uisw_106_00530	Uisw_106	444	OG0000987	K11690	C4-dicarboxylate transporter, DctM subunit	COG4664	FcbT3	TRAP-type mannitol/chloroaromatic compound transport system, large permease component	Uisw_106_00532	-2
CP159819.1	492147	493037	-	Uisw_106_00531	Uisw_106	296	OG0001024	NA	NA	COG0697	EamA	Amino acid export permease, drug/metabolite transporter (DMT) superfamily	Uisw_106_00532	-1
CP159819.1	493109	494566	+	Uisw_106_00532	Uisw_106	485	OG0000917	K03457	nucleobase:cation symporter-1, NCS1 family	COG1953	FUI1	Cytosine/uracil/thiamine/allantoin permease	Uisw_106_00532	0
CP159819.1	494571	495317	+	Uisw_106_00533	Uisw_106	248	OG0001186	K21883	2-dehydro-3-deoxy-L-rhamnonate dehydrogenase (NAD+) [EC:1.1.1.401]	COG1028	FabG	NAD(P)-dependent dehydrogenase, short-chain alcohol dehydrogenase family	Uisw_106_00532	1
CP159819.1	495307	495426	-	Uisw_106_00534	Uisw_106	39	OG0001265	NA	NA	NA	NA	NA	Uisw_106_00532	2
CP159819.1	495519	496166	+	Uisw_106_00535	Uisw_106	215	OG0000965	NA	NA	NA	NA	NA	Uisw_106_00532	3
CP159819.1	496169	496306	-	Uisw_106_00536	Uisw_106	45	OG0001143	NA	NA	NA	NA	NA	Uisw_106_00532	4
CP159819.1	496365	496787	+	Uisw_106_00537	Uisw_106	140	OG0000808	K07107	acyl-CoA thioester hydrolase [EC:3.1.2.-]	COG0824	FadM	Acyl-CoA thioesterase FadM	Uisw_106_00532	5
CP159819.1	902694	903035	-	Uisw_106_01022	Uisw_106	113	OG0000837	K06878	tRNA-binding protein	COG0073	EMAP	tRNA-binding EMAP/Myf domain	Uisw_106_01027	-5
CP159819.1	903063	904253	+	Uisw_106_01023	Uisw_106	396	OG0000997	K01438	acetylornithine deacetylase [EC:3.5.1.16]	COG0624	ArgE	Acetylornithine deacetylase/Succinyl-diaminopimelate desuccinylase or related deacylase	Uisw_106_01027	-4
CP159819.1	904292	905194	+	Uisw_106_01024	Uisw_106	300	OG0001445	K16842	allantoinase [EC:3.5.2.5]	COG0726	PgaB	Peptidoglycan/xylan/chitin deacetylase, PgdA/NodB/CDA1 family	Uisw_106_01027	-3
CP159819.1	905194	906180	+	Uisw_106_01025	Uisw_106	328	OG0001450	K01477	allantoicase [EC:3.5.3.4]	COG4266	Alc	Allantoicase	Uisw_106_01027	-2
CP159819.1	906177	906674	+	Uisw_106_01026	Uisw_106	165	OG0001453	K01483	ureidoglycolate lyase [EC:4.3.2.3]	COG3194	AllA	Ureidoglycolate hydrolase (allantoin degradation)	Uisw_106_01027	-1
CP159819.1	906723	908174	-	Uisw_106_01027	Uisw_106	483	OG0000917	K03457	nucleobase:cation symporter-1, NCS1 family	COG1953	FUI1	Cytosine/uracil/thiamine/allantoin permease	Uisw_106_01027	0
CP159819.1	908417	909853	-	Uisw_106_01028	Uisw_106	478	OG0000047	NA	NA	COG1012	AdhE	Acyl-CoA reductase or other NAD-dependent aldehyde dehydrogenase	Uisw_106_01027	1
CP159819.1	909874	910833	-	Uisw_106_01029	Uisw_106	319	OG0001053	K25365	guanidinobutyrase / D-arginase [EC:3.5.3.7 3.5.3.10]	COG0010	SpeB	Arginase/agmatinase family enzyme	Uisw_106_01027	2
CP159819.1	910885	911628	+	Uisw_106_01030	Uisw_106	247	OG0001014	NA	NA	NA	NA	NA	Uisw_106_01027	3
CP159819.1	911628	912272	+	Uisw_106_01031	Uisw_106	214	OG0001013	NA	NA	COG0652	PpiB	Peptidyl-prolyl cis-trans isomerase (rotamase) - cyclophilin family	Uisw_106_01027	4
CP159819.1	912354	913562	+	Uisw_106_01032	Uisw_106	402	OG0001367	NA	NA	COG1196	Smc	Chromosome segregation ATPase Smc	Uisw_106_01027	5
CP159809.1	276886	278022	-	Uisw_113_00287	Uisw_113	378	OG0001069	NA	NA	COG4638	HcaE	Phenylpropionate dioxygenase or related ring-hydroxylating dioxygenase, large terminal subunit	Uisw_113_00292	-5
CP159809.1	278175	278819	-	Uisw_113_00288	Uisw_113	214	OG0001013	NA	NA	COG0652	PpiB	Peptidyl-prolyl cis-trans isomerase (rotamase) - cyclophilin family	Uisw_113_00292	-4
CP159809.1	278819	279556	-	Uisw_113_00289	Uisw_113	245	OG0001014	NA	NA	NA	NA	NA	Uisw_113_00292	-3
CP159809.1	279614	280573	+	Uisw_113_00290	Uisw_113	319	OG0001053	K25365	guanidinobutyrase / D-arginase [EC:3.5.3.7 3.5.3.10]	COG0010	SpeB	Arginase/agmatinase family enzyme	Uisw_113_00292	-2
CP159809.1	280594	282030	+	Uisw_113_00291	Uisw_113	478	OG0000047	NA	NA	COG1012	AdhE	Acyl-CoA reductase or other NAD-dependent aldehyde dehydrogenase	Uisw_113_00292	-1
CP159809.1	282225	283676	+	Uisw_113_00292	Uisw_113	483	OG0000917	K03457	nucleobase:cation symporter-1, NCS1 family	COG1953	FUI1	Cytosine/uracil/thiamine/allantoin permease	Uisw_113_00292	0
CP159809.1	283725	284222	-	Uisw_113_00293	Uisw_113	165	OG0001453	K01483	ureidoglycolate lyase [EC:4.3.2.3]	COG3194	AllA	Ureidoglycolate hydrolase (allantoin degradation)	Uisw_113_00292	1
CP159809.1	284219	285205	-	Uisw_113_00294	Uisw_113	328	OG0001450	K01477	allantoicase [EC:3.5.3.4]	COG4266	Alc	Allantoicase	Uisw_113_00292	2
CP159809.1	285205	286107	-	Uisw_113_00295	Uisw_113	300	OG0001445	K16842	allantoinase [EC:3.5.2.5]	COG0726	PgaB	Peptidoglycan/xylan/chitin deacetylase, PgdA/NodB/CDA1 family	Uisw_113_00292	3
CP159809.1	286145	287335	-	Uisw_113_00296	Uisw_113	396	OG0000997	K01438	acetylornithine deacetylase [EC:3.5.1.16]	COG0624	ArgE	Acetylornithine deacetylase/Succinyl-diaminopimelate desuccinylase or related deacylase	Uisw_113_00292	4
CP159809.1	287363	287704	+	Uisw_113_00297	Uisw_113	113	OG0000837	K06878	tRNA-binding protein	COG0073	EMAP	tRNA-binding EMAP/Myf domain	Uisw_113_00292	5
CP159809.1	713264	713938	+	Uisw_113_00789	Uisw_113	224	OG0001011	K21929	uracil-DNA glycosylase [EC:3.2.2.27]	COG1573	Udg4	Uracil-DNA glycosylase	Uisw_113_00794	-5
CP159809.1	713931	714356	-	Uisw_113_00790	Uisw_113	141	OG0000808	K07107	acyl-CoA thioester hydrolase [EC:3.1.2.-]	COG0824	FadM	Acyl-CoA thioesterase FadM	Uisw_113_00794	-4
CP159809.1	714410	714550	+	Uisw_113_00791	Uisw_113	46	OG0001143	NA	NA	NA	NA	NA	Uisw_113_00794	-3
CP159809.1	714553	715194	-	Uisw_113_00792	Uisw_113	213	OG0000965	NA	NA	NA	NA	NA	Uisw_113_00794	-2
CP159809.1	715396	716142	-	Uisw_113_00793	Uisw_113	248	OG0001186	K21883	2-dehydro-3-deoxy-L-rhamnonate dehydrogenase (NAD+) [EC:1.1.1.401]	COG1028	FabG	NAD(P)-dependent dehydrogenase, short-chain alcohol dehydrogenase family	Uisw_113_00794	-1
CP159809.1	716147	717604	-	Uisw_113_00794	Uisw_113	485	OG0000917	K03457	nucleobase:cation symporter-1, NCS1 family	COG1953	FUI1	Cytosine/uracil/thiamine/allantoin permease	Uisw_113_00794	0
CP159809.1	717630	718964	-	Uisw_113_00795	Uisw_113	444	OG0000987	K11690	C4-dicarboxylate transporter, DctM subunit	COG4664	FcbT3	TRAP-type mannitol/chloroaromatic compound transport system, large permease component	Uisw_113_00794	1
CP159809.1	718964	719611	-	Uisw_113_00796	Uisw_113	215	OG0000994	NA	NA	COG4665	FcbT2	TRAP-type mannitol/chloroaromatic compound transport system, small permease component	Uisw_113_00794	2
CP159809.1	719682	720776	-	Uisw_113_00797	Uisw_113	364	OG0000072	NA	NA	COG4663	FcbT1	TRAP-type mannitol/chloroaromatic compound transport system, periplasmic component	Uisw_113_00794	3
CP159809.1	720928	722523	+	Uisw_113_00798	Uisw_113	531	OG0000054	NA	NA	COG2303	BetA	Choline dehydrogenase or related flavoprotein	Uisw_113_00794	4
CP159809.1	722523	723113	+	Uisw_113_00799	Uisw_113	196	OG0000922	NA	NA	COG0861	TerC	Tellurite resistance membrane protein TerC	Uisw_113_00794	5
CP159818.1	511060	511986	+	Uisw_114_00595	Uisw_114	308	OG0000005	K00020	3-hydroxyisobutyrate dehydrogenase [EC:1.1.1.31]	COG2084	MmsB	3-hydroxyisobutyrate dehydrogenase or related beta-hydroxyacid dehydrogenase	Uisw_114_00600	-5
CP159818.1	512164	513255	+	Uisw_114_00596	Uisw_114	363	OG0000072	NA	NA	COG4663	FcbT1	TRAP-type mannitol/chloroaromatic compound transport system, periplasmic component	Uisw_114_00600	-4
CP159818.1	513344	514003	+	Uisw_114_00597	Uisw_114	219	OG0000994	NA	NA	COG4665	FcbT2	TRAP-type mannitol/chloroaromatic compound transport system, small permease component	Uisw_114_00600	-3
CP159818.1	513994	515328	+	Uisw_114_00598	Uisw_114	444	OG0000987	K11690	C4-dicarboxylate transporter, DctM subunit	COG4664	FcbT3	TRAP-type mannitol/chloroaromatic compound transport system, large permease component	Uisw_114_00600	-2
CP159818.1	515333	516223	-	Uisw_114_00599	Uisw_114	296	OG0001024	NA	NA	COG0697	EamA	Amino acid export permease, drug/metabolite transporter (DMT) superfamily	Uisw_114_00600	-1
CP159818.1	516340	517752	+	Uisw_114_00600	Uisw_114	470	OG0000917	K03457	nucleobase:cation symporter-1, NCS1 family	COG1953	FUI1	Cytosine/uracil/thiamine/allantoin permease	Uisw_114_00600	0
CP159818.1	517757	518503	+	Uisw_114_00601	Uisw_114	248	OG0001186	K21883	2-dehydro-3-deoxy-L-rhamnonate dehydrogenase (NAD+) [EC:1.1.1.401]	COG1028	FabG	NAD(P)-dependent dehydrogenase, short-chain alcohol dehydrogenase family	Uisw_114_00600	1
CP159818.1	518493	518612	-	Uisw_114_00602	Uisw_114	39	OG0001265	NA	NA	NA	NA	NA	Uisw_114_00600	2
CP159818.1	518703	519347	+	Uisw_114_00603	Uisw_114	214	OG0000965	NA	NA	NA	NA	NA	Uisw_114_00600	3
CP159818.1	519547	519969	+	Uisw_114_00604	Uisw_114	140	OG0000808	K07107	acyl-CoA thioester hydrolase [EC:3.1.2.-]	COG0824	FadM	Acyl-CoA thioesterase FadM	Uisw_114_00600	4
CP159818.1	519959	520639	-	Uisw_114_00605	Uisw_114	226	OG0001011	K21929	uracil-DNA glycosylase [EC:3.2.2.27]	COG1573	Udg4	Uracil-DNA glycosylase	Uisw_114_00600	5
CP159817.1	421278	421868	-	Uisw_116_00472	Uisw_116	196	OG0000922	NA	NA	COG0861	TerC	Tellurite resistance membrane protein TerC	Uisw_116_00477	-5
CP159817.1	421868	423463	-	Uisw_116_00473	Uisw_116	531	OG0000054	NA	NA	COG2303	BetA	Choline dehydrogenase or related flavoprotein	Uisw_116_00477	-4
CP159817.1	423617	424711	+	Uisw_116_00474	Uisw_116	364	OG0000072	NA	NA	COG4663	FcbT1	TRAP-type mannitol/chloroaromatic compound transport system, periplasmic component	Uisw_116_00477	-3
CP159817.1	424785	425432	+	Uisw_116_00475	Uisw_116	215	OG0000994	NA	NA	COG4665	FcbT2	TRAP-type mannitol/chloroaromatic compound transport system, small permease component	Uisw_116_00477	-2
CP159817.1	425432	426766	+	Uisw_116_00476	Uisw_116	444	OG0000987	K11690	C4-dicarboxylate transporter, DctM subunit	COG4664	FcbT3	TRAP-type mannitol/chloroaromatic compound transport system, large permease component	Uisw_116_00477	-1
CP159817.1	426792	428003	+	Uisw_116_00477	Uisw_116	403	OG0000917	K03457	nucleobase:cation symporter-1, NCS1 family	COG1953	FUI1	Cytosine/uracil/thiamine/allantoin permease	Uisw_116_00477	0
CP159817.1	428000	428248	+	Uisw_116_00478	Uisw_116	82	OG0000917	NA	NA	COG1953	FUI1	Cytosine/uracil/thiamine/allantoin permease	Uisw_116_00477	1
CP159817.1	428253	428999	+	Uisw_116_00479	Uisw_116	248	OG0001186	K21883	2-dehydro-3-deoxy-L-rhamnonate dehydrogenase (NAD+) [EC:1.1.1.401]	COG1028	FabG	NAD(P)-dependent dehydrogenase, short-chain alcohol dehydrogenase family	Uisw_116_00477	2
CP159817.1	428989	429111	-	Uisw_116_00480	Uisw_116	40	OG0001265	NA	NA	NA	NA	NA	Uisw_116_00477	3
CP159817.1	429200	429844	+	Uisw_116_00481	Uisw_116	214	OG0000965	NA	NA	NA	NA	NA	Uisw_116_00477	4
CP159817.1	429847	429984	-	Uisw_116_00482	Uisw_116	45	OG0001143	NA	NA	NA	NA	NA	Uisw_116_00477	5
CP159817.1	421868	423463	-	Uisw_116_00473	Uisw_116	531	OG0000054	NA	NA	COG2303	BetA	Choline dehydrogenase or related flavoprotein	Uisw_116_00478	-5
CP159817.1	423617	424711	+	Uisw_116_00474	Uisw_116	364	OG0000072	NA	NA	COG4663	FcbT1	TRAP-type mannitol/chloroaromatic compound transport system, periplasmic component	Uisw_116_00478	-4
CP159817.1	424785	425432	+	Uisw_116_00475	Uisw_116	215	OG0000994	NA	NA	COG4665	FcbT2	TRAP-type mannitol/chloroaromatic compound transport system, small permease component	Uisw_116_00478	-3
CP159817.1	425432	426766	+	Uisw_116_00476	Uisw_116	444	OG0000987	K11690	C4-dicarboxylate transporter, DctM subunit	COG4664	FcbT3	TRAP-type mannitol/chloroaromatic compound transport system, large permease component	Uisw_116_00478	-2
CP159817.1	426792	428003	+	Uisw_116_00477	Uisw_116	403	OG0000917	K03457	nucleobase:cation symporter-1, NCS1 family	COG1953	FUI1	Cytosine/uracil/thiamine/allantoin permease	Uisw_116_00478	-1
CP159817.1	428000	428248	+	Uisw_116_00478	Uisw_116	82	OG0000917	NA	NA	COG1953	FUI1	Cytosine/uracil/thiamine/allantoin permease	Uisw_116_00478	0
CP159817.1	428253	428999	+	Uisw_116_00479	Uisw_116	248	OG0001186	K21883	2-dehydro-3-deoxy-L-rhamnonate dehydrogenase (NAD+) [EC:1.1.1.401]	COG1028	FabG	NAD(P)-dependent dehydrogenase, short-chain alcohol dehydrogenase family	Uisw_116_00478	1
CP159817.1	428989	429111	-	Uisw_116_00480	Uisw_116	40	OG0001265	NA	NA	NA	NA	NA	Uisw_116_00478	2
CP159817.1	429200	429844	+	Uisw_116_00481	Uisw_116	214	OG0000965	NA	NA	NA	NA	NA	Uisw_116_00478	3
CP159817.1	429847	429984	-	Uisw_116_00482	Uisw_116	45	OG0001143	NA	NA	NA	NA	NA	Uisw_116_00478	4
CP159817.1	430043	430465	+	Uisw_116_00483	Uisw_116	140	OG0000808	K07107	acyl-CoA thioester hydrolase [EC:3.1.2.-]	COG0824	FadM	Acyl-CoA thioesterase FadM	Uisw_116_00478	5
CP159816.1	466590	467180	-	Uisw_121_00485	Uisw_121	196	OG0000922	NA	NA	COG0861	TerC	Tellurite resistance membrane protein TerC	Uisw_121_00490	-5
CP159816.1	467180	468826	-	Uisw_121_00486	Uisw_121	548	OG0000054	NA	NA	COG2303	BetA	Choline dehydrogenase or related flavoprotein	Uisw_121_00490	-4
CP159816.1	468928	470022	+	Uisw_121_00487	Uisw_121	364	OG0000072	NA	NA	COG4663	FcbT1	TRAP-type mannitol/chloroaromatic compound transport system, periplasmic component	Uisw_121_00490	-3
CP159816.1	470095	470742	+	Uisw_121_00488	Uisw_121	215	OG0000994	NA	NA	COG4665	FcbT2	TRAP-type mannitol/chloroaromatic compound transport system, small permease component	Uisw_121_00490	-2
CP159816.1	470742	472076	+	Uisw_121_00489	Uisw_121	444	OG0000987	K11690	C4-dicarboxylate transporter, DctM subunit	COG4664	FcbT3	TRAP-type mannitol/chloroaromatic compound transport system, large permease component	Uisw_121_00490	-1
CP159816.1	472102	473559	+	Uisw_121_00490	Uisw_121	485	OG0000917	K03457	nucleobase:cation symporter-1, NCS1 family	COG1953	FUI1	Cytosine/uracil/thiamine/allantoin permease	Uisw_121_00490	0
CP159816.1	473564	474310	+	Uisw_121_00491	Uisw_121	248	OG0001186	K21883	2-dehydro-3-deoxy-L-rhamnonate dehydrogenase (NAD+) [EC:1.1.1.401]	COG1028	FabG	NAD(P)-dependent dehydrogenase, short-chain alcohol dehydrogenase family	Uisw_121_00490	1
CP159816.1	474300	474419	-	Uisw_121_00492	Uisw_121	39	OG0001265	NA	NA	NA	NA	NA	Uisw_121_00490	2
CP159816.1	474511	475155	+	Uisw_121_00493	Uisw_121	214	OG0000965	NA	NA	NA	NA	NA	Uisw_121_00490	3
CP159816.1	475158	475295	-	Uisw_121_00494	Uisw_121	45	OG0001143	NA	NA	NA	NA	NA	Uisw_121_00490	4
CP159816.1	475354	475776	+	Uisw_121_00495	Uisw_121	140	OG0000808	K07107	acyl-CoA thioester hydrolase [EC:3.1.2.-]	COG0824	FadM	Acyl-CoA thioesterase FadM	Uisw_121_00490	5
CP159815.1	264509	265693	-	Uisw_127_00275	Uisw_127	394	OG0001367	NA	NA	COG1196	Smc	Chromosome segregation ATPase Smc	Uisw_127_00280	-5
CP159815.1	265775	266419	-	Uisw_127_00276	Uisw_127	214	OG0001013	NA	NA	COG0652	PpiB	Peptidyl-prolyl cis-trans isomerase (rotamase) - cyclophilin family	Uisw_127_00280	-4
CP159815.1	266420	267184	-	Uisw_127_00277	Uisw_127	254	OG0001014	NA	NA	NA	NA	NA	Uisw_127_00280	-3
CP159815.1	267216	268181	+	Uisw_127_00278	Uisw_127	321	OG0001053	K25365	guanidinobutyrase / D-arginase [EC:3.5.3.7 3.5.3.10]	COG0010	SpeB	Arginase/agmatinase family enzyme	Uisw_127_00280	-2
CP159815.1	268196	269632	+	Uisw_127_00279	Uisw_127	478	OG0000047	NA	NA	COG1012	AdhE	Acyl-CoA reductase or other NAD-dependent aldehyde dehydrogenase	Uisw_127_00280	-1
CP159815.1	269875	271323	+	Uisw_127_00280	Uisw_127	482	OG0000917	K03457	nucleobase:cation symporter-1, NCS1 family	COG1953	FUI1	Cytosine/uracil/thiamine/allantoin permease	Uisw_127_00280	0
CP159815.1	271375	271869	-	Uisw_127_00281	Uisw_127	164	OG0001453	K01483	ureidoglycolate lyase [EC:4.3.2.3]	COG3194	AllA	Ureidoglycolate hydrolase (allantoin degradation)	Uisw_127_00280	1
CP159815.1	271869	272858	-	Uisw_127_00282	Uisw_127	329	OG0001450	K01477	allantoicase [EC:3.5.3.4]	COG4266	Alc	Allantoicase	Uisw_127_00280	2
CP159815.1	272858	273760	-	Uisw_127_00283	Uisw_127	300	OG0001445	K16842	allantoinase [EC:3.5.2.5]	COG0726	PgaB	Peptidoglycan/xylan/chitin deacetylase, PgdA/NodB/CDA1 family	Uisw_127_00280	3
CP159815.1	273799	274989	-	Uisw_127_00284	Uisw_127	396	OG0000997	K01438	acetylornithine deacetylase [EC:3.5.1.16]	COG0624	ArgE	Acetylornithine deacetylase/Succinyl-diaminopimelate desuccinylase or related deacylase	Uisw_127_00280	4
CP159815.1	275017	275358	+	Uisw_127_00285	Uisw_127	113	OG0000837	K06878	tRNA-binding protein	COG0073	EMAP	tRNA-binding EMAP/Myf domain	Uisw_127_00280	5
CP159815.1	701299	701973	+	Uisw_127_00783	Uisw_127	224	OG0001011	K21929	uracil-DNA glycosylase [EC:3.2.2.27]	COG1573	Udg4	Uracil-DNA glycosylase	Uisw_127_00788	-5
CP159815.1	701970	702392	-	Uisw_127_00784	Uisw_127	140	OG0000808	K07107	acyl-CoA thioester hydrolase [EC:3.1.2.-]	COG0824	FadM	Acyl-CoA thioesterase FadM	Uisw_127_00788	-4
CP159815.1	702451	702588	+	Uisw_127_00785	Uisw_127	45	OG0001143	NA	NA	NA	NA	NA	Uisw_127_00788	-3
CP159815.1	702593	703237	-	Uisw_127_00786	Uisw_127	214	OG0000965	NA	NA	NA	NA	NA	Uisw_127_00788	-2
CP159815.1	703438	704184	-	Uisw_127_00787	Uisw_127	248	OG0001186	K21883	2-dehydro-3-deoxy-L-rhamnonate dehydrogenase (NAD+) [EC:1.1.1.401]	COG1028	FabG	NAD(P)-dependent dehydrogenase, short-chain alcohol dehydrogenase family	Uisw_127_00788	-1
CP159815.1	704189	705646	-	Uisw_127_00788	Uisw_127	485	OG0000917	K03457	nucleobase:cation symporter-1, NCS1 family	COG1953	FUI1	Cytosine/uracil/thiamine/allantoin permease	Uisw_127_00788	0
CP159815.1	705672	707006	-	Uisw_127_00789	Uisw_127	444	OG0000987	K11690	C4-dicarboxylate transporter, DctM subunit	COG4664	FcbT3	TRAP-type mannitol/chloroaromatic compound transport system, large permease component	Uisw_127_00788	1
CP159815.1	707006	707605	-	Uisw_127_00790	Uisw_127	199	OG0000994	NA	NA	COG4665	FcbT2	TRAP-type mannitol/chloroaromatic compound transport system, small permease component	Uisw_127_00788	2
CP159815.1	707725	708819	-	Uisw_127_00791	Uisw_127	364	OG0000072	NA	NA	COG4663	FcbT1	TRAP-type mannitol/chloroaromatic compound transport system, periplasmic component	Uisw_127_00788	3
CP159815.1	708968	710563	+	Uisw_127_00792	Uisw_127	531	OG0000054	NA	NA	COG2303	BetA	Choline dehydrogenase or related flavoprotein	Uisw_127_00788	4
CP159815.1	710563	711153	+	Uisw_127_00793	Uisw_127	196	OG0000922	NA	NA	COG0861	TerC	Tellurite resistance membrane protein TerC	Uisw_127_00788	5
CP159814.1	493630	494556	+	Uisw_130_00529	Uisw_130	308	OG0000005	K00020	3-hydroxyisobutyrate dehydrogenase [EC:1.1.1.31]	COG2084	MmsB	3-hydroxyisobutyrate dehydrogenase or related beta-hydroxyacid dehydrogenase	Uisw_130_00534	-5
CP159814.1	494736	495827	+	Uisw_130_00530	Uisw_130	363	OG0000072	NA	NA	COG4663	FcbT1	TRAP-type mannitol/chloroaromatic compound transport system, periplasmic component	Uisw_130_00534	-4
CP159814.1	495913	496572	+	Uisw_130_00531	Uisw_130	219	OG0000994	NA	NA	COG4665	FcbT2	TRAP-type mannitol/chloroaromatic compound transport system, small permease component	Uisw_130_00534	-3
CP159814.1	496563	497897	+	Uisw_130_00532	Uisw_130	444	OG0000987	K11690	C4-dicarboxylate transporter, DctM subunit	COG4664	FcbT3	TRAP-type mannitol/chloroaromatic compound transport system, large permease component	Uisw_130_00534	-2
CP159814.1	497902	498792	-	Uisw_130_00533	Uisw_130	296	OG0001024	NA	NA	COG0697	EamA	Amino acid export permease, drug/metabolite transporter (DMT) superfamily	Uisw_130_00534	-1
CP159814.1	498864	500321	+	Uisw_130_00534	Uisw_130	485	OG0000917	K03457	nucleobase:cation symporter-1, NCS1 family	COG1953	FUI1	Cytosine/uracil/thiamine/allantoin permease	Uisw_130_00534	0
CP159814.1	500326	501072	+	Uisw_130_00535	Uisw_130	248	OG0001186	K21883	2-dehydro-3-deoxy-L-rhamnonate dehydrogenase (NAD+) [EC:1.1.1.401]	COG1028	FabG	NAD(P)-dependent dehydrogenase, short-chain alcohol dehydrogenase family	Uisw_130_00534	1
CP159814.1	501062	501181	-	Uisw_130_00536	Uisw_130	39	OG0001265	NA	NA	NA	NA	NA	Uisw_130_00534	2
CP159814.1	501272	501919	+	Uisw_130_00537	Uisw_130	215	OG0000965	NA	NA	NA	NA	NA	Uisw_130_00534	3
CP159814.1	501925	502062	-	Uisw_130_00538	Uisw_130	45	OG0001143	NA	NA	NA	NA	NA	Uisw_130_00534	4
CP159814.1	502118	502540	+	Uisw_130_00539	Uisw_130	140	OG0000808	K07107	acyl-CoA thioester hydrolase [EC:3.1.2.-]	COG0824	FadM	Acyl-CoA thioesterase FadM	Uisw_130_00534	5
CP159813.1	266651	267787	-	Uisw_134_02_00280	Uisw_134_02	378	OG0001069	NA	NA	COG4638	HcaE	Phenylpropionate dioxygenase or related ring-hydroxylating dioxygenase, large terminal subunit	Uisw_134_02_00285	-5
CP159813.1	267937	268581	-	Uisw_134_02_00281	Uisw_134_02	214	OG0001013	NA	NA	COG0652	PpiB	Peptidyl-prolyl cis-trans isomerase (rotamase) - cyclophilin family	Uisw_134_02_00285	-4
CP159813.1	268585	269307	-	Uisw_134_02_00282	Uisw_134_02	240	OG0001014	NA	NA	NA	NA	NA	Uisw_134_02_00285	-3
CP159813.1	269365	270324	+	Uisw_134_02_00283	Uisw_134_02	319	OG0001053	K25365	guanidinobutyrase / D-arginase [EC:3.5.3.7 3.5.3.10]	COG0010	SpeB	Arginase/agmatinase family enzyme	Uisw_134_02_00285	-2
CP159813.1	270345	271781	+	Uisw_134_02_00284	Uisw_134_02	478	OG0000047	NA	NA	COG1012	AdhE	Acyl-CoA reductase or other NAD-dependent aldehyde dehydrogenase	Uisw_134_02_00285	-1
CP159813.1	271973	273421	+	Uisw_134_02_00285	Uisw_134_02	482	OG0000917	K03457	nucleobase:cation symporter-1, NCS1 family	COG1953	FUI1	Cytosine/uracil/thiamine/allantoin permease	Uisw_134_02_00285	0
CP159813.1	273467	273970	-	Uisw_134_02_00286	Uisw_134_02	167	OG0001453	K01483	ureidoglycolate lyase [EC:4.3.2.3]	COG3194	AllA	Ureidoglycolate hydrolase (allantoin degradation)	Uisw_134_02_00285	1
CP159813.1	273967	274953	-	Uisw_134_02_00287	Uisw_134_02	328	OG0001450	K01477	allantoicase [EC:3.5.3.4]	COG4266	Alc	Allantoicase	Uisw_134_02_00285	2
CP159813.1	274956	275855	-	Uisw_134_02_00288	Uisw_134_02	299	OG0001445	K16842	allantoinase [EC:3.5.2.5]	COG0726	PgaB	Peptidoglycan/xylan/chitin deacetylase, PgdA/NodB/CDA1 family	Uisw_134_02_00285	3
CP159813.1	275895	277085	-	Uisw_134_02_00289	Uisw_134_02	396	OG0000997	K01438	acetylornithine deacetylase [EC:3.5.1.16]	COG0624	ArgE	Acetylornithine deacetylase/Succinyl-diaminopimelate desuccinylase or related deacylase	Uisw_134_02_00285	4
CP159813.1	277113	277454	+	Uisw_134_02_00290	Uisw_134_02	113	OG0000837	K06878	tRNA-binding protein	COG0073	EMAP	tRNA-binding EMAP/Myf domain	Uisw_134_02_00285	5
CP159813.1	684073	684747	+	Uisw_134_02_00769	Uisw_134_02	224	OG0001011	K21929	uracil-DNA glycosylase [EC:3.2.2.27]	COG1573	Udg4	Uracil-DNA glycosylase	Uisw_134_02_00774	-5
CP159813.1	684744	685166	-	Uisw_134_02_00770	Uisw_134_02	140	OG0000808	K07107	acyl-CoA thioester hydrolase [EC:3.1.2.-]	COG0824	FadM	Acyl-CoA thioesterase FadM	Uisw_134_02_00774	-4
CP159813.1	685365	686009	-	Uisw_134_02_00771	Uisw_134_02	214	OG0000965	NA	NA	NA	NA	NA	Uisw_134_02_00774	-3
CP159813.1	686101	686220	+	Uisw_134_02_00772	Uisw_134_02	39	OG0001265	NA	NA	NA	NA	NA	Uisw_134_02_00774	-2
CP159813.1	686210	686956	-	Uisw_134_02_00773	Uisw_134_02	248	OG0001186	K21883	2-dehydro-3-deoxy-L-rhamnonate dehydrogenase (NAD+) [EC:1.1.1.401]	COG1028	FabG	NAD(P)-dependent dehydrogenase, short-chain alcohol dehydrogenase family	Uisw_134_02_00774	-1
CP159813.1	686961	688418	-	Uisw_134_02_00774	Uisw_134_02	485	OG0000917	K03457	nucleobase:cation symporter-1, NCS1 family	COG1953	FUI1	Cytosine/uracil/thiamine/allantoin permease	Uisw_134_02_00774	0
CP159813.1	688444	689778	-	Uisw_134_02_00775	Uisw_134_02	444	OG0000987	K11690	C4-dicarboxylate transporter, DctM subunit	COG4664	FcbT3	TRAP-type mannitol/chloroaromatic compound transport system, large permease component	Uisw_134_02_00774	1
CP159813.1	689778	690425	-	Uisw_134_02_00776	Uisw_134_02	215	OG0000994	NA	NA	COG4665	FcbT2	TRAP-type mannitol/chloroaromatic compound transport system, small permease component	Uisw_134_02_00774	2
CP159813.1	690500	691594	-	Uisw_134_02_00777	Uisw_134_02	364	OG0000072	NA	NA	COG4663	FcbT1	TRAP-type mannitol/chloroaromatic compound transport system, periplasmic component	Uisw_134_02_00774	3
CP159813.1	691745	693340	+	Uisw_134_02_00778	Uisw_134_02	531	OG0000054	NA	NA	COG2303	BetA	Choline dehydrogenase or related flavoprotein	Uisw_134_02_00774	4
CP159813.1	693340	693933	+	Uisw_134_02_00779	Uisw_134_02	197	OG0000922	NA	NA	COG0861	TerC	Tellurite resistance membrane protein TerC	Uisw_134_02_00774	5
CP159812.1	491150	492076	+	Uisw_136_00518	Uisw_136	308	OG0000005	K00020	3-hydroxyisobutyrate dehydrogenase [EC:1.1.1.31]	COG2084	MmsB	3-hydroxyisobutyrate dehydrogenase or related beta-hydroxyacid dehydrogenase	Uisw_136_00523	-5
CP159812.1	492256	493347	+	Uisw_136_00519	Uisw_136	363	OG0000072	NA	NA	COG4663	FcbT1	TRAP-type mannitol/chloroaromatic compound transport system, periplasmic component	Uisw_136_00523	-4
CP159812.1	493436	494095	+	Uisw_136_00520	Uisw_136	219	OG0000994	NA	NA	COG4665	FcbT2	TRAP-type mannitol/chloroaromatic compound transport system, small permease component	Uisw_136_00523	-3
CP159812.1	494095	495420	+	Uisw_136_00521	Uisw_136	441	OG0000987	K11690	C4-dicarboxylate transporter, DctM subunit	COG4664	FcbT3	TRAP-type mannitol/chloroaromatic compound transport system, large permease component	Uisw_136_00523	-2
CP159812.1	495425	496315	-	Uisw_136_00522	Uisw_136	296	OG0001024	NA	NA	COG0697	EamA	Amino acid export permease, drug/metabolite transporter (DMT) superfamily	Uisw_136_00523	-1
CP159812.1	496387	497844	+	Uisw_136_00523	Uisw_136	485	OG0000917	K03457	nucleobase:cation symporter-1, NCS1 family	COG1953	FUI1	Cytosine/uracil/thiamine/allantoin permease	Uisw_136_00523	0
CP159812.1	497849	498595	+	Uisw_136_00524	Uisw_136	248	OG0001186	K21883	2-dehydro-3-deoxy-L-rhamnonate dehydrogenase (NAD+) [EC:1.1.1.401]	COG1028	FabG	NAD(P)-dependent dehydrogenase, short-chain alcohol dehydrogenase family	Uisw_136_00523	1
CP159812.1	498585	498704	-	Uisw_136_00525	Uisw_136	39	OG0001265	NA	NA	NA	NA	NA	Uisw_136_00523	2
CP159812.1	498795	499439	+	Uisw_136_00526	Uisw_136	214	OG0000965	NA	NA	NA	NA	NA	Uisw_136_00523	3
CP159812.1	499442	499579	-	Uisw_136_00527	Uisw_136	45	OG0001143	NA	NA	NA	NA	NA	Uisw_136_00523	4
CP159812.1	499638	500060	+	Uisw_136_00528	Uisw_136	140	OG0000808	K07107	acyl-CoA thioester hydrolase [EC:3.1.2.-]	COG0824	FadM	Acyl-CoA thioesterase FadM	Uisw_136_00523	5
CP159811.1	265741	266877	-	Uisw_137_00283	Uisw_137	378	OG0001069	NA	NA	COG4638	HcaE	Phenylpropionate dioxygenase or related ring-hydroxylating dioxygenase, large terminal subunit	Uisw_137_00288	-5
CP159811.1	267027	267605	-	Uisw_137_00284	Uisw_137	192	OG0001013	NA	NA	COG0652	PpiB	Peptidyl-prolyl cis-trans isomerase (rotamase) - cyclophilin family	Uisw_137_00288	-4
CP159811.1	267675	268397	-	Uisw_137_00285	Uisw_137	240	OG0001014	NA	NA	NA	NA	NA	Uisw_137_00288	-3
CP159811.1	268455	269414	+	Uisw_137_00286	Uisw_137	319	OG0001053	K25365	guanidinobutyrase / D-arginase [EC:3.5.3.7 3.5.3.10]	COG0010	SpeB	Arginase/agmatinase family enzyme	Uisw_137_00288	-2
CP159811.1	269435	270871	+	Uisw_137_00287	Uisw_137	478	OG0000047	NA	NA	COG1012	AdhE	Acyl-CoA reductase or other NAD-dependent aldehyde dehydrogenase	Uisw_137_00288	-1
CP159811.1	271032	272516	+	Uisw_137_00288	Uisw_137	494	OG0000917	K03457	nucleobase:cation symporter-1, NCS1 family	COG1953	FUI1	Cytosine/uracil/thiamine/allantoin permease	Uisw_137_00288	0
CP159811.1	272564	273061	-	Uisw_137_00289	Uisw_137	165	OG0001453	K01483	ureidoglycolate lyase [EC:4.3.2.3]	COG3194	AllA	Ureidoglycolate hydrolase (allantoin degradation)	Uisw_137_00288	1
CP159811.1	273058	274044	-	Uisw_137_00290	Uisw_137	328	OG0001450	K01477	allantoicase [EC:3.5.3.4]	COG4266	Alc	Allantoicase	Uisw_137_00288	2
CP159811.1	274047	274946	-	Uisw_137_00291	Uisw_137	299	OG0001445	K16842	allantoinase [EC:3.5.2.5]	COG0726	PgaB	Peptidoglycan/xylan/chitin deacetylase, PgdA/NodB/CDA1 family	Uisw_137_00288	3
CP159811.1	274986	276176	-	Uisw_137_00292	Uisw_137	396	OG0000997	K01438	acetylornithine deacetylase [EC:3.5.1.16]	COG0624	ArgE	Acetylornithine deacetylase/Succinyl-diaminopimelate desuccinylase or related deacylase	Uisw_137_00288	4
CP159811.1	276204	276545	+	Uisw_137_00293	Uisw_137	113	OG0000837	K06878	tRNA-binding protein	COG0073	EMAP	tRNA-binding EMAP/Myf domain	Uisw_137_00288	5
CP159811.1	721484	721909	-	Uisw_137_00804	Uisw_137	141	OG0000808	K07107	acyl-CoA thioester hydrolase [EC:3.1.2.-]	COG0824	FadM	Acyl-CoA thioesterase FadM	Uisw_137_00809	-5
CP159811.1	721967	722104	+	Uisw_137_00805	Uisw_137	45	OG0001143	NA	NA	NA	NA	NA	Uisw_137_00809	-4
CP159811.1	722107	722748	-	Uisw_137_00806	Uisw_137	213	OG0000965	NA	NA	NA	NA	NA	Uisw_137_00809	-3
CP159811.1	722841	722960	+	Uisw_137_00807	Uisw_137	39	OG0001265	NA	NA	NA	NA	NA	Uisw_137_00809	-2
CP159811.1	722950	723696	-	Uisw_137_00808	Uisw_137	248	OG0001186	K21883	2-dehydro-3-deoxy-L-rhamnonate dehydrogenase (NAD+) [EC:1.1.1.401]	COG1028	FabG	NAD(P)-dependent dehydrogenase, short-chain alcohol dehydrogenase family	Uisw_137_00809	-1
CP159811.1	723701	725158	-	Uisw_137_00809	Uisw_137	485	OG0000917	K03457	nucleobase:cation symporter-1, NCS1 family	COG1953	FUI1	Cytosine/uracil/thiamine/allantoin permease	Uisw_137_00809	0
CP159811.1	725184	726518	-	Uisw_137_00810	Uisw_137	444	OG0000987	K11690	C4-dicarboxylate transporter, DctM subunit	COG4664	FcbT3	TRAP-type mannitol/chloroaromatic compound transport system, large permease component	Uisw_137_00809	1
CP159811.1	726518	727165	-	Uisw_137_00811	Uisw_137	215	OG0000994	NA	NA	COG4665	FcbT2	TRAP-type mannitol/chloroaromatic compound transport system, small permease component	Uisw_137_00809	2
CP159811.1	727236	728330	-	Uisw_137_00812	Uisw_137	364	OG0000072	NA	NA	COG4663	FcbT1	TRAP-type mannitol/chloroaromatic compound transport system, periplasmic component	Uisw_137_00809	3
CP159811.1	728434	730077	+	Uisw_137_00813	Uisw_137	547	OG0000054	NA	NA	COG2303	BetA	Choline dehydrogenase or related flavoprotein	Uisw_137_00809	4
CP159811.1	730077	730667	+	Uisw_137_00814	Uisw_137	196	OG0000922	NA	NA	COG0861	TerC	Tellurite resistance membrane protein TerC	Uisw_137_00809	5
