contig	start	end	strand	seq_id	genome	aa_length	Orthogroup	ko_id	ko_description	COG_ID	GENE_NAME	COG_NAME	center_query	relative_order
CVSB01000035.1	25699	26406	-	AAA795-A20_00626	AAA795-A20	235	OG0000065	K01996	branched-chain amino acid transport system ATP-binding protein	COG0410	LivF	ABC-type branched-chain amino acid transport system, ATPase component LivF	AAA795-A20_00631	-5
CVSB01000035.1	26406	27194	-	AAA795-A20_00627	AAA795-A20	262	OG0000143	K01995	branched-chain amino acid transport system ATP-binding protein	COG0411	LivG	ABC-type branched-chain amino acid transport system, ATPase component LivG	AAA795-A20_00631	-4
CVSB01000035.1	27200	27967	-	AAA795-A20_00628	AAA795-A20	255	OG0000676	NA	NA	COG0345	ProC	Pyrroline-5-carboxylate reductase	AAA795-A20_00631	-3
CVSB01000035.1	28081	28776	-	AAA795-A20_00629	AAA795-A20	231	OG0001361	NA	NA	NA	NA	NA	AAA795-A20_00631	-2
CVSB01000035.1	28914	29825	-	AAA795-A20_00630	AAA795-A20	303	OG0001090	K15737	glutarate dioxygenase [EC:1.14.11.64]	NA	NA	NA	AAA795-A20_00631	-1
CVSB01000035.1	29864	30187	-	AAA795-A20_00631	AAA795-A20	107	OG0001083	NA	NA	COG4392	AzlD2	Branched-chain amino acid transport protein	AAA795-A20_00631	0
CVSB01000035.1	30177	30881	-	AAA795-A20_00632	AAA795-A20	234	OG0001073	NA	NA	COG1296	AzlC	Predicted branched-chain amino acid permease (azaleucine resistance)	AAA795-A20_00631	1
CVSB01000035.1	30881	31666	-	AAA795-A20_00633	AAA795-A20	261	OG0001077	NA	NA	COG0410	LivF	ABC-type branched-chain amino acid transport system, ATPase component LivF	AAA795-A20_00631	2
CVSB01000035.1	31666	32406	-	AAA795-A20_00634	AAA795-A20	246	OG0000928	K01995	branched-chain amino acid transport system ATP-binding protein	COG0411	LivG	ABC-type branched-chain amino acid transport system, ATPase component LivG	AAA795-A20_00631	3
CVSB01000035.1	32403	33455	-	AAA795-A20_00635	AAA795-A20	350	OG0001109	NA	NA	COG4177	LivM	ABC-type branched-chain amino acid transport system, permease component	AAA795-A20_00631	4
CVSB01000035.1	33442	33624	-	AAA795-A20_00636	AAA795-A20	60	OG0001356	NA	NA	NA	NA	NA	AAA795-A20_00631	5
CVSF01000066.1	856	1779	-	AAA795-D22_00844	AAA795-D22	307	OG0001090	K15737	glutarate dioxygenase [EC:1.14.11.64]	NA	NA	NA	AAA795-D22_00845	-1
CVSF01000066.1	1776	2099	-	AAA795-D22_00845	AAA795-D22	107	OG0001083	NA	NA	COG4392	AzlD2	Branched-chain amino acid transport protein	AAA795-D22_00845	0
CVSF01000066.1	2089	2793	-	AAA795-D22_00846	AAA795-D22	234	OG0001073	NA	NA	COG1296	AzlC	Predicted branched-chain amino acid permease (azaleucine resistance)	AAA795-D22_00845	1
CVSF01000066.1	2793	3485	-	AAA795-D22_00847	AAA795-D22	230	OG0001077	NA	NA	COG0410	LivF	ABC-type branched-chain amino acid transport system, ATPase component LivF	AAA795-D22_00845	2
CABWYD010000005.1	23559	24209	-	AG-313-A04_00672	AG-313-A04	216	OG0001361	NA	NA	NA	NA	NA	AG-313-A04_00677	-5
CABWYD010000005.1	24351	25853	-	AG-313-A04_00673	AG-313-A04	500	OG0000068	K07793	putative tricarboxylic transport membrane protein	COG3333	NA	TctA family transporter	AG-313-A04_00677	-4
CABWYD010000005.1	25850	26320	-	AG-313-A04_00674	AG-313-A04	156	OG0001140	K07794	putative tricarboxylic transport membrane protein	NA	NA	NA	AG-313-A04_00677	-3
CABWYD010000005.1	26344	27324	-	AG-313-A04_00675	AG-313-A04	326	OG0001110	K07795	putative tricarboxylic transport membrane protein	COG3181	TctC	Tripartite-type tricarboxylate transporter, extracytoplasmic receptor component TctC	AG-313-A04_00677	-2
CABWYD010000005.1	27415	28311	-	AG-313-A04_00676	AG-313-A04	298	OG0001090	K15737	glutarate dioxygenase [EC:1.14.11.64]	NA	NA	NA	AG-313-A04_00677	-1
CABWYD010000005.1	28395	28721	-	AG-313-A04_00677	AG-313-A04	108	OG0001083	NA	NA	COG4392	AzlD2	Branched-chain amino acid transport protein	AG-313-A04_00677	0
CABWYD010000005.1	28711	29415	-	AG-313-A04_00678	AG-313-A04	234	OG0001073	NA	NA	COG1296	AzlC	Predicted branched-chain amino acid permease (azaleucine resistance)	AG-313-A04_00677	1
CABWYD010000005.1	29412	30197	-	AG-313-A04_00679	AG-313-A04	261	OG0001077	NA	NA	COG0410	LivF	ABC-type branched-chain amino acid transport system, ATPase component LivF	AG-313-A04_00677	2
CABWYD010000005.1	30197	30931	-	AG-313-A04_00680	AG-313-A04	244	OG0000928	K01995	branched-chain amino acid transport system ATP-binding protein	COG0411	LivG	ABC-type branched-chain amino acid transport system, ATPase component LivG	AG-313-A04_00677	3
CABWYD010000005.1	30928	31983	-	AG-313-A04_00681	AG-313-A04	351	OG0001109	NA	NA	COG4177	LivM	ABC-type branched-chain amino acid transport system, permease component	AG-313-A04_00677	4
CABWYD010000005.1	31992	32855	-	AG-313-A04_00682	AG-313-A04	287	OG0001362	NA	NA	NA	NA	NA	AG-313-A04_00677	5
CABXUK010000005.1	18721	19614	+	AG-325-E08_00455	AG-325-E08	297	OG0003153	K01997	branched-chain amino acid transport system permease protein	COG0559	LivH	Branched-chain amino acid ABC-type transport system, permease component	AG-325-E08_00460	-5
CABXUK010000005.1	19614	20663	+	AG-325-E08_00456	AG-325-E08	349	OG0001109	NA	NA	COG4177	LivM	ABC-type branched-chain amino acid transport system, permease component	AG-325-E08_00460	-4
CABXUK010000005.1	20660	21400	+	AG-325-E08_00457	AG-325-E08	246	OG0000928	K01995	branched-chain amino acid transport system ATP-binding protein	COG0411	LivG	ABC-type branched-chain amino acid transport system, ATPase component LivG	AG-325-E08_00460	-3
CABXUK010000005.1	21400	22185	+	AG-325-E08_00458	AG-325-E08	261	OG0001077	NA	NA	COG0410	LivF	ABC-type branched-chain amino acid transport system, ATPase component LivF	AG-325-E08_00460	-2
CABXUK010000005.1	22185	22889	+	AG-325-E08_00459	AG-325-E08	234	OG0001073	NA	NA	COG1296	AzlC	Predicted branched-chain amino acid permease (azaleucine resistance)	AG-325-E08_00460	-1
CABXUK010000005.1	22879	23202	+	AG-325-E08_00460	AG-325-E08	107	OG0001083	NA	NA	COG4392	AzlD2	Branched-chain amino acid transport protein	AG-325-E08_00460	0
CABXUK010000005.1	23244	24155	+	AG-325-E08_00461	AG-325-E08	303	NA	K15737	glutarate dioxygenase [EC:1.14.11.64]	NA	NA	NA	AG-325-E08_00460	1
CABXUK010000005.1	24190	24957	+	AG-325-E08_00462	AG-325-E08	255	OG0000676	NA	NA	COG0345	ProC	Pyrroline-5-carboxylate reductase	AG-325-E08_00460	2
CABXUK010000005.1	24961	25749	+	AG-325-E08_00463	AG-325-E08	262	OG0000143	K01995	branched-chain amino acid transport system ATP-binding protein	COG0411	LivG	ABC-type branched-chain amino acid transport system, ATPase component LivG	AG-325-E08_00460	3
CABXUK010000005.1	25749	26456	+	AG-325-E08_00464	AG-325-E08	235	OG0000065	K01996	branched-chain amino acid transport system ATP-binding protein	COG0410	LivF	ABC-type branched-chain amino acid transport system, ATPase component LivF	AG-325-E08_00460	4
CABXUK010000005.1	26457	27467	+	AG-325-E08_00465	AG-325-E08	336	OG0000021	K01997	branched-chain amino acid transport system permease protein	COG0559	LivH	Branched-chain amino acid ABC-type transport system, permease component	AG-325-E08_00460	5
CABXVN010000001.1	725710	726180	-	AG-325-E20_00796	AG-325-E20	156	OG0001140	K07794	putative tricarboxylic transport membrane protein	NA	NA	NA	AG-325-E20_00801	-5
CABXVN010000001.1	726215	727195	-	AG-325-E20_00797	AG-325-E20	326	OG0001110	K07795	putative tricarboxylic transport membrane protein	COG3181	TctC	Tripartite-type tricarboxylate transporter, extracytoplasmic receptor component TctC	AG-325-E20_00801	-4
CABXVN010000001.1	727262	728158	-	AG-325-E20_00798	AG-325-E20	298	OG0001090	K15737	glutarate dioxygenase [EC:1.14.11.64]	NA	NA	NA	AG-325-E20_00801	-3
CABXVN010000001.1	728223	728951	-	AG-325-E20_00799	AG-325-E20	242	OG0001387	NA	NA	NA	NA	NA	AG-325-E20_00801	-2
CABXVN010000001.1	728954	729907	-	AG-325-E20_00800	AG-325-E20	317	OG0001274	NA	NA	NA	NA	NA	AG-325-E20_00801	-1
CABXVN010000001.1	729898	730218	-	AG-325-E20_00801	AG-325-E20	106	OG0001083	NA	NA	COG4392	AzlD2	Branched-chain amino acid transport protein	AG-325-E20_00801	0
CABXVN010000001.1	730208	730912	-	AG-325-E20_00802	AG-325-E20	234	OG0001073	NA	NA	COG1296	AzlC	Predicted branched-chain amino acid permease (azaleucine resistance)	AG-325-E20_00801	1
CABXVN010000001.1	730909	731694	-	AG-325-E20_00803	AG-325-E20	261	OG0001077	NA	NA	COG0410	LivF	ABC-type branched-chain amino acid transport system, ATPase component LivF	AG-325-E20_00801	2
CABXVN010000001.1	731694	732428	-	AG-325-E20_00804	AG-325-E20	244	OG0000928	K01995	branched-chain amino acid transport system ATP-binding protein	COG0411	LivG	ABC-type branched-chain amino acid transport system, ATPase component LivG	AG-325-E20_00801	3
CABXVN010000001.1	732425	733483	-	AG-325-E20_00805	AG-325-E20	352	OG0001109	NA	NA	COG4177	LivM	ABC-type branched-chain amino acid transport system, permease component	AG-325-E20_00801	4
CABXVN010000001.1	733480	734610	-	AG-325-E20_00806	AG-325-E20	376	OG0001409	NA	NA	COG0412	DLH	Dienelactone hydrolase	AG-325-E20_00801	5
CABXZD010000001.1	92484	93350	+	AG-325-L02_00100	AG-325-L02	288	OG0001225	K01997	branched-chain amino acid transport system permease protein	COG0559	LivH	Branched-chain amino acid ABC-type transport system, permease component	AG-325-L02_00105	-5
CABXZD010000001.1	93351	94400	+	AG-325-L02_00101	AG-325-L02	349	OG0001109	NA	NA	COG4177	LivM	ABC-type branched-chain amino acid transport system, permease component	AG-325-L02_00105	-4
CABXZD010000001.1	94397	95137	+	AG-325-L02_00102	AG-325-L02	246	OG0000928	K01995	branched-chain amino acid transport system ATP-binding protein	COG0411	LivG	ABC-type branched-chain amino acid transport system, ATPase component LivG	AG-325-L02_00105	-3
CABXZD010000001.1	95137	95922	+	AG-325-L02_00103	AG-325-L02	261	OG0001077	NA	NA	COG0410	LivF	ABC-type branched-chain amino acid transport system, ATPase component LivF	AG-325-L02_00105	-2
CABXZD010000001.1	95922	96626	+	AG-325-L02_00104	AG-325-L02	234	OG0001073	NA	NA	COG1296	AzlC	Predicted branched-chain amino acid permease (azaleucine resistance)	AG-325-L02_00105	-1
CABXZD010000001.1	96616	96939	+	AG-325-L02_00105	AG-325-L02	107	OG0001083	NA	NA	COG4392	AzlD2	Branched-chain amino acid transport protein	AG-325-L02_00105	0
CABXZD010000001.1	96936	97844	+	AG-325-L02_00106	AG-325-L02	302	OG0001090	K15737	glutarate dioxygenase [EC:1.14.11.64]	NA	NA	NA	AG-325-L02_00105	1
CABXZD010000001.1	98055	98759	+	AG-325-L02_00107	AG-325-L02	234	OG0001361	NA	NA	NA	NA	NA	AG-325-L02_00105	2
CABXZD010000001.1	98869	99636	+	AG-325-L02_00108	AG-325-L02	255	OG0000676	NA	NA	COG0345	ProC	Pyrroline-5-carboxylate reductase	AG-325-L02_00105	3
CABXZD010000001.1	99636	100421	+	AG-325-L02_00109	AG-325-L02	261	OG0000143	K01995	branched-chain amino acid transport system ATP-binding protein	COG0411	LivG	ABC-type branched-chain amino acid transport system, ATPase component LivG	AG-325-L02_00105	4
CABXZD010000001.1	100424	101131	+	AG-325-L02_00110	AG-325-L02	235	OG0000065	K01996	branched-chain amino acid transport system ATP-binding protein	COG0410	LivF	ABC-type branched-chain amino acid transport system, ATPase component LivF	AG-325-L02_00105	5
CABXYW010000002.1	120811	121704	+	AG-325-L05_00335	AG-325-L05	297	OG0001225	K01997	branched-chain amino acid transport system permease protein	COG0559	LivH	Branched-chain amino acid ABC-type transport system, permease component	AG-325-L05_00340	-5
CABXYW010000002.1	121705	122754	+	AG-325-L05_00336	AG-325-L05	349	OG0001109	NA	NA	COG4177	LivM	ABC-type branched-chain amino acid transport system, permease component	AG-325-L05_00340	-4
CABXYW010000002.1	122751	123491	+	AG-325-L05_00337	AG-325-L05	246	OG0000928	K01995	branched-chain amino acid transport system ATP-binding protein	COG0411	LivG	ABC-type branched-chain amino acid transport system, ATPase component LivG	AG-325-L05_00340	-3
CABXYW010000002.1	123491	124276	+	AG-325-L05_00338	AG-325-L05	261	OG0001077	NA	NA	COG0410	LivF	ABC-type branched-chain amino acid transport system, ATPase component LivF	AG-325-L05_00340	-2
CABXYW010000002.1	124276	124980	+	AG-325-L05_00339	AG-325-L05	234	OG0001073	NA	NA	COG1296	AzlC	Predicted branched-chain amino acid permease (azaleucine resistance)	AG-325-L05_00340	-1
CABXYW010000002.1	124970	125293	+	AG-325-L05_00340	AG-325-L05	107	OG0001083	NA	NA	COG4392	AzlD2	Branched-chain amino acid transport protein	AG-325-L05_00340	0
CABXYW010000002.1	125290	126204	+	AG-325-L05_00341	AG-325-L05	304	OG0001090	K15737	glutarate dioxygenase [EC:1.14.11.64]	NA	NA	NA	AG-325-L05_00340	1
CABXYW010000002.1	126403	127059	+	AG-325-L05_00342	AG-325-L05	218	OG0001361	NA	NA	COG3637	LomR	Opacity protein LomR and related surface antigens	AG-325-L05_00340	2
CABXYW010000002.1	127155	127922	+	AG-325-L05_00343	AG-325-L05	255	OG0000676	NA	NA	COG0345	ProC	Pyrroline-5-carboxylate reductase	AG-325-L05_00340	3
CABXYW010000002.1	127926	128714	+	AG-325-L05_00344	AG-325-L05	262	OG0000143	K01995	branched-chain amino acid transport system ATP-binding protein	COG0411	LivG	ABC-type branched-chain amino acid transport system, ATPase component LivG	AG-325-L05_00340	4
CABXYW010000002.1	128714	130216	+	AG-325-L05_00345	AG-325-L05	500	OG0000021	K01997	branched-chain amino acid transport system permease protein	COG0410	LivF	ABC-type branched-chain amino acid transport system, ATPase component LivF	AG-325-L05_00340	5
CABYCY010000001.1	73205	74224	-	AG-333-A04_00070	AG-333-A04	339	OG0000021	K01997	branched-chain amino acid transport system permease protein	COG0559	LivH	Branched-chain amino acid ABC-type transport system, permease component	AG-333-A04_00075	-5
CABYCY010000001.1	74217	74924	-	AG-333-A04_00071	AG-333-A04	235	OG0000065	K01996	branched-chain amino acid transport system ATP-binding protein	COG0410	LivF	ABC-type branched-chain amino acid transport system, ATPase component LivF	AG-333-A04_00075	-4
CABYCY010000001.1	74924	75712	-	AG-333-A04_00072	AG-333-A04	262	OG0000143	K01995	branched-chain amino acid transport system ATP-binding protein	COG0411	LivG	ABC-type branched-chain amino acid transport system, ATPase component LivG	AG-333-A04_00075	-3
CABYCY010000001.1	75718	76485	-	AG-333-A04_00073	AG-333-A04	255	OG0000676	NA	NA	COG0345	ProC	Pyrroline-5-carboxylate reductase	AG-333-A04_00075	-2
CABYCY010000001.1	76518	77429	-	AG-333-A04_00074	AG-333-A04	303	OG0001090	K15737	glutarate dioxygenase [EC:1.14.11.64]	NA	NA	NA	AG-333-A04_00075	-1
CABYCY010000001.1	77469	77792	-	AG-333-A04_00075	AG-333-A04	107	OG0001083	NA	NA	COG4392	AzlD2	Branched-chain amino acid transport protein	AG-333-A04_00075	0
CABYCY010000001.1	77782	78486	-	AG-333-A04_00076	AG-333-A04	234	OG0001073	NA	NA	COG1296	AzlC	Predicted branched-chain amino acid permease (azaleucine resistance)	AG-333-A04_00075	1
CABYCY010000001.1	78486	79271	-	AG-333-A04_00077	AG-333-A04	261	OG0001077	NA	NA	COG0410	LivF	ABC-type branched-chain amino acid transport system, ATPase component LivF	AG-333-A04_00075	2
CABYCY010000001.1	79271	80011	-	AG-333-A04_00078	AG-333-A04	246	OG0000928	K01995	branched-chain amino acid transport system ATP-binding protein	COG0411	LivG	ABC-type branched-chain amino acid transport system, ATPase component LivG	AG-333-A04_00075	3
CABYCY010000001.1	80008	81057	-	AG-333-A04_00079	AG-333-A04	349	OG0001109	NA	NA	COG4177	LivM	ABC-type branched-chain amino acid transport system, permease component	AG-333-A04_00075	4
CABYCY010000001.1	81057	81950	-	AG-333-A04_00080	AG-333-A04	297	OG0001225	K01997	branched-chain amino acid transport system permease protein	COG0559	LivH	Branched-chain amino acid ABC-type transport system, permease component	AG-333-A04_00075	5
CABZDS010000009.1	39895	40602	-	AG-337-D16_00912	AG-337-D16	235	OG0000065	K01996	branched-chain amino acid transport system ATP-binding protein	COG0410	LivF	ABC-type branched-chain amino acid transport system, ATPase component LivF	AG-337-D16_00917	-5
CABZDS010000009.1	40602	41390	-	AG-337-D16_00913	AG-337-D16	262	OG0000143	K01995	branched-chain amino acid transport system ATP-binding protein	COG0411	LivG	ABC-type branched-chain amino acid transport system, ATPase component LivG	AG-337-D16_00917	-4
CABZDS010000009.1	41392	42165	-	AG-337-D16_00914	AG-337-D16	257	OG0000676	NA	NA	COG0345	ProC	Pyrroline-5-carboxylate reductase	AG-337-D16_00917	-3
CABZDS010000009.1	42199	43119	-	AG-337-D16_00915	AG-337-D16	306	OG0001090	K15737	glutarate dioxygenase [EC:1.14.11.64]	NA	NA	NA	AG-337-D16_00917	-2
CABZDS010000009.1	43123	43629	-	AG-337-D16_00916	AG-337-D16	168	OG0001207	NA	NA	COG1357	DotG	Type IVB secretion/DNA transfer system protein DotG/IcmE, contains pentapeptide repeats	AG-337-D16_00917	-1
CABZDS010000009.1	43629	43940	-	AG-337-D16_00917	AG-337-D16	103	OG0001083	NA	NA	COG4392	AzlD2	Branched-chain amino acid transport protein	AG-337-D16_00917	0
CABZDW010000006.1	1956	2849	+	AG-337-D17_00519	AG-337-D17	297	OG0001225	K01997	branched-chain amino acid transport system permease protein	COG0559	LivH	Branched-chain amino acid ABC-type transport system, permease component	AG-337-D17_00524	-5
CABZDW010000006.1	2846	3904	+	AG-337-D17_00520	AG-337-D17	352	OG0001109	NA	NA	COG4177	LivM	ABC-type branched-chain amino acid transport system, permease component	AG-337-D17_00524	-4
CABZDW010000006.1	3901	4641	+	AG-337-D17_00521	AG-337-D17	246	OG0000928	K01995	branched-chain amino acid transport system ATP-binding protein	COG0411	LivG	ABC-type branched-chain amino acid transport system, ATPase component LivG	AG-337-D17_00524	-3
CABZDW010000006.1	4641	5426	+	AG-337-D17_00522	AG-337-D17	261	OG0001077	NA	NA	COG0410	LivF	ABC-type branched-chain amino acid transport system, ATPase component LivF	AG-337-D17_00524	-2
CABZDW010000006.1	5426	6130	+	AG-337-D17_00523	AG-337-D17	234	OG0001073	NA	NA	COG1296	AzlC	Predicted branched-chain amino acid permease (azaleucine resistance)	AG-337-D17_00524	-1
CABZDW010000006.1	6120	6443	+	AG-337-D17_00524	AG-337-D17	107	OG0001083	NA	NA	COG4392	AzlD2	Branched-chain amino acid transport protein	AG-337-D17_00524	0
CABZDW010000006.1	6440	7366	+	AG-337-D17_00525	AG-337-D17	308	OG0001090	K15737	glutarate dioxygenase [EC:1.14.11.64]	NA	NA	NA	AG-337-D17_00524	1
CABZDW010000006.1	7528	8226	+	AG-337-D17_00526	AG-337-D17	232	OG0001361	NA	NA	COG3637	LomR	Opacity protein LomR and related surface antigens	AG-337-D17_00524	2
CABZDW010000006.1	8339	9097	+	AG-337-D17_00527	AG-337-D17	252	OG0000676	NA	NA	COG0345	ProC	Pyrroline-5-carboxylate reductase	AG-337-D17_00524	3
CABZDW010000006.1	9110	9895	+	AG-337-D17_00528	AG-337-D17	261	OG0000143	K01995	branched-chain amino acid transport system ATP-binding protein	COG0411	LivG	ABC-type branched-chain amino acid transport system, ATPase component LivG	AG-337-D17_00524	4
CABZDW010000006.1	9898	10605	+	AG-337-D17_00529	AG-337-D17	235	OG0000065	K01996	branched-chain amino acid transport system ATP-binding protein	COG0410	LivF	ABC-type branched-chain amino acid transport system, ATPase component LivF	AG-337-D17_00524	5
CABZFF010000001.1	204197	204898	-	AG-337-E15_00244	AG-337-E15	233	OG0001361	NA	NA	NA	NA	NA	AG-337-E15_00249	-5
CABZFF010000001.1	205053	206564	-	AG-337-E15_00245	AG-337-E15	503	OG0000068	K07793	putative tricarboxylic transport membrane protein	COG3333	NA	TctA family transporter	AG-337-E15_00249	-4
CABZFF010000001.1	206561	207031	-	AG-337-E15_00246	AG-337-E15	156	OG0001140	K07794	putative tricarboxylic transport membrane protein	NA	NA	NA	AG-337-E15_00249	-3
CABZFF010000001.1	207050	208042	-	AG-337-E15_00247	AG-337-E15	330	OG0001110	K07795	putative tricarboxylic transport membrane protein	COG3181	TctC	Tripartite-type tricarboxylate transporter, extracytoplasmic receptor component TctC	AG-337-E15_00249	-2
CABZFF010000001.1	208109	209005	-	AG-337-E15_00248	AG-337-E15	298	OG0001090	K15737	glutarate dioxygenase [EC:1.14.11.64]	NA	NA	NA	AG-337-E15_00249	-1
CABZFF010000001.1	209081	209407	-	AG-337-E15_00249	AG-337-E15	108	OG0001083	NA	NA	COG4392	AzlD2	Branched-chain amino acid transport protein	AG-337-E15_00249	0
CABZFF010000001.1	209400	210101	-	AG-337-E15_00250	AG-337-E15	233	OG0001073	NA	NA	COG1296	AzlC	Predicted branched-chain amino acid permease (azaleucine resistance)	AG-337-E15_00249	1
CABZFF010000001.1	210098	210883	-	AG-337-E15_00251	AG-337-E15	261	OG0001077	NA	NA	COG0410	LivF	ABC-type branched-chain amino acid transport system, ATPase component LivF	AG-337-E15_00249	2
CABZFF010000001.1	210883	211617	-	AG-337-E15_00252	AG-337-E15	244	OG0000928	K01995	branched-chain amino acid transport system ATP-binding protein	COG0411	LivG	ABC-type branched-chain amino acid transport system, ATPase component LivG	AG-337-E15_00249	3
CABZFF010000001.1	211614	212669	-	AG-337-E15_00253	AG-337-E15	351	OG0001109	NA	NA	COG4177	LivM	ABC-type branched-chain amino acid transport system, permease component	AG-337-E15_00249	4
CABZFF010000001.1	212671	213540	-	AG-337-E15_00254	AG-337-E15	289	OG0001362	NA	NA	NA	NA	NA	AG-337-E15_00249	5
CABZHI010000005.1	56408	57514	+	AG-337-G04_00696	AG-337-G04	368	OG0001267	NA	NA	NA	NA	NA	AG-337-G04_00701	-5
CABZHI010000005.1	57516	58565	+	AG-337-G04_00697	AG-337-G04	349	OG0001109	NA	NA	COG4177	LivM	ABC-type branched-chain amino acid transport system, permease component	AG-337-G04_00701	-4
CABZHI010000005.1	58562	59302	+	AG-337-G04_00698	AG-337-G04	246	OG0000928	K01995	branched-chain amino acid transport system ATP-binding protein	COG0411	LivG	ABC-type branched-chain amino acid transport system, ATPase component LivG	AG-337-G04_00701	-3
CABZHI010000005.1	59302	60087	+	AG-337-G04_00699	AG-337-G04	261	OG0001077	NA	NA	COG0410	LivF	ABC-type branched-chain amino acid transport system, ATPase component LivF	AG-337-G04_00701	-2
CABZHI010000005.1	60087	60791	+	AG-337-G04_00700	AG-337-G04	234	OG0001073	NA	NA	COG1296	AzlC	Predicted branched-chain amino acid permease (azaleucine resistance)	AG-337-G04_00701	-1
CABZHI010000005.1	60781	61107	+	AG-337-G04_00701	AG-337-G04	108	OG0001083	NA	NA	COG4392	AzlD2	Branched-chain amino acid transport protein	AG-337-G04_00701	0
CABZHI010000005.1	61104	61610	+	AG-337-G04_00702	AG-337-G04	168	OG0001207	NA	NA	COG1357	DotG	Type IVB secretion/DNA transfer system protein DotG/IcmE, contains pentapeptide repeats	AG-337-G04_00701	1
CABZHI010000005.1	61615	62535	+	AG-337-G04_00703	AG-337-G04	306	OG0001090	K15737	glutarate dioxygenase [EC:1.14.11.64]	COG2175	TauD	Taurine dioxygenase, alpha-ketoglutarate-dependent	AG-337-G04_00701	2
CABZHI010000005.1	62552	63322	+	AG-337-G04_00704	AG-337-G04	256	OG0000676	NA	NA	COG0345	ProC	Pyrroline-5-carboxylate reductase	AG-337-G04_00701	3
CABZHI010000005.1	63337	64104	+	AG-337-G04_00705	AG-337-G04	255	OG0000143	K01995	branched-chain amino acid transport system ATP-binding protein	COG0411	LivG	ABC-type branched-chain amino acid transport system, ATPase component LivG	AG-337-G04_00701	4
CABZHI010000005.1	64110	64817	+	AG-337-G04_00706	AG-337-G04	235	OG0000065	K01996	branched-chain amino acid transport system ATP-binding protein	COG0410	LivF	ABC-type branched-chain amino acid transport system, ATPase component LivF	AG-337-G04_00701	5
CABZHM010000010.1	29680	30690	-	AG-337-G11_00746	AG-337-G11	336	OG0000021	K01997	branched-chain amino acid transport system permease protein	COG0559	LivH	Branched-chain amino acid ABC-type transport system, permease component	AG-337-G11_00751	-5
CABZHM010000010.1	30692	31399	-	AG-337-G11_00747	AG-337-G11	235	OG0000065	K01996	branched-chain amino acid transport system ATP-binding protein	COG0410	LivF	ABC-type branched-chain amino acid transport system, ATPase component LivF	AG-337-G11_00751	-4
CABZHM010000010.1	31401	32186	-	AG-337-G11_00748	AG-337-G11	261	OG0000143	K01995	branched-chain amino acid transport system ATP-binding protein	COG0411	LivG	ABC-type branched-chain amino acid transport system, ATPase component LivG	AG-337-G11_00751	-3
CABZHM010000010.1	32190	32957	-	AG-337-G11_00749	AG-337-G11	255	OG0000676	NA	NA	COG0345	ProC	Pyrroline-5-carboxylate reductase	AG-337-G11_00751	-2
CABZHM010000010.1	32988	33902	-	AG-337-G11_00750	AG-337-G11	304	OG0001090	K15737	glutarate dioxygenase [EC:1.14.11.64]	NA	NA	NA	AG-337-G11_00751	-1
CABZHM010000010.1	33899	34222	-	AG-337-G11_00751	AG-337-G11	107	OG0001083	NA	NA	COG4392	AzlD2	Branched-chain amino acid transport protein	AG-337-G11_00751	0
CABZHM010000010.1	34212	34916	-	AG-337-G11_00752	AG-337-G11	234	OG0001073	NA	NA	COG1296	AzlC	Predicted branched-chain amino acid permease (azaleucine resistance)	AG-337-G11_00751	1
CABZHM010000010.1	34916	35701	-	AG-337-G11_00753	AG-337-G11	261	OG0001077	NA	NA	COG0410	LivF	ABC-type branched-chain amino acid transport system, ATPase component LivF	AG-337-G11_00751	2
CABZHM010000010.1	35701	36441	-	AG-337-G11_00754	AG-337-G11	246	OG0000928	K01995	branched-chain amino acid transport system ATP-binding protein	COG0411	LivG	ABC-type branched-chain amino acid transport system, ATPase component LivG	AG-337-G11_00751	3
CABZHM010000010.1	36438	37490	-	AG-337-G11_00755	AG-337-G11	350	OG0001109	NA	NA	COG4177	LivM	ABC-type branched-chain amino acid transport system, permease component	AG-337-G11_00751	4
CABZHM010000010.1	37495	38601	-	AG-337-G11_00756	AG-337-G11	368	OG0001267	NA	NA	COG0400	YpfH	Palmitoyl-CoA esterase	AG-337-G11_00751	5
CACBCQ010000007.1	47653	48246	+	AG-349-L17_00742	AG-349-L17	197	OG0001459	NA	NA	NA	NA	NA	AG-349-L17_00747	-5
CACBCQ010000007.1	48246	49295	+	AG-349-L17_00743	AG-349-L17	349	OG0001109	NA	NA	COG4177	LivM	ABC-type branched-chain amino acid transport system, permease component	AG-349-L17_00747	-4
CACBCQ010000007.1	49292	50032	+	AG-349-L17_00744	AG-349-L17	246	OG0000928	K01995	branched-chain amino acid transport system ATP-binding protein	COG0411	LivG	ABC-type branched-chain amino acid transport system, ATPase component LivG	AG-349-L17_00747	-3
CACBCQ010000007.1	50032	50817	+	AG-349-L17_00745	AG-349-L17	261	OG0001077	NA	NA	COG0410	LivF	ABC-type branched-chain amino acid transport system, ATPase component LivF	AG-349-L17_00747	-2
CACBCQ010000007.1	50817	51521	+	AG-349-L17_00746	AG-349-L17	234	OG0001073	NA	NA	COG1296	AzlC	Predicted branched-chain amino acid permease (azaleucine resistance)	AG-349-L17_00747	-1
CACBCQ010000007.1	51511	51837	+	AG-349-L17_00747	AG-349-L17	108	OG0001083	NA	NA	COG4392	AzlD2	Branched-chain amino acid transport protein	AG-349-L17_00747	0
CACBCQ010000007.1	51873	52784	+	AG-349-L17_00748	AG-349-L17	303	OG0001090	K15737	glutarate dioxygenase [EC:1.14.11.64]	NA	NA	NA	AG-349-L17_00747	1
CACBCQ010000007.1	52985	53638	+	AG-349-L17_00749	AG-349-L17	217	OG0001361	NA	NA	COG3637	LomR	Opacity protein LomR and related surface antigens	AG-349-L17_00747	2
CACBCQ010000007.1	53714	54481	+	AG-349-L17_00750	AG-349-L17	255	OG0000676	NA	NA	COG0345	ProC	Pyrroline-5-carboxylate reductase	AG-349-L17_00747	3
CACBCQ010000007.1	54487	55275	+	AG-349-L17_00751	AG-349-L17	262	OG0000143	K01995	branched-chain amino acid transport system ATP-binding protein	COG0411	LivG	ABC-type branched-chain amino acid transport system, ATPase component LivG	AG-349-L17_00747	4
CACBCQ010000007.1	55275	55982	+	AG-349-L17_00752	AG-349-L17	235	OG0000065	K01996	branched-chain amino acid transport system ATP-binding protein	COG0410	LivF	ABC-type branched-chain amino acid transport system, ATPase component LivF	AG-349-L17_00747	5
CACBGQ010000014.1	14605	15471	+	AG-349-O05_00942	AG-349-O05	288	OG0001225	K01997	branched-chain amino acid transport system permease protein	COG0559	LivH	Branched-chain amino acid ABC-type transport system, permease component	AG-349-O05_00947	-5
CACBGQ010000014.1	15471	16520	+	AG-349-O05_00943	AG-349-O05	349	OG0001109	NA	NA	COG4177	LivM	ABC-type branched-chain amino acid transport system, permease component	AG-349-O05_00947	-4
CACBGQ010000014.1	16517	17257	+	AG-349-O05_00944	AG-349-O05	246	OG0000928	K01995	branched-chain amino acid transport system ATP-binding protein	COG0411	LivG	ABC-type branched-chain amino acid transport system, ATPase component LivG	AG-349-O05_00947	-3
CACBGQ010000014.1	17257	18042	+	AG-349-O05_00945	AG-349-O05	261	OG0001077	NA	NA	COG0410	LivF	ABC-type branched-chain amino acid transport system, ATPase component LivF	AG-349-O05_00947	-2
CACBGQ010000014.1	18042	18746	+	AG-349-O05_00946	AG-349-O05	234	OG0001073	NA	NA	COG1296	AzlC	Predicted branched-chain amino acid permease (azaleucine resistance)	AG-349-O05_00947	-1
CACBGQ010000014.1	18736	19059	+	AG-349-O05_00947	AG-349-O05	107	OG0001083	NA	NA	COG4392	AzlD2	Branched-chain amino acid transport protein	AG-349-O05_00947	0
CACBGQ010000014.1	19099	20010	+	AG-349-O05_00948	AG-349-O05	303	OG0001090	K15737	glutarate dioxygenase [EC:1.14.11.64]	NA	NA	NA	AG-349-O05_00947	1
CACBGQ010000014.1	20043	20810	+	AG-349-O05_00949	AG-349-O05	255	OG0000676	NA	NA	COG0345	ProC	Pyrroline-5-carboxylate reductase	AG-349-O05_00947	2
CACBGQ010000014.1	20816	21604	+	AG-349-O05_00950	AG-349-O05	262	OG0000143	K01995	branched-chain amino acid transport system ATP-binding protein	COG0411	LivG	ABC-type branched-chain amino acid transport system, ATPase component LivG	AG-349-O05_00947	3
CACBGQ010000014.1	21604	22311	+	AG-349-O05_00951	AG-349-O05	235	OG0000065	K01996	branched-chain amino acid transport system ATP-binding protein	COG0410	LivF	ABC-type branched-chain amino acid transport system, ATPase component LivF	AG-349-O05_00947	4
CACBGQ010000014.1	22313	23323	+	AG-349-O05_00952	AG-349-O05	336	OG0000021	K01997	branched-chain amino acid transport system permease protein	COG0559	LivH	Branched-chain amino acid ABC-type transport system, permease component	AG-349-O05_00947	5
CACBKI010000012.1	19211	19918	-	AG-359-B05_00911	AG-359-B05	235	OG0000065	K01996	branched-chain amino acid transport system ATP-binding protein	COG0410	LivF	ABC-type branched-chain amino acid transport system, ATPase component LivF	AG-359-B05_00916	-5
CACBKI010000012.1	19918	20706	-	AG-359-B05_00912	AG-359-B05	262	OG0000143	K01995	branched-chain amino acid transport system ATP-binding protein	COG0411	LivG	ABC-type branched-chain amino acid transport system, ATPase component LivG	AG-359-B05_00916	-4
CACBKI010000012.1	20708	21481	-	AG-359-B05_00913	AG-359-B05	257	OG0000676	NA	NA	COG0345	ProC	Pyrroline-5-carboxylate reductase	AG-359-B05_00916	-3
CACBKI010000012.1	21515	22435	-	AG-359-B05_00914	AG-359-B05	306	OG0001090	K15737	glutarate dioxygenase [EC:1.14.11.64]	NA	NA	NA	AG-359-B05_00916	-2
CACBKI010000012.1	22441	22947	-	AG-359-B05_00915	AG-359-B05	168	OG0001207	NA	NA	COG1357	DotG	Type IVB secretion/DNA transfer system protein DotG/IcmE, contains pentapeptide repeats	AG-359-B05_00916	-1
CACBKI010000012.1	22948	23274	-	AG-359-B05_00916	AG-359-B05	108	OG0001083	NA	NA	COG4392	AzlD2	Branched-chain amino acid transport protein	AG-359-B05_00916	0
CACBKI010000012.1	23264	23968	-	AG-359-B05_00917	AG-359-B05	234	OG0001073	NA	NA	COG1296	AzlC	Predicted branched-chain amino acid permease (azaleucine resistance)	AG-359-B05_00916	1
CACBKI010000012.1	23965	24750	-	AG-359-B05_00918	AG-359-B05	261	OG0001077	NA	NA	COG0410	LivF	ABC-type branched-chain amino acid transport system, ATPase component LivF	AG-359-B05_00916	2
CACBKI010000012.1	24750	25490	-	AG-359-B05_00919	AG-359-B05	246	OG0000928	K01995	branched-chain amino acid transport system ATP-binding protein	COG0411	LivG	ABC-type branched-chain amino acid transport system, ATPase component LivG	AG-359-B05_00916	3
CACBKI010000012.1	25487	26539	-	AG-359-B05_00920	AG-359-B05	350	OG0001109	NA	NA	COG4177	LivM	ABC-type branched-chain amino acid transport system, permease component	AG-359-B05_00916	4
CACBKI010000012.1	26526	26708	-	AG-359-B05_00921	AG-359-B05	60	OG0001356	NA	NA	NA	NA	NA	AG-359-B05_00916	5
CACBKZ010000007.1	8851	9744	+	AG-359-C09_00762	AG-359-C09	297	OG0001225	K01997	branched-chain amino acid transport system permease protein	COG0559	LivH	Branched-chain amino acid ABC-type transport system, permease component	AG-359-C09_00767	-5
CACBKZ010000007.1	9741	10799	+	AG-359-C09_00763	AG-359-C09	352	OG0001109	NA	NA	COG4177	LivM	ABC-type branched-chain amino acid transport system, permease component	AG-359-C09_00767	-4
CACBKZ010000007.1	10796	11536	+	AG-359-C09_00764	AG-359-C09	246	OG0000928	K01995	branched-chain amino acid transport system ATP-binding protein	COG0411	LivG	ABC-type branched-chain amino acid transport system, ATPase component LivG	AG-359-C09_00767	-3
CACBKZ010000007.1	11536	12321	+	AG-359-C09_00765	AG-359-C09	261	OG0001077	NA	NA	COG0410	LivF	ABC-type branched-chain amino acid transport system, ATPase component LivF	AG-359-C09_00767	-2
CACBKZ010000007.1	12321	13025	+	AG-359-C09_00766	AG-359-C09	234	OG0001073	NA	NA	COG1296	AzlC	Predicted branched-chain amino acid permease (azaleucine resistance)	AG-359-C09_00767	-1
CACBKZ010000007.1	13015	13338	+	AG-359-C09_00767	AG-359-C09	107	OG0001083	NA	NA	COG4392	AzlD2	Branched-chain amino acid transport protein	AG-359-C09_00767	0
CACBKZ010000007.1	13379	14290	+	AG-359-C09_00768	AG-359-C09	303	OG0001090	K15737	glutarate dioxygenase [EC:1.14.11.64]	NA	NA	NA	AG-359-C09_00767	1
CACBKZ010000007.1	14325	15092	+	AG-359-C09_00769	AG-359-C09	255	OG0000676	NA	NA	COG0345	ProC	Pyrroline-5-carboxylate reductase	AG-359-C09_00767	2
CACBKZ010000007.1	15098	15886	+	AG-359-C09_00770	AG-359-C09	262	OG0000143	K01995	branched-chain amino acid transport system ATP-binding protein	COG0411	LivG	ABC-type branched-chain amino acid transport system, ATPase component LivG	AG-359-C09_00767	3
CACBKZ010000007.1	15886	16593	+	AG-359-C09_00771	AG-359-C09	235	OG0000065	K01996	branched-chain amino acid transport system ATP-binding protein	COG0410	LivF	ABC-type branched-chain amino acid transport system, ATPase component LivF	AG-359-C09_00767	4
CACBKZ010000007.1	16595	17605	+	AG-359-C09_00772	AG-359-C09	336	OG0000021	K01997	branched-chain amino acid transport system permease protein	COG0559	LivH	Branched-chain amino acid ABC-type transport system, permease component	AG-359-C09_00767	5
CACBOG010000002.1	129575	130282	-	AG-359-F04_00377	AG-359-F04	235	OG0000065	K01996	branched-chain amino acid transport system ATP-binding protein	COG0410	LivF	ABC-type branched-chain amino acid transport system, ATPase component LivF	AG-359-F04_00382	-5
CACBOG010000002.1	130284	131069	-	AG-359-F04_00378	AG-359-F04	261	OG0000143	K01995	branched-chain amino acid transport system ATP-binding protein	COG0411	LivG	ABC-type branched-chain amino acid transport system, ATPase component LivG	AG-359-F04_00382	-4
CACBOG010000002.1	131073	131840	-	AG-359-F04_00379	AG-359-F04	255	OG0000676	NA	NA	COG0345	ProC	Pyrroline-5-carboxylate reductase	AG-359-F04_00382	-3
CACBOG010000002.1	131926	132561	-	AG-359-F04_00380	AG-359-F04	211	OG0001361	NA	NA	NA	NA	NA	AG-359-F04_00382	-2
CACBOG010000002.1	132721	133635	-	AG-359-F04_00381	AG-359-F04	304	OG0001090	K15737	glutarate dioxygenase [EC:1.14.11.64]	NA	NA	NA	AG-359-F04_00382	-1
CACBOG010000002.1	133632	133955	-	AG-359-F04_00382	AG-359-F04	107	OG0001083	NA	NA	COG4392	AzlD2	Branched-chain amino acid transport protein	AG-359-F04_00382	0
CACBOG010000002.1	133945	134649	-	AG-359-F04_00383	AG-359-F04	234	OG0001073	NA	NA	COG1296	AzlC	Predicted branched-chain amino acid permease (azaleucine resistance)	AG-359-F04_00382	1
CACBOG010000002.1	134649	135434	-	AG-359-F04_00384	AG-359-F04	261	OG0001077	NA	NA	COG0410	LivF	ABC-type branched-chain amino acid transport system, ATPase component LivF	AG-359-F04_00382	2
CACBOG010000002.1	135434	136174	-	AG-359-F04_00385	AG-359-F04	246	OG0000928	K01995	branched-chain amino acid transport system ATP-binding protein	COG0411	LivG	ABC-type branched-chain amino acid transport system, ATPase component LivG	AG-359-F04_00382	3
CACBOG010000002.1	136171	137220	-	AG-359-F04_00386	AG-359-F04	349	OG0001109	NA	NA	COG4177	LivM	ABC-type branched-chain amino acid transport system, permease component	AG-359-F04_00382	4
CACBOG010000002.1	137220	137840	-	AG-359-F04_00387	AG-359-F04	206	OG0001459	NA	NA	NA	NA	NA	AG-359-F04_00382	5
CACBQD010000013.1	32683	33390	-	AG-359-G17_00974	AG-359-G17	235	OG0000065	K01996	branched-chain amino acid transport system ATP-binding protein	COG0410	LivF	ABC-type branched-chain amino acid transport system, ATPase component LivF	AG-359-G17_00979	-5
CACBQD010000013.1	33390	34178	-	AG-359-G17_00975	AG-359-G17	262	OG0000143	K01995	branched-chain amino acid transport system ATP-binding protein	COG0411	LivG	ABC-type branched-chain amino acid transport system, ATPase component LivG	AG-359-G17_00979	-4
CACBQD010000013.1	34180	34953	-	AG-359-G17_00976	AG-359-G17	257	OG0000676	NA	NA	COG0345	ProC	Pyrroline-5-carboxylate reductase	AG-359-G17_00979	-3
CACBQD010000013.1	34987	35907	-	AG-359-G17_00977	AG-359-G17	306	OG0001090	K15737	glutarate dioxygenase [EC:1.14.11.64]	NA	NA	NA	AG-359-G17_00979	-2
CACBQD010000013.1	35913	36419	-	AG-359-G17_00978	AG-359-G17	168	OG0001207	NA	NA	COG1357	DotG	Type IVB secretion/DNA transfer system protein DotG/IcmE, contains pentapeptide repeats	AG-359-G17_00979	-1
CACBQD010000013.1	36420	36746	-	AG-359-G17_00979	AG-359-G17	108	OG0001083	NA	NA	COG4392	AzlD2	Branched-chain amino acid transport protein	AG-359-G17_00979	0
CACBQD010000013.1	36736	37440	-	AG-359-G17_00980	AG-359-G17	234	OG0001073	NA	NA	COG1296	AzlC	Predicted branched-chain amino acid permease (azaleucine resistance)	AG-359-G17_00979	1
CACBQD010000013.1	37437	38222	-	AG-359-G17_00981	AG-359-G17	261	OG0001077	NA	NA	COG0410	LivF	ABC-type branched-chain amino acid transport system, ATPase component LivF	AG-359-G17_00979	2
CACBQD010000013.1	38222	38962	-	AG-359-G17_00982	AG-359-G17	246	OG0000928	K01995	branched-chain amino acid transport system ATP-binding protein	COG0411	LivG	ABC-type branched-chain amino acid transport system, ATPase component LivG	AG-359-G17_00979	3
CACBQD010000013.1	38959	40011	-	AG-359-G17_00983	AG-359-G17	350	OG0001109	NA	NA	COG4177	LivM	ABC-type branched-chain amino acid transport system, permease component	AG-359-G17_00979	4
CACBQD010000013.1	39998	40180	-	AG-359-G17_00984	AG-359-G17	60	OG0001356	NA	NA	NA	NA	NA	AG-359-G17_00979	5
CACBWH010000001.1	314526	315536	-	AG-359-M21_00365	AG-359-M21	336	OG0000021	K01997	branched-chain amino acid transport system permease protein	COG0559	LivH	Branched-chain amino acid ABC-type transport system, permease component	AG-359-M21_00370	-5
CACBWH010000001.1	315538	316245	-	AG-359-M21_00366	AG-359-M21	235	OG0000065	K01996	branched-chain amino acid transport system ATP-binding protein	COG0410	LivF	ABC-type branched-chain amino acid transport system, ATPase component LivF	AG-359-M21_00370	-4
CACBWH010000001.1	316245	317033	-	AG-359-M21_00367	AG-359-M21	262	OG0000143	K01995	branched-chain amino acid transport system ATP-binding protein	COG0411	LivG	ABC-type branched-chain amino acid transport system, ATPase component LivG	AG-359-M21_00370	-3
CACBWH010000001.1	317039	317806	-	AG-359-M21_00368	AG-359-M21	255	OG0000676	NA	NA	COG0345	ProC	Pyrroline-5-carboxylate reductase	AG-359-M21_00370	-2
CACBWH010000001.1	317841	318752	-	AG-359-M21_00369	AG-359-M21	303	OG0001090	K15737	glutarate dioxygenase [EC:1.14.11.64]	NA	NA	NA	AG-359-M21_00370	-1
CACBWH010000001.1	318949	319272	-	AG-359-M21_00370	AG-359-M21	107	OG0001083	NA	NA	COG4392	AzlD2	Branched-chain amino acid transport protein	AG-359-M21_00370	0
CACBWH010000001.1	319262	319606	-	AG-359-M21_00371	AG-359-M21	114	OG0001073	NA	NA	NA	NA	NA	AG-359-M21_00370	1
CACBYE010000001.1	192536	193243	-	AG-359-P18_00214	AG-359-P18	235	OG0000065	K01996	branched-chain amino acid transport system ATP-binding protein	COG0410	LivF	ABC-type branched-chain amino acid transport system, ATPase component LivF	AG-359-P18_00219	-5
CACBYE010000001.1	193246	194031	-	AG-359-P18_00215	AG-359-P18	261	OG0000143	K01995	branched-chain amino acid transport system ATP-binding protein	COG0411	LivG	ABC-type branched-chain amino acid transport system, ATPase component LivG	AG-359-P18_00219	-4
CACBYE010000001.1	194044	194802	-	AG-359-P18_00216	AG-359-P18	252	OG0000676	NA	NA	COG0345	ProC	Pyrroline-5-carboxylate reductase	AG-359-P18_00219	-3
CACBYE010000001.1	194893	195555	-	AG-359-P18_00217	AG-359-P18	220	OG0001361	NA	NA	NA	NA	NA	AG-359-P18_00219	-2
CACBYE010000001.1	195802	196713	-	AG-359-P18_00218	AG-359-P18	303	OG0001090	K15737	glutarate dioxygenase [EC:1.14.11.64]	NA	NA	NA	AG-359-P18_00219	-1
CACBYE010000001.1	196710	197033	-	AG-359-P18_00219	AG-359-P18	107	OG0001083	NA	NA	COG4392	AzlD2	Branched-chain amino acid transport protein	AG-359-P18_00219	0
CACBYE010000001.1	197023	197727	-	AG-359-P18_00220	AG-359-P18	234	OG0001073	NA	NA	COG1296	AzlC	Predicted branched-chain amino acid permease (azaleucine resistance)	AG-359-P18_00219	1
CACBYE010000001.1	197727	198512	-	AG-359-P18_00221	AG-359-P18	261	OG0001077	NA	NA	COG0410	LivF	ABC-type branched-chain amino acid transport system, ATPase component LivF	AG-359-P18_00219	2
CACBYE010000001.1	198512	199252	-	AG-359-P18_00222	AG-359-P18	246	OG0000928	K01995	branched-chain amino acid transport system ATP-binding protein	COG0411	LivG	ABC-type branched-chain amino acid transport system, ATPase component LivG	AG-359-P18_00219	3
CACBYE010000001.1	199249	200307	-	AG-359-P18_00223	AG-359-P18	352	OG0001109	NA	NA	COG4177	LivM	ABC-type branched-chain amino acid transport system, permease component	AG-359-P18_00219	4
CACBYE010000001.1	200304	201197	-	AG-359-P18_00224	AG-359-P18	297	OG0001225	K01997	branched-chain amino acid transport system permease protein	COG0559	LivH	Branched-chain amino acid ABC-type transport system, permease component	AG-359-P18_00219	5
CACCZZ010000001.1	60596	61507	-	AG-365-B19_00067	AG-365-B19	303	OG0001134	K01997	branched-chain amino acid transport system permease protein	COG0559	LivH	Branched-chain amino acid ABC-type transport system, permease component	AG-365-B19_00072	-5
CACCZZ010000001.1	61526	62284	-	AG-365-B19_00068	AG-365-B19	252	OG0000676	NA	NA	COG0345	ProC	Pyrroline-5-carboxylate reductase	AG-365-B19_00072	-4
CACCZZ010000001.1	62290	63363	+	AG-365-B19_00069	AG-365-B19	357	OG0001130	K07120	uncharacterized protein	COG3180	AbrB	Uncharacterized membrane protein AbrB, regulator of aidB expression	AG-365-B19_00072	-3
CACCZZ010000001.1	63425	64138	-	AG-365-B19_00070	AG-365-B19	237	OG0001361	NA	NA	NA	NA	NA	AG-365-B19_00072	-2
CACCZZ010000001.1	64340	65233	-	AG-365-B19_00071	AG-365-B19	297	OG0001090	K15737	glutarate dioxygenase [EC:1.14.11.64]	NA	NA	NA	AG-365-B19_00072	-1
CACCZZ010000001.1	65230	65565	-	AG-365-B19_00072	AG-365-B19	111	OG0001083	NA	NA	COG4392	AzlD2	Branched-chain amino acid transport protein	AG-365-B19_00072	0
CACCZZ010000001.1	65558	66259	-	AG-365-B19_00073	AG-365-B19	233	OG0001073	NA	NA	COG1296	AzlC	Predicted branched-chain amino acid permease (azaleucine resistance)	AG-365-B19_00072	1
CACCZZ010000001.1	66259	67044	-	AG-365-B19_00074	AG-365-B19	261	OG0001077	NA	NA	COG0410	LivF	ABC-type branched-chain amino acid transport system, ATPase component LivF	AG-365-B19_00072	2
CACCZZ010000001.1	67044	67778	-	AG-365-B19_00075	AG-365-B19	244	OG0000928	K01995	branched-chain amino acid transport system ATP-binding protein	COG0411	LivG	ABC-type branched-chain amino acid transport system, ATPase component LivG	AG-365-B19_00072	3
CACCZZ010000001.1	67775	68839	-	AG-365-B19_00076	AG-365-B19	354	OG0001109	NA	NA	COG4177	LivM	ABC-type branched-chain amino acid transport system, permease component	AG-365-B19_00072	4
CACCZZ010000001.1	68840	69733	-	AG-365-B19_00077	AG-365-B19	297	OG0001134	K01997	branched-chain amino acid transport system permease protein	COG0559	LivH	Branched-chain amino acid ABC-type transport system, permease component	AG-365-B19_00072	5
CACDRL010000001.1	174755	175765	-	AG-390-C17_00181	AG-390-C17	336	OG0000021	K01997	branched-chain amino acid transport system permease protein	COG0559	LivH	Branched-chain amino acid ABC-type transport system, permease component	AG-390-C17_00186	-5
CACDRL010000001.1	175767	176474	-	AG-390-C17_00182	AG-390-C17	235	OG0000065	K01996	branched-chain amino acid transport system ATP-binding protein	COG0410	LivF	ABC-type branched-chain amino acid transport system, ATPase component LivF	AG-390-C17_00186	-4
CACDRL010000001.1	176474	177262	-	AG-390-C17_00183	AG-390-C17	262	OG0000143	K01995	branched-chain amino acid transport system ATP-binding protein	COG0411	LivG	ABC-type branched-chain amino acid transport system, ATPase component LivG	AG-390-C17_00186	-3
CACDRL010000001.1	177268	178035	-	AG-390-C17_00184	AG-390-C17	255	OG0000676	NA	NA	COG0345	ProC	Pyrroline-5-carboxylate reductase	AG-390-C17_00186	-2
CACDRL010000001.1	178068	178979	-	AG-390-C17_00185	AG-390-C17	303	OG0001090	K15737	glutarate dioxygenase [EC:1.14.11.64]	NA	NA	NA	AG-390-C17_00186	-1
CACDRL010000001.1	179019	179342	-	AG-390-C17_00186	AG-390-C17	107	OG0001083	NA	NA	COG4392	AzlD2	Branched-chain amino acid transport protein	AG-390-C17_00186	0
CACDRL010000001.1	179332	180036	-	AG-390-C17_00187	AG-390-C17	234	OG0001073	NA	NA	COG1296	AzlC	Predicted branched-chain amino acid permease (azaleucine resistance)	AG-390-C17_00186	1
CACDRL010000001.1	180036	180821	-	AG-390-C17_00188	AG-390-C17	261	OG0001077	NA	NA	COG0410	LivF	ABC-type branched-chain amino acid transport system, ATPase component LivF	AG-390-C17_00186	2
CACDRL010000001.1	180821	181561	-	AG-390-C17_00189	AG-390-C17	246	OG0000928	K01995	branched-chain amino acid transport system ATP-binding protein	COG0411	LivG	ABC-type branched-chain amino acid transport system, ATPase component LivG	AG-390-C17_00186	3
CACDRL010000001.1	181558	182610	-	AG-390-C17_00190	AG-390-C17	350	OG0001109	NA	NA	COG4177	LivM	ABC-type branched-chain amino acid transport system, permease component	AG-390-C17_00186	4
CACDRL010000001.1	182597	182779	-	AG-390-C17_00191	AG-390-C17	60	OG0001356	NA	NA	NA	NA	NA	AG-390-C17_00186	5
CACDTD010000002.1	57112	58188	+	AG-390-C22_00267	AG-390-C22	358	OG0001130	K07120	uncharacterized protein	COG3180	AbrB	Uncharacterized membrane protein AbrB, regulator of aidB expression	AG-390-C22_00272	-5
CACDTD010000002.1	58239	58625	+	AG-390-C22_00268	AG-390-C22	128	OG0001278	K15977	putative oxidoreductase	COG2259	DoxX	Uncharacterized membrane protein YphA, DoxX/SURF4 family	AG-390-C22_00272	-4
CACDTD010000002.1	58620	60122	-	AG-390-C22_00269	AG-390-C22	500	OG0000068	K07793	putative tricarboxylic transport membrane protein	COG3333	NA	TctA family transporter	AG-390-C22_00272	-3
CACDTD010000002.1	60119	60589	-	AG-390-C22_00270	AG-390-C22	156	OG0001140	K07794	putative tricarboxylic transport membrane protein	NA	NA	NA	AG-390-C22_00272	-2
CACDTD010000002.1	60613	61593	-	AG-390-C22_00271	AG-390-C22	326	OG0001110	K07795	putative tricarboxylic transport membrane protein	COG3181	TctC	Tripartite-type tricarboxylate transporter, extracytoplasmic receptor component TctC	AG-390-C22_00272	-1
CACDTD010000002.1	61722	62048	-	AG-390-C22_00272	AG-390-C22	108	OG0001083	NA	NA	COG4392	AzlD2	Branched-chain amino acid transport protein	AG-390-C22_00272	0
CACDTD010000002.1	62038	62742	-	AG-390-C22_00273	AG-390-C22	234	OG0001073	NA	NA	COG1296	AzlC	Predicted branched-chain amino acid permease (azaleucine resistance)	AG-390-C22_00272	1
CACDTD010000002.1	62739	63524	-	AG-390-C22_00274	AG-390-C22	261	OG0001077	NA	NA	COG0410	LivF	ABC-type branched-chain amino acid transport system, ATPase component LivF	AG-390-C22_00272	2
CACDTD010000002.1	63524	64258	-	AG-390-C22_00275	AG-390-C22	244	OG0000928	K01995	branched-chain amino acid transport system ATP-binding protein	COG0411	LivG	ABC-type branched-chain amino acid transport system, ATPase component LivG	AG-390-C22_00272	3
CACDTD010000002.1	64255	65310	-	AG-390-C22_00276	AG-390-C22	351	OG0001109	NA	NA	COG4177	LivM	ABC-type branched-chain amino acid transport system, permease component	AG-390-C22_00272	4
CACDTD010000002.1	65312	65926	-	AG-390-C22_00277	AG-390-C22	204	OG0001708	NA	NA	NA	NA	NA	AG-390-C22_00272	5
CACDTA010000027.1	948	1271	-	AG-390-D02_01158	AG-390-D02	107	OG0001083	NA	NA	COG4392	AzlD2	Branched-chain amino acid transport protein	AG-390-D02_01158	0
CACDTA010000027.1	1261	1965	-	AG-390-D02_01159	AG-390-D02	234	OG0001073	NA	NA	COG1296	AzlC	Predicted branched-chain amino acid permease (azaleucine resistance)	AG-390-D02_01158	1
CACDTA010000027.1	1965	2750	-	AG-390-D02_01160	AG-390-D02	261	OG0001077	NA	NA	COG0410	LivF	ABC-type branched-chain amino acid transport system, ATPase component LivF	AG-390-D02_01158	2
CACDTA010000027.1	2750	3490	-	AG-390-D02_01161	AG-390-D02	246	OG0000928	K01995	branched-chain amino acid transport system ATP-binding protein	COG0411	LivG	ABC-type branched-chain amino acid transport system, ATPase component LivG	AG-390-D02_01158	3
CACDTA010000027.1	3487	4545	-	AG-390-D02_01162	AG-390-D02	352	OG0001109	NA	NA	COG4177	LivM	ABC-type branched-chain amino acid transport system, permease component	AG-390-D02_01158	4
CACDTN010000001.1	26406	27647	+	AG-390-D15_00028	AG-390-D15	413	OG0000614	K01999	branched-chain amino acid transport system substrate-binding protein	COG0683	LivK	ABC-type branched-chain amino acid transport system, periplasmic component	AG-390-D15_00033	-5
CACDTN010000001.1	27710	29653	+	AG-390-D15_00029	AG-390-D15	647	OG0001109	K01997	branched-chain amino acid transport system permease protein	COG0559	LivH	Branched-chain amino acid ABC-type transport system, permease component	AG-390-D15_00033	-4
CACDTN010000001.1	29650	30390	+	AG-390-D15_00030	AG-390-D15	246	OG0000928	K01995	branched-chain amino acid transport system ATP-binding protein	COG0411	LivG	ABC-type branched-chain amino acid transport system, ATPase component LivG	AG-390-D15_00033	-3
CACDTN010000001.1	30390	31175	+	AG-390-D15_00031	AG-390-D15	261	OG0001077	NA	NA	COG0410	LivF	ABC-type branched-chain amino acid transport system, ATPase component LivF	AG-390-D15_00033	-2
CACDTN010000001.1	31175	31879	+	AG-390-D15_00032	AG-390-D15	234	OG0001073	NA	NA	COG1296	AzlC	Predicted branched-chain amino acid permease (azaleucine resistance)	AG-390-D15_00033	-1
CACDTN010000001.1	31869	32192	+	AG-390-D15_00033	AG-390-D15	107	OG0001083	NA	NA	COG4392	AzlD2	Branched-chain amino acid transport protein	AG-390-D15_00033	0
CACDTN010000001.1	32233	33144	+	AG-390-D15_00034	AG-390-D15	303	OG0003814	K15737	glutarate dioxygenase [EC:1.14.11.64]	NA	NA	NA	AG-390-D15_00033	1
CACDTN010000001.1	33179	33946	+	AG-390-D15_00035	AG-390-D15	255	OG0000676	NA	NA	COG0345	ProC	Pyrroline-5-carboxylate reductase	AG-390-D15_00033	2
CACDTN010000001.1	33950	34738	+	AG-390-D15_00036	AG-390-D15	262	OG0000143	K01995	branched-chain amino acid transport system ATP-binding protein	COG0411	LivG	ABC-type branched-chain amino acid transport system, ATPase component LivG	AG-390-D15_00033	3
CACDTN010000001.1	34738	35445	+	AG-390-D15_00037	AG-390-D15	235	OG0000065	K01996	branched-chain amino acid transport system ATP-binding protein	COG0410	LivF	ABC-type branched-chain amino acid transport system, ATPase component LivF	AG-390-D15_00033	4
CACDTN010000001.1	35446	36456	+	AG-390-D15_00038	AG-390-D15	336	OG0000021	K01997	branched-chain amino acid transport system permease protein	COG0559	LivH	Branched-chain amino acid ABC-type transport system, permease component	AG-390-D15_00033	5
CACDUS010000001.1	25779	26672	+	AG-390-E04_00029	AG-390-E04	297	OG0001225	K01997	branched-chain amino acid transport system permease protein	COG0559	LivH	Branched-chain amino acid ABC-type transport system, permease component	AG-390-E04_00034	-5
CACDUS010000001.1	26672	27721	+	AG-390-E04_00030	AG-390-E04	349	OG0001109	NA	NA	COG4177	LivM	ABC-type branched-chain amino acid transport system, permease component	AG-390-E04_00034	-4
CACDUS010000001.1	27718	28458	+	AG-390-E04_00031	AG-390-E04	246	OG0000928	K01995	branched-chain amino acid transport system ATP-binding protein	COG0411	LivG	ABC-type branched-chain amino acid transport system, ATPase component LivG	AG-390-E04_00034	-3
CACDUS010000001.1	28458	29243	+	AG-390-E04_00032	AG-390-E04	261	OG0001077	NA	NA	COG0410	LivF	ABC-type branched-chain amino acid transport system, ATPase component LivF	AG-390-E04_00034	-2
CACDUS010000001.1	29243	29947	+	AG-390-E04_00033	AG-390-E04	234	OG0001073	NA	NA	COG1296	AzlC	Predicted branched-chain amino acid permease (azaleucine resistance)	AG-390-E04_00034	-1
CACDUS010000001.1	29937	30260	+	AG-390-E04_00034	AG-390-E04	107	OG0001083	NA	NA	COG4392	AzlD2	Branched-chain amino acid transport protein	AG-390-E04_00034	0
CACDUS010000001.1	30257	31171	+	AG-390-E04_00035	AG-390-E04	304	OG0001090	K15737	glutarate dioxygenase [EC:1.14.11.64]	NA	NA	NA	AG-390-E04_00034	1
CACDUS010000001.1	31201	31968	+	AG-390-E04_00036	AG-390-E04	255	OG0000676	NA	NA	COG0345	ProC	Pyrroline-5-carboxylate reductase	AG-390-E04_00034	2
CACDUS010000001.1	31972	32757	+	AG-390-E04_00037	AG-390-E04	261	OG0000143	K01995	branched-chain amino acid transport system ATP-binding protein	COG0411	LivG	ABC-type branched-chain amino acid transport system, ATPase component LivG	AG-390-E04_00034	3
CACDUS010000001.1	32760	33467	+	AG-390-E04_00038	AG-390-E04	235	OG0000065	K01996	branched-chain amino acid transport system ATP-binding protein	COG0410	LivF	ABC-type branched-chain amino acid transport system, ATPase component LivF	AG-390-E04_00034	4
CACDUS010000001.1	33469	34479	+	AG-390-E04_00039	AG-390-E04	336	OG0000021	K01997	branched-chain amino acid transport system permease protein	COG0559	LivH	Branched-chain amino acid ABC-type transport system, permease component	AG-390-E04_00034	5
CACDYK010000006.1	40346	40909	-	AG-390-G11_00645	AG-390-G11	187	OG0000021	NA	NA	COG0559	LivH	Branched-chain amino acid ABC-type transport system, permease component	AG-390-G11_00650	-5
CACDYK010000006.1	40912	41619	-	AG-390-G11_00646	AG-390-G11	235	OG0000065	K01996	branched-chain amino acid transport system ATP-binding protein	COG0410	LivF	ABC-type branched-chain amino acid transport system, ATPase component LivF	AG-390-G11_00650	-4
CACDYK010000006.1	41619	42407	-	AG-390-G11_00647	AG-390-G11	262	OG0000143	K01995	branched-chain amino acid transport system ATP-binding protein	COG0411	LivG	ABC-type branched-chain amino acid transport system, ATPase component LivG	AG-390-G11_00650	-3
CACDYK010000006.1	42413	43180	-	AG-390-G11_00648	AG-390-G11	255	OG0000676	NA	NA	COG0345	ProC	Pyrroline-5-carboxylate reductase	AG-390-G11_00650	-2
CACDYK010000006.1	43214	44125	-	AG-390-G11_00649	AG-390-G11	303	OG0001090	K15737	glutarate dioxygenase [EC:1.14.11.64]	NA	NA	NA	AG-390-G11_00650	-1
CACDYK010000006.1	44166	44489	-	AG-390-G11_00650	AG-390-G11	107	OG0001083	NA	NA	COG4392	AzlD2	Branched-chain amino acid transport protein	AG-390-G11_00650	0
CACDYK010000006.1	44479	45183	-	AG-390-G11_00651	AG-390-G11	234	OG0001073	NA	NA	COG1296	AzlC	Predicted branched-chain amino acid permease (azaleucine resistance)	AG-390-G11_00650	1
CACDYK010000006.1	45183	45968	-	AG-390-G11_00652	AG-390-G11	261	OG0001077	NA	NA	COG0410	LivF	ABC-type branched-chain amino acid transport system, ATPase component LivF	AG-390-G11_00650	2
CACDYK010000006.1	45968	46708	-	AG-390-G11_00653	AG-390-G11	246	OG0000928	K01995	branched-chain amino acid transport system ATP-binding protein	COG0411	LivG	ABC-type branched-chain amino acid transport system, ATPase component LivG	AG-390-G11_00650	3
CACDYK010000006.1	46705	47757	-	AG-390-G11_00654	AG-390-G11	350	OG0001109	NA	NA	COG4177	LivM	ABC-type branched-chain amino acid transport system, permease component	AG-390-G11_00650	4
CACDYK010000006.1	47754	48647	-	AG-390-G11_00655	AG-390-G11	297	OG0001134	K01997	branched-chain amino acid transport system permease protein	COG0559	LivH	Branched-chain amino acid ABC-type transport system, permease component	AG-390-G11_00650	5
CACDYR010000004.1	18054	18236	+	AG-390-G23_00811	AG-390-G23	60	OG0001356	NA	NA	NA	NA	NA	AG-390-G23_00816	-5
CACDYR010000004.1	18223	19275	+	AG-390-G23_00812	AG-390-G23	350	OG0001109	NA	NA	COG4177	LivM	ABC-type branched-chain amino acid transport system, permease component	AG-390-G23_00816	-4
CACDYR010000004.1	19272	20012	+	AG-390-G23_00813	AG-390-G23	246	OG0000928	K01995	branched-chain amino acid transport system ATP-binding protein	COG0411	LivG	ABC-type branched-chain amino acid transport system, ATPase component LivG	AG-390-G23_00816	-3
CACDYR010000004.1	20012	20797	+	AG-390-G23_00814	AG-390-G23	261	OG0001077	NA	NA	COG0410	LivF	ABC-type branched-chain amino acid transport system, ATPase component LivF	AG-390-G23_00816	-2
CACDYR010000004.1	20797	21501	+	AG-390-G23_00815	AG-390-G23	234	OG0001073	NA	NA	COG1296	AzlC	Predicted branched-chain amino acid permease (azaleucine resistance)	AG-390-G23_00816	-1
CACDYR010000004.1	21491	21814	+	AG-390-G23_00816	AG-390-G23	107	OG0001083	NA	NA	COG4392	AzlD2	Branched-chain amino acid transport protein	AG-390-G23_00816	0
CACDYR010000004.1	21854	22765	+	AG-390-G23_00817	AG-390-G23	303	OG0001090	K15737	glutarate dioxygenase [EC:1.14.11.64]	NA	NA	NA	AG-390-G23_00816	1
CACDYR010000004.1	22798	23565	+	AG-390-G23_00818	AG-390-G23	255	OG0000676	NA	NA	COG0345	ProC	Pyrroline-5-carboxylate reductase	AG-390-G23_00816	2
CACDYR010000004.1	23571	24359	+	AG-390-G23_00819	AG-390-G23	262	OG0000143	K01995	branched-chain amino acid transport system ATP-binding protein	COG0411	LivG	ABC-type branched-chain amino acid transport system, ATPase component LivG	AG-390-G23_00816	3
CACDYR010000004.1	24359	25066	+	AG-390-G23_00820	AG-390-G23	235	OG0000065	K01996	branched-chain amino acid transport system ATP-binding protein	COG0410	LivF	ABC-type branched-chain amino acid transport system, ATPase component LivF	AG-390-G23_00816	4
CACDYR010000004.1	25068	26078	+	AG-390-G23_00821	AG-390-G23	336	OG0000021	K01997	branched-chain amino acid transport system permease protein	COG0559	LivH	Branched-chain amino acid ABC-type transport system, permease component	AG-390-G23_00816	5
CACDZS010000005.1	38072	39082	-	AG-390-I15_00554	AG-390-I15	336	OG0000021	K01997	branched-chain amino acid transport system permease protein	COG0559	LivH	Branched-chain amino acid ABC-type transport system, permease component	AG-390-I15_00559	-5
CACDZS010000005.1	39084	39791	-	AG-390-I15_00555	AG-390-I15	235	OG0000065	K01996	branched-chain amino acid transport system ATP-binding protein	COG0410	LivF	ABC-type branched-chain amino acid transport system, ATPase component LivF	AG-390-I15_00559	-4
CACDZS010000005.1	39791	40579	-	AG-390-I15_00556	AG-390-I15	262	OG0000143	K01995	branched-chain amino acid transport system ATP-binding protein	COG0411	LivG	ABC-type branched-chain amino acid transport system, ATPase component LivG	AG-390-I15_00559	-3
CACDZS010000005.1	40585	41352	-	AG-390-I15_00557	AG-390-I15	255	OG0000676	NA	NA	COG0345	ProC	Pyrroline-5-carboxylate reductase	AG-390-I15_00559	-2
CACDZS010000005.1	41388	42299	-	AG-390-I15_00558	AG-390-I15	303	OG0001090	K15737	glutarate dioxygenase [EC:1.14.11.64]	NA	NA	NA	AG-390-I15_00559	-1
CACDZS010000005.1	42340	42663	-	AG-390-I15_00559	AG-390-I15	107	OG0001083	NA	NA	COG4392	AzlD2	Branched-chain amino acid transport protein	AG-390-I15_00559	0
CACDZS010000005.1	42653	43357	-	AG-390-I15_00560	AG-390-I15	234	OG0001073	NA	NA	COG1296	AzlC	Predicted branched-chain amino acid permease (azaleucine resistance)	AG-390-I15_00559	1
CACDZS010000005.1	43357	44142	-	AG-390-I15_00561	AG-390-I15	261	OG0001077	NA	NA	COG0410	LivF	ABC-type branched-chain amino acid transport system, ATPase component LivF	AG-390-I15_00559	2
CACDZS010000005.1	44142	44882	-	AG-390-I15_00562	AG-390-I15	246	OG0000928	K01995	branched-chain amino acid transport system ATP-binding protein	COG0411	LivG	ABC-type branched-chain amino acid transport system, ATPase component LivG	AG-390-I15_00559	3
CACDZS010000005.1	44879	45931	-	AG-390-I15_00563	AG-390-I15	350	OG0001109	NA	NA	COG4177	LivM	ABC-type branched-chain amino acid transport system, permease component	AG-390-I15_00559	4
CACDZS010000005.1	45918	46100	-	AG-390-I15_00564	AG-390-I15	60	OG0001356	NA	NA	NA	NA	NA	AG-390-I15_00559	5
CACEAT010000002.1	118611	119477	+	AG-390-J13_00481	AG-390-J13	288	OG0003153	K01997	branched-chain amino acid transport system permease protein	COG0559	LivH	Branched-chain amino acid ABC-type transport system, permease component	AG-390-J13_00486	-5
CACEAT010000002.1	119477	120526	+	AG-390-J13_00482	AG-390-J13	349	OG0001109	NA	NA	COG4177	LivM	ABC-type branched-chain amino acid transport system, permease component	AG-390-J13_00486	-4
CACEAT010000002.1	120523	121263	+	AG-390-J13_00483	AG-390-J13	246	OG0000928	K01995	branched-chain amino acid transport system ATP-binding protein	COG0411	LivG	ABC-type branched-chain amino acid transport system, ATPase component LivG	AG-390-J13_00486	-3
CACEAT010000002.1	121263	122048	+	AG-390-J13_00484	AG-390-J13	261	OG0001077	NA	NA	COG0410	LivF	ABC-type branched-chain amino acid transport system, ATPase component LivF	AG-390-J13_00486	-2
CACEAT010000002.1	122048	122752	+	AG-390-J13_00485	AG-390-J13	234	OG0001073	NA	NA	COG1296	AzlC	Predicted branched-chain amino acid permease (azaleucine resistance)	AG-390-J13_00486	-1
CACEAT010000002.1	122742	123065	+	AG-390-J13_00486	AG-390-J13	107	OG0001083	NA	NA	COG4392	AzlD2	Branched-chain amino acid transport protein	AG-390-J13_00486	0
CACEAT010000002.1	123107	124018	+	AG-390-J13_00487	AG-390-J13	303	OG0003812	K15737	glutarate dioxygenase [EC:1.14.11.64]	NA	NA	NA	AG-390-J13_00486	1
CACEAT010000002.1	124053	124820	+	AG-390-J13_00488	AG-390-J13	255	OG0000676	NA	NA	COG0345	ProC	Pyrroline-5-carboxylate reductase	AG-390-J13_00486	2
CACEAT010000002.1	124824	125612	+	AG-390-J13_00489	AG-390-J13	262	OG0000143	K01995	branched-chain amino acid transport system ATP-binding protein	COG0411	LivG	ABC-type branched-chain amino acid transport system, ATPase component LivG	AG-390-J13_00486	3
CACEAT010000002.1	125612	126319	+	AG-390-J13_00490	AG-390-J13	235	OG0000065	K01996	branched-chain amino acid transport system ATP-binding protein	COG0410	LivF	ABC-type branched-chain amino acid transport system, ATPase component LivF	AG-390-J13_00486	4
CACEAT010000002.1	126320	127330	+	AG-390-J13_00491	AG-390-J13	336	OG0000021	K01997	branched-chain amino acid transport system permease protein	COG0559	LivH	Branched-chain amino acid ABC-type transport system, permease component	AG-390-J13_00486	5
CACEBH010000008.1	2726	3736	-	AG-390-J21_01032	AG-390-J21	336	OG0000021	K01997	branched-chain amino acid transport system permease protein	COG0559	LivH	Branched-chain amino acid ABC-type transport system, permease component	AG-390-J21_01037	-5
CACEBH010000008.1	3738	4445	-	AG-390-J21_01033	AG-390-J21	235	OG0000065	K01996	branched-chain amino acid transport system ATP-binding protein	COG0410	LivF	ABC-type branched-chain amino acid transport system, ATPase component LivF	AG-390-J21_01037	-4
CACEBH010000008.1	4448	5233	-	AG-390-J21_01034	AG-390-J21	261	OG0000143	K01995	branched-chain amino acid transport system ATP-binding protein	COG0411	LivG	ABC-type branched-chain amino acid transport system, ATPase component LivG	AG-390-J21_01037	-3
CACEBH010000008.1	5237	6004	-	AG-390-J21_01035	AG-390-J21	255	OG0000676	NA	NA	COG0345	ProC	Pyrroline-5-carboxylate reductase	AG-390-J21_01037	-2
CACEBH010000008.1	6031	6945	-	AG-390-J21_01036	AG-390-J21	304	OG0001090	K15737	glutarate dioxygenase [EC:1.14.11.64]	NA	NA	NA	AG-390-J21_01037	-1
CACEBH010000008.1	6942	7265	-	AG-390-J21_01037	AG-390-J21	107	OG0001083	NA	NA	COG4392	AzlD2	Branched-chain amino acid transport protein	AG-390-J21_01037	0
CACEBH010000008.1	7255	7959	-	AG-390-J21_01038	AG-390-J21	234	OG0001073	NA	NA	COG1296	AzlC	Predicted branched-chain amino acid permease (azaleucine resistance)	AG-390-J21_01037	1
CACEBH010000008.1	7959	8744	-	AG-390-J21_01039	AG-390-J21	261	OG0001077	NA	NA	COG0410	LivF	ABC-type branched-chain amino acid transport system, ATPase component LivF	AG-390-J21_01037	2
CACEBH010000008.1	8744	9484	-	AG-390-J21_01040	AG-390-J21	246	OG0000928	K01995	branched-chain amino acid transport system ATP-binding protein	COG0411	LivG	ABC-type branched-chain amino acid transport system, ATPase component LivG	AG-390-J21_01037	3
CACEBH010000008.1	9481	10530	-	AG-390-J21_01041	AG-390-J21	349	OG0001109	NA	NA	COG4177	LivM	ABC-type branched-chain amino acid transport system, permease component	AG-390-J21_01037	4
CACEBH010000008.1	10530	11423	-	AG-390-J21_01042	AG-390-J21	297	OG0001225	K01997	branched-chain amino acid transport system permease protein	COG0559	LivH	Branched-chain amino acid ABC-type transport system, permease component	AG-390-J21_01037	5
CACEDD010000002.1	74741	75751	-	AG-390-L03_00727	AG-390-L03	336	OG0000021	K01997	branched-chain amino acid transport system permease protein	COG0559	LivH	Branched-chain amino acid ABC-type transport system, permease component	AG-390-L03_00732	-5
CACEDD010000002.1	75754	76461	-	AG-390-L03_00728	AG-390-L03	235	OG0000065	K01996	branched-chain amino acid transport system ATP-binding protein	COG0410	LivF	ABC-type branched-chain amino acid transport system, ATPase component LivF	AG-390-L03_00732	-4
CACEDD010000002.1	76461	77249	-	AG-390-L03_00729	AG-390-L03	262	OG0000143	K01995	branched-chain amino acid transport system ATP-binding protein	COG0411	LivG	ABC-type branched-chain amino acid transport system, ATPase component LivG	AG-390-L03_00732	-3
CACEDD010000002.1	77255	78022	-	AG-390-L03_00730	AG-390-L03	255	OG0000676	NA	NA	COG0345	ProC	Pyrroline-5-carboxylate reductase	AG-390-L03_00732	-2
CACEDD010000002.1	78056	78967	-	AG-390-L03_00731	AG-390-L03	303	OG0001090	K15737	glutarate dioxygenase [EC:1.14.11.64]	NA	NA	NA	AG-390-L03_00732	-1
CACEDD010000002.1	79008	79331	-	AG-390-L03_00732	AG-390-L03	107	OG0001083	NA	NA	COG4392	AzlD2	Branched-chain amino acid transport protein	AG-390-L03_00732	0
CACEDD010000002.1	79321	80025	-	AG-390-L03_00733	AG-390-L03	234	OG0001073	NA	NA	COG1296	AzlC	Predicted branched-chain amino acid permease (azaleucine resistance)	AG-390-L03_00732	1
CACEDD010000002.1	80025	80810	-	AG-390-L03_00734	AG-390-L03	261	OG0001077	NA	NA	COG0410	LivF	ABC-type branched-chain amino acid transport system, ATPase component LivF	AG-390-L03_00732	2
CACEDD010000002.1	80810	81550	-	AG-390-L03_00735	AG-390-L03	246	OG0000928	K01995	branched-chain amino acid transport system ATP-binding protein	COG0411	LivG	ABC-type branched-chain amino acid transport system, ATPase component LivG	AG-390-L03_00732	3
CACEDD010000002.1	81547	82599	-	AG-390-L03_00736	AG-390-L03	350	OG0001109	NA	NA	COG4177	LivM	ABC-type branched-chain amino acid transport system, permease component	AG-390-L03_00732	4
CACEDD010000002.1	82596	83489	-	AG-390-L03_00737	AG-390-L03	297	OG0001134	K01997	branched-chain amino acid transport system permease protein	COG0559	LivH	Branched-chain amino acid ABC-type transport system, permease component	AG-390-L03_00732	5
CACEEW010000001.1	93236	93829	+	AG-390-M02_00103	AG-390-M02	197	OG0001459	NA	NA	NA	NA	NA	AG-390-M02_00108	-5
CACEEW010000001.1	93829	94878	+	AG-390-M02_00104	AG-390-M02	349	OG0001109	NA	NA	COG4177	LivM	ABC-type branched-chain amino acid transport system, permease component	AG-390-M02_00108	-4
CACEEW010000001.1	94875	95615	+	AG-390-M02_00105	AG-390-M02	246	OG0000928	K01995	branched-chain amino acid transport system ATP-binding protein	COG0411	LivG	ABC-type branched-chain amino acid transport system, ATPase component LivG	AG-390-M02_00108	-3
CACEEW010000001.1	95612	96400	+	AG-390-M02_00106	AG-390-M02	262	OG0001077	NA	NA	COG0410	LivF	ABC-type branched-chain amino acid transport system, ATPase component LivF	AG-390-M02_00108	-2
CACEEW010000001.1	96400	97104	+	AG-390-M02_00107	AG-390-M02	234	OG0001073	NA	NA	COG1296	AzlC	Predicted branched-chain amino acid permease (azaleucine resistance)	AG-390-M02_00108	-1
CACEEW010000001.1	97094	97417	+	AG-390-M02_00108	AG-390-M02	107	OG0001083	NA	NA	COG4392	AzlD2	Branched-chain amino acid transport protein	AG-390-M02_00108	0
CACEEW010000001.1	97459	98370	+	AG-390-M02_00109	AG-390-M02	303	OG0003813	K15737	glutarate dioxygenase [EC:1.14.11.64]	NA	NA	NA	AG-390-M02_00108	1
CACEEW010000001.1	98405	99172	+	AG-390-M02_00110	AG-390-M02	255	OG0000676	NA	NA	COG0345	ProC	Pyrroline-5-carboxylate reductase	AG-390-M02_00108	2
CACEEW010000001.1	99176	99964	+	AG-390-M02_00111	AG-390-M02	262	OG0000143	K01995	branched-chain amino acid transport system ATP-binding protein	COG0411	LivG	ABC-type branched-chain amino acid transport system, ATPase component LivG	AG-390-M02_00108	3
CACEEW010000001.1	99964	100671	+	AG-390-M02_00112	AG-390-M02	235	OG0000065	K01996	branched-chain amino acid transport system ATP-binding protein	COG0410	LivF	ABC-type branched-chain amino acid transport system, ATPase component LivF	AG-390-M02_00108	4
CACEEW010000001.1	100672	101682	+	AG-390-M02_00113	AG-390-M02	336	OG0000021	K01997	branched-chain amino acid transport system permease protein	COG0559	LivH	Branched-chain amino acid ABC-type transport system, permease component	AG-390-M02_00108	5
CACEFJ010000006.1	27358	28026	-	AG-390-M15_00842	AG-390-M15	222	OG0001361	NA	NA	NA	NA	NA	AG-390-M15_00847	-5
CACEFJ010000006.1	28153	29655	-	AG-390-M15_00843	AG-390-M15	500	OG0000068	K07793	putative tricarboxylic transport membrane protein	COG3333	NA	TctA family transporter	AG-390-M15_00847	-4
CACEFJ010000006.1	29652	30122	-	AG-390-M15_00844	AG-390-M15	156	OG0001140	K07794	putative tricarboxylic transport membrane protein	NA	NA	NA	AG-390-M15_00847	-3
CACEFJ010000006.1	30146	31126	-	AG-390-M15_00845	AG-390-M15	326	OG0001110	K07795	putative tricarboxylic transport membrane protein	COG3181	TctC	Tripartite-type tricarboxylate transporter, extracytoplasmic receptor component TctC	AG-390-M15_00847	-2
CACEFJ010000006.1	31195	32091	-	AG-390-M15_00846	AG-390-M15	298	OG0001090	K15737	glutarate dioxygenase [EC:1.14.11.64]	NA	NA	NA	AG-390-M15_00847	-1
CACEFJ010000006.1	32088	32414	-	AG-390-M15_00847	AG-390-M15	108	OG0001083	NA	NA	COG4392	AzlD2	Branched-chain amino acid transport protein	AG-390-M15_00847	0
CACEFJ010000006.1	32404	33108	-	AG-390-M15_00848	AG-390-M15	234	OG0001073	NA	NA	COG1296	AzlC	Predicted branched-chain amino acid permease (azaleucine resistance)	AG-390-M15_00847	1
CACEFJ010000006.1	33105	33890	-	AG-390-M15_00849	AG-390-M15	261	OG0001077	NA	NA	COG0410	LivF	ABC-type branched-chain amino acid transport system, ATPase component LivF	AG-390-M15_00847	2
CACEFJ010000006.1	33890	34624	-	AG-390-M15_00850	AG-390-M15	244	OG0000928	K01995	branched-chain amino acid transport system ATP-binding protein	COG0411	LivG	ABC-type branched-chain amino acid transport system, ATPase component LivG	AG-390-M15_00847	3
CACEFJ010000006.1	34621	35025	-	AG-390-M15_00851	AG-390-M15	134	OG0001109	NA	NA	COG4177	LivM	ABC-type branched-chain amino acid transport system, permease component	AG-390-M15_00847	4
CACFAF010000015.1	5206	5676	-	AG-404-O18_00906	AG-404-O18	156	OG0001140	K07794	putative tricarboxylic transport membrane protein	NA	NA	NA	AG-404-O18_00911	-5
CACFAF010000015.1	5708	6694	-	AG-404-O18_00907	AG-404-O18	328	OG0001110	K07795	putative tricarboxylic transport membrane protein	COG3181	TctC	Tripartite-type tricarboxylate transporter, extracytoplasmic receptor component TctC	AG-404-O18_00911	-4
CACFAF010000015.1	6774	7853	+	AG-404-O18_00908	AG-404-O18	359	OG0001130	K07120	uncharacterized protein	COG3180	AbrB	Uncharacterized membrane protein AbrB, regulator of aidB expression	AG-404-O18_00911	-3
CACFAF010000015.1	7891	8544	-	AG-404-O18_00909	AG-404-O18	217	OG0001361	NA	NA	NA	NA	NA	AG-404-O18_00911	-2
CACFAF010000015.1	8819	9730	-	AG-404-O18_00910	AG-404-O18	303	OG0001090	K15737	glutarate dioxygenase [EC:1.14.11.64]	NA	NA	NA	AG-404-O18_00911	-1
CACFAF010000015.1	9765	10091	-	AG-404-O18_00911	AG-404-O18	108	OG0001083	NA	NA	COG4392	AzlD2	Branched-chain amino acid transport protein	AG-404-O18_00911	0
CACFAF010000015.1	10081	10785	-	AG-404-O18_00912	AG-404-O18	234	OG0001073	NA	NA	COG1296	AzlC	Predicted branched-chain amino acid permease (azaleucine resistance)	AG-404-O18_00911	1
CACFAF010000015.1	10785	11570	-	AG-404-O18_00913	AG-404-O18	261	OG0001077	NA	NA	COG0410	LivF	ABC-type branched-chain amino acid transport system, ATPase component LivF	AG-404-O18_00911	2
CACFAF010000015.1	11570	12310	-	AG-404-O18_00914	AG-404-O18	246	OG0000928	K01995	branched-chain amino acid transport system ATP-binding protein	COG0411	LivG	ABC-type branched-chain amino acid transport system, ATPase component LivG	AG-404-O18_00911	3
CACFAF010000015.1	12307	13359	-	AG-404-O18_00915	AG-404-O18	350	OG0001109	NA	NA	COG4177	LivM	ABC-type branched-chain amino acid transport system, permease component	AG-404-O18_00911	4
CACFAF010000015.1	13356	14249	-	AG-404-O18_00916	AG-404-O18	297	OG0001225	K01997	branched-chain amino acid transport system permease protein	COG0559	LivH	Branched-chain amino acid ABC-type transport system, permease component	AG-404-O18_00911	5
CACFGT010000005.1	17197	17817	+	AG-410-K05_00404	AG-410-K05	206	OG0001459	NA	NA	NA	NA	NA	AG-410-K05_00409	-5
CACFGT010000005.1	17817	18866	+	AG-410-K05_00405	AG-410-K05	349	OG0001109	NA	NA	COG4177	LivM	ABC-type branched-chain amino acid transport system, permease component	AG-410-K05_00409	-4
CACFGT010000005.1	18863	19603	+	AG-410-K05_00406	AG-410-K05	246	OG0000928	K01995	branched-chain amino acid transport system ATP-binding protein	COG0411	LivG	ABC-type branched-chain amino acid transport system, ATPase component LivG	AG-410-K05_00409	-3
CACFGT010000005.1	19603	20388	+	AG-410-K05_00407	AG-410-K05	261	OG0001077	NA	NA	COG0410	LivF	ABC-type branched-chain amino acid transport system, ATPase component LivF	AG-410-K05_00409	-2
CACFGT010000005.1	20388	21092	+	AG-410-K05_00408	AG-410-K05	234	OG0001073	NA	NA	COG1296	AzlC	Predicted branched-chain amino acid permease (azaleucine resistance)	AG-410-K05_00409	-1
CACFGT010000005.1	21082	21405	+	AG-410-K05_00409	AG-410-K05	107	OG0001083	NA	NA	COG4392	AzlD2	Branched-chain amino acid transport protein	AG-410-K05_00409	0
CACFGT010000005.1	21402	22316	+	AG-410-K05_00410	AG-410-K05	304	OG0001090	K15737	glutarate dioxygenase [EC:1.14.11.64]	NA	NA	NA	AG-410-K05_00409	1
CACFGT010000005.1	22346	23113	+	AG-410-K05_00411	AG-410-K05	255	OG0000676	NA	NA	COG0345	ProC	Pyrroline-5-carboxylate reductase	AG-410-K05_00409	2
CACFGT010000005.1	23117	23539	+	AG-410-K05_00412	AG-410-K05	140	OG0000143	NA	NA	COG0411	LivG	ABC-type branched-chain amino acid transport system, ATPase component LivG	AG-410-K05_00409	3
CACFGT010000005.1	23617	23901	+	AG-410-K05_00413	AG-410-K05	94	OG0000143	NA	NA	COG0411	LivG	ABC-type branched-chain amino acid transport system, ATPase component LivG	AG-410-K05_00409	4
CACFGT010000005.1	23904	24611	+	AG-410-K05_00414	AG-410-K05	235	OG0000065	K01996	branched-chain amino acid transport system ATP-binding protein	COG0410	LivF	ABC-type branched-chain amino acid transport system, ATPase component LivF	AG-410-K05_00409	5
CACFIH010000003.1	81160	82053	+	AG-410-L19_00464	AG-410-L19	297	OG0001225	K01997	branched-chain amino acid transport system permease protein	COG0559	LivH	Branched-chain amino acid ABC-type transport system, permease component	AG-410-L19_00469	-5
CACFIH010000003.1	82053	83102	+	AG-410-L19_00465	AG-410-L19	349	OG0001109	NA	NA	COG4177	LivM	ABC-type branched-chain amino acid transport system, permease component	AG-410-L19_00469	-4
CACFIH010000003.1	83099	83839	+	AG-410-L19_00466	AG-410-L19	246	OG0000928	K01995	branched-chain amino acid transport system ATP-binding protein	COG0411	LivG	ABC-type branched-chain amino acid transport system, ATPase component LivG	AG-410-L19_00469	-3
CACFIH010000003.1	83839	84624	+	AG-410-L19_00467	AG-410-L19	261	OG0001077	NA	NA	COG0410	LivF	ABC-type branched-chain amino acid transport system, ATPase component LivF	AG-410-L19_00469	-2
CACFIH010000003.1	84624	85328	+	AG-410-L19_00468	AG-410-L19	234	OG0001073	NA	NA	COG1296	AzlC	Predicted branched-chain amino acid permease (azaleucine resistance)	AG-410-L19_00469	-1
CACFIH010000003.1	85318	85641	+	AG-410-L19_00469	AG-410-L19	107	OG0001083	NA	NA	COG4392	AzlD2	Branched-chain amino acid transport protein	AG-410-L19_00469	0
CACFIH010000003.1	85638	86552	+	AG-410-L19_00470	AG-410-L19	304	OG0001090	K15737	glutarate dioxygenase [EC:1.14.11.64]	NA	NA	NA	AG-410-L19_00469	1
CACFIH010000003.1	86582	87349	+	AG-410-L19_00471	AG-410-L19	255	OG0000676	NA	NA	COG0345	ProC	Pyrroline-5-carboxylate reductase	AG-410-L19_00469	2
CACFIH010000003.1	87353	88138	+	AG-410-L19_00472	AG-410-L19	261	OG0000143	K01995	branched-chain amino acid transport system ATP-binding protein	COG0411	LivG	ABC-type branched-chain amino acid transport system, ATPase component LivG	AG-410-L19_00469	3
CACFIH010000003.1	88140	88847	+	AG-410-L19_00473	AG-410-L19	235	OG0000065	K01996	branched-chain amino acid transport system ATP-binding protein	COG0410	LivF	ABC-type branched-chain amino acid transport system, ATPase component LivF	AG-410-L19_00469	4
CACFIH010000003.1	88849	89859	+	AG-410-L19_00474	AG-410-L19	336	OG0000021	K01997	branched-chain amino acid transport system permease protein	COG0559	LivH	Branched-chain amino acid ABC-type transport system, permease component	AG-410-L19_00469	5
CACFOP010000001.1	205326	206030	-	AG-414-E02_00210	AG-414-E02	234	OG0000065	K01996	branched-chain amino acid transport system ATP-binding protein	COG0410	LivF	ABC-type branched-chain amino acid transport system, ATPase component LivF	AG-414-E02_00215	-5
CACFOP010000001.1	206030	206827	-	AG-414-E02_00211	AG-414-E02	265	OG0000143	K01995	branched-chain amino acid transport system ATP-binding protein	COG0411	LivG	ABC-type branched-chain amino acid transport system, ATPase component LivG	AG-414-E02_00215	-4
CACFOP010000001.1	206833	207603	-	AG-414-E02_00212	AG-414-E02	256	OG0000676	NA	NA	COG0345	ProC	Pyrroline-5-carboxylate reductase	AG-414-E02_00215	-3
CACFOP010000001.1	207720	208136	-	AG-414-E02_00213	AG-414-E02	138	OG0000982	NA	NA	NA	NA	NA	AG-414-E02_00215	-2
CACFOP010000001.1	208139	208423	-	AG-414-E02_00214	AG-414-E02	94	OG0001123	NA	NA	NA	NA	NA	AG-414-E02_00215	-1
CACFOP010000001.1	208437	208757	-	AG-414-E02_00215	AG-414-E02	106	OG0001083	NA	NA	COG4392	AzlD2	Branched-chain amino acid transport protein	AG-414-E02_00215	0
CACFOP010000001.1	208763	209461	-	AG-414-E02_00216	AG-414-E02	232	OG0001073	NA	NA	COG1296	AzlC	Predicted branched-chain amino acid permease (azaleucine resistance)	AG-414-E02_00215	1
CACFOP010000001.1	209461	210246	-	AG-414-E02_00217	AG-414-E02	261	OG0001077	NA	NA	COG0410	LivF	ABC-type branched-chain amino acid transport system, ATPase component LivF	AG-414-E02_00215	2
CACFOP010000001.1	210246	210986	-	AG-414-E02_00218	AG-414-E02	246	OG0000928	K01995	branched-chain amino acid transport system ATP-binding protein	COG0411	LivG	ABC-type branched-chain amino acid transport system, ATPase component LivG	AG-414-E02_00215	3
CACFOP010000001.1	210983	212035	-	AG-414-E02_00219	AG-414-E02	350	OG0001109	NA	NA	COG4177	LivM	ABC-type branched-chain amino acid transport system, permease component	AG-414-E02_00215	4
CACFOP010000001.1	212022	212207	-	AG-414-E02_00220	AG-414-E02	61	OG0001356	NA	NA	NA	NA	NA	AG-414-E02_00215	5
CACFVS010000008.1	8978	9871	+	AG-414-M23_00668	AG-414-M23	297	OG0001134	K01997	branched-chain amino acid transport system permease protein	COG0559	LivH	Branched-chain amino acid ABC-type transport system, permease component	AG-414-M23_00673	-5
CACFVS010000008.1	9868	10920	+	AG-414-M23_00669	AG-414-M23	350	OG0001109	NA	NA	COG4177	LivM	ABC-type branched-chain amino acid transport system, permease component	AG-414-M23_00673	-4
CACFVS010000008.1	10917	11657	+	AG-414-M23_00670	AG-414-M23	246	OG0000928	K01995	branched-chain amino acid transport system ATP-binding protein	COG0411	LivG	ABC-type branched-chain amino acid transport system, ATPase component LivG	AG-414-M23_00673	-3
CACFVS010000008.1	11657	12442	+	AG-414-M23_00671	AG-414-M23	261	OG0001077	NA	NA	COG0410	LivF	ABC-type branched-chain amino acid transport system, ATPase component LivF	AG-414-M23_00673	-2
CACFVS010000008.1	12442	13146	+	AG-414-M23_00672	AG-414-M23	234	OG0001073	NA	NA	COG1296	AzlC	Predicted branched-chain amino acid permease (azaleucine resistance)	AG-414-M23_00673	-1
CACFVS010000008.1	13136	13462	+	AG-414-M23_00673	AG-414-M23	108	OG0001083	NA	NA	NA	NA	NA	AG-414-M23_00673	0
CACFVS010000008.1	13856	14527	+	AG-414-M23_00674	AG-414-M23	223	OG0001361	NA	NA	NA	NA	NA	AG-414-M23_00673	1
CACFVS010000008.1	14605	15375	+	AG-414-M23_00675	AG-414-M23	256	OG0000676	NA	NA	COG0345	ProC	Pyrroline-5-carboxylate reductase	AG-414-M23_00673	2
CACFVS010000008.1	15381	16178	+	AG-414-M23_00676	AG-414-M23	265	OG0000143	K01995	branched-chain amino acid transport system ATP-binding protein	COG0411	LivG	ABC-type branched-chain amino acid transport system, ATPase component LivG	AG-414-M23_00673	3
CACFVS010000008.1	16178	16885	+	AG-414-M23_00677	AG-414-M23	235	OG0000065	K01996	branched-chain amino acid transport system ATP-binding protein	COG0410	LivF	ABC-type branched-chain amino acid transport system, ATPase component LivF	AG-414-M23_00673	4
CACFVS010000008.1	16887	17897	+	AG-414-M23_00678	AG-414-M23	336	OG0000021	K01997	branched-chain amino acid transport system permease protein	COG0559	LivH	Branched-chain amino acid ABC-type transport system, permease component	AG-414-M23_00673	5
CACFXK010000023.1	1001	1894	+	AG-414-O09_01279	AG-414-O09	297	OG0002199	K01997	branched-chain amino acid transport system permease protein	COG0559	LivH	Branched-chain amino acid ABC-type transport system, permease component	AG-414-O09_01284	-5
CACFXK010000023.1	1894	2943	+	AG-414-O09_01280	AG-414-O09	349	OG0001109	NA	NA	COG4177	LivM	ABC-type branched-chain amino acid transport system, permease component	AG-414-O09_01284	-4
CACFXK010000023.1	2940	3680	+	AG-414-O09_01281	AG-414-O09	246	OG0000928	K01995	branched-chain amino acid transport system ATP-binding protein	COG0411	LivG	ABC-type branched-chain amino acid transport system, ATPase component LivG	AG-414-O09_01284	-3
CACFXK010000023.1	3680	4465	+	AG-414-O09_01282	AG-414-O09	261	OG0001077	NA	NA	COG0410	LivF	ABC-type branched-chain amino acid transport system, ATPase component LivF	AG-414-O09_01284	-2
CACFXK010000023.1	4465	5169	+	AG-414-O09_01283	AG-414-O09	234	OG0001073	NA	NA	COG1296	AzlC	Predicted branched-chain amino acid permease (azaleucine resistance)	AG-414-O09_01284	-1
CACFXK010000023.1	5159	5485	+	AG-414-O09_01284	AG-414-O09	108	OG0001083	NA	NA	COG4392	AzlD2	Branched-chain amino acid transport protein	AG-414-O09_01284	0
CACFXK010000023.1	5482	5988	+	AG-414-O09_01285	AG-414-O09	168	OG0001207	NA	NA	COG1357	DotG	Type IVB secretion/DNA transfer system protein DotG/IcmE, contains pentapeptide repeats	AG-414-O09_01284	1
CACFXK010000023.1	5992	6912	+	AG-414-O09_01286	AG-414-O09	306	OG0001090	K15737	glutarate dioxygenase [EC:1.14.11.64]	NA	NA	NA	AG-414-O09_01284	2
CACFXK010000023.1	6930	7700	+	AG-414-O09_01287	AG-414-O09	256	OG0000676	NA	NA	COG0345	ProC	Pyrroline-5-carboxylate reductase	AG-414-O09_01284	3
CACFXO010000007.1	17655	18665	-	AG-414-O11_01030	AG-414-O11	336	OG0000021	K01997	branched-chain amino acid transport system permease protein	COG0559	LivH	Branched-chain amino acid ABC-type transport system, permease component	AG-414-O11_01035	-5
CACFXO010000007.1	18667	19374	-	AG-414-O11_01031	AG-414-O11	235	OG0000065	K01996	branched-chain amino acid transport system ATP-binding protein	COG0410	LivF	ABC-type branched-chain amino acid transport system, ATPase component LivF	AG-414-O11_01035	-4
CACFXO010000007.1	19374	20162	-	AG-414-O11_01032	AG-414-O11	262	OG0000143	K01995	branched-chain amino acid transport system ATP-binding protein	COG0411	LivG	ABC-type branched-chain amino acid transport system, ATPase component LivG	AG-414-O11_01035	-3
CACFXO010000007.1	20168	20935	-	AG-414-O11_01033	AG-414-O11	255	OG0000676	NA	NA	COG0345	ProC	Pyrroline-5-carboxylate reductase	AG-414-O11_01035	-2
CACFXO010000007.1	20970	21881	-	AG-414-O11_01034	AG-414-O11	303	OG0001090	K15737	glutarate dioxygenase [EC:1.14.11.64]	NA	NA	NA	AG-414-O11_01035	-1
CACFXO010000007.1	22078	22401	-	AG-414-O11_01035	AG-414-O11	107	OG0001083	NA	NA	COG4392	AzlD2	Branched-chain amino acid transport protein	AG-414-O11_01035	0
CACFXO010000007.1	22391	23095	-	AG-414-O11_01036	AG-414-O11	234	OG0001073	NA	NA	COG1296	AzlC	Predicted branched-chain amino acid permease (azaleucine resistance)	AG-414-O11_01035	1
CACFXO010000007.1	23095	23880	-	AG-414-O11_01037	AG-414-O11	261	OG0001077	NA	NA	COG0410	LivF	ABC-type branched-chain amino acid transport system, ATPase component LivF	AG-414-O11_01035	2
CACFXO010000007.1	23880	24620	-	AG-414-O11_01038	AG-414-O11	246	OG0000928	K01995	branched-chain amino acid transport system ATP-binding protein	COG0411	LivG	ABC-type branched-chain amino acid transport system, ATPase component LivG	AG-414-O11_01035	3
CACFXO010000007.1	24617	25675	-	AG-414-O11_01039	AG-414-O11	352	OG0001109	NA	NA	COG4177	LivM	ABC-type branched-chain amino acid transport system, permease component	AG-414-O11_01035	4
CACFXO010000007.1	25672	26565	-	AG-414-O11_01040	AG-414-O11	297	OG0001225	K01997	branched-chain amino acid transport system permease protein	COG0559	LivH	Branched-chain amino acid ABC-type transport system, permease component	AG-414-O11_01035	5
CACFZK010000002.1	77132	77968	+	AG-422-A21_00244	AG-422-A21	278	OG0001362	NA	NA	NA	NA	NA	AG-422-A21_00249	-5
CACFZK010000002.1	77971	79026	+	AG-422-A21_00245	AG-422-A21	351	OG0001109	NA	NA	COG4177	LivM	ABC-type branched-chain amino acid transport system, permease component	AG-422-A21_00249	-4
CACFZK010000002.1	79023	79757	+	AG-422-A21_00246	AG-422-A21	244	OG0000928	K01995	branched-chain amino acid transport system ATP-binding protein	COG0411	LivG	ABC-type branched-chain amino acid transport system, ATPase component LivG	AG-422-A21_00249	-3
CACFZK010000002.1	79757	80542	+	AG-422-A21_00247	AG-422-A21	261	OG0001077	NA	NA	COG0410	LivF	ABC-type branched-chain amino acid transport system, ATPase component LivF	AG-422-A21_00249	-2
CACFZK010000002.1	80542	81243	+	AG-422-A21_00248	AG-422-A21	233	OG0001073	NA	NA	COG1296	AzlC	Predicted branched-chain amino acid permease (azaleucine resistance)	AG-422-A21_00249	-1
CACFZK010000002.1	81236	81568	+	AG-422-A21_00249	AG-422-A21	110	OG0001083	NA	NA	COG4392	AzlD2	Branched-chain amino acid transport protein	AG-422-A21_00249	0
CACFZK010000002.1	81565	82500	+	AG-422-A21_00250	AG-422-A21	311	OG0001267	NA	NA	COG1506	DAP2	Dipeptidyl aminopeptidase/acylaminoacyl peptidase	AG-422-A21_00249	1
CACFZK010000002.1	82497	83396	+	AG-422-A21_00251	AG-422-A21	299	OG0001090	K15737	glutarate dioxygenase [EC:1.14.11.64]	COG2175	TauD	Taurine dioxygenase, alpha-ketoglutarate-dependent	AG-422-A21_00249	2
CACFZK010000002.1	83591	84271	+	AG-422-A21_00252	AG-422-A21	226	OG0001361	NA	NA	NA	NA	NA	AG-422-A21_00249	3
CACFZK010000002.1	84308	85390	-	AG-422-A21_00253	AG-422-A21	360	OG0001130	K07120	uncharacterized protein	COG3180	AbrB	Uncharacterized membrane protein AbrB, regulator of aidB expression	AG-422-A21_00249	4
CACFZK010000002.1	85396	86166	+	AG-422-A21_00254	AG-422-A21	256	OG0000676	NA	NA	COG0345	ProC	Pyrroline-5-carboxylate reductase	AG-422-A21_00249	5
CACGBZ010000005.1	78970	79677	-	AG-422-C20_00940	AG-422-C20	235	OG0000065	K01996	branched-chain amino acid transport system ATP-binding protein	COG0410	LivF	ABC-type branched-chain amino acid transport system, ATPase component LivF	AG-422-C20_00945	-5
CACGBZ010000005.1	79677	80465	-	AG-422-C20_00941	AG-422-C20	262	OG0000143	K01995	branched-chain amino acid transport system ATP-binding protein	COG0411	LivG	ABC-type branched-chain amino acid transport system, ATPase component LivG	AG-422-C20_00945	-4
CACGBZ010000005.1	80471	81238	-	AG-422-C20_00942	AG-422-C20	255	OG0000676	NA	NA	COG0345	ProC	Pyrroline-5-carboxylate reductase	AG-422-C20_00945	-3
CACGBZ010000005.1	81315	81965	-	AG-422-C20_00943	AG-422-C20	216	OG0001361	NA	NA	COG3637	LomR	Opacity protein LomR and related surface antigens	AG-422-C20_00945	-2
CACGBZ010000005.1	82169	83080	-	AG-422-C20_00944	AG-422-C20	303	OG0001090	K15737	glutarate dioxygenase [EC:1.14.11.64]	NA	NA	NA	AG-422-C20_00945	-1
CACGBZ010000005.1	83120	83443	-	AG-422-C20_00945	AG-422-C20	107	OG0001083	NA	NA	COG4392	AzlD2	Branched-chain amino acid transport protein	AG-422-C20_00945	0
CACGBZ010000005.1	83433	84137	-	AG-422-C20_00946	AG-422-C20	234	OG0001073	NA	NA	COG1296	AzlC	Predicted branched-chain amino acid permease (azaleucine resistance)	AG-422-C20_00945	1
CACGBZ010000005.1	84137	84922	-	AG-422-C20_00947	AG-422-C20	261	OG0001077	NA	NA	COG0410	LivF	ABC-type branched-chain amino acid transport system, ATPase component LivF	AG-422-C20_00945	2
CACGBZ010000005.1	84922	85662	-	AG-422-C20_00948	AG-422-C20	246	OG0000928	K01995	branched-chain amino acid transport system ATP-binding protein	COG0411	LivG	ABC-type branched-chain amino acid transport system, ATPase component LivG	AG-422-C20_00945	3
CACGBZ010000005.1	85659	86708	-	AG-422-C20_00949	AG-422-C20	349	OG0001109	NA	NA	COG4177	LivM	ABC-type branched-chain amino acid transport system, permease component	AG-422-C20_00945	4
CACGBZ010000005.1	86708	87601	-	AG-422-C20_00950	AG-422-C20	297	OG0001225	K01997	branched-chain amino acid transport system permease protein	COG0559	LivH	Branched-chain amino acid ABC-type transport system, permease component	AG-422-C20_00945	5
CACGDQ010000009.1	1541	2434	+	AG-422-D23_00988	AG-422-D23	297	OG0001225	K01997	branched-chain amino acid transport system permease protein	COG0559	LivH	Branched-chain amino acid ABC-type transport system, permease component	AG-422-D23_00993	-5
CACGDQ010000009.1	2434	3483	+	AG-422-D23_00989	AG-422-D23	349	OG0001109	NA	NA	COG4177	LivM	ABC-type branched-chain amino acid transport system, permease component	AG-422-D23_00993	-4
CACGDQ010000009.1	3480	4220	+	AG-422-D23_00990	AG-422-D23	246	OG0000928	K01995	branched-chain amino acid transport system ATP-binding protein	COG0411	LivG	ABC-type branched-chain amino acid transport system, ATPase component LivG	AG-422-D23_00993	-3
CACGDQ010000009.1	4220	5005	+	AG-422-D23_00991	AG-422-D23	261	OG0001077	NA	NA	COG0410	LivF	ABC-type branched-chain amino acid transport system, ATPase component LivF	AG-422-D23_00993	-2
CACGDQ010000009.1	5005	5709	+	AG-422-D23_00992	AG-422-D23	234	OG0001073	NA	NA	COG1296	AzlC	Predicted branched-chain amino acid permease (azaleucine resistance)	AG-422-D23_00993	-1
CACGDQ010000009.1	5699	6022	+	AG-422-D23_00993	AG-422-D23	107	OG0001083	NA	NA	COG4392	AzlD2	Branched-chain amino acid transport protein	AG-422-D23_00993	0
CACGDQ010000009.1	6062	6973	+	AG-422-D23_00994	AG-422-D23	303	OG0001090	K15737	glutarate dioxygenase [EC:1.14.11.64]	NA	NA	NA	AG-422-D23_00993	1
CACGDQ010000009.1	7006	7773	+	AG-422-D23_00995	AG-422-D23	255	OG0000676	NA	NA	COG0345	ProC	Pyrroline-5-carboxylate reductase	AG-422-D23_00993	2
CACGDQ010000009.1	7779	8567	+	AG-422-D23_00996	AG-422-D23	262	OG0000143	K01995	branched-chain amino acid transport system ATP-binding protein	COG0411	LivG	ABC-type branched-chain amino acid transport system, ATPase component LivG	AG-422-D23_00993	3
CACGDQ010000009.1	8567	9274	+	AG-422-D23_00997	AG-422-D23	235	OG0000065	K01996	branched-chain amino acid transport system ATP-binding protein	COG0410	LivF	ABC-type branched-chain amino acid transport system, ATPase component LivF	AG-422-D23_00993	4
CACGDQ010000009.1	9276	10286	+	AG-422-D23_00998	AG-422-D23	336	OG0000021	K01997	branched-chain amino acid transport system permease protein	COG0559	LivH	Branched-chain amino acid ABC-type transport system, permease component	AG-422-D23_00993	5
CACGDZ010000011.1	9608	10501	+	AG-422-E09_01015	AG-422-E09	297	OG0001225	K01997	branched-chain amino acid transport system permease protein	COG0559	LivH	Branched-chain amino acid ABC-type transport system, permease component	AG-422-E09_01020	-5
CACGDZ010000011.1	10501	11550	+	AG-422-E09_01016	AG-422-E09	349	OG0001109	NA	NA	COG4177	LivM	ABC-type branched-chain amino acid transport system, permease component	AG-422-E09_01020	-4
CACGDZ010000011.1	11547	12287	+	AG-422-E09_01017	AG-422-E09	246	OG0000928	K01995	branched-chain amino acid transport system ATP-binding protein	COG0411	LivG	ABC-type branched-chain amino acid transport system, ATPase component LivG	AG-422-E09_01020	-3
CACGDZ010000011.1	12287	13072	+	AG-422-E09_01018	AG-422-E09	261	OG0001077	NA	NA	COG0410	LivF	ABC-type branched-chain amino acid transport system, ATPase component LivF	AG-422-E09_01020	-2
CACGDZ010000011.1	13072	13776	+	AG-422-E09_01019	AG-422-E09	234	OG0001073	NA	NA	COG1296	AzlC	Predicted branched-chain amino acid permease (azaleucine resistance)	AG-422-E09_01020	-1
CACGDZ010000011.1	13766	14089	+	AG-422-E09_01020	AG-422-E09	107	OG0001083	NA	NA	COG4392	AzlD2	Branched-chain amino acid transport protein	AG-422-E09_01020	0
CACGDZ010000011.1	14129	15040	+	AG-422-E09_01021	AG-422-E09	303	OG0001090	K15737	glutarate dioxygenase [EC:1.14.11.64]	NA	NA	NA	AG-422-E09_01020	1
CACGDZ010000011.1	15073	15840	+	AG-422-E09_01022	AG-422-E09	255	OG0000676	NA	NA	COG0345	ProC	Pyrroline-5-carboxylate reductase	AG-422-E09_01020	2
CACGDZ010000011.1	15846	16634	+	AG-422-E09_01023	AG-422-E09	262	OG0000143	K01995	branched-chain amino acid transport system ATP-binding protein	COG0411	LivG	ABC-type branched-chain amino acid transport system, ATPase component LivG	AG-422-E09_01020	3
CACGDZ010000011.1	16634	17341	+	AG-422-E09_01024	AG-422-E09	235	OG0000065	K01996	branched-chain amino acid transport system ATP-binding protein	COG0410	LivF	ABC-type branched-chain amino acid transport system, ATPase component LivF	AG-422-E09_01020	4
CACGDZ010000011.1	17343	18353	+	AG-422-E09_01025	AG-422-E09	336	OG0000021	K01997	branched-chain amino acid transport system permease protein	COG0559	LivH	Branched-chain amino acid ABC-type transport system, permease component	AG-422-E09_01020	5
CACGEW010000016.1	8	265	+	AG-422-F15_01055	AG-422-F15	85	OG0001083	NA	NA	NA	NA	NA	AG-422-F15_01055	0
CACGEW010000016.1	349	1245	+	AG-422-F15_01056	AG-422-F15	298	OG0001090	K15737	glutarate dioxygenase [EC:1.14.11.64]	NA	NA	NA	AG-422-F15_01055	1
CACGEW010000016.1	1335	2315	+	AG-422-F15_01057	AG-422-F15	326	OG0001110	K07795	putative tricarboxylic transport membrane protein	COG3181	TctC	Tripartite-type tricarboxylate transporter, extracytoplasmic receptor component TctC	AG-422-F15_01055	2
CACGEW010000016.1	2339	2809	+	AG-422-F15_01058	AG-422-F15	156	OG0001140	K07794	putative tricarboxylic transport membrane protein	NA	NA	NA	AG-422-F15_01055	3
CACGEW010000016.1	2806	4308	+	AG-422-F15_01059	AG-422-F15	500	OG0000068	K07793	putative tricarboxylic transport membrane protein	COG3333	NA	TctA family transporter	AG-422-F15_01055	4
CACGEW010000016.1	4303	4419	-	AG-422-F15_01060	AG-422-F15	38	OG0001278	NA	NA	NA	NA	NA	AG-422-F15_01055	5
CACGKL010000009.1	25652	26545	+	AG-422-K17_00797	AG-422-K17	297	OG0001134	K01997	branched-chain amino acid transport system permease protein	COG0559	LivH	Branched-chain amino acid ABC-type transport system, permease component	AG-422-K17_00802	-5
CACGKL010000009.1	26546	27610	+	AG-422-K17_00798	AG-422-K17	354	OG0001109	NA	NA	COG4177	LivM	ABC-type branched-chain amino acid transport system, permease component	AG-422-K17_00802	-4
CACGKL010000009.1	27607	28341	+	AG-422-K17_00799	AG-422-K17	244	OG0000928	K01995	branched-chain amino acid transport system ATP-binding protein	COG0411	LivG	ABC-type branched-chain amino acid transport system, ATPase component LivG	AG-422-K17_00802	-3
CACGKL010000009.1	28341	29126	+	AG-422-K17_00800	AG-422-K17	261	OG0001077	NA	NA	COG0410	LivF	ABC-type branched-chain amino acid transport system, ATPase component LivF	AG-422-K17_00802	-2
CACGKL010000009.1	29123	29827	+	AG-422-K17_00801	AG-422-K17	234	OG0001073	NA	NA	COG1296	AzlC	Predicted branched-chain amino acid permease (azaleucine resistance)	AG-422-K17_00802	-1
CACGKL010000009.1	29817	30143	+	AG-422-K17_00802	AG-422-K17	108	OG0001083	NA	NA	COG4392	AzlD2	Branched-chain amino acid transport protein	AG-422-K17_00802	0
CACGKL010000009.1	30219	31115	+	AG-422-K17_00803	AG-422-K17	298	OG0001090	K15737	glutarate dioxygenase [EC:1.14.11.64]	NA	NA	NA	AG-422-K17_00802	1
CACGKL010000009.1	31181	32173	+	AG-422-K17_00804	AG-422-K17	330	OG0001110	K07795	putative tricarboxylic transport membrane protein	COG3181	TctC	Tripartite-type tricarboxylate transporter, extracytoplasmic receptor component TctC	AG-422-K17_00802	2
CACGKL010000009.1	32192	32662	+	AG-422-K17_00805	AG-422-K17	156	OG0001140	K07794	putative tricarboxylic transport membrane protein	NA	NA	NA	AG-422-K17_00802	3
CACGKL010000009.1	32659	34164	+	AG-422-K17_00806	AG-422-K17	501	OG0000068	K07793	putative tricarboxylic transport membrane protein	COG3333	NA	TctA family transporter	AG-422-K17_00802	4
CACGKL010000009.1	34154	34540	-	AG-422-K17_00807	AG-422-K17	128	OG0001278	K15977	putative oxidoreductase	COG2259	DoxX	Uncharacterized membrane protein YphA, DoxX/SURF4 family	AG-422-K17_00802	5
CACGMC010000001.1	149981	150874	+	AG-422-L15_00160	AG-422-L15	297	OG0001134	K01997	branched-chain amino acid transport system permease protein	COG0559	LivH	Branched-chain amino acid ABC-type transport system, permease component	AG-422-L15_00165	-5
CACGMC010000001.1	150875	151939	+	AG-422-L15_00161	AG-422-L15	354	OG0001109	NA	NA	COG4177	LivM	ABC-type branched-chain amino acid transport system, permease component	AG-422-L15_00165	-4
CACGMC010000001.1	151936	152670	+	AG-422-L15_00162	AG-422-L15	244	OG0000928	K01995	branched-chain amino acid transport system ATP-binding protein	COG0411	LivG	ABC-type branched-chain amino acid transport system, ATPase component LivG	AG-422-L15_00165	-3
CACGMC010000001.1	152670	153455	+	AG-422-L15_00163	AG-422-L15	261	OG0001077	NA	NA	COG0410	LivF	ABC-type branched-chain amino acid transport system, ATPase component LivF	AG-422-L15_00165	-2
CACGMC010000001.1	153452	154159	+	AG-422-L15_00164	AG-422-L15	235	OG0001073	NA	NA	COG1296	AzlC	Predicted branched-chain amino acid permease (azaleucine resistance)	AG-422-L15_00165	-1
CACGMC010000001.1	154146	154472	+	AG-422-L15_00165	AG-422-L15	108	OG0001083	NA	NA	COG4392	AzlD2	Branched-chain amino acid transport protein	AG-422-L15_00165	0
CACGMC010000001.1	154469	155365	+	AG-422-L15_00166	AG-422-L15	298	OG0001090	K15737	glutarate dioxygenase [EC:1.14.11.64]	NA	NA	NA	AG-422-L15_00165	1
CACGMC010000001.1	155432	156412	+	AG-422-L15_00167	AG-422-L15	326	OG0001110	K07795	putative tricarboxylic transport membrane protein	COG3181	TctC	Tripartite-type tricarboxylate transporter, extracytoplasmic receptor component TctC	AG-422-L15_00165	2
CACGMC010000001.1	156436	156906	+	AG-422-L15_00168	AG-422-L15	156	OG0001140	K07794	putative tricarboxylic transport membrane protein	NA	NA	NA	AG-422-L15_00165	3
CACGMC010000001.1	156903	158402	+	AG-422-L15_00169	AG-422-L15	499	OG0000068	K07793	putative tricarboxylic transport membrane protein	COG3333	NA	TctA family transporter	AG-422-L15_00165	4
CACGMC010000001.1	158408	158794	-	AG-422-L15_00170	AG-422-L15	128	OG0001278	K15977	putative oxidoreductase	COG2259	DoxX	Uncharacterized membrane protein YphA, DoxX/SURF4 family	AG-422-L15_00165	5
CACGOM010000001.1	67380	68390	-	AG-422-N14_00063	AG-422-N14	336	OG0000021	K01997	branched-chain amino acid transport system permease protein	COG0559	LivH	Branched-chain amino acid ABC-type transport system, permease component	AG-422-N14_00068	-5
CACGOM010000001.1	68392	69099	-	AG-422-N14_00064	AG-422-N14	235	OG0000065	K01996	branched-chain amino acid transport system ATP-binding protein	COG0410	LivF	ABC-type branched-chain amino acid transport system, ATPase component LivF	AG-422-N14_00068	-4
CACGOM010000001.1	69099	69896	-	AG-422-N14_00065	AG-422-N14	265	OG0000143	K01995	branched-chain amino acid transport system ATP-binding protein	COG0411	LivG	ABC-type branched-chain amino acid transport system, ATPase component LivG	AG-422-N14_00068	-3
CACGOM010000001.1	69899	70669	-	AG-422-N14_00066	AG-422-N14	256	OG0000676	NA	NA	COG0345	ProC	Pyrroline-5-carboxylate reductase	AG-422-N14_00068	-2
CACGOM010000001.1	70745	71398	-	AG-422-N14_00067	AG-422-N14	217	OG0001361	NA	NA	NA	NA	NA	AG-422-N14_00068	-1
CACGOM010000001.1	71663	71989	-	AG-422-N14_00068	AG-422-N14	108	OG0001083	NA	NA	COG4392	AzlD2	Branched-chain amino acid transport protein	AG-422-N14_00068	0
CACGOM010000001.1	71979	72683	-	AG-422-N14_00069	AG-422-N14	234	OG0001073	NA	NA	COG1296	AzlC	Predicted branched-chain amino acid permease (azaleucine resistance)	AG-422-N14_00068	1
CACGOM010000001.1	72683	73468	-	AG-422-N14_00070	AG-422-N14	261	OG0001077	NA	NA	COG0410	LivF	ABC-type branched-chain amino acid transport system, ATPase component LivF	AG-422-N14_00068	2
CACGOM010000001.1	73468	74208	-	AG-422-N14_00071	AG-422-N14	246	OG0000928	K01995	branched-chain amino acid transport system ATP-binding protein	COG0411	LivG	ABC-type branched-chain amino acid transport system, ATPase component LivG	AG-422-N14_00068	3
CACGOM010000001.1	74205	75254	-	AG-422-N14_00072	AG-422-N14	349	OG0001109	NA	NA	COG4177	LivM	ABC-type branched-chain amino acid transport system, permease component	AG-422-N14_00068	4
CACGOM010000001.1	75254	76147	-	AG-422-N14_00073	AG-422-N14	297	OG0003810	K01997	branched-chain amino acid transport system permease protein	COG0559	LivH	Branched-chain amino acid ABC-type transport system, permease component	AG-422-N14_00068	5
CACGXV010000002.1	2409	3116	-	AG-426-F15_00542	AG-426-F15	235	OG0000065	K01996	branched-chain amino acid transport system ATP-binding protein	COG0410	LivF	ABC-type branched-chain amino acid transport system, ATPase component LivF	AG-426-F15_00547	-5
CACGXV010000002.1	3117	3884	-	AG-426-F15_00543	AG-426-F15	255	OG0000143	K01995	branched-chain amino acid transport system ATP-binding protein	COG0411	LivG	ABC-type branched-chain amino acid transport system, ATPase component LivG	AG-426-F15_00547	-4
CACGXV010000002.1	3900	4670	-	AG-426-F15_00544	AG-426-F15	256	OG0000676	NA	NA	COG0345	ProC	Pyrroline-5-carboxylate reductase	AG-426-F15_00547	-3
CACGXV010000002.1	4688	5608	-	AG-426-F15_00545	AG-426-F15	306	OG0001090	K15737	glutarate dioxygenase [EC:1.14.11.64]	NA	NA	NA	AG-426-F15_00547	-2
CACGXV010000002.1	5613	6119	-	AG-426-F15_00546	AG-426-F15	168	OG0001207	NA	NA	COG1357	DotG	Type IVB secretion/DNA transfer system protein DotG/IcmE, contains pentapeptide repeats	AG-426-F15_00547	-1
CACGXV010000002.1	6116	6442	-	AG-426-F15_00547	AG-426-F15	108	OG0001083	NA	NA	COG4392	AzlD2	Branched-chain amino acid transport protein	AG-426-F15_00547	0
CACGXV010000002.1	6432	7136	-	AG-426-F15_00548	AG-426-F15	234	OG0001073	NA	NA	COG1296	AzlC	Predicted branched-chain amino acid permease (azaleucine resistance)	AG-426-F15_00547	1
CACGXV010000002.1	7136	7921	-	AG-426-F15_00549	AG-426-F15	261	OG0001077	NA	NA	COG0410	LivF	ABC-type branched-chain amino acid transport system, ATPase component LivF	AG-426-F15_00547	2
CACGXV010000002.1	7921	8661	-	AG-426-F15_00550	AG-426-F15	246	OG0000928	K01995	branched-chain amino acid transport system ATP-binding protein	COG0411	LivG	ABC-type branched-chain amino acid transport system, ATPase component LivG	AG-426-F15_00547	3
CACGXV010000002.1	8658	9707	-	AG-426-F15_00551	AG-426-F15	349	OG0001109	NA	NA	COG4177	LivM	ABC-type branched-chain amino acid transport system, permease component	AG-426-F15_00547	4
CACGXV010000002.1	9707	10600	-	AG-426-F15_00552	AG-426-F15	297	OG0002199	K01997	branched-chain amino acid transport system permease protein	COG0559	LivH	Branched-chain amino acid ABC-type transport system, permease component	AG-426-F15_00547	5
CACGYT010000002.1	59755	60462	-	AG-426-G09_00190	AG-426-G09	235	OG0000065	K01996	branched-chain amino acid transport system ATP-binding protein	COG0410	LivF	ABC-type branched-chain amino acid transport system, ATPase component LivF	AG-426-G09_00195	-5
CACGYT010000002.1	60462	61259	-	AG-426-G09_00191	AG-426-G09	265	OG0000143	K01995	branched-chain amino acid transport system ATP-binding protein	COG0411	LivG	ABC-type branched-chain amino acid transport system, ATPase component LivG	AG-426-G09_00195	-4
CACGYT010000002.1	61260	62030	-	AG-426-G09_00192	AG-426-G09	256	OG0000676	NA	NA	COG0345	ProC	Pyrroline-5-carboxylate reductase	AG-426-G09_00195	-3
CACGYT010000002.1	62131	62775	-	AG-426-G09_00193	AG-426-G09	214	OG0001361	NA	NA	NA	NA	NA	AG-426-G09_00195	-2
CACGYT010000002.1	62978	63484	-	AG-426-G09_00194	AG-426-G09	168	OG0001207	NA	NA	COG1357	DotG	Type IVB secretion/DNA transfer system protein DotG/IcmE, contains pentapeptide repeats	AG-426-G09_00195	-1
CACGYT010000002.1	63481	63804	-	AG-426-G09_00195	AG-426-G09	107	OG0001083	NA	NA	COG4392	AzlD2	Branched-chain amino acid transport protein	AG-426-G09_00195	0
CACGYT010000002.1	63794	64498	-	AG-426-G09_00196	AG-426-G09	234	OG0001073	NA	NA	COG1296	AzlC	Predicted branched-chain amino acid permease (azaleucine resistance)	AG-426-G09_00195	1
CACGYT010000002.1	64498	65283	-	AG-426-G09_00197	AG-426-G09	261	OG0001077	NA	NA	COG0410	LivF	ABC-type branched-chain amino acid transport system, ATPase component LivF	AG-426-G09_00195	2
CACGYT010000002.1	65283	66023	-	AG-426-G09_00198	AG-426-G09	246	OG0000928	K01995	branched-chain amino acid transport system ATP-binding protein	COG0411	LivG	ABC-type branched-chain amino acid transport system, ATPase component LivG	AG-426-G09_00195	3
CACGYT010000002.1	66020	67069	-	AG-426-G09_00199	AG-426-G09	349	OG0001109	NA	NA	COG4177	LivM	ABC-type branched-chain amino acid transport system, permease component	AG-426-G09_00195	4
CACGYT010000002.1	67069	67962	-	AG-426-G09_00200	AG-426-G09	297	OG0003810	K01997	branched-chain amino acid transport system permease protein	COG0559	LivH	Branched-chain amino acid ABC-type transport system, permease component	AG-426-G09_00195	5
CACGZG010000012.1	24037	24657	+	AG-426-I10_01025	AG-426-I10	206	OG0001459	NA	NA	NA	NA	NA	AG-426-I10_01030	-5
CACGZG010000012.1	24657	25706	+	AG-426-I10_01026	AG-426-I10	349	OG0001109	NA	NA	COG4177	LivM	ABC-type branched-chain amino acid transport system, permease component	AG-426-I10_01030	-4
CACGZG010000012.1	25703	26443	+	AG-426-I10_01027	AG-426-I10	246	OG0000928	K01995	branched-chain amino acid transport system ATP-binding protein	COG0411	LivG	ABC-type branched-chain amino acid transport system, ATPase component LivG	AG-426-I10_01030	-3
CACGZG010000012.1	26443	27228	+	AG-426-I10_01028	AG-426-I10	261	OG0001077	NA	NA	COG0410	LivF	ABC-type branched-chain amino acid transport system, ATPase component LivF	AG-426-I10_01030	-2
CACGZG010000012.1	27228	27932	+	AG-426-I10_01029	AG-426-I10	234	OG0001073	NA	NA	COG1296	AzlC	Predicted branched-chain amino acid permease (azaleucine resistance)	AG-426-I10_01030	-1
CACGZG010000012.1	27922	28245	+	AG-426-I10_01030	AG-426-I10	107	OG0001083	NA	NA	COG4392	AzlD2	Branched-chain amino acid transport protein	AG-426-I10_01030	0
CACGZG010000012.1	28242	29156	+	AG-426-I10_01031	AG-426-I10	304	OG0001090	K15737	glutarate dioxygenase [EC:1.14.11.64]	NA	NA	NA	AG-426-I10_01030	1
CACGZG010000012.1	29186	29953	+	AG-426-I10_01032	AG-426-I10	255	OG0000676	NA	NA	COG0345	ProC	Pyrroline-5-carboxylate reductase	AG-426-I10_01030	2
CACGZG010000012.1	29957	30742	+	AG-426-I10_01033	AG-426-I10	261	OG0000143	K01995	branched-chain amino acid transport system ATP-binding protein	COG0411	LivG	ABC-type branched-chain amino acid transport system, ATPase component LivG	AG-426-I10_01030	3
CACGZG010000012.1	30744	31451	+	AG-426-I10_01034	AG-426-I10	235	OG0000065	K01996	branched-chain amino acid transport system ATP-binding protein	COG0410	LivF	ABC-type branched-chain amino acid transport system, ATPase component LivF	AG-426-I10_01030	4
CACGZG010000012.1	31453	32463	+	AG-426-I10_01035	AG-426-I10	336	OG0000021	K01997	branched-chain amino acid transport system permease protein	COG0559	LivH	Branched-chain amino acid ABC-type transport system, permease component	AG-426-I10_01030	5
CACGZT010000003.1	54234	55169	+	AG-426-I15_00625	AG-426-I15	311	OG0001267	NA	NA	COG1506	DAP2	Dipeptidyl aminopeptidase/acylaminoacyl peptidase	AG-426-I15_00630	-5
CACGZT010000003.1	55166	56221	+	AG-426-I15_00626	AG-426-I15	351	OG0001109	NA	NA	COG4177	LivM	ABC-type branched-chain amino acid transport system, permease component	AG-426-I15_00630	-4
CACGZT010000003.1	56218	56958	+	AG-426-I15_00627	AG-426-I15	246	OG0000928	K01995	branched-chain amino acid transport system ATP-binding protein	COG0411	LivG	ABC-type branched-chain amino acid transport system, ATPase component LivG	AG-426-I15_00630	-3
CACGZT010000003.1	56958	57743	+	AG-426-I15_00628	AG-426-I15	261	OG0001077	NA	NA	COG0410	LivF	ABC-type branched-chain amino acid transport system, ATPase component LivF	AG-426-I15_00630	-2
CACGZT010000003.1	57743	58444	+	AG-426-I15_00629	AG-426-I15	233	OG0001073	NA	NA	COG1296	AzlC	Predicted branched-chain amino acid permease (azaleucine resistance)	AG-426-I15_00630	-1
CACGZT010000003.1	58437	58769	+	AG-426-I15_00630	AG-426-I15	110	OG0001083	NA	NA	COG4392	AzlD2	Branched-chain amino acid transport protein	AG-426-I15_00630	0
CACGZT010000003.1	58766	59896	+	AG-426-I15_00631	AG-426-I15	376	OG0001409	NA	NA	COG0412	DLH	Dienelactone hydrolase	AG-426-I15_00630	1
CACGZT010000003.1	59896	60792	+	AG-426-I15_00632	AG-426-I15	298	OG0001090	K15737	glutarate dioxygenase [EC:1.14.11.64]	COG2175	TauD	Taurine dioxygenase, alpha-ketoglutarate-dependent	AG-426-I15_00630	2
CACGZT010000003.1	61015	61662	+	AG-426-I15_00633	AG-426-I15	215	OG0001361	NA	NA	COG3637	LomR	Opacity protein LomR and related surface antigens	AG-426-I15_00630	3
CACGZT010000003.1	61711	62793	-	AG-426-I15_00634	AG-426-I15	360	OG0001130	K07120	uncharacterized protein	COG3180	AbrB	Uncharacterized membrane protein AbrB, regulator of aidB expression	AG-426-I15_00630	4
CACGZT010000003.1	62798	63556	+	AG-426-I15_00635	AG-426-I15	252	OG0000676	NA	NA	COG0345	ProC	Pyrroline-5-carboxylate reductase	AG-426-I15_00630	5
CACHML010000002.1	30589	31296	-	AG-426-K09_00178	AG-426-K09	235	OG0000065	K01996	branched-chain amino acid transport system ATP-binding protein	COG0410	LivF	ABC-type branched-chain amino acid transport system, ATPase component LivF	AG-426-K09_00183	-5
CACHML010000002.1	31297	32073	-	AG-426-K09_00179	AG-426-K09	258	OG0000143	K01995	branched-chain amino acid transport system ATP-binding protein	COG0411	LivG	ABC-type branched-chain amino acid transport system, ATPase component LivG	AG-426-K09_00183	-4
CACHML010000002.1	32080	32850	-	AG-426-K09_00180	AG-426-K09	256	OG0000676	NA	NA	COG0345	ProC	Pyrroline-5-carboxylate reductase	AG-426-K09_00183	-3
CACHML010000002.1	32868	33788	-	AG-426-K09_00181	AG-426-K09	306	OG0001090	K15737	glutarate dioxygenase [EC:1.14.11.64]	NA	NA	NA	AG-426-K09_00183	-2
CACHML010000002.1	33793	34299	-	AG-426-K09_00182	AG-426-K09	168	OG0001207	NA	NA	COG1357	DotG	Type IVB secretion/DNA transfer system protein DotG/IcmE, contains pentapeptide repeats	AG-426-K09_00183	-1
CACHML010000002.1	34296	34622	-	AG-426-K09_00183	AG-426-K09	108	OG0001083	NA	NA	COG4392	AzlD2	Branched-chain amino acid transport protein	AG-426-K09_00183	0
CACHML010000002.1	34612	35316	-	AG-426-K09_00184	AG-426-K09	234	OG0001073	NA	NA	NA	NA	NA	AG-426-K09_00183	1
CACHML010000002.1	35316	35477	-	AG-426-K09_00185	AG-426-K09	53	OG0000065	NA	NA	COG0410	LivF	ABC-type branched-chain amino acid transport system, ATPase component LivF	AG-426-K09_00183	2
CACHML010000002.1	35449	36102	-	AG-426-K09_00186	AG-426-K09	217	OG0001077	NA	NA	COG0410	LivF	ABC-type branched-chain amino acid transport system, ATPase component LivF	AG-426-K09_00183	3
CACHML010000002.1	36102	36842	-	AG-426-K09_00187	AG-426-K09	246	OG0000928	K01995	branched-chain amino acid transport system ATP-binding protein	COG0411	LivG	ABC-type branched-chain amino acid transport system, ATPase component LivG	AG-426-K09_00183	4
CACHML010000002.1	36839	37888	-	AG-426-K09_00188	AG-426-K09	349	OG0001109	NA	NA	COG4177	LivM	ABC-type branched-chain amino acid transport system, permease component	AG-426-K09_00183	5
CACPHV010000006.1	10482	11375	+	AG-426-M05_00658	AG-426-M05	297	OG0001225	K01997	branched-chain amino acid transport system permease protein	COG0559	LivH	Branched-chain amino acid ABC-type transport system, permease component	AG-426-M05_00663	-5
CACPHV010000006.1	11390	12439	+	AG-426-M05_00659	AG-426-M05	349	OG0001109	NA	NA	COG4177	LivM	ABC-type branched-chain amino acid transport system, permease component	AG-426-M05_00663	-4
CACPHV010000006.1	12436	13101	+	AG-426-M05_00660	AG-426-M05	221	OG0000928	NA	NA	COG0411	LivG	ABC-type branched-chain amino acid transport system, ATPase component LivG	AG-426-M05_00663	-3
CACPHV010000006.1	13177	13962	+	AG-426-M05_00661	AG-426-M05	261	OG0001077	NA	NA	COG0410	LivF	ABC-type branched-chain amino acid transport system, ATPase component LivF	AG-426-M05_00663	-2
CACPHV010000006.1	13962	14666	+	AG-426-M05_00662	AG-426-M05	234	OG0001073	NA	NA	COG1296	AzlC	Predicted branched-chain amino acid permease (azaleucine resistance)	AG-426-M05_00663	-1
CACPHV010000006.1	14656	14979	+	AG-426-M05_00663	AG-426-M05	107	OG0001083	NA	NA	COG4392	AzlD2	Branched-chain amino acid transport protein	AG-426-M05_00663	0
CACPHV010000006.1	15019	15930	+	AG-426-M05_00664	AG-426-M05	303	OG0001090	K15737	glutarate dioxygenase [EC:1.14.11.64]	NA	NA	NA	AG-426-M05_00663	1
CACPHV010000006.1	15963	16730	+	AG-426-M05_00665	AG-426-M05	255	OG0000676	NA	NA	COG0345	ProC	Pyrroline-5-carboxylate reductase	AG-426-M05_00663	2
CACPHV010000006.1	16736	17524	+	AG-426-M05_00666	AG-426-M05	262	OG0000143	K01995	branched-chain amino acid transport system ATP-binding protein	COG0411	LivG	ABC-type branched-chain amino acid transport system, ATPase component LivG	AG-426-M05_00663	3
CACPHV010000006.1	17524	18231	+	AG-426-M05_00667	AG-426-M05	235	OG0000065	K01996	branched-chain amino acid transport system ATP-binding protein	COG0410	LivF	ABC-type branched-chain amino acid transport system, ATPase component LivF	AG-426-M05_00663	4
CACPHV010000006.1	18233	19243	+	AG-426-M05_00668	AG-426-M05	336	OG0000021	K01997	branched-chain amino acid transport system permease protein	COG0559	LivH	Branched-chain amino acid ABC-type transport system, permease component	AG-426-M05_00663	5
CACHEQ010000001.1	171776	172483	-	AG-426-M19_00176	AG-426-M19	235	OG0000065	K01996	branched-chain amino acid transport system ATP-binding protein	COG0410	LivF	ABC-type branched-chain amino acid transport system, ATPase component LivF	AG-426-M19_00181	-5
CACHEQ010000001.1	172483	173271	-	AG-426-M19_00177	AG-426-M19	262	OG0000143	K01995	branched-chain amino acid transport system ATP-binding protein	COG0411	LivG	ABC-type branched-chain amino acid transport system, ATPase component LivG	AG-426-M19_00181	-4
CACHEQ010000001.1	173273	174046	-	AG-426-M19_00178	AG-426-M19	257	OG0000676	NA	NA	COG0345	ProC	Pyrroline-5-carboxylate reductase	AG-426-M19_00181	-3
CACHEQ010000001.1	174080	175000	-	AG-426-M19_00179	AG-426-M19	306	OG0001090	K15737	glutarate dioxygenase [EC:1.14.11.64]	NA	NA	NA	AG-426-M19_00181	-2
CACHEQ010000001.1	175006	175512	-	AG-426-M19_00180	AG-426-M19	168	OG0001207	NA	NA	COG1357	DotG	Type IVB secretion/DNA transfer system protein DotG/IcmE, contains pentapeptide repeats	AG-426-M19_00181	-1
CACHEQ010000001.1	175513	175839	-	AG-426-M19_00181	AG-426-M19	108	OG0001083	NA	NA	COG4392	AzlD2	Branched-chain amino acid transport protein	AG-426-M19_00181	0
CACHEQ010000001.1	175829	176533	-	AG-426-M19_00182	AG-426-M19	234	OG0001073	NA	NA	COG1296	AzlC	Predicted branched-chain amino acid permease (azaleucine resistance)	AG-426-M19_00181	1
CACHEQ010000001.1	176530	177315	-	AG-426-M19_00183	AG-426-M19	261	OG0001077	NA	NA	COG0410	LivF	ABC-type branched-chain amino acid transport system, ATPase component LivF	AG-426-M19_00181	2
CACHEQ010000001.1	177315	178055	-	AG-426-M19_00184	AG-426-M19	246	OG0000928	K01995	branched-chain amino acid transport system ATP-binding protein	COG0411	LivG	ABC-type branched-chain amino acid transport system, ATPase component LivG	AG-426-M19_00181	3
CACHEQ010000001.1	178052	179104	-	AG-426-M19_00185	AG-426-M19	350	OG0001109	NA	NA	COG4177	LivM	ABC-type branched-chain amino acid transport system, permease component	AG-426-M19_00181	4
CACHEQ010000001.1	179091	179273	-	AG-426-M19_00186	AG-426-M19	60	OG0001356	NA	NA	NA	NA	NA	AG-426-M19_00181	5
CACHEU010000001.1	361672	362565	+	AG-426-O05_00384	AG-426-O05	297	OG0001134	K01997	branched-chain amino acid transport system permease protein	COG0559	LivH	Branched-chain amino acid ABC-type transport system, permease component	AG-426-O05_00389	-5
CACHEU010000001.1	362566	363630	+	AG-426-O05_00385	AG-426-O05	354	OG0001109	NA	NA	COG4177	LivM	ABC-type branched-chain amino acid transport system, permease component	AG-426-O05_00389	-4
CACHEU010000001.1	363627	364361	+	AG-426-O05_00386	AG-426-O05	244	OG0000928	K01995	branched-chain amino acid transport system ATP-binding protein	COG0411	LivG	ABC-type branched-chain amino acid transport system, ATPase component LivG	AG-426-O05_00389	-3
CACHEU010000001.1	364361	365146	+	AG-426-O05_00387	AG-426-O05	261	OG0001077	NA	NA	COG0410	LivF	ABC-type branched-chain amino acid transport system, ATPase component LivF	AG-426-O05_00389	-2
CACHEU010000001.1	365146	365847	+	AG-426-O05_00388	AG-426-O05	233	OG0001073	NA	NA	COG1296	AzlC	Predicted branched-chain amino acid permease (azaleucine resistance)	AG-426-O05_00389	-1
CACHEU010000001.1	365840	366172	+	AG-426-O05_00389	AG-426-O05	110	OG0001083	NA	NA	COG4392	AzlD2	Branched-chain amino acid transport protein	AG-426-O05_00389	0
CACHEU010000001.1	366169	367074	+	AG-426-O05_00390	AG-426-O05	301	OG0001090	K15737	glutarate dioxygenase [EC:1.14.11.64]	COG2175	TauD	Taurine dioxygenase, alpha-ketoglutarate-dependent	AG-426-O05_00389	1
CACHEU010000001.1	367262	367933	+	AG-426-O05_00391	AG-426-O05	223	OG0001361	NA	NA	NA	NA	NA	AG-426-O05_00389	2
CACHEU010000001.1	367976	369061	-	AG-426-O05_00392	AG-426-O05	361	OG0001130	K07120	uncharacterized protein	COG3180	AbrB	Uncharacterized membrane protein AbrB, regulator of aidB expression	AG-426-O05_00389	3
CACHEU010000001.1	369067	369825	+	AG-426-O05_00393	AG-426-O05	252	OG0000676	NA	NA	COG0345	ProC	Pyrroline-5-carboxylate reductase	AG-426-O05_00389	4
CACHEU010000001.1	369841	370752	+	AG-426-O05_00394	AG-426-O05	303	OG0001134	K01997	branched-chain amino acid transport system permease protein	COG0559	LivH	Branched-chain amino acid ABC-type transport system, permease component	AG-426-O05_00389	5
CACHFM010000015.1	6005	6898	+	AG-430-A11_01158	AG-430-A11	297	OG0001225	K01997	branched-chain amino acid transport system permease protein	COG0559	LivH	Branched-chain amino acid ABC-type transport system, permease component	AG-430-A11_01163	-5
CACHFM010000015.1	6898	7947	+	AG-430-A11_01159	AG-430-A11	349	OG0001109	NA	NA	COG4177	LivM	ABC-type branched-chain amino acid transport system, permease component	AG-430-A11_01163	-4
CACHFM010000015.1	7944	8684	+	AG-430-A11_01160	AG-430-A11	246	OG0000928	K01995	branched-chain amino acid transport system ATP-binding protein	COG0411	LivG	ABC-type branched-chain amino acid transport system, ATPase component LivG	AG-430-A11_01163	-3
CACHFM010000015.1	8684	9469	+	AG-430-A11_01161	AG-430-A11	261	OG0001077	NA	NA	COG0410	LivF	ABC-type branched-chain amino acid transport system, ATPase component LivF	AG-430-A11_01163	-2
CACHFM010000015.1	9469	10173	+	AG-430-A11_01162	AG-430-A11	234	OG0001073	NA	NA	NA	NA	NA	AG-430-A11_01163	-1
CACHFM010000015.1	10163	10489	+	AG-430-A11_01163	AG-430-A11	108	OG0001083	NA	NA	COG4392	AzlD2	Branched-chain amino acid transport protein	AG-430-A11_01163	0
CACHFM010000015.1	10486	11397	+	AG-430-A11_01164	AG-430-A11	303	OG0001090	K15737	glutarate dioxygenase [EC:1.14.11.64]	NA	NA	NA	AG-430-A11_01163	1
CACHFM010000015.1	11432	12199	+	AG-430-A11_01165	AG-430-A11	255	OG0000676	NA	NA	COG0345	ProC	Pyrroline-5-carboxylate reductase	AG-430-A11_01163	2
CACHFM010000015.1	12205	12993	+	AG-430-A11_01166	AG-430-A11	262	OG0000143	K01995	branched-chain amino acid transport system ATP-binding protein	COG0411	LivG	ABC-type branched-chain amino acid transport system, ATPase component LivG	AG-430-A11_01163	3
CACHFM010000015.1	12993	13700	+	AG-430-A11_01167	AG-430-A11	235	OG0000065	K01996	branched-chain amino acid transport system ATP-binding protein	COG0410	LivF	ABC-type branched-chain amino acid transport system, ATPase component LivF	AG-430-A11_01163	4
CACHFM010000015.1	13702	14712	+	AG-430-A11_01168	AG-430-A11	336	OG0000021	K01997	branched-chain amino acid transport system permease protein	COG0559	LivH	Branched-chain amino acid ABC-type transport system, permease component	AG-430-A11_01163	5
CACHIY010000007.1	7912	8805	+	AG-430-E20_01168	AG-430-E20	297	OG0001225	K01997	branched-chain amino acid transport system permease protein	COG0559	LivH	Branched-chain amino acid ABC-type transport system, permease component	AG-430-E20_01173	-5
CACHIY010000007.1	8802	9860	+	AG-430-E20_01169	AG-430-E20	352	OG0001109	NA	NA	COG4177	LivM	ABC-type branched-chain amino acid transport system, permease component	AG-430-E20_01173	-4
CACHIY010000007.1	9857	10597	+	AG-430-E20_01170	AG-430-E20	246	OG0000928	K01995	branched-chain amino acid transport system ATP-binding protein	COG0411	LivG	ABC-type branched-chain amino acid transport system, ATPase component LivG	AG-430-E20_01173	-3
CACHIY010000007.1	10597	11382	+	AG-430-E20_01171	AG-430-E20	261	OG0001077	NA	NA	COG0410	LivF	ABC-type branched-chain amino acid transport system, ATPase component LivF	AG-430-E20_01173	-2
CACHIY010000007.1	11382	12086	+	AG-430-E20_01172	AG-430-E20	234	OG0001073	NA	NA	COG1296	AzlC	Predicted branched-chain amino acid permease (azaleucine resistance)	AG-430-E20_01173	-1
CACHIY010000007.1	12076	12399	+	AG-430-E20_01173	AG-430-E20	107	OG0001083	NA	NA	COG4392	AzlD2	Branched-chain amino acid transport protein	AG-430-E20_01173	0
CACHIY010000007.1	12596	13507	+	AG-430-E20_01174	AG-430-E20	303	OG0001090	K15737	glutarate dioxygenase [EC:1.14.11.64]	NA	NA	NA	AG-430-E20_01173	1
CACHIY010000007.1	13542	14309	+	AG-430-E20_01175	AG-430-E20	255	OG0000676	NA	NA	COG0345	ProC	Pyrroline-5-carboxylate reductase	AG-430-E20_01173	2
CACHIY010000007.1	14315	15103	+	AG-430-E20_01176	AG-430-E20	262	OG0000143	K01995	branched-chain amino acid transport system ATP-binding protein	COG0411	LivG	ABC-type branched-chain amino acid transport system, ATPase component LivG	AG-430-E20_01173	3
CACHIY010000007.1	15103	15810	+	AG-430-E20_01177	AG-430-E20	235	OG0000065	K01996	branched-chain amino acid transport system ATP-binding protein	COG0410	LivF	ABC-type branched-chain amino acid transport system, ATPase component LivF	AG-430-E20_01173	4
CACHIY010000007.1	15812	16822	+	AG-430-E20_01178	AG-430-E20	336	OG0000021	K01997	branched-chain amino acid transport system permease protein	COG0559	LivH	Branched-chain amino acid ABC-type transport system, permease component	AG-430-E20_01173	5
CACHPL010000001.1	151827	152054	-	AG-430-F03_00163	AG-430-F03	75	OG0000676	NA	NA	COG0345	ProC	Pyrroline-5-carboxylate reductase	AG-430-F03_00168	-5
CACHPL010000001.1	152060	153142	+	AG-430-F03_00164	AG-430-F03	360	OG0001130	K07120	uncharacterized protein	COG3180	AbrB	Uncharacterized membrane protein AbrB, regulator of aidB expression	AG-430-F03_00168	-4
CACHPL010000001.1	153184	153828	-	AG-430-F03_00165	AG-430-F03	214	OG0001361	NA	NA	NA	NA	NA	AG-430-F03_00168	-3
CACHPL010000001.1	154019	154924	-	AG-430-F03_00166	AG-430-F03	301	OG0001090	K15737	glutarate dioxygenase [EC:1.14.11.64]	NA	NA	NA	AG-430-F03_00168	-2
CACHPL010000001.1	154921	155850	-	AG-430-F03_00167	AG-430-F03	309	OG0001267	NA	NA	COG1506	DAP2	Dipeptidyl aminopeptidase/acylaminoacyl peptidase	AG-430-F03_00168	-1
CACHPL010000001.1	155847	156179	-	AG-430-F03_00168	AG-430-F03	110	OG0001083	NA	NA	COG4392	AzlD2	Branched-chain amino acid transport protein	AG-430-F03_00168	0
CACHPL010000001.1	156172	156873	-	AG-430-F03_00169	AG-430-F03	233	OG0001073	NA	NA	COG1296	AzlC	Predicted branched-chain amino acid permease (azaleucine resistance)	AG-430-F03_00168	1
CACHPL010000001.1	156873	157658	-	AG-430-F03_00170	AG-430-F03	261	OG0001077	NA	NA	COG0410	LivF	ABC-type branched-chain amino acid transport system, ATPase component LivF	AG-430-F03_00168	2
CACHPL010000001.1	157658	158392	-	AG-430-F03_00171	AG-430-F03	244	OG0000928	K01995	branched-chain amino acid transport system ATP-binding protein	COG0411	LivG	ABC-type branched-chain amino acid transport system, ATPase component LivG	AG-430-F03_00168	3
CACHPL010000001.1	158389	159453	-	AG-430-F03_00172	AG-430-F03	354	OG0001109	NA	NA	COG4177	LivM	ABC-type branched-chain amino acid transport system, permease component	AG-430-F03_00168	4
CACHPL010000001.1	159454	160347	-	AG-430-F03_00173	AG-430-F03	297	OG0001134	K01997	branched-chain amino acid transport system permease protein	COG0559	LivH	Branched-chain amino acid ABC-type transport system, permease component	AG-430-F03_00168	5
CACPHT010000014.1	23263	24174	+	AG-430-J21_01003	AG-430-J21	303	OG0001267	NA	NA	COG1506	DAP2	Dipeptidyl aminopeptidase/acylaminoacyl peptidase	AG-430-J21_01008	-5
CACPHT010000014.1	24171	25220	+	AG-430-J21_01004	AG-430-J21	349	OG0001109	NA	NA	COG4177	LivM	ABC-type branched-chain amino acid transport system, permease component	AG-430-J21_01008	-4
CACPHT010000014.1	25217	25957	+	AG-430-J21_01005	AG-430-J21	246	OG0000928	K01995	branched-chain amino acid transport system ATP-binding protein	COG0411	LivG	ABC-type branched-chain amino acid transport system, ATPase component LivG	AG-430-J21_01008	-3
CACPHT010000014.1	25957	26742	+	AG-430-J21_01006	AG-430-J21	261	OG0001077	NA	NA	COG0410	LivF	ABC-type branched-chain amino acid transport system, ATPase component LivF	AG-430-J21_01008	-2
CACPHT010000014.1	26742	27446	+	AG-430-J21_01007	AG-430-J21	234	OG0001073	NA	NA	COG1296	AzlC	Predicted branched-chain amino acid permease (azaleucine resistance)	AG-430-J21_01008	-1
CACPHT010000014.1	27436	27762	+	AG-430-J21_01008	AG-430-J21	108	OG0001083	NA	NA	COG4392	AzlD2	Branched-chain amino acid transport protein	AG-430-J21_01008	0
CACPHT010000014.1	27759	28268	+	AG-430-J21_01009	AG-430-J21	169	OG0001207	NA	NA	COG1357	DotG	Type IVB secretion/DNA transfer system protein DotG/IcmE, contains pentapeptide repeats	AG-430-J21_01008	1
CACIPQ010000005.1	65678	66589	-	AG-439-C08_00761	AG-439-C08	303	OG0001134	K01997	branched-chain amino acid transport system permease protein	COG0559	LivH	Branched-chain amino acid ABC-type transport system, permease component	AG-439-C08_00766	-5
CACIPQ010000005.1	66606	67364	-	AG-439-C08_00762	AG-439-C08	252	OG0000676	NA	NA	COG0345	ProC	Pyrroline-5-carboxylate reductase	AG-439-C08_00766	-4
CACIPQ010000005.1	67370	68455	+	AG-439-C08_00763	AG-439-C08	361	OG0001130	K07120	uncharacterized protein	COG3180	AbrB	Uncharacterized membrane protein AbrB, regulator of aidB expression	AG-439-C08_00766	-3
CACIPQ010000005.1	68499	69134	-	AG-439-C08_00764	AG-439-C08	211	OG0001361	NA	NA	NA	NA	NA	AG-439-C08_00766	-2
CACIPQ010000005.1	69333	70235	-	AG-439-C08_00765	AG-439-C08	300	OG0001090	K15737	glutarate dioxygenase [EC:1.14.11.64]	COG2175	TauD	Taurine dioxygenase, alpha-ketoglutarate-dependent	AG-439-C08_00766	-1
CACIPQ010000005.1	70232	70564	-	AG-439-C08_00766	AG-439-C08	110	OG0001083	NA	NA	COG4392	AzlD2	Branched-chain amino acid transport protein	AG-439-C08_00766	0
CACIPQ010000005.1	70557	71258	-	AG-439-C08_00767	AG-439-C08	233	OG0001073	NA	NA	COG1296	AzlC	Predicted branched-chain amino acid permease (azaleucine resistance)	AG-439-C08_00766	1
CACIPQ010000005.1	71258	72043	-	AG-439-C08_00768	AG-439-C08	261	OG0001077	NA	NA	COG0410	LivF	ABC-type branched-chain amino acid transport system, ATPase component LivF	AG-439-C08_00766	2
CACIPQ010000005.1	72043	72783	-	AG-439-C08_00769	AG-439-C08	246	OG0000928	K01995	branched-chain amino acid transport system ATP-binding protein	COG0411	LivG	ABC-type branched-chain amino acid transport system, ATPase component LivG	AG-439-C08_00766	3
CACIPQ010000005.1	72780	73835	-	AG-439-C08_00770	AG-439-C08	351	OG0001109	NA	NA	COG4177	LivM	ABC-type branched-chain amino acid transport system, permease component	AG-439-C08_00766	4
CACIPQ010000005.1	73837	74175	-	AG-439-C08_00771	AG-439-C08	112	OG0000042	NA	NA	COG2076	EmrE	Multidrug transporter EmrE and related cation transporters	AG-439-C08_00766	5
CACPLW010000017.1	2011	2904	+	AG-439-O15_01048	AG-439-O15	297	OG0001134	K01997	branched-chain amino acid transport system permease protein	COG0559	LivH	Branched-chain amino acid ABC-type transport system, permease component	AG-439-O15_01053	-5
CACPLW010000017.1	2901	3953	+	AG-439-O15_01049	AG-439-O15	350	OG0001109	NA	NA	COG4177	LivM	ABC-type branched-chain amino acid transport system, permease component	AG-439-O15_01053	-4
CACPLW010000017.1	3950	4690	+	AG-439-O15_01050	AG-439-O15	246	OG0000928	K01995	branched-chain amino acid transport system ATP-binding protein	COG0411	LivG	ABC-type branched-chain amino acid transport system, ATPase component LivG	AG-439-O15_01053	-3
CACPLW010000017.1	4690	5475	+	AG-439-O15_01051	AG-439-O15	261	OG0001077	NA	NA	COG0410	LivF	ABC-type branched-chain amino acid transport system, ATPase component LivF	AG-439-O15_01053	-2
CACPLW010000017.1	5475	6179	+	AG-439-O15_01052	AG-439-O15	234	OG0001073	NA	NA	COG1296	AzlC	Predicted branched-chain amino acid permease (azaleucine resistance)	AG-439-O15_01053	-1
CACPLW010000017.1	6169	6495	+	AG-439-O15_01053	AG-439-O15	108	OG0001083	NA	NA	NA	NA	NA	AG-439-O15_01053	0
CACPLW010000017.1	6492	6998	+	AG-439-O15_01054	AG-439-O15	168	OG0001207	NA	NA	COG1357	DotG	Type IVB secretion/DNA transfer system protein DotG/IcmE, contains pentapeptide repeats	AG-439-O15_01053	1
CACPLW010000017.1	7190	7837	+	AG-439-O15_01055	AG-439-O15	215	OG0001361	NA	NA	COG3637	LomR	Opacity protein LomR and related surface antigens	AG-439-O15_01053	2
CACPLW010000017.1	7915	8685	+	AG-439-O15_01056	AG-439-O15	256	OG0000676	NA	NA	COG0345	ProC	Pyrroline-5-carboxylate reductase	AG-439-O15_01053	3
CACPLW010000017.1	8690	9487	+	AG-439-O15_01057	AG-439-O15	265	OG0000143	K01995	branched-chain amino acid transport system ATP-binding protein	COG0411	LivG	ABC-type branched-chain amino acid transport system, ATPase component LivG	AG-439-O15_01053	4
CACPLW010000017.1	9487	10194	+	AG-439-O15_01058	AG-439-O15	235	OG0000065	K01996	branched-chain amino acid transport system ATP-binding protein	COG0410	LivF	ABC-type branched-chain amino acid transport system, ATPase component LivF	AG-439-O15_01053	5
CACJEG010000001.1	297009	298019	-	AG-447-C08_00328	AG-447-C08	336	OG0000021	K01997	branched-chain amino acid transport system permease protein	COG0559	LivH	Branched-chain amino acid ABC-type transport system, permease component	AG-447-C08_00333	-5
CACJEG010000001.1	298021	298728	-	AG-447-C08_00329	AG-447-C08	235	OG0000065	K01996	branched-chain amino acid transport system ATP-binding protein	COG0410	LivF	ABC-type branched-chain amino acid transport system, ATPase component LivF	AG-447-C08_00333	-4
CACJEG010000001.1	298728	299516	-	AG-447-C08_00330	AG-447-C08	262	OG0000143	K01995	branched-chain amino acid transport system ATP-binding protein	COG0411	LivG	ABC-type branched-chain amino acid transport system, ATPase component LivG	AG-447-C08_00333	-3
CACJEG010000001.1	299522	300289	-	AG-447-C08_00331	AG-447-C08	255	OG0000676	NA	NA	COG0345	ProC	Pyrroline-5-carboxylate reductase	AG-447-C08_00333	-2
CACJEG010000001.1	300322	301233	-	AG-447-C08_00332	AG-447-C08	303	OG0001090	K15737	glutarate dioxygenase [EC:1.14.11.64]	NA	NA	NA	AG-447-C08_00333	-1
CACJEG010000001.1	301274	301597	-	AG-447-C08_00333	AG-447-C08	107	OG0001083	NA	NA	COG4392	AzlD2	Branched-chain amino acid transport protein	AG-447-C08_00333	0
CACJEG010000001.1	301587	302291	-	AG-447-C08_00334	AG-447-C08	234	OG0001073	NA	NA	COG1296	AzlC	Predicted branched-chain amino acid permease (azaleucine resistance)	AG-447-C08_00333	1
CACJEG010000001.1	302291	303076	-	AG-447-C08_00335	AG-447-C08	261	OG0001077	NA	NA	COG0410	LivF	ABC-type branched-chain amino acid transport system, ATPase component LivF	AG-447-C08_00333	2
CACJEG010000001.1	303076	303816	-	AG-447-C08_00336	AG-447-C08	246	OG0000928	K01995	branched-chain amino acid transport system ATP-binding protein	COG0411	LivG	ABC-type branched-chain amino acid transport system, ATPase component LivG	AG-447-C08_00333	3
CACJEG010000001.1	303813	304865	-	AG-447-C08_00337	AG-447-C08	350	OG0001109	NA	NA	COG4177	LivM	ABC-type branched-chain amino acid transport system, permease component	AG-447-C08_00333	4
CACJEG010000001.1	304852	305034	-	AG-447-C08_00338	AG-447-C08	60	OG0001356	NA	NA	NA	NA	NA	AG-447-C08_00333	5
CACJNJ010000013.1	25354	26061	-	AG-447-K11_01088	AG-447-K11	235	OG0000065	K01996	branched-chain amino acid transport system ATP-binding protein	COG0410	LivF	ABC-type branched-chain amino acid transport system, ATPase component LivF	AG-447-K11_01093	-5
CACJNJ010000013.1	26062	26424	-	AG-447-K11_01089	AG-447-K11	120	OG0001605	NA	NA	COG5395	NA	Uncharacterized membrane protein, DUF2306 domain	AG-447-K11_01093	-4
CACJNJ010000013.1	26427	27212	-	AG-447-K11_01090	AG-447-K11	261	OG0000143	K01995	branched-chain amino acid transport system ATP-binding protein	COG0411	LivG	ABC-type branched-chain amino acid transport system, ATPase component LivG	AG-447-K11_01093	-3
CACJNJ010000013.1	27218	27985	-	AG-447-K11_01091	AG-447-K11	255	OG0000676	NA	NA	COG0345	ProC	Pyrroline-5-carboxylate reductase	AG-447-K11_01093	-2
CACJNJ010000013.1	28018	28929	-	AG-447-K11_01092	AG-447-K11	303	OG0001090	K15737	glutarate dioxygenase [EC:1.14.11.64]	NA	NA	NA	AG-447-K11_01093	-1
CACJNJ010000013.1	28969	29292	-	AG-447-K11_01093	AG-447-K11	107	OG0001083	NA	NA	COG4392	AzlD2	Branched-chain amino acid transport protein	AG-447-K11_01093	0
CACJNJ010000013.1	29282	29986	-	AG-447-K11_01094	AG-447-K11	234	OG0001073	NA	NA	COG1296	AzlC	Predicted branched-chain amino acid permease (azaleucine resistance)	AG-447-K11_01093	1
CACJNJ010000013.1	29986	30771	-	AG-447-K11_01095	AG-447-K11	261	OG0001077	NA	NA	COG0410	LivF	ABC-type branched-chain amino acid transport system, ATPase component LivF	AG-447-K11_01093	2
CACJNJ010000013.1	30771	31511	-	AG-447-K11_01096	AG-447-K11	246	OG0000928	K01995	branched-chain amino acid transport system ATP-binding protein	COG0411	LivG	ABC-type branched-chain amino acid transport system, ATPase component LivG	AG-447-K11_01093	3
CACJNJ010000013.1	31508	32560	-	AG-447-K11_01097	AG-447-K11	350	OG0001109	NA	NA	COG4177	LivM	ABC-type branched-chain amino acid transport system, permease component	AG-447-K11_01093	4
CACJNJ010000013.1	32547	32729	-	AG-447-K11_01098	AG-447-K11	60	OG0001356	NA	NA	NA	NA	NA	AG-447-K11_01093	5
CACJMB010000002.1	136314	136496	+	AG-447-L03_00451	AG-447-L03	60	OG0001356	NA	NA	NA	NA	NA	AG-447-L03_00456	-5
CACJMB010000002.1	136483	137535	+	AG-447-L03_00452	AG-447-L03	350	OG0001109	NA	NA	COG4177	LivM	ABC-type branched-chain amino acid transport system, permease component	AG-447-L03_00456	-4
CACJMB010000002.1	137532	138272	+	AG-447-L03_00453	AG-447-L03	246	OG0000928	K01995	branched-chain amino acid transport system ATP-binding protein	COG0411	LivG	ABC-type branched-chain amino acid transport system, ATPase component LivG	AG-447-L03_00456	-3
CACJMB010000002.1	138272	139057	+	AG-447-L03_00454	AG-447-L03	261	OG0001077	NA	NA	COG0410	LivF	ABC-type branched-chain amino acid transport system, ATPase component LivF	AG-447-L03_00456	-2
CACJMB010000002.1	139057	139761	+	AG-447-L03_00455	AG-447-L03	234	OG0001073	NA	NA	COG1296	AzlC	Predicted branched-chain amino acid permease (azaleucine resistance)	AG-447-L03_00456	-1
CACJMB010000002.1	139751	140074	+	AG-447-L03_00456	AG-447-L03	107	OG0001083	NA	NA	COG4392	AzlD2	Branched-chain amino acid transport protein	AG-447-L03_00456	0
CACJMB010000002.1	140115	141026	+	AG-447-L03_00457	AG-447-L03	303	OG0001090	K15737	glutarate dioxygenase [EC:1.14.11.64]	NA	NA	NA	AG-447-L03_00456	1
CACJMB010000002.1	141059	141826	+	AG-447-L03_00458	AG-447-L03	255	OG0000676	NA	NA	COG0345	ProC	Pyrroline-5-carboxylate reductase	AG-447-L03_00456	2
CACJMB010000002.1	141832	142620	+	AG-447-L03_00459	AG-447-L03	262	OG0000143	K01995	branched-chain amino acid transport system ATP-binding protein	COG0411	LivG	ABC-type branched-chain amino acid transport system, ATPase component LivG	AG-447-L03_00456	3
CACJMB010000002.1	142620	143327	+	AG-447-L03_00460	AG-447-L03	235	OG0000065	K01996	branched-chain amino acid transport system ATP-binding protein	COG0410	LivF	ABC-type branched-chain amino acid transport system, ATPase component LivF	AG-447-L03_00456	4
CACJMB010000002.1	143329	144339	+	AG-447-L03_00461	AG-447-L03	336	OG0000021	K01997	branched-chain amino acid transport system permease protein	COG0559	LivH	Branched-chain amino acid ABC-type transport system, permease component	AG-447-L03_00456	5
CACPOX010000003.1	8527	9537	-	AG-447-L10_00330	AG-447-L10	336	OG0000021	K01997	branched-chain amino acid transport system permease protein	COG0559	LivH	Branched-chain amino acid ABC-type transport system, permease component	AG-447-L10_00335	-5
CACPOX010000003.1	9539	10246	-	AG-447-L10_00331	AG-447-L10	235	OG0000065	K01996	branched-chain amino acid transport system ATP-binding protein	COG0410	LivF	ABC-type branched-chain amino acid transport system, ATPase component LivF	AG-447-L10_00335	-4
CACPOX010000003.1	10246	11034	-	AG-447-L10_00332	AG-447-L10	262	OG0000143	K01995	branched-chain amino acid transport system ATP-binding protein	COG0411	LivG	ABC-type branched-chain amino acid transport system, ATPase component LivG	AG-447-L10_00335	-3
CACPOX010000003.1	11040	11807	-	AG-447-L10_00333	AG-447-L10	255	OG0000676	NA	NA	COG0345	ProC	Pyrroline-5-carboxylate reductase	AG-447-L10_00335	-2
CACPOX010000003.1	11840	12751	-	AG-447-L10_00334	AG-447-L10	303	OG0001090	K15737	glutarate dioxygenase [EC:1.14.11.64]	NA	NA	NA	AG-447-L10_00335	-1
CACPOX010000003.1	12791	13114	-	AG-447-L10_00335	AG-447-L10	107	OG0001083	NA	NA	COG4392	AzlD2	Branched-chain amino acid transport protein	AG-447-L10_00335	0
CACPOX010000003.1	13104	13808	-	AG-447-L10_00336	AG-447-L10	234	OG0001073	NA	NA	COG1296	AzlC	Predicted branched-chain amino acid permease (azaleucine resistance)	AG-447-L10_00335	1
CACPOX010000003.1	13808	14593	-	AG-447-L10_00337	AG-447-L10	261	OG0001077	NA	NA	COG0410	LivF	ABC-type branched-chain amino acid transport system, ATPase component LivF	AG-447-L10_00335	2
CACPOX010000003.1	14593	15333	-	AG-447-L10_00338	AG-447-L10	246	OG0000928	K01995	branched-chain amino acid transport system ATP-binding protein	COG0411	LivG	ABC-type branched-chain amino acid transport system, ATPase component LivG	AG-447-L10_00335	3
CACPOX010000003.1	15330	16379	-	AG-447-L10_00339	AG-447-L10	349	OG0001109	NA	NA	COG4177	LivM	ABC-type branched-chain amino acid transport system, permease component	AG-447-L10_00335	4
CACPOX010000003.1	16380	16766	-	AG-447-L10_00340	AG-447-L10	128	OG0002835	NA	NA	NA	NA	NA	AG-447-L10_00335	5
CACJOA010000009.1	125	796	-	AG-447-L14_00763	AG-447-L14	223	OG0001361	NA	NA	COG3637	LomR	Opacity protein LomR and related surface antigens	AG-447-L14_00765	-2
CACJOA010000009.1	1043	1957	-	AG-447-L14_00764	AG-447-L14	304	OG0001090	K15737	glutarate dioxygenase [EC:1.14.11.64]	NA	NA	NA	AG-447-L14_00765	-1
CACJOA010000009.1	1954	2277	-	AG-447-L14_00765	AG-447-L14	107	OG0001083	NA	NA	COG4392	AzlD2	Branched-chain amino acid transport protein	AG-447-L14_00765	0
CACJOA010000009.1	2267	2971	-	AG-447-L14_00766	AG-447-L14	234	OG0001073	NA	NA	COG1296	AzlC	Predicted branched-chain amino acid permease (azaleucine resistance)	AG-447-L14_00765	1
CACJOA010000009.1	2971	3756	-	AG-447-L14_00767	AG-447-L14	261	OG0001077	NA	NA	COG0410	LivF	ABC-type branched-chain amino acid transport system, ATPase component LivF	AG-447-L14_00765	2
CACJOA010000009.1	3758	4498	-	AG-447-L14_00768	AG-447-L14	246	OG0000928	K01995	branched-chain amino acid transport system ATP-binding protein	COG0411	LivG	ABC-type branched-chain amino acid transport system, ATPase component LivG	AG-447-L14_00765	3
CACJOA010000009.1	4495	5544	-	AG-447-L14_00769	AG-447-L14	349	OG0001109	NA	NA	COG4177	LivM	ABC-type branched-chain amino acid transport system, permease component	AG-447-L14_00765	4
CACJOA010000009.1	5541	6434	-	AG-447-L14_00770	AG-447-L14	297	OG0001225	K01997	branched-chain amino acid transport system permease protein	COG0559	LivH	Branched-chain amino acid ABC-type transport system, permease component	AG-447-L14_00765	5
CACJQD010000002.1	74263	74970	-	AG-447-M10_00342	AG-447-M10	235	OG0000065	K01996	branched-chain amino acid transport system ATP-binding protein	COG0410	LivF	ABC-type branched-chain amino acid transport system, ATPase component LivF	AG-447-M10_00347	-5
CACJQD010000002.1	74970	75758	-	AG-447-M10_00343	AG-447-M10	262	OG0000143	K01995	branched-chain amino acid transport system ATP-binding protein	COG0411	LivG	ABC-type branched-chain amino acid transport system, ATPase component LivG	AG-447-M10_00347	-4
CACJQD010000002.1	75764	76534	-	AG-447-M10_00344	AG-447-M10	256	OG0000676	NA	NA	COG0345	ProC	Pyrroline-5-carboxylate reductase	AG-447-M10_00347	-3
CACJQD010000002.1	76639	77313	-	AG-447-M10_00345	AG-447-M10	224	OG0001361	NA	NA	NA	NA	NA	AG-447-M10_00347	-2
CACJQD010000002.1	77519	78433	-	AG-447-M10_00346	AG-447-M10	304	OG0001090	K15737	glutarate dioxygenase [EC:1.14.11.64]	NA	NA	NA	AG-447-M10_00347	-1
CACJQD010000002.1	78473	78796	-	AG-447-M10_00347	AG-447-M10	107	OG0001083	NA	NA	COG4392	AzlD2	Branched-chain amino acid transport protein	AG-447-M10_00347	0
CACJQD010000002.1	78786	79490	-	AG-447-M10_00348	AG-447-M10	234	OG0001073	NA	NA	NA	NA	NA	AG-447-M10_00347	1
CACJQD010000002.1	79490	80275	-	AG-447-M10_00349	AG-447-M10	261	OG0001077	NA	NA	COG0410	LivF	ABC-type branched-chain amino acid transport system, ATPase component LivF	AG-447-M10_00347	2
CACJQD010000002.1	80275	81015	-	AG-447-M10_00350	AG-447-M10	246	OG0000928	K01995	branched-chain amino acid transport system ATP-binding protein	COG0411	LivG	ABC-type branched-chain amino acid transport system, ATPase component LivG	AG-447-M10_00347	3
CACJQD010000002.1	81012	82061	-	AG-447-M10_00351	AG-447-M10	349	OG0001109	NA	NA	COG4177	LivM	ABC-type branched-chain amino acid transport system, permease component	AG-447-M10_00347	4
CACJQD010000002.1	82061	82927	-	AG-447-M10_00352	AG-447-M10	288	OG0001225	K01997	branched-chain amino acid transport system permease protein	COG0559	LivH	Branched-chain amino acid ABC-type transport system, permease component	AG-447-M10_00347	5
CACPPS010000014.1	16306	17160	+	AG-447-N21_01122	AG-447-N21	284	OG0001274	NA	NA	NA	NA	NA	AG-447-N21_01127	-5
CACPPS010000014.1	17163	17885	+	AG-447-N21_01123	AG-447-N21	240	OG0001387	NA	NA	NA	NA	NA	AG-447-N21_01127	-4
CACPPS010000014.1	17886	18125	-	AG-447-N21_01124	AG-447-N21	79	OG0000689	NA	NA	COG0695	GrxC	Glutaredoxin	AG-447-N21_01127	-3
CACPPS010000014.1	18320	18889	+	AG-447-N21_01125	AG-447-N21	189	OG0000441	K05834	homoserine/homoserine lactone efflux protein	COG1280	RhtB	Threonine/homoserine/homoserine lactone efflux protein	AG-447-N21_01127	-2
CACPPS010000014.1	18898	19602	+	AG-447-N21_01126	AG-447-N21	234	OG0001073	NA	NA	NA	NA	NA	AG-447-N21_01127	-1
CACPPS010000014.1	19592	19918	+	AG-447-N21_01127	AG-447-N21	108	OG0001083	NA	NA	NA	NA	NA	AG-447-N21_01127	0
CACPPS010000014.1	19915	20421	+	AG-447-N21_01128	AG-447-N21	168	OG0001207	NA	NA	COG1357	DotG	Type IVB secretion/DNA transfer system protein DotG/IcmE, contains pentapeptide repeats	AG-447-N21_01127	1
CACPPS010000014.1	20490	21260	+	AG-447-N21_01129	AG-447-N21	256	OG0000676	NA	NA	COG0345	ProC	Pyrroline-5-carboxylate reductase	AG-447-N21_01127	2
CACPPS010000014.1	21267	22055	+	AG-447-N21_01130	AG-447-N21	262	OG0000143	K01995	branched-chain amino acid transport system ATP-binding protein	COG0411	LivG	ABC-type branched-chain amino acid transport system, ATPase component LivG	AG-447-N21_01127	3
CACPPS010000014.1	22064	22771	+	AG-447-N21_01131	AG-447-N21	235	OG0000065	K01996	branched-chain amino acid transport system ATP-binding protein	COG0410	LivF	ABC-type branched-chain amino acid transport system, ATPase component LivF	AG-447-N21_01127	4
CACPPS010000014.1	22772	23782	+	AG-447-N21_01132	AG-447-N21	336	OG0000021	K01997	branched-chain amino acid transport system permease protein	COG0559	LivH	Branched-chain amino acid ABC-type transport system, permease component	AG-447-N21_01127	5
CACJSJ010000018.1	10123	11016	+	AG-447-O23_01065	AG-447-O23	297	OG0001225	K01997	branched-chain amino acid transport system permease protein	COG0559	LivH	Branched-chain amino acid ABC-type transport system, permease component	AG-447-O23_01070	-5
CACJSJ010000018.1	11017	12066	+	AG-447-O23_01066	AG-447-O23	349	OG0001109	NA	NA	COG4177	LivM	ABC-type branched-chain amino acid transport system, permease component	AG-447-O23_01070	-4
CACJSJ010000018.1	12063	12803	+	AG-447-O23_01067	AG-447-O23	246	OG0000928	K01995	branched-chain amino acid transport system ATP-binding protein	COG0411	LivG	ABC-type branched-chain amino acid transport system, ATPase component LivG	AG-447-O23_01070	-3
CACJSJ010000018.1	12803	13588	+	AG-447-O23_01068	AG-447-O23	261	OG0001077	NA	NA	COG0410	LivF	ABC-type branched-chain amino acid transport system, ATPase component LivF	AG-447-O23_01070	-2
CACJSJ010000018.1	13588	14292	+	AG-447-O23_01069	AG-447-O23	234	OG0001073	NA	NA	COG1296	AzlC	Predicted branched-chain amino acid permease (azaleucine resistance)	AG-447-O23_01070	-1
CACJSJ010000018.1	14282	14605	+	AG-447-O23_01070	AG-447-O23	107	OG0001083	NA	NA	COG4392	AzlD2	Branched-chain amino acid transport protein	AG-447-O23_01070	0
CACJTU010000014.1	12156	12338	+	AG-447-P03_01021	AG-447-P03	60	OG0001356	NA	NA	NA	NA	NA	AG-447-P03_01026	-5
CACJTU010000014.1	12325	13377	+	AG-447-P03_01022	AG-447-P03	350	OG0001109	NA	NA	COG4177	LivM	ABC-type branched-chain amino acid transport system, permease component	AG-447-P03_01026	-4
CACJTU010000014.1	13374	14114	+	AG-447-P03_01023	AG-447-P03	246	OG0000928	K01995	branched-chain amino acid transport system ATP-binding protein	COG0411	LivG	ABC-type branched-chain amino acid transport system, ATPase component LivG	AG-447-P03_01026	-3
CACJTU010000014.1	14114	14899	+	AG-447-P03_01024	AG-447-P03	261	OG0001077	NA	NA	COG0410	LivF	ABC-type branched-chain amino acid transport system, ATPase component LivF	AG-447-P03_01026	-2
CACJTU010000014.1	14899	15603	+	AG-447-P03_01025	AG-447-P03	234	OG0001073	NA	NA	COG1296	AzlC	Predicted branched-chain amino acid permease (azaleucine resistance)	AG-447-P03_01026	-1
CACJTU010000014.1	15593	15916	+	AG-447-P03_01026	AG-447-P03	107	OG0001083	NA	NA	COG4392	AzlD2	Branched-chain amino acid transport protein	AG-447-P03_01026	0
CACJTU010000014.1	15956	16867	+	AG-447-P03_01027	AG-447-P03	303	OG0001090	K15737	glutarate dioxygenase [EC:1.14.11.64]	NA	NA	NA	AG-447-P03_01026	1
CACJTU010000014.1	16900	17667	+	AG-447-P03_01028	AG-447-P03	255	OG0000676	NA	NA	COG0345	ProC	Pyrroline-5-carboxylate reductase	AG-447-P03_01026	2
CACJTU010000014.1	17673	18458	+	AG-447-P03_01029	AG-447-P03	261	OG0000143	K01995	branched-chain amino acid transport system ATP-binding protein	COG0411	LivG	ABC-type branched-chain amino acid transport system, ATPase component LivG	AG-447-P03_01026	3
CACJTU010000014.1	18461	18823	+	AG-447-P03_01030	AG-447-P03	120	OG0001605	NA	NA	COG5395	NA	Uncharacterized membrane protein, DUF2306 domain	AG-447-P03_01026	4
CACJTU010000014.1	18824	19531	+	AG-447-P03_01031	AG-447-P03	235	OG0000065	K01996	branched-chain amino acid transport system ATP-binding protein	COG0410	LivF	ABC-type branched-chain amino acid transport system, ATPase component LivF	AG-447-P03_01026	5
CACKAJ010000002.1	170053	170688	-	AG-453-G04_00601	AG-453-G04	211	OG0001361	NA	NA	NA	NA	NA	AG-453-G04_00606	-5
CACKAJ010000002.1	170818	172329	-	AG-453-G04_00602	AG-453-G04	503	OG0000068	K07793	putative tricarboxylic transport membrane protein	COG3333	NA	TctA family transporter	AG-453-G04_00606	-4
CACKAJ010000002.1	172326	172796	-	AG-453-G04_00603	AG-453-G04	156	OG0001140	K07794	putative tricarboxylic transport membrane protein	NA	NA	NA	AG-453-G04_00606	-3
CACKAJ010000002.1	172820	173800	-	AG-453-G04_00604	AG-453-G04	326	OG0001110	K07795	putative tricarboxylic transport membrane protein	COG3181	TctC	Tripartite-type tricarboxylate transporter, extracytoplasmic receptor component TctC	AG-453-G04_00606	-2
CACKAJ010000002.1	173894	174790	-	AG-453-G04_00605	AG-453-G04	298	OG0001090	K15737	glutarate dioxygenase [EC:1.14.11.64]	NA	NA	NA	AG-453-G04_00606	-1
CACKAJ010000002.1	174875	175201	-	AG-453-G04_00606	AG-453-G04	108	OG0001083	NA	NA	COG4392	AzlD2	Branched-chain amino acid transport protein	AG-453-G04_00606	0
CACKAJ010000002.1	175191	175895	-	AG-453-G04_00607	AG-453-G04	234	OG0001073	NA	NA	COG1296	AzlC	Predicted branched-chain amino acid permease (azaleucine resistance)	AG-453-G04_00606	1
CACKAJ010000002.1	175895	176680	-	AG-453-G04_00608	AG-453-G04	261	OG0001077	NA	NA	COG0410	LivF	ABC-type branched-chain amino acid transport system, ATPase component LivF	AG-453-G04_00606	2
CACKAJ010000002.1	176680	177414	-	AG-453-G04_00609	AG-453-G04	244	OG0000928	K01995	branched-chain amino acid transport system ATP-binding protein	COG0411	LivG	ABC-type branched-chain amino acid transport system, ATPase component LivG	AG-453-G04_00606	3
CACKAJ010000002.1	177411	178469	-	AG-453-G04_00610	AG-453-G04	352	OG0001109	NA	NA	COG4177	LivM	ABC-type branched-chain amino acid transport system, permease component	AG-453-G04_00606	4
CACKAJ010000002.1	178466	179596	-	AG-453-G04_00611	AG-453-G04	376	OG0001409	NA	NA	COG0412	DLH	Dienelactone hydrolase	AG-453-G04_00606	5
CACLBB010000002.1	32346	33239	+	AG-461-E04_00162	AG-461-E04	297	OG0001134	K01997	branched-chain amino acid transport system permease protein	COG0559	LivH	Branched-chain amino acid ABC-type transport system, permease component	AG-461-E04_00167	-5
CACLBB010000002.1	33240	34304	+	AG-461-E04_00163	AG-461-E04	354	OG0001109	NA	NA	COG4177	LivM	ABC-type branched-chain amino acid transport system, permease component	AG-461-E04_00167	-4
CACLBB010000002.1	34301	35035	+	AG-461-E04_00164	AG-461-E04	244	OG0000928	K01995	branched-chain amino acid transport system ATP-binding protein	COG0411	LivG	ABC-type branched-chain amino acid transport system, ATPase component LivG	AG-461-E04_00167	-3
CACLBB010000002.1	35035	35820	+	AG-461-E04_00165	AG-461-E04	261	OG0001077	NA	NA	COG0410	LivF	ABC-type branched-chain amino acid transport system, ATPase component LivF	AG-461-E04_00167	-2
CACLBB010000002.1	35817	36521	+	AG-461-E04_00166	AG-461-E04	234	OG0001073	NA	NA	COG1296	AzlC	Predicted branched-chain amino acid permease (azaleucine resistance)	AG-461-E04_00167	-1
CACLBB010000002.1	36511	36837	+	AG-461-E04_00167	AG-461-E04	108	OG0001083	NA	NA	COG4392	AzlD2	Branched-chain amino acid transport protein	AG-461-E04_00167	0
CACLBB010000002.1	36834	37730	+	AG-461-E04_00168	AG-461-E04	298	OG0001090	K15737	glutarate dioxygenase [EC:1.14.11.64]	NA	NA	NA	AG-461-E04_00167	1
CACLBB010000002.1	37802	38782	+	AG-461-E04_00169	AG-461-E04	326	OG0001110	K07795	putative tricarboxylic transport membrane protein	COG3181	TctC	Tripartite-type tricarboxylate transporter, extracytoplasmic receptor component TctC	AG-461-E04_00167	2
CACLBB010000002.1	38806	39276	+	AG-461-E04_00170	AG-461-E04	156	OG0001140	K07794	putative tricarboxylic transport membrane protein	NA	NA	NA	AG-461-E04_00167	3
CACLBB010000002.1	39273	40775	+	AG-461-E04_00171	AG-461-E04	500	OG0000068	K07793	putative tricarboxylic transport membrane protein	COG3333	NA	TctA family transporter	AG-461-E04_00167	4
CACLBB010000002.1	40770	41174	-	AG-461-E04_00172	AG-461-E04	134	OG0001278	K15977	putative oxidoreductase	COG2259	DoxX	Uncharacterized membrane protein YphA, DoxX/SURF4 family	AG-461-E04_00167	5
CACLEJ010000007.1	21232	22125	+	AG-461-L09_00913	AG-461-L09	297	OG0002199	K01997	branched-chain amino acid transport system permease protein	COG0559	LivH	Branched-chain amino acid ABC-type transport system, permease component	AG-461-L09_00918	-5
CACLEJ010000007.1	22125	23174	+	AG-461-L09_00914	AG-461-L09	349	OG0001109	NA	NA	COG4177	LivM	ABC-type branched-chain amino acid transport system, permease component	AG-461-L09_00918	-4
CACLEJ010000007.1	23171	23911	+	AG-461-L09_00915	AG-461-L09	246	OG0000928	K01995	branched-chain amino acid transport system ATP-binding protein	COG0411	LivG	ABC-type branched-chain amino acid transport system, ATPase component LivG	AG-461-L09_00918	-3
CACLEJ010000007.1	23911	24696	+	AG-461-L09_00916	AG-461-L09	261	OG0001077	NA	NA	COG0410	LivF	ABC-type branched-chain amino acid transport system, ATPase component LivF	AG-461-L09_00918	-2
CACLEJ010000007.1	24696	25400	+	AG-461-L09_00917	AG-461-L09	234	OG0001073	NA	NA	COG1296	AzlC	Predicted branched-chain amino acid permease (azaleucine resistance)	AG-461-L09_00918	-1
CACLEJ010000007.1	25390	25716	+	AG-461-L09_00918	AG-461-L09	108	OG0001083	NA	NA	COG4392	AzlD2	Branched-chain amino acid transport protein	AG-461-L09_00918	0
CACLEJ010000007.1	25713	26225	+	AG-461-L09_00919	AG-461-L09	170	OG0001207	NA	NA	COG1357	DotG	Type IVB secretion/DNA transfer system protein DotG/IcmE, contains pentapeptide repeats	AG-461-L09_00918	1
CACLEJ010000007.1	26225	27145	+	AG-461-L09_00920	AG-461-L09	306	OG0001090	K15737	glutarate dioxygenase [EC:1.14.11.64]	NA	NA	NA	AG-461-L09_00918	2
CACLEJ010000007.1	27163	27933	+	AG-461-L09_00921	AG-461-L09	256	OG0000676	NA	NA	COG0345	ProC	Pyrroline-5-carboxylate reductase	AG-461-L09_00918	3
CACLEJ010000007.1	27940	28737	+	AG-461-L09_00922	AG-461-L09	265	OG0000143	K01995	branched-chain amino acid transport system ATP-binding protein	COG0411	LivG	ABC-type branched-chain amino acid transport system, ATPase component LivG	AG-461-L09_00918	4
CACLEJ010000007.1	28737	29444	+	AG-461-L09_00923	AG-461-L09	235	OG0000065	K01996	branched-chain amino acid transport system ATP-binding protein	COG0410	LivF	ABC-type branched-chain amino acid transport system, ATPase component LivF	AG-461-L09_00918	5
CACLQB010000003.1	44241	45251	-	AG-470-D02_00327	AG-470-D02	336	OG0000021	K01997	branched-chain amino acid transport system permease protein	COG0559	LivH	Branched-chain amino acid ABC-type transport system, permease component	AG-470-D02_00332	-5
CACLQB010000003.1	45253	45960	-	AG-470-D02_00328	AG-470-D02	235	OG0000065	K01996	branched-chain amino acid transport system ATP-binding protein	COG0410	LivF	ABC-type branched-chain amino acid transport system, ATPase component LivF	AG-470-D02_00332	-4
CACLQB010000003.1	45960	46748	-	AG-470-D02_00329	AG-470-D02	262	OG0000143	K01995	branched-chain amino acid transport system ATP-binding protein	COG0411	LivG	ABC-type branched-chain amino acid transport system, ATPase component LivG	AG-470-D02_00332	-3
CACLQB010000003.1	46754	47521	-	AG-470-D02_00330	AG-470-D02	255	OG0000676	NA	NA	COG0345	ProC	Pyrroline-5-carboxylate reductase	AG-470-D02_00332	-2
CACLQB010000003.1	47556	48467	-	AG-470-D02_00331	AG-470-D02	303	OG0001090	K15737	glutarate dioxygenase [EC:1.14.11.64]	NA	NA	NA	AG-470-D02_00332	-1
CACLQB010000003.1	48508	48831	-	AG-470-D02_00332	AG-470-D02	107	OG0001083	NA	NA	COG4392	AzlD2	Branched-chain amino acid transport protein	AG-470-D02_00332	0
CACLQB010000003.1	48821	49525	-	AG-470-D02_00333	AG-470-D02	234	OG0001073	NA	NA	COG1296	AzlC	Predicted branched-chain amino acid permease (azaleucine resistance)	AG-470-D02_00332	1
CACLQB010000003.1	49525	50310	-	AG-470-D02_00334	AG-470-D02	261	OG0001077	NA	NA	COG0410	LivF	ABC-type branched-chain amino acid transport system, ATPase component LivF	AG-470-D02_00332	2
CACLQB010000003.1	50310	51050	-	AG-470-D02_00335	AG-470-D02	246	OG0000928	K01995	branched-chain amino acid transport system ATP-binding protein	COG0411	LivG	ABC-type branched-chain amino acid transport system, ATPase component LivG	AG-470-D02_00332	3
CACLQB010000003.1	51047	52099	-	AG-470-D02_00336	AG-470-D02	350	OG0001109	NA	NA	COG4177	LivM	ABC-type branched-chain amino acid transport system, permease component	AG-470-D02_00332	4
CACLQB010000003.1	52086	52268	-	AG-470-D02_00337	AG-470-D02	60	OG0001356	NA	NA	NA	NA	NA	AG-470-D02_00332	5
CACLZL010000015.1	54	713	-	AG-891-A05_01172	AG-891-A05	219	OG0001361	NA	NA	NA	NA	NA	AG-891-A05_01174	-2
CACLZL010000015.1	910	1824	-	AG-891-A05_01173	AG-891-A05	304	OG0001090	K15737	glutarate dioxygenase [EC:1.14.11.64]	NA	NA	NA	AG-891-A05_01174	-1
CACLZL010000015.1	1861	2187	-	AG-891-A05_01174	AG-891-A05	108	OG0001083	NA	NA	COG4392	AzlD2	Branched-chain amino acid transport protein	AG-891-A05_01174	0
CACLZL010000015.1	2177	2881	-	AG-891-A05_01175	AG-891-A05	234	OG0001073	NA	NA	COG1296	AzlC	Predicted branched-chain amino acid permease (azaleucine resistance)	AG-891-A05_01174	1
CACLZL010000015.1	2881	3666	-	AG-891-A05_01176	AG-891-A05	261	OG0001077	NA	NA	COG0410	LivF	ABC-type branched-chain amino acid transport system, ATPase component LivF	AG-891-A05_01174	2
CACLZL010000015.1	3666	4406	-	AG-891-A05_01177	AG-891-A05	246	OG0000928	K01995	branched-chain amino acid transport system ATP-binding protein	COG0411	LivG	ABC-type branched-chain amino acid transport system, ATPase component LivG	AG-891-A05_01174	3
CACLZL010000015.1	4403	5455	-	AG-891-A05_01178	AG-891-A05	350	OG0001109	NA	NA	COG4177	LivM	ABC-type branched-chain amino acid transport system, permease component	AG-891-A05_01174	4
CACLZL010000015.1	5442	5624	-	AG-891-A05_01179	AG-891-A05	60	OG0001356	NA	NA	NA	NA	NA	AG-891-A05_01174	5
CACMGO010000001.1	8819	9001	+	AG-891-G02_00012	AG-891-G02	60	OG0001356	NA	NA	NA	NA	NA	AG-891-G02_00017	-5
CACMGO010000001.1	8988	10040	+	AG-891-G02_00013	AG-891-G02	350	OG0001109	NA	NA	COG4177	LivM	ABC-type branched-chain amino acid transport system, permease component	AG-891-G02_00017	-4
CACMGO010000001.1	10037	10777	+	AG-891-G02_00014	AG-891-G02	246	OG0000928	K01995	branched-chain amino acid transport system ATP-binding protein	COG0411	LivG	ABC-type branched-chain amino acid transport system, ATPase component LivG	AG-891-G02_00017	-3
CACMGO010000001.1	10777	11562	+	AG-891-G02_00015	AG-891-G02	261	OG0001077	NA	NA	COG0410	LivF	ABC-type branched-chain amino acid transport system, ATPase component LivF	AG-891-G02_00017	-2
CACMGO010000001.1	11562	12266	+	AG-891-G02_00016	AG-891-G02	234	OG0001073	NA	NA	COG1296	AzlC	Predicted branched-chain amino acid permease (azaleucine resistance)	AG-891-G02_00017	-1
CACMGO010000001.1	12256	12579	+	AG-891-G02_00017	AG-891-G02	107	OG0001083	NA	NA	COG4392	AzlD2	Branched-chain amino acid transport protein	AG-891-G02_00017	0
CACMGO010000001.1	12619	13530	+	AG-891-G02_00018	AG-891-G02	303	OG0001090	K15737	glutarate dioxygenase [EC:1.14.11.64]	NA	NA	NA	AG-891-G02_00017	1
CACMGO010000001.1	13563	14330	+	AG-891-G02_00019	AG-891-G02	255	OG0000676	NA	NA	COG0345	ProC	Pyrroline-5-carboxylate reductase	AG-891-G02_00017	2
CACMGO010000001.1	14336	15124	+	AG-891-G02_00020	AG-891-G02	262	OG0000143	K01995	branched-chain amino acid transport system ATP-binding protein	COG0411	LivG	ABC-type branched-chain amino acid transport system, ATPase component LivG	AG-891-G02_00017	3
CACMGO010000001.1	15124	15831	+	AG-891-G02_00021	AG-891-G02	235	OG0000065	K01996	branched-chain amino acid transport system ATP-binding protein	COG0410	LivF	ABC-type branched-chain amino acid transport system, ATPase component LivF	AG-891-G02_00017	4
CACMGO010000001.1	15833	16843	+	AG-891-G02_00022	AG-891-G02	336	OG0000021	K01997	branched-chain amino acid transport system permease protein	COG0559	LivH	Branched-chain amino acid ABC-type transport system, permease component	AG-891-G02_00017	5
CACMIH010000004.1	72880	73890	-	AG-891-I18_00763	AG-891-I18	336	OG0000021	K01997	branched-chain amino acid transport system permease protein	COG0559	LivH	Branched-chain amino acid ABC-type transport system, permease component	AG-891-I18_00768	-5
CACMIH010000004.1	73892	74599	-	AG-891-I18_00764	AG-891-I18	235	OG0000065	K01996	branched-chain amino acid transport system ATP-binding protein	COG0410	LivF	ABC-type branched-chain amino acid transport system, ATPase component LivF	AG-891-I18_00768	-4
CACMIH010000004.1	74599	75387	-	AG-891-I18_00765	AG-891-I18	262	OG0000143	K01995	branched-chain amino acid transport system ATP-binding protein	COG0411	LivG	ABC-type branched-chain amino acid transport system, ATPase component LivG	AG-891-I18_00768	-3
CACMIH010000004.1	75393	76160	-	AG-891-I18_00766	AG-891-I18	255	OG0000676	NA	NA	COG0345	ProC	Pyrroline-5-carboxylate reductase	AG-891-I18_00768	-2
CACMIH010000004.1	76193	77104	-	AG-891-I18_00767	AG-891-I18	303	OG0001090	K15737	glutarate dioxygenase [EC:1.14.11.64]	NA	NA	NA	AG-891-I18_00768	-1
CACMIH010000004.1	77144	77467	-	AG-891-I18_00768	AG-891-I18	107	OG0001083	NA	NA	COG4392	AzlD2	Branched-chain amino acid transport protein	AG-891-I18_00768	0
CACMIH010000004.1	77457	78161	-	AG-891-I18_00769	AG-891-I18	234	OG0001073	NA	NA	COG1296	AzlC	Predicted branched-chain amino acid permease (azaleucine resistance)	AG-891-I18_00768	1
CACMIH010000004.1	78161	78946	-	AG-891-I18_00770	AG-891-I18	261	OG0001077	NA	NA	COG0410	LivF	ABC-type branched-chain amino acid transport system, ATPase component LivF	AG-891-I18_00768	2
CACMIH010000004.1	78946	79686	-	AG-891-I18_00771	AG-891-I18	246	OG0000928	K01995	branched-chain amino acid transport system ATP-binding protein	COG0411	LivG	ABC-type branched-chain amino acid transport system, ATPase component LivG	AG-891-I18_00768	3
CACMIH010000004.1	79683	80735	-	AG-891-I18_00772	AG-891-I18	350	OG0001109	NA	NA	COG4177	LivM	ABC-type branched-chain amino acid transport system, permease component	AG-891-I18_00768	4
CACMIH010000004.1	80740	81846	-	AG-891-I18_00773	AG-891-I18	368	OG0001267	NA	NA	NA	NA	NA	AG-891-I18_00768	5
CACMIX010000001.1	110814	111707	+	AG-891-J07_00116	AG-891-J07	297	OG0001225	K01997	branched-chain amino acid transport system permease protein	COG0559	LivH	Branched-chain amino acid ABC-type transport system, permease component	AG-891-J07_00121	-5
CACMIX010000001.1	111710	112762	+	AG-891-J07_00117	AG-891-J07	350	OG0001109	NA	NA	COG4177	LivM	ABC-type branched-chain amino acid transport system, permease component	AG-891-J07_00121	-4
CACMIX010000001.1	112759	113499	+	AG-891-J07_00118	AG-891-J07	246	OG0000928	K01995	branched-chain amino acid transport system ATP-binding protein	COG0411	LivG	ABC-type branched-chain amino acid transport system, ATPase component LivG	AG-891-J07_00121	-3
CACMIX010000001.1	113499	114284	+	AG-891-J07_00119	AG-891-J07	261	OG0001077	NA	NA	COG0410	LivF	ABC-type branched-chain amino acid transport system, ATPase component LivF	AG-891-J07_00121	-2
CACMIX010000001.1	114284	114988	+	AG-891-J07_00120	AG-891-J07	234	OG0001073	NA	NA	COG1296	AzlC	Predicted branched-chain amino acid permease (azaleucine resistance)	AG-891-J07_00121	-1
CACMIX010000001.1	114978	115301	+	AG-891-J07_00121	AG-891-J07	107	OG0001083	NA	NA	COG4392	AzlD2	Branched-chain amino acid transport protein	AG-891-J07_00121	0
CACMIX010000001.1	115342	116253	+	AG-891-J07_00122	AG-891-J07	303	OG0001090	K15737	glutarate dioxygenase [EC:1.14.11.64]	NA	NA	NA	AG-891-J07_00121	1
CACMIX010000001.1	116288	117055	+	AG-891-J07_00123	AG-891-J07	255	OG0000676	NA	NA	COG0345	ProC	Pyrroline-5-carboxylate reductase	AG-891-J07_00121	2
CACMIX010000001.1	117061	117849	+	AG-891-J07_00124	AG-891-J07	262	OG0000143	K01995	branched-chain amino acid transport system ATP-binding protein	COG0411	LivG	ABC-type branched-chain amino acid transport system, ATPase component LivG	AG-891-J07_00121	3
CACMIX010000001.1	117849	118556	+	AG-891-J07_00125	AG-891-J07	235	OG0000065	K01996	branched-chain amino acid transport system ATP-binding protein	COG0410	LivF	ABC-type branched-chain amino acid transport system, ATPase component LivF	AG-891-J07_00121	4
CACMIX010000001.1	118558	119568	+	AG-891-J07_00126	AG-891-J07	336	OG0000021	K01997	branched-chain amino acid transport system permease protein	COG0559	LivH	Branched-chain amino acid ABC-type transport system, permease component	AG-891-J07_00121	5
CACMND010000003.1	102289	102996	-	AG-891-N03_00528	AG-891-N03	235	OG0000065	K01996	branched-chain amino acid transport system ATP-binding protein	COG0410	LivF	ABC-type branched-chain amino acid transport system, ATPase component LivF	AG-891-N03_00533	-5
CACMND010000003.1	102996	103784	-	AG-891-N03_00529	AG-891-N03	262	OG0000143	K01995	branched-chain amino acid transport system ATP-binding protein	COG0411	LivG	ABC-type branched-chain amino acid transport system, ATPase component LivG	AG-891-N03_00533	-4
CACMND010000003.1	103786	104559	-	AG-891-N03_00530	AG-891-N03	257	OG0000676	NA	NA	COG0345	ProC	Pyrroline-5-carboxylate reductase	AG-891-N03_00533	-3
CACMND010000003.1	104593	105513	-	AG-891-N03_00531	AG-891-N03	306	OG0001090	K15737	glutarate dioxygenase [EC:1.14.11.64]	NA	NA	NA	AG-891-N03_00533	-2
CACMND010000003.1	105519	106025	-	AG-891-N03_00532	AG-891-N03	168	OG0001207	NA	NA	COG1357	DotG	Type IVB secretion/DNA transfer system protein DotG/IcmE, contains pentapeptide repeats	AG-891-N03_00533	-1
CACMND010000003.1	106026	106352	-	AG-891-N03_00533	AG-891-N03	108	OG0001083	NA	NA	COG4392	AzlD2	Branched-chain amino acid transport protein	AG-891-N03_00533	0
CACMND010000003.1	106342	107046	-	AG-891-N03_00534	AG-891-N03	234	OG0001073	NA	NA	COG1296	AzlC	Predicted branched-chain amino acid permease (azaleucine resistance)	AG-891-N03_00533	1
CACMND010000003.1	107043	107828	-	AG-891-N03_00535	AG-891-N03	261	OG0001077	NA	NA	COG0410	LivF	ABC-type branched-chain amino acid transport system, ATPase component LivF	AG-891-N03_00533	2
CACMND010000003.1	107828	108568	-	AG-891-N03_00536	AG-891-N03	246	OG0000928	K01995	branched-chain amino acid transport system ATP-binding protein	COG0411	LivG	ABC-type branched-chain amino acid transport system, ATPase component LivG	AG-891-N03_00533	3
CACMND010000003.1	108565	109617	-	AG-891-N03_00537	AG-891-N03	350	OG0001109	NA	NA	COG4177	LivM	ABC-type branched-chain amino acid transport system, permease component	AG-891-N03_00533	4
CACMND010000003.1	109604	109786	-	AG-891-N03_00538	AG-891-N03	60	OG0001356	NA	NA	NA	NA	NA	AG-891-N03_00533	5
CACMOZ010000001.1	136245	137111	+	AG-891-O15_00145	AG-891-O15	288	OG0001134	K01997	branched-chain amino acid transport system permease protein	COG0559	LivH	Branched-chain amino acid ABC-type transport system, permease component	AG-891-O15_00150	-5
CACMOZ010000001.1	137112	138176	+	AG-891-O15_00146	AG-891-O15	354	OG0001109	NA	NA	COG4177	LivM	ABC-type branched-chain amino acid transport system, permease component	AG-891-O15_00150	-4
CACMOZ010000001.1	138173	138907	+	AG-891-O15_00147	AG-891-O15	244	OG0000928	K01995	branched-chain amino acid transport system ATP-binding protein	COG0411	LivG	ABC-type branched-chain amino acid transport system, ATPase component LivG	AG-891-O15_00150	-3
CACMOZ010000001.1	138907	139692	+	AG-891-O15_00148	AG-891-O15	261	OG0001077	NA	NA	COG0410	LivF	ABC-type branched-chain amino acid transport system, ATPase component LivF	AG-891-O15_00150	-2
CACMOZ010000001.1	139692	140399	+	AG-891-O15_00149	AG-891-O15	235	OG0001073	NA	NA	COG1296	AzlC	Predicted branched-chain amino acid permease (azaleucine resistance)	AG-891-O15_00150	-1
CACMOZ010000001.1	140386	140712	+	AG-891-O15_00150	AG-891-O15	108	OG0001083	NA	NA	COG4392	AzlD2	Branched-chain amino acid transport protein	AG-891-O15_00150	0
CACMOZ010000001.1	140796	141692	+	AG-891-O15_00151	AG-891-O15	298	OG0001090	K15737	glutarate dioxygenase [EC:1.14.11.64]	NA	NA	NA	AG-891-O15_00150	1
CACMOZ010000001.1	141782	142762	+	AG-891-O15_00152	AG-891-O15	326	OG0001110	K07795	putative tricarboxylic transport membrane protein	COG3181	TctC	Tripartite-type tricarboxylate transporter, extracytoplasmic receptor component TctC	AG-891-O15_00150	2
CACMOZ010000001.1	142786	143256	+	AG-891-O15_00153	AG-891-O15	156	OG0001140	K07794	putative tricarboxylic transport membrane protein	NA	NA	NA	AG-891-O15_00150	3
CACMOZ010000001.1	143253	144755	+	AG-891-O15_00154	AG-891-O15	500	OG0000068	K07793	putative tricarboxylic transport membrane protein	COG3333	NA	TctA family transporter	AG-891-O15_00150	4
CACMOZ010000001.1	144750	145157	-	AG-891-O15_00155	AG-891-O15	135	OG0001278	K15977	putative oxidoreductase	COG2259	DoxX	Uncharacterized membrane protein YphA, DoxX/SURF4 family	AG-891-O15_00150	5
CACMSB010000002.1	129667	130374	-	AG-892-B11_00677	AG-892-B11	235	OG0000065	K01996	branched-chain amino acid transport system ATP-binding protein	COG0410	LivF	ABC-type branched-chain amino acid transport system, ATPase component LivF	AG-892-B11_00682	-5
CACMSB010000002.1	130374	131162	-	AG-892-B11_00678	AG-892-B11	262	OG0000143	K01995	branched-chain amino acid transport system ATP-binding protein	COG0411	LivG	ABC-type branched-chain amino acid transport system, ATPase component LivG	AG-892-B11_00682	-4
CACMSB010000002.1	131164	131937	-	AG-892-B11_00679	AG-892-B11	257	OG0000676	NA	NA	COG0345	ProC	Pyrroline-5-carboxylate reductase	AG-892-B11_00682	-3
CACMSB010000002.1	131971	132891	-	AG-892-B11_00680	AG-892-B11	306	OG0001090	K15737	glutarate dioxygenase [EC:1.14.11.64]	NA	NA	NA	AG-892-B11_00682	-2
CACMSB010000002.1	132897	133403	-	AG-892-B11_00681	AG-892-B11	168	OG0001207	NA	NA	COG1357	DotG	Type IVB secretion/DNA transfer system protein DotG/IcmE, contains pentapeptide repeats	AG-892-B11_00682	-1
CACMSB010000002.1	133404	133730	-	AG-892-B11_00682	AG-892-B11	108	OG0001083	NA	NA	COG4392	AzlD2	Branched-chain amino acid transport protein	AG-892-B11_00682	0
CACMSB010000002.1	133720	134424	-	AG-892-B11_00683	AG-892-B11	234	OG0001073	NA	NA	COG1296	AzlC	Predicted branched-chain amino acid permease (azaleucine resistance)	AG-892-B11_00682	1
CACMSB010000002.1	134421	135206	-	AG-892-B11_00684	AG-892-B11	261	OG0001077	NA	NA	COG0410	LivF	ABC-type branched-chain amino acid transport system, ATPase component LivF	AG-892-B11_00682	2
CACMSB010000002.1	135206	135946	-	AG-892-B11_00685	AG-892-B11	246	OG0000928	K01995	branched-chain amino acid transport system ATP-binding protein	COG0411	LivG	ABC-type branched-chain amino acid transport system, ATPase component LivG	AG-892-B11_00682	3
CACMSB010000002.1	135943	136995	-	AG-892-B11_00686	AG-892-B11	350	OG0001109	NA	NA	COG4177	LivM	ABC-type branched-chain amino acid transport system, permease component	AG-892-B11_00682	4
CACMSB010000002.1	136982	137164	-	AG-892-B11_00687	AG-892-B11	60	OG0001356	NA	NA	NA	NA	NA	AG-892-B11_00682	5
CACMVC010000001.1	285642	286652	-	AG-892-E08_00317	AG-892-E08	336	OG0000021	K01997	branched-chain amino acid transport system permease protein	COG0559	LivH	Branched-chain amino acid ABC-type transport system, permease component	AG-892-E08_00322	-5
CACMVC010000001.1	286654	287361	-	AG-892-E08_00318	AG-892-E08	235	OG0000065	K01996	branched-chain amino acid transport system ATP-binding protein	COG0410	LivF	ABC-type branched-chain amino acid transport system, ATPase component LivF	AG-892-E08_00322	-4
CACMVC010000001.1	287361	288149	-	AG-892-E08_00319	AG-892-E08	262	OG0000143	K01995	branched-chain amino acid transport system ATP-binding protein	COG0411	LivG	ABC-type branched-chain amino acid transport system, ATPase component LivG	AG-892-E08_00322	-3
CACMVC010000001.1	288155	288922	-	AG-892-E08_00320	AG-892-E08	255	OG0000676	NA	NA	COG0345	ProC	Pyrroline-5-carboxylate reductase	AG-892-E08_00322	-2
CACMVC010000001.1	288957	289868	-	AG-892-E08_00321	AG-892-E08	303	OG0001090	K15737	glutarate dioxygenase [EC:1.14.11.64]	NA	NA	NA	AG-892-E08_00322	-1
CACMVC010000001.1	289909	290232	-	AG-892-E08_00322	AG-892-E08	107	OG0001083	NA	NA	COG4392	AzlD2	Branched-chain amino acid transport protein	AG-892-E08_00322	0
CACMVC010000001.1	290222	290926	-	AG-892-E08_00323	AG-892-E08	234	OG0001073	NA	NA	COG1296	AzlC	Predicted branched-chain amino acid permease (azaleucine resistance)	AG-892-E08_00322	1
CACMVC010000001.1	290926	291711	-	AG-892-E08_00324	AG-892-E08	261	OG0001077	NA	NA	COG0410	LivF	ABC-type branched-chain amino acid transport system, ATPase component LivF	AG-892-E08_00322	2
CACMVC010000001.1	291711	292451	-	AG-892-E08_00325	AG-892-E08	246	OG0000928	K01995	branched-chain amino acid transport system ATP-binding protein	COG0411	LivG	ABC-type branched-chain amino acid transport system, ATPase component LivG	AG-892-E08_00322	3
CACMVC010000001.1	292448	293500	-	AG-892-E08_00326	AG-892-E08	350	OG0001109	NA	NA	COG4177	LivM	ABC-type branched-chain amino acid transport system, permease component	AG-892-E08_00322	4
CACMVC010000001.1	293503	294396	-	AG-892-E08_00327	AG-892-E08	297	OG0001225	K01997	branched-chain amino acid transport system permease protein	COG0559	LivH	Branched-chain amino acid ABC-type transport system, permease component	AG-892-E08_00322	5
CACMWB010000011.1	5538	6548	-	AG-892-F02_01051	AG-892-F02	336	OG0000021	K01997	branched-chain amino acid transport system permease protein	COG0559	LivH	Branched-chain amino acid ABC-type transport system, permease component	AG-892-F02_01056	-5
CACMWB010000011.1	6550	7257	-	AG-892-F02_01052	AG-892-F02	235	OG0000065	K01996	branched-chain amino acid transport system ATP-binding protein	COG0410	LivF	ABC-type branched-chain amino acid transport system, ATPase component LivF	AG-892-F02_01056	-4
CACMWB010000011.1	7257	8045	-	AG-892-F02_01053	AG-892-F02	262	OG0000143	K01995	branched-chain amino acid transport system ATP-binding protein	COG0411	LivG	ABC-type branched-chain amino acid transport system, ATPase component LivG	AG-892-F02_01056	-3
CACMWB010000011.1	8051	8818	-	AG-892-F02_01054	AG-892-F02	255	OG0000676	NA	NA	COG0345	ProC	Pyrroline-5-carboxylate reductase	AG-892-F02_01056	-2
CACMWB010000011.1	8851	9762	-	AG-892-F02_01055	AG-892-F02	303	OG0001090	K15737	glutarate dioxygenase [EC:1.14.11.64]	NA	NA	NA	AG-892-F02_01056	-1
CACMWB010000011.1	9802	10125	-	AG-892-F02_01056	AG-892-F02	107	OG0001083	NA	NA	COG4392	AzlD2	Branched-chain amino acid transport protein	AG-892-F02_01056	0
CACMWB010000011.1	10115	10819	-	AG-892-F02_01057	AG-892-F02	234	OG0001073	NA	NA	COG1296	AzlC	Predicted branched-chain amino acid permease (azaleucine resistance)	AG-892-F02_01056	1
CACMWB010000011.1	10819	11604	-	AG-892-F02_01058	AG-892-F02	261	OG0001077	NA	NA	COG0410	LivF	ABC-type branched-chain amino acid transport system, ATPase component LivF	AG-892-F02_01056	2
CACMWB010000011.1	11604	12344	-	AG-892-F02_01059	AG-892-F02	246	OG0000928	K01995	branched-chain amino acid transport system ATP-binding protein	COG0411	LivG	ABC-type branched-chain amino acid transport system, ATPase component LivG	AG-892-F02_01056	3
CACMWB010000011.1	12341	13390	-	AG-892-F02_01060	AG-892-F02	349	OG0001109	NA	NA	COG4177	LivM	ABC-type branched-chain amino acid transport system, permease component	AG-892-F02_01056	4
CACMWB010000011.1	13405	14298	-	AG-892-F02_01061	AG-892-F02	297	OG0001225	K01997	branched-chain amino acid transport system permease protein	COG0559	LivH	Branched-chain amino acid ABC-type transport system, permease component	AG-892-F02_01056	5
CACMWQ010000004.1	34371	35078	-	AG-892-F15_00960	AG-892-F15	235	OG0000065	K01996	branched-chain amino acid transport system ATP-binding protein	COG0410	LivF	ABC-type branched-chain amino acid transport system, ATPase component LivF	AG-892-F15_00965	-5
CACMWQ010000004.1	35078	35866	-	AG-892-F15_00961	AG-892-F15	262	OG0000143	K01995	branched-chain amino acid transport system ATP-binding protein	COG0411	LivG	ABC-type branched-chain amino acid transport system, ATPase component LivG	AG-892-F15_00965	-4
CACMWQ010000004.1	35868	36641	-	AG-892-F15_00962	AG-892-F15	257	OG0000676	NA	NA	COG0345	ProC	Pyrroline-5-carboxylate reductase	AG-892-F15_00965	-3
CACMWQ010000004.1	36675	37595	-	AG-892-F15_00963	AG-892-F15	306	OG0001090	K15737	glutarate dioxygenase [EC:1.14.11.64]	NA	NA	NA	AG-892-F15_00965	-2
CACMWQ010000004.1	37601	38107	-	AG-892-F15_00964	AG-892-F15	168	OG0001207	NA	NA	COG1357	DotG	Type IVB secretion/DNA transfer system protein DotG/IcmE, contains pentapeptide repeats	AG-892-F15_00965	-1
CACMWQ010000004.1	38108	38434	-	AG-892-F15_00965	AG-892-F15	108	OG0001083	NA	NA	COG4392	AzlD2	Branched-chain amino acid transport protein	AG-892-F15_00965	0
CACMWQ010000004.1	38424	39128	-	AG-892-F15_00966	AG-892-F15	234	OG0001073	NA	NA	COG1296	AzlC	Predicted branched-chain amino acid permease (azaleucine resistance)	AG-892-F15_00965	1
CACMWQ010000004.1	39125	39910	-	AG-892-F15_00967	AG-892-F15	261	OG0001077	NA	NA	COG0410	LivF	ABC-type branched-chain amino acid transport system, ATPase component LivF	AG-892-F15_00965	2
CACMWQ010000004.1	39910	40650	-	AG-892-F15_00968	AG-892-F15	246	OG0000928	K01995	branched-chain amino acid transport system ATP-binding protein	COG0411	LivG	ABC-type branched-chain amino acid transport system, ATPase component LivG	AG-892-F15_00965	3
CACMWQ010000004.1	40647	41699	-	AG-892-F15_00969	AG-892-F15	350	OG0001109	NA	NA	COG4177	LivM	ABC-type branched-chain amino acid transport system, permease component	AG-892-F15_00965	4
CACMWQ010000004.1	41686	41868	-	AG-892-F15_00970	AG-892-F15	60	OG0001356	NA	NA	NA	NA	NA	AG-892-F15_00965	5
CACMZL010000005.1	15127	15834	-	AG-892-J03_01112	AG-892-J03	235	OG0000065	K01996	branched-chain amino acid transport system ATP-binding protein	COG0410	LivF	ABC-type branched-chain amino acid transport system, ATPase component LivF	AG-892-J03_01117	-5
CACMZL010000005.1	15834	16622	-	AG-892-J03_01113	AG-892-J03	262	OG0000143	K01995	branched-chain amino acid transport system ATP-binding protein	COG0411	LivG	ABC-type branched-chain amino acid transport system, ATPase component LivG	AG-892-J03_01117	-4
CACMZL010000005.1	16624	17397	-	AG-892-J03_01114	AG-892-J03	257	OG0000676	NA	NA	COG0345	ProC	Pyrroline-5-carboxylate reductase	AG-892-J03_01117	-3
CACMZL010000005.1	17431	18351	-	AG-892-J03_01115	AG-892-J03	306	OG0001090	K15737	glutarate dioxygenase [EC:1.14.11.64]	NA	NA	NA	AG-892-J03_01117	-2
CACMZL010000005.1	18357	18863	-	AG-892-J03_01116	AG-892-J03	168	OG0001207	NA	NA	COG1357	DotG	Type IVB secretion/DNA transfer system protein DotG/IcmE, contains pentapeptide repeats	AG-892-J03_01117	-1
CACMZL010000005.1	18864	19190	-	AG-892-J03_01117	AG-892-J03	108	OG0001083	NA	NA	COG4392	AzlD2	Branched-chain amino acid transport protein	AG-892-J03_01117	0
CACMZL010000005.1	19180	19884	-	AG-892-J03_01118	AG-892-J03	234	OG0001073	NA	NA	COG1296	AzlC	Predicted branched-chain amino acid permease (azaleucine resistance)	AG-892-J03_01117	1
CACMZL010000005.1	19881	20666	-	AG-892-J03_01119	AG-892-J03	261	OG0001077	NA	NA	COG0410	LivF	ABC-type branched-chain amino acid transport system, ATPase component LivF	AG-892-J03_01117	2
CACMZL010000005.1	20666	21406	-	AG-892-J03_01120	AG-892-J03	246	OG0000928	K01995	branched-chain amino acid transport system ATP-binding protein	COG0411	LivG	ABC-type branched-chain amino acid transport system, ATPase component LivG	AG-892-J03_01117	3
CACMZL010000005.1	21403	22455	-	AG-892-J03_01121	AG-892-J03	350	OG0001109	NA	NA	COG4177	LivM	ABC-type branched-chain amino acid transport system, permease component	AG-892-J03_01117	4
CACMZL010000005.1	22442	22624	-	AG-892-J03_01122	AG-892-J03	60	OG0001356	NA	NA	NA	NA	NA	AG-892-J03_01117	5
CACNAR010000002.1	96448	97458	-	AG-892-K05_00349	AG-892-K05	336	OG0000021	K01997	branched-chain amino acid transport system permease protein	COG0559	LivH	Branched-chain amino acid ABC-type transport system, permease component	AG-892-K05_00354	-5
CACNAR010000002.1	97460	98167	-	AG-892-K05_00350	AG-892-K05	235	OG0000065	K01996	branched-chain amino acid transport system ATP-binding protein	COG0410	LivF	ABC-type branched-chain amino acid transport system, ATPase component LivF	AG-892-K05_00354	-4
CACNAR010000002.1	98168	98953	-	AG-892-K05_00351	AG-892-K05	261	OG0000143	K01995	branched-chain amino acid transport system ATP-binding protein	COG0411	LivG	ABC-type branched-chain amino acid transport system, ATPase component LivG	AG-892-K05_00354	-3
CACNAR010000002.1	98957	99724	-	AG-892-K05_00352	AG-892-K05	255	OG0000676	NA	NA	COG0345	ProC	Pyrroline-5-carboxylate reductase	AG-892-K05_00354	-2
CACNAR010000002.1	99755	100669	-	AG-892-K05_00353	AG-892-K05	304	OG0001090	K15737	glutarate dioxygenase [EC:1.14.11.64]	NA	NA	NA	AG-892-K05_00354	-1
CACNAR010000002.1	100666	100989	-	AG-892-K05_00354	AG-892-K05	107	OG0001083	NA	NA	COG4392	AzlD2	Branched-chain amino acid transport protein	AG-892-K05_00354	0
CACNAR010000002.1	100979	101683	-	AG-892-K05_00355	AG-892-K05	234	OG0001073	NA	NA	COG1296	AzlC	Predicted branched-chain amino acid permease (azaleucine resistance)	AG-892-K05_00354	1
CACNAR010000002.1	101683	102468	-	AG-892-K05_00356	AG-892-K05	261	OG0001077	NA	NA	COG0410	LivF	ABC-type branched-chain amino acid transport system, ATPase component LivF	AG-892-K05_00354	2
CACNAR010000002.1	102468	103208	-	AG-892-K05_00357	AG-892-K05	246	OG0000928	K01995	branched-chain amino acid transport system ATP-binding protein	COG0411	LivG	ABC-type branched-chain amino acid transport system, ATPase component LivG	AG-892-K05_00354	3
CACNAR010000002.1	103205	104254	-	AG-892-K05_00358	AG-892-K05	349	OG0001109	NA	NA	COG4177	LivM	ABC-type branched-chain amino acid transport system, permease component	AG-892-K05_00354	4
CACNAR010000002.1	104254	105147	-	AG-892-K05_00359	AG-892-K05	297	OG0001225	K01997	branched-chain amino acid transport system permease protein	COG0559	LivH	Branched-chain amino acid ABC-type transport system, permease component	AG-892-K05_00354	5
CACNBC010000002.1	85737	86648	+	AG-892-K09_00292	AG-892-K09	303	OG0001267	NA	NA	COG1506	DAP2	Dipeptidyl aminopeptidase/acylaminoacyl peptidase	AG-892-K09_00297	-5
CACNBC010000002.1	86645	87694	+	AG-892-K09_00293	AG-892-K09	349	OG0001109	NA	NA	COG4177	LivM	ABC-type branched-chain amino acid transport system, permease component	AG-892-K09_00297	-4
CACNBC010000002.1	87691	88431	+	AG-892-K09_00294	AG-892-K09	246	OG0000928	K01995	branched-chain amino acid transport system ATP-binding protein	COG0411	LivG	ABC-type branched-chain amino acid transport system, ATPase component LivG	AG-892-K09_00297	-3
CACNBC010000002.1	88431	89216	+	AG-892-K09_00295	AG-892-K09	261	OG0001077	NA	NA	COG0410	LivF	ABC-type branched-chain amino acid transport system, ATPase component LivF	AG-892-K09_00297	-2
CACNBC010000002.1	89216	89920	+	AG-892-K09_00296	AG-892-K09	234	OG0001073	NA	NA	COG1296	AzlC	Predicted branched-chain amino acid permease (azaleucine resistance)	AG-892-K09_00297	-1
CACNBC010000002.1	89910	90236	+	AG-892-K09_00297	AG-892-K09	108	OG0001083	NA	NA	COG4392	AzlD2	Branched-chain amino acid transport protein	AG-892-K09_00297	0
CACNBC010000002.1	90233	90742	+	AG-892-K09_00298	AG-892-K09	169	OG0001207	NA	NA	COG1357	DotG	Type IVB secretion/DNA transfer system protein DotG/IcmE, contains pentapeptide repeats	AG-892-K09_00297	1
CACNBC010000002.1	90746	91666	+	AG-892-K09_00299	AG-892-K09	306	OG0001090	K15737	glutarate dioxygenase [EC:1.14.11.64]	NA	NA	NA	AG-892-K09_00297	2
CACNBC010000002.1	91891	92580	+	AG-892-K09_00300	AG-892-K09	229	OG0001361	NA	NA	NA	NA	NA	AG-892-K09_00297	3
CACNBC010000002.1	92656	93429	+	AG-892-K09_00301	AG-892-K09	257	OG0000676	NA	NA	COG0345	ProC	Pyrroline-5-carboxylate reductase	AG-892-K09_00297	4
CACNBC010000002.1	93435	94232	+	AG-892-K09_00302	AG-892-K09	265	OG0000143	K01995	branched-chain amino acid transport system ATP-binding protein	COG0411	LivG	ABC-type branched-chain amino acid transport system, ATPase component LivG	AG-892-K09_00297	5
CACNLV010000001.1	867378	868388	-	AG-893-F11_00937	AG-893-F11	336	OG0000021	K01997	branched-chain amino acid transport system permease protein	COG0559	LivH	Branched-chain amino acid ABC-type transport system, permease component	AG-893-F11_00942	-5
CACNLV010000001.1	868390	869097	-	AG-893-F11_00938	AG-893-F11	235	OG0000065	K01996	branched-chain amino acid transport system ATP-binding protein	COG0410	LivF	ABC-type branched-chain amino acid transport system, ATPase component LivF	AG-893-F11_00942	-4
CACNLV010000001.1	869098	869883	-	AG-893-F11_00939	AG-893-F11	261	OG0000143	K01995	branched-chain amino acid transport system ATP-binding protein	COG0411	LivG	ABC-type branched-chain amino acid transport system, ATPase component LivG	AG-893-F11_00942	-3
CACNLV010000001.1	869887	870654	-	AG-893-F11_00940	AG-893-F11	255	OG0000676	NA	NA	COG0345	ProC	Pyrroline-5-carboxylate reductase	AG-893-F11_00942	-2
CACNLV010000001.1	870685	871599	-	AG-893-F11_00941	AG-893-F11	304	OG0001090	K15737	glutarate dioxygenase [EC:1.14.11.64]	NA	NA	NA	AG-893-F11_00942	-1
CACNLV010000001.1	871596	871919	-	AG-893-F11_00942	AG-893-F11	107	OG0001083	NA	NA	COG4392	AzlD2	Branched-chain amino acid transport protein	AG-893-F11_00942	0
CACNLV010000001.1	871909	872613	-	AG-893-F11_00943	AG-893-F11	234	OG0001073	NA	NA	COG1296	AzlC	Predicted branched-chain amino acid permease (azaleucine resistance)	AG-893-F11_00942	1
CACNLV010000001.1	872613	873398	-	AG-893-F11_00944	AG-893-F11	261	OG0001077	NA	NA	COG0410	LivF	ABC-type branched-chain amino acid transport system, ATPase component LivF	AG-893-F11_00942	2
CACNLV010000001.1	873398	874138	-	AG-893-F11_00945	AG-893-F11	246	OG0000928	K01995	branched-chain amino acid transport system ATP-binding protein	COG0411	LivG	ABC-type branched-chain amino acid transport system, ATPase component LivG	AG-893-F11_00942	3
CACNLV010000001.1	874135	875196	-	AG-893-F11_00946	AG-893-F11	353	OG0001109	NA	NA	COG4177	LivM	ABC-type branched-chain amino acid transport system, permease component	AG-893-F11_00942	4
CACNLV010000001.1	875196	875792	-	AG-893-F11_00947	AG-893-F11	198	OG0001459	NA	NA	NA	NA	NA	AG-893-F11_00942	5
CACNPC010000001.1	170898	171605	-	AG-893-J08_00175	AG-893-J08	235	OG0000065	K01996	branched-chain amino acid transport system ATP-binding protein	COG0410	LivF	ABC-type branched-chain amino acid transport system, ATPase component LivF	AG-893-J08_00180	-5
CACNPC010000001.1	171605	172393	-	AG-893-J08_00176	AG-893-J08	262	OG0000143	K01995	branched-chain amino acid transport system ATP-binding protein	COG0411	LivG	ABC-type branched-chain amino acid transport system, ATPase component LivG	AG-893-J08_00180	-4
CACNPC010000001.1	172395	173168	-	AG-893-J08_00177	AG-893-J08	257	OG0000676	NA	NA	COG0345	ProC	Pyrroline-5-carboxylate reductase	AG-893-J08_00180	-3
CACNPC010000001.1	173202	174122	-	AG-893-J08_00178	AG-893-J08	306	OG0001090	K15737	glutarate dioxygenase [EC:1.14.11.64]	NA	NA	NA	AG-893-J08_00180	-2
CACNPC010000001.1	174128	174634	-	AG-893-J08_00179	AG-893-J08	168	OG0001207	NA	NA	COG1357	DotG	Type IVB secretion/DNA transfer system protein DotG/IcmE, contains pentapeptide repeats	AG-893-J08_00180	-1
CACNPC010000001.1	174635	174961	-	AG-893-J08_00180	AG-893-J08	108	OG0001083	NA	NA	COG4392	AzlD2	Branched-chain amino acid transport protein	AG-893-J08_00180	0
CACNPC010000001.1	174951	175655	-	AG-893-J08_00181	AG-893-J08	234	OG0001073	NA	NA	COG1296	AzlC	Predicted branched-chain amino acid permease (azaleucine resistance)	AG-893-J08_00180	1
CACNPC010000001.1	175652	176437	-	AG-893-J08_00182	AG-893-J08	261	OG0001077	NA	NA	COG0410	LivF	ABC-type branched-chain amino acid transport system, ATPase component LivF	AG-893-J08_00180	2
CACNPC010000001.1	176437	177177	-	AG-893-J08_00183	AG-893-J08	246	OG0000928	K01995	branched-chain amino acid transport system ATP-binding protein	COG0411	LivG	ABC-type branched-chain amino acid transport system, ATPase component LivG	AG-893-J08_00180	3
CACNPC010000001.1	177174	178226	-	AG-893-J08_00184	AG-893-J08	350	OG0001109	NA	NA	COG4177	LivM	ABC-type branched-chain amino acid transport system, permease component	AG-893-J08_00180	4
CACNPC010000001.1	178213	178395	-	AG-893-J08_00185	AG-893-J08	60	OG0001356	NA	NA	NA	NA	NA	AG-893-J08_00180	5
CACNRC010000001.1	231235	231942	-	AG-893-L07_00232	AG-893-L07	235	OG0000065	K01996	branched-chain amino acid transport system ATP-binding protein	COG0410	LivF	ABC-type branched-chain amino acid transport system, ATPase component LivF	AG-893-L07_00237	-5
CACNRC010000001.1	231948	232715	-	AG-893-L07_00233	AG-893-L07	255	OG0000143	K01995	branched-chain amino acid transport system ATP-binding protein	COG0411	LivG	ABC-type branched-chain amino acid transport system, ATPase component LivG	AG-893-L07_00237	-4
CACNRC010000001.1	232730	233500	-	AG-893-L07_00234	AG-893-L07	256	OG0000676	NA	NA	COG0345	ProC	Pyrroline-5-carboxylate reductase	AG-893-L07_00237	-3
CACNRC010000001.1	233517	234437	-	AG-893-L07_00235	AG-893-L07	306	OG0001090	K15737	glutarate dioxygenase [EC:1.14.11.64]	COG2175	TauD	Taurine dioxygenase, alpha-ketoglutarate-dependent	AG-893-L07_00237	-2
CACNRC010000001.1	234442	234948	-	AG-893-L07_00236	AG-893-L07	168	OG0001207	NA	NA	COG1357	DotG	Type IVB secretion/DNA transfer system protein DotG/IcmE, contains pentapeptide repeats	AG-893-L07_00237	-1
CACNRC010000001.1	234945	235271	-	AG-893-L07_00237	AG-893-L07	108	OG0001083	NA	NA	COG4392	AzlD2	Branched-chain amino acid transport protein	AG-893-L07_00237	0
CACNRC010000001.1	235261	235965	-	AG-893-L07_00238	AG-893-L07	234	OG0001073	NA	NA	COG1296	AzlC	Predicted branched-chain amino acid permease (azaleucine resistance)	AG-893-L07_00237	1
CACNRC010000001.1	235965	236750	-	AG-893-L07_00239	AG-893-L07	261	OG0001077	NA	NA	COG0410	LivF	ABC-type branched-chain amino acid transport system, ATPase component LivF	AG-893-L07_00237	2
CACNRC010000001.1	236750	237490	-	AG-893-L07_00240	AG-893-L07	246	OG0000928	K01995	branched-chain amino acid transport system ATP-binding protein	COG0411	LivG	ABC-type branched-chain amino acid transport system, ATPase component LivG	AG-893-L07_00237	3
CACNRC010000001.1	237487	238539	-	AG-893-L07_00241	AG-893-L07	350	OG0001109	NA	NA	COG4177	LivM	ABC-type branched-chain amino acid transport system, permease component	AG-893-L07_00237	4
CACNRC010000001.1	238526	238708	-	AG-893-L07_00242	AG-893-L07	60	OG0001356	NA	NA	NA	NA	NA	AG-893-L07_00237	5
CACNTH010000002.1	73713	74420	-	AG-893-M22_00534	AG-893-M22	235	OG0000065	K01996	branched-chain amino acid transport system ATP-binding protein	COG0410	LivF	ABC-type branched-chain amino acid transport system, ATPase component LivF	AG-893-M22_00539	-5
CACNTH010000002.1	74420	75208	-	AG-893-M22_00535	AG-893-M22	262	OG0000143	K01995	branched-chain amino acid transport system ATP-binding protein	COG0411	LivG	ABC-type branched-chain amino acid transport system, ATPase component LivG	AG-893-M22_00539	-4
CACNTH010000002.1	75210	75983	-	AG-893-M22_00536	AG-893-M22	257	OG0000676	NA	NA	COG0345	ProC	Pyrroline-5-carboxylate reductase	AG-893-M22_00539	-3
CACNTH010000002.1	76017	76937	-	AG-893-M22_00537	AG-893-M22	306	OG0001090	K15737	glutarate dioxygenase [EC:1.14.11.64]	NA	NA	NA	AG-893-M22_00539	-2
CACNTH010000002.1	76943	77449	-	AG-893-M22_00538	AG-893-M22	168	OG0001207	NA	NA	COG1357	DotG	Type IVB secretion/DNA transfer system protein DotG/IcmE, contains pentapeptide repeats	AG-893-M22_00539	-1
CACNTH010000002.1	77450	77776	-	AG-893-M22_00539	AG-893-M22	108	OG0001083	NA	NA	COG4392	AzlD2	Branched-chain amino acid transport protein	AG-893-M22_00539	0
CACNTH010000002.1	77766	78470	-	AG-893-M22_00540	AG-893-M22	234	OG0001073	NA	NA	COG1296	AzlC	Predicted branched-chain amino acid permease (azaleucine resistance)	AG-893-M22_00539	1
CACNTH010000002.1	78467	79252	-	AG-893-M22_00541	AG-893-M22	261	OG0001077	NA	NA	COG0410	LivF	ABC-type branched-chain amino acid transport system, ATPase component LivF	AG-893-M22_00539	2
CACNTH010000002.1	79252	79992	-	AG-893-M22_00542	AG-893-M22	246	OG0000928	K01995	branched-chain amino acid transport system ATP-binding protein	COG0411	LivG	ABC-type branched-chain amino acid transport system, ATPase component LivG	AG-893-M22_00539	3
CACNTH010000002.1	79989	81041	-	AG-893-M22_00543	AG-893-M22	350	OG0001109	NA	NA	COG4177	LivM	ABC-type branched-chain amino acid transport system, permease component	AG-893-M22_00539	4
CACNTH010000002.1	81028	81210	-	AG-893-M22_00544	AG-893-M22	60	OG0001356	NA	NA	NA	NA	NA	AG-893-M22_00539	5
CACNTW010000003.1	45605	46312	-	AG-893-N07_00595	AG-893-N07	235	OG0000065	K01996	branched-chain amino acid transport system ATP-binding protein	COG0410	LivF	ABC-type branched-chain amino acid transport system, ATPase component LivF	AG-893-N07_00600	-5
CACNTW010000003.1	46312	47100	-	AG-893-N07_00596	AG-893-N07	262	OG0000143	K01995	branched-chain amino acid transport system ATP-binding protein	COG0411	LivG	ABC-type branched-chain amino acid transport system, ATPase component LivG	AG-893-N07_00600	-4
CACNTW010000003.1	47102	47875	-	AG-893-N07_00597	AG-893-N07	257	OG0000676	NA	NA	COG0345	ProC	Pyrroline-5-carboxylate reductase	AG-893-N07_00600	-3
CACNTW010000003.1	47909	48829	-	AG-893-N07_00598	AG-893-N07	306	OG0001090	K15737	glutarate dioxygenase [EC:1.14.11.64]	NA	NA	NA	AG-893-N07_00600	-2
CACNTW010000003.1	48835	49341	-	AG-893-N07_00599	AG-893-N07	168	OG0001207	NA	NA	COG1357	DotG	Type IVB secretion/DNA transfer system protein DotG/IcmE, contains pentapeptide repeats	AG-893-N07_00600	-1
CACNTW010000003.1	49342	49668	-	AG-893-N07_00600	AG-893-N07	108	OG0001083	NA	NA	COG4392	AzlD2	Branched-chain amino acid transport protein	AG-893-N07_00600	0
CACNTW010000003.1	49658	50362	-	AG-893-N07_00601	AG-893-N07	234	OG0001073	NA	NA	COG1296	AzlC	Predicted branched-chain amino acid permease (azaleucine resistance)	AG-893-N07_00600	1
CACNTW010000003.1	50359	51144	-	AG-893-N07_00602	AG-893-N07	261	OG0001077	NA	NA	COG0410	LivF	ABC-type branched-chain amino acid transport system, ATPase component LivF	AG-893-N07_00600	2
CACNTW010000003.1	51144	51884	-	AG-893-N07_00603	AG-893-N07	246	OG0000928	K01995	branched-chain amino acid transport system ATP-binding protein	COG0411	LivG	ABC-type branched-chain amino acid transport system, ATPase component LivG	AG-893-N07_00600	3
CACNTW010000003.1	51881	52933	-	AG-893-N07_00604	AG-893-N07	350	OG0001109	NA	NA	COG4177	LivM	ABC-type branched-chain amino acid transport system, permease component	AG-893-N07_00600	4
CACNTW010000003.1	52920	53102	-	AG-893-N07_00605	AG-893-N07	60	OG0001356	NA	NA	NA	NA	NA	AG-893-N07_00600	5
CACNVR010000020.1	641	889	+	AG-893-P10_01028	AG-893-P10	82	OG0003310	NA	NA	NA	NA	NA	AG-893-P10_01029	-1
CACNVR010000020.1	873	1196	-	AG-893-P10_01029	AG-893-P10	107	OG0001083	NA	NA	COG4392	AzlD2	Branched-chain amino acid transport protein	AG-893-P10_01029	0
CACNVR010000020.1	1186	1890	-	AG-893-P10_01030	AG-893-P10	234	OG0001073	NA	NA	COG1296	AzlC	Predicted branched-chain amino acid permease (azaleucine resistance)	AG-893-P10_01029	1
CACNVR010000020.1	1890	2675	-	AG-893-P10_01031	AG-893-P10	261	OG0001077	NA	NA	COG0410	LivF	ABC-type branched-chain amino acid transport system, ATPase component LivF	AG-893-P10_01029	2
CACNVR010000020.1	2675	3415	-	AG-893-P10_01032	AG-893-P10	246	OG0000928	K01995	branched-chain amino acid transport system ATP-binding protein	COG0411	LivG	ABC-type branched-chain amino acid transport system, ATPase component LivG	AG-893-P10_01029	3
CACNVR010000020.1	3412	4461	-	AG-893-P10_01033	AG-893-P10	349	OG0001109	NA	NA	COG4177	LivM	ABC-type branched-chain amino acid transport system, permease component	AG-893-P10_01029	4
CACNVR010000020.1	4461	5354	-	AG-893-P10_01034	AG-893-P10	297	OG0001225	K01997	branched-chain amino acid transport system permease protein	COG0559	LivH	Branched-chain amino acid ABC-type transport system, permease component	AG-893-P10_01029	5
CABYDS010000004.1	59838	60020	+	AG-894-A03_00621	AG-894-A03	60	OG0001356	NA	NA	NA	NA	NA	AG-894-A03_00626	-5
CABYDS010000004.1	60007	61059	+	AG-894-A03_00622	AG-894-A03	350	OG0001109	NA	NA	COG4177	LivM	ABC-type branched-chain amino acid transport system, permease component	AG-894-A03_00626	-4
CABYDS010000004.1	61056	61796	+	AG-894-A03_00623	AG-894-A03	246	OG0000928	K01995	branched-chain amino acid transport system ATP-binding protein	COG0411	LivG	ABC-type branched-chain amino acid transport system, ATPase component LivG	AG-894-A03_00626	-3
CABYDS010000004.1	61796	62581	+	AG-894-A03_00624	AG-894-A03	261	OG0001077	NA	NA	COG0410	LivF	ABC-type branched-chain amino acid transport system, ATPase component LivF	AG-894-A03_00626	-2
CABYDS010000004.1	62578	63282	+	AG-894-A03_00625	AG-894-A03	234	OG0001073	NA	NA	COG1296	AzlC	Predicted branched-chain amino acid permease (azaleucine resistance)	AG-894-A03_00626	-1
CABYDS010000004.1	63272	63598	+	AG-894-A03_00626	AG-894-A03	108	OG0001083	NA	NA	COG4392	AzlD2	Branched-chain amino acid transport protein	AG-894-A03_00626	0
CABYDS010000004.1	63599	64105	+	AG-894-A03_00627	AG-894-A03	168	OG0001207	NA	NA	COG1357	DotG	Type IVB secretion/DNA transfer system protein DotG/IcmE, contains pentapeptide repeats	AG-894-A03_00626	1
CABYDS010000004.1	64111	65031	+	AG-894-A03_00628	AG-894-A03	306	OG0001090	K15737	glutarate dioxygenase [EC:1.14.11.64]	NA	NA	NA	AG-894-A03_00626	2
CABYDS010000004.1	65065	65838	+	AG-894-A03_00629	AG-894-A03	257	OG0000676	NA	NA	COG0345	ProC	Pyrroline-5-carboxylate reductase	AG-894-A03_00626	3
CABYDS010000004.1	65840	66628	+	AG-894-A03_00630	AG-894-A03	262	OG0000143	K01995	branched-chain amino acid transport system ATP-binding protein	COG0411	LivG	ABC-type branched-chain amino acid transport system, ATPase component LivG	AG-894-A03_00626	4
CABYDS010000004.1	66628	67335	+	AG-894-A03_00631	AG-894-A03	235	OG0000065	K01996	branched-chain amino acid transport system ATP-binding protein	COG0410	LivF	ABC-type branched-chain amino acid transport system, ATPase component LivF	AG-894-A03_00626	5
CABYFB010000004.1	111035	111217	+	AG-894-B06_00771	AG-894-B06	60	OG0001356	NA	NA	NA	NA	NA	AG-894-B06_00776	-5
CABYFB010000004.1	111204	112256	+	AG-894-B06_00772	AG-894-B06	350	OG0001109	NA	NA	COG4177	LivM	ABC-type branched-chain amino acid transport system, permease component	AG-894-B06_00776	-4
CABYFB010000004.1	112253	112993	+	AG-894-B06_00773	AG-894-B06	246	OG0000928	K01995	branched-chain amino acid transport system ATP-binding protein	COG0411	LivG	ABC-type branched-chain amino acid transport system, ATPase component LivG	AG-894-B06_00776	-3
CABYFB010000004.1	112993	113778	+	AG-894-B06_00774	AG-894-B06	261	OG0001077	NA	NA	COG0410	LivF	ABC-type branched-chain amino acid transport system, ATPase component LivF	AG-894-B06_00776	-2
CABYFB010000004.1	113775	114479	+	AG-894-B06_00775	AG-894-B06	234	OG0001073	NA	NA	COG1296	AzlC	Predicted branched-chain amino acid permease (azaleucine resistance)	AG-894-B06_00776	-1
CABYFB010000004.1	114469	114795	+	AG-894-B06_00776	AG-894-B06	108	OG0001083	NA	NA	COG4392	AzlD2	Branched-chain amino acid transport protein	AG-894-B06_00776	0
CABYFB010000004.1	114796	115302	+	AG-894-B06_00777	AG-894-B06	168	OG0001207	NA	NA	COG1357	DotG	Type IVB secretion/DNA transfer system protein DotG/IcmE, contains pentapeptide repeats	AG-894-B06_00776	1
CABYFB010000004.1	115308	116228	+	AG-894-B06_00778	AG-894-B06	306	OG0001090	K15737	glutarate dioxygenase [EC:1.14.11.64]	NA	NA	NA	AG-894-B06_00776	2
CABYFB010000004.1	116262	117035	+	AG-894-B06_00779	AG-894-B06	257	OG0000676	NA	NA	COG0345	ProC	Pyrroline-5-carboxylate reductase	AG-894-B06_00776	3
CABYFB010000004.1	117037	117825	+	AG-894-B06_00780	AG-894-B06	262	OG0000143	K01995	branched-chain amino acid transport system ATP-binding protein	COG0411	LivG	ABC-type branched-chain amino acid transport system, ATPase component LivG	AG-894-B06_00776	4
CABYFB010000004.1	117825	118532	+	AG-894-B06_00781	AG-894-B06	235	OG0000065	K01996	branched-chain amino acid transport system ATP-binding protein	COG0410	LivF	ABC-type branched-chain amino acid transport system, ATPase component LivF	AG-894-B06_00776	5
CABYFA010000005.1	33717	34610	+	AG-894-B07_00677	AG-894-B07	297	OG0001225	K01997	branched-chain amino acid transport system permease protein	COG0559	LivH	Branched-chain amino acid ABC-type transport system, permease component	AG-894-B07_00682	-5
CABYFA010000005.1	34610	35659	+	AG-894-B07_00678	AG-894-B07	349	OG0001109	NA	NA	COG4177	LivM	ABC-type branched-chain amino acid transport system, permease component	AG-894-B07_00682	-4
CABYFA010000005.1	35656	36396	+	AG-894-B07_00679	AG-894-B07	246	OG0000928	K01995	branched-chain amino acid transport system ATP-binding protein	COG0411	LivG	ABC-type branched-chain amino acid transport system, ATPase component LivG	AG-894-B07_00682	-3
CABYFA010000005.1	36396	37181	+	AG-894-B07_00680	AG-894-B07	261	OG0001077	NA	NA	COG0410	LivF	ABC-type branched-chain amino acid transport system, ATPase component LivF	AG-894-B07_00682	-2
CABYFA010000005.1	37181	37885	+	AG-894-B07_00681	AG-894-B07	234	OG0001073	NA	NA	COG1296	AzlC	Predicted branched-chain amino acid permease (azaleucine resistance)	AG-894-B07_00682	-1
CABYFA010000005.1	37875	38198	+	AG-894-B07_00682	AG-894-B07	107	OG0001083	NA	NA	COG4392	AzlD2	Branched-chain amino acid transport protein	AG-894-B07_00682	0
CABYFA010000005.1	38195	39109	+	AG-894-B07_00683	AG-894-B07	304	OG0001090	K15737	glutarate dioxygenase [EC:1.14.11.64]	NA	NA	NA	AG-894-B07_00682	1
CABYFA010000005.1	39136	39903	+	AG-894-B07_00684	AG-894-B07	255	OG0000676	NA	NA	COG0345	ProC	Pyrroline-5-carboxylate reductase	AG-894-B07_00682	2
CABYFA010000005.1	39907	40692	+	AG-894-B07_00685	AG-894-B07	261	OG0000143	K01995	branched-chain amino acid transport system ATP-binding protein	COG0411	LivG	ABC-type branched-chain amino acid transport system, ATPase component LivG	AG-894-B07_00682	3
CABYFA010000005.1	40695	41402	+	AG-894-B07_00686	AG-894-B07	235	OG0000065	K01996	branched-chain amino acid transport system ATP-binding protein	COG0410	LivF	ABC-type branched-chain amino acid transport system, ATPase component LivF	AG-894-B07_00682	4
CABYFA010000005.1	41404	42414	+	AG-894-B07_00687	AG-894-B07	336	OG0000021	K01997	branched-chain amino acid transport system permease protein	COG0559	LivH	Branched-chain amino acid ABC-type transport system, permease component	AG-894-B07_00682	5
CABYGC010000001.1	303949	304959	-	AG-894-C14_00348	AG-894-C14	336	OG0000021	K01997	branched-chain amino acid transport system permease protein	COG0559	LivH	Branched-chain amino acid ABC-type transport system, permease component	AG-894-C14_00353	-5
CABYGC010000001.1	304961	305668	-	AG-894-C14_00349	AG-894-C14	235	OG0000065	K01996	branched-chain amino acid transport system ATP-binding protein	COG0410	LivF	ABC-type branched-chain amino acid transport system, ATPase component LivF	AG-894-C14_00353	-4
CABYGC010000001.1	305668	306456	-	AG-894-C14_00350	AG-894-C14	262	OG0000143	K01995	branched-chain amino acid transport system ATP-binding protein	COG0411	LivG	ABC-type branched-chain amino acid transport system, ATPase component LivG	AG-894-C14_00353	-3
CABYGC010000001.1	306462	307229	-	AG-894-C14_00351	AG-894-C14	255	OG0000676	NA	NA	COG0345	ProC	Pyrroline-5-carboxylate reductase	AG-894-C14_00353	-2
CABYGC010000001.1	307264	308175	-	AG-894-C14_00352	AG-894-C14	303	OG0001090	K15737	glutarate dioxygenase [EC:1.14.11.64]	NA	NA	NA	AG-894-C14_00353	-1
CABYGC010000001.1	308216	308539	-	AG-894-C14_00353	AG-894-C14	107	OG0001083	NA	NA	COG4392	AzlD2	Branched-chain amino acid transport protein	AG-894-C14_00353	0
CABYGC010000001.1	308529	309233	-	AG-894-C14_00354	AG-894-C14	234	OG0001073	NA	NA	COG1296	AzlC	Predicted branched-chain amino acid permease (azaleucine resistance)	AG-894-C14_00353	1
CABYGC010000001.1	309233	310018	-	AG-894-C14_00355	AG-894-C14	261	OG0001077	NA	NA	COG0410	LivF	ABC-type branched-chain amino acid transport system, ATPase component LivF	AG-894-C14_00353	2
CABYGC010000001.1	310018	310758	-	AG-894-C14_00356	AG-894-C14	246	OG0000928	K01995	branched-chain amino acid transport system ATP-binding protein	COG0411	LivG	ABC-type branched-chain amino acid transport system, ATPase component LivG	AG-894-C14_00353	3
CABYGC010000001.1	310755	311813	-	AG-894-C14_00357	AG-894-C14	352	OG0001109	NA	NA	COG4177	LivM	ABC-type branched-chain amino acid transport system, permease component	AG-894-C14_00353	4
CABYGC010000001.1	311810	312703	-	AG-894-C14_00358	AG-894-C14	297	OG0001225	K01997	branched-chain amino acid transport system permease protein	COG0559	LivH	Branched-chain amino acid ABC-type transport system, permease component	AG-894-C14_00353	5
CABYID010000006.1	65058	65240	+	AG-894-E10_01086	AG-894-E10	60	OG0001356	NA	NA	NA	NA	NA	AG-894-E10_01091	-5
CABYID010000006.1	65227	66279	+	AG-894-E10_01087	AG-894-E10	350	OG0001109	NA	NA	COG4177	LivM	ABC-type branched-chain amino acid transport system, permease component	AG-894-E10_01091	-4
CABYID010000006.1	66276	67016	+	AG-894-E10_01088	AG-894-E10	246	OG0000928	K01995	branched-chain amino acid transport system ATP-binding protein	COG0411	LivG	ABC-type branched-chain amino acid transport system, ATPase component LivG	AG-894-E10_01091	-3
CABYID010000006.1	67016	67801	+	AG-894-E10_01089	AG-894-E10	261	OG0001077	NA	NA	COG0410	LivF	ABC-type branched-chain amino acid transport system, ATPase component LivF	AG-894-E10_01091	-2
CABYID010000006.1	67798	68502	+	AG-894-E10_01090	AG-894-E10	234	OG0001073	NA	NA	COG1296	AzlC	Predicted branched-chain amino acid permease (azaleucine resistance)	AG-894-E10_01091	-1
CABYID010000006.1	68492	68818	+	AG-894-E10_01091	AG-894-E10	108	OG0001083	NA	NA	COG4392	AzlD2	Branched-chain amino acid transport protein	AG-894-E10_01091	0
CABYID010000006.1	68819	69325	+	AG-894-E10_01092	AG-894-E10	168	OG0001207	NA	NA	COG1357	DotG	Type IVB secretion/DNA transfer system protein DotG/IcmE, contains pentapeptide repeats	AG-894-E10_01091	1
CABYID010000006.1	69331	70251	+	AG-894-E10_01093	AG-894-E10	306	OG0001090	K15737	glutarate dioxygenase [EC:1.14.11.64]	NA	NA	NA	AG-894-E10_01091	2
CABYID010000006.1	70285	71058	+	AG-894-E10_01094	AG-894-E10	257	OG0000676	NA	NA	COG0345	ProC	Pyrroline-5-carboxylate reductase	AG-894-E10_01091	3
CABYID010000006.1	71060	71848	+	AG-894-E10_01095	AG-894-E10	262	OG0000143	K01995	branched-chain amino acid transport system ATP-binding protein	COG0411	LivG	ABC-type branched-chain amino acid transport system, ATPase component LivG	AG-894-E10_01091	4
CABYID010000006.1	71848	72555	+	AG-894-E10_01096	AG-894-E10	235	OG0000065	K01996	branched-chain amino acid transport system ATP-binding protein	COG0410	LivF	ABC-type branched-chain amino acid transport system, ATPase component LivF	AG-894-E10_01091	5
CABYIW010000008.1	177	701	+	AG-894-F15_00942	AG-894-F15	174	OG0001073	NA	NA	COG1296	AzlC	Predicted branched-chain amino acid permease (azaleucine resistance)	AG-894-F15_00943	-1
CABYIW010000008.1	691	1017	+	AG-894-F15_00943	AG-894-F15	108	OG0001083	NA	NA	COG4392	AzlD2	Branched-chain amino acid transport protein	AG-894-F15_00943	0
CABYIW010000008.1	1018	1524	+	AG-894-F15_00944	AG-894-F15	168	OG0001207	NA	NA	COG1357	DotG	Type IVB secretion/DNA transfer system protein DotG/IcmE, contains pentapeptide repeats	AG-894-F15_00943	1
CABYIW010000008.1	1530	2450	+	AG-894-F15_00945	AG-894-F15	306	OG0001090	K15737	glutarate dioxygenase [EC:1.14.11.64]	NA	NA	NA	AG-894-F15_00943	2
CABYIW010000008.1	2484	3257	+	AG-894-F15_00946	AG-894-F15	257	OG0000676	NA	NA	COG0345	ProC	Pyrroline-5-carboxylate reductase	AG-894-F15_00943	3
CABYIW010000008.1	3259	4047	+	AG-894-F15_00947	AG-894-F15	262	OG0000143	K01995	branched-chain amino acid transport system ATP-binding protein	COG0411	LivG	ABC-type branched-chain amino acid transport system, ATPase component LivG	AG-894-F15_00943	4
CABYIW010000008.1	4047	4754	+	AG-894-F15_00948	AG-894-F15	235	OG0000065	K01996	branched-chain amino acid transport system ATP-binding protein	COG0410	LivF	ABC-type branched-chain amino acid transport system, ATPase component LivF	AG-894-F15_00943	5
CABYNY010000001.1	224839	225849	-	AG-894-K15_00257	AG-894-K15	336	OG0000021	K01997	branched-chain amino acid transport system permease protein	COG0559	LivH	Branched-chain amino acid ABC-type transport system, permease component	AG-894-K15_00262	-5
CABYNY010000001.1	225851	226558	-	AG-894-K15_00258	AG-894-K15	235	OG0000065	K01996	branched-chain amino acid transport system ATP-binding protein	COG0410	LivF	ABC-type branched-chain amino acid transport system, ATPase component LivF	AG-894-K15_00262	-4
CABYNY010000001.1	226559	227344	-	AG-894-K15_00259	AG-894-K15	261	OG0000143	K01995	branched-chain amino acid transport system ATP-binding protein	COG0411	LivG	ABC-type branched-chain amino acid transport system, ATPase component LivG	AG-894-K15_00262	-3
CABYNY010000001.1	227348	228115	-	AG-894-K15_00260	AG-894-K15	255	OG0000676	NA	NA	COG0345	ProC	Pyrroline-5-carboxylate reductase	AG-894-K15_00262	-2
CABYNY010000001.1	228146	229060	-	AG-894-K15_00261	AG-894-K15	304	OG0001090	K15737	glutarate dioxygenase [EC:1.14.11.64]	NA	NA	NA	AG-894-K15_00262	-1
CABYNY010000001.1	229057	229380	-	AG-894-K15_00262	AG-894-K15	107	OG0001083	NA	NA	COG4392	AzlD2	Branched-chain amino acid transport protein	AG-894-K15_00262	0
CABYNY010000001.1	229370	230074	-	AG-894-K15_00263	AG-894-K15	234	OG0001073	NA	NA	COG1296	AzlC	Predicted branched-chain amino acid permease (azaleucine resistance)	AG-894-K15_00262	1
CABYNY010000001.1	230074	230859	-	AG-894-K15_00264	AG-894-K15	261	OG0001077	NA	NA	COG0410	LivF	ABC-type branched-chain amino acid transport system, ATPase component LivF	AG-894-K15_00262	2
CABYNY010000001.1	230859	231599	-	AG-894-K15_00265	AG-894-K15	246	OG0000928	K01995	branched-chain amino acid transport system ATP-binding protein	COG0411	LivG	ABC-type branched-chain amino acid transport system, ATPase component LivG	AG-894-K15_00262	3
CABYNY010000001.1	231596	232645	-	AG-894-K15_00266	AG-894-K15	349	OG0001109	NA	NA	COG4177	LivM	ABC-type branched-chain amino acid transport system, permease component	AG-894-K15_00262	4
CABYNY010000001.1	232645	233538	-	AG-894-K15_00267	AG-894-K15	297	OG0001225	K01997	branched-chain amino acid transport system permease protein	COG0559	LivH	Branched-chain amino acid ABC-type transport system, permease component	AG-894-K15_00262	5
CABYOW010000001.1	96533	97426	+	AG-894-L13_00106	AG-894-L13	297	OG0001225	K01997	branched-chain amino acid transport system permease protein	COG0559	LivH	Branched-chain amino acid ABC-type transport system, permease component	AG-894-L13_00111	-5
CABYOW010000001.1	97426	98475	+	AG-894-L13_00107	AG-894-L13	349	OG0001109	NA	NA	COG4177	LivM	ABC-type branched-chain amino acid transport system, permease component	AG-894-L13_00111	-4
CABYOW010000001.1	98472	99212	+	AG-894-L13_00108	AG-894-L13	246	OG0000928	K01995	branched-chain amino acid transport system ATP-binding protein	COG0411	LivG	ABC-type branched-chain amino acid transport system, ATPase component LivG	AG-894-L13_00111	-3
CABYOW010000001.1	99212	99997	+	AG-894-L13_00109	AG-894-L13	261	OG0001077	NA	NA	COG0410	LivF	ABC-type branched-chain amino acid transport system, ATPase component LivF	AG-894-L13_00111	-2
CABYOW010000001.1	99997	100701	+	AG-894-L13_00110	AG-894-L13	234	OG0001073	NA	NA	COG1296	AzlC	Predicted branched-chain amino acid permease (azaleucine resistance)	AG-894-L13_00111	-1
CABYOW010000001.1	100691	101014	+	AG-894-L13_00111	AG-894-L13	107	OG0001083	NA	NA	COG4392	AzlD2	Branched-chain amino acid transport protein	AG-894-L13_00111	0
CABYOW010000001.1	101011	101925	+	AG-894-L13_00112	AG-894-L13	304	OG0001090	K15737	glutarate dioxygenase [EC:1.14.11.64]	NA	NA	NA	AG-894-L13_00111	1
CABYOW010000001.1	101956	102723	+	AG-894-L13_00113	AG-894-L13	255	OG0000676	NA	NA	COG0345	ProC	Pyrroline-5-carboxylate reductase	AG-894-L13_00111	2
CABYOW010000001.1	102727	103512	+	AG-894-L13_00114	AG-894-L13	261	OG0000143	K01995	branched-chain amino acid transport system ATP-binding protein	COG0411	LivG	ABC-type branched-chain amino acid transport system, ATPase component LivG	AG-894-L13_00111	3
CABYOW010000001.1	103513	104220	+	AG-894-L13_00115	AG-894-L13	235	OG0000065	K01996	branched-chain amino acid transport system ATP-binding protein	COG0410	LivF	ABC-type branched-chain amino acid transport system, ATPase component LivF	AG-894-L13_00111	4
CABYOW010000001.1	104222	105232	+	AG-894-L13_00116	AG-894-L13	336	OG0000021	K01997	branched-chain amino acid transport system permease protein	COG0559	LivH	Branched-chain amino acid ABC-type transport system, permease component	AG-894-L13_00111	5
CABYOT010000005.1	39835	40542	-	AG-894-L17_00728	AG-894-L17	235	OG0000065	K01996	branched-chain amino acid transport system ATP-binding protein	COG0410	LivF	ABC-type branched-chain amino acid transport system, ATPase component LivF	AG-894-L17_00733	-5
CABYOT010000005.1	40543	41319	-	AG-894-L17_00729	AG-894-L17	258	OG0000143	K01995	branched-chain amino acid transport system ATP-binding protein	COG0411	LivG	ABC-type branched-chain amino acid transport system, ATPase component LivG	AG-894-L17_00733	-4
CABYOT010000005.1	41326	42096	-	AG-894-L17_00730	AG-894-L17	256	OG0000676	NA	NA	COG0345	ProC	Pyrroline-5-carboxylate reductase	AG-894-L17_00733	-3
CABYOT010000005.1	42114	43034	-	AG-894-L17_00731	AG-894-L17	306	OG0001090	K15737	glutarate dioxygenase [EC:1.14.11.64]	NA	NA	NA	AG-894-L17_00733	-2
CABYOT010000005.1	43039	43545	-	AG-894-L17_00732	AG-894-L17	168	OG0001207	NA	NA	COG1357	DotG	Type IVB secretion/DNA transfer system protein DotG/IcmE, contains pentapeptide repeats	AG-894-L17_00733	-1
CABYOT010000005.1	43542	43868	-	AG-894-L17_00733	AG-894-L17	108	OG0001083	NA	NA	COG4392	AzlD2	Branched-chain amino acid transport protein	AG-894-L17_00733	0
CABYOT010000005.1	43858	44562	-	AG-894-L17_00734	AG-894-L17	234	OG0001073	NA	NA	NA	NA	NA	AG-894-L17_00733	1
CABYOT010000005.1	44562	45347	-	AG-894-L17_00735	AG-894-L17	261	OG0001077	NA	NA	COG0410	LivF	ABC-type branched-chain amino acid transport system, ATPase component LivF	AG-894-L17_00733	2
CABYOT010000005.1	45347	46087	-	AG-894-L17_00736	AG-894-L17	246	OG0000928	K01995	branched-chain amino acid transport system ATP-binding protein	COG0411	LivG	ABC-type branched-chain amino acid transport system, ATPase component LivG	AG-894-L17_00733	3
CABYOT010000005.1	46084	47133	-	AG-894-L17_00737	AG-894-L17	349	OG0001109	NA	NA	COG4177	LivM	ABC-type branched-chain amino acid transport system, permease component	AG-894-L17_00733	4
CABYOT010000005.1	47133	48026	-	AG-894-L17_00738	AG-894-L17	297	OG0002199	K01997	branched-chain amino acid transport system permease protein	COG0559	LivH	Branched-chain amino acid ABC-type transport system, permease component	AG-894-L17_00733	5
CABYPJ010000004.1	79706	79888	+	AG-894-L19_00520	AG-894-L19	60	OG0001356	NA	NA	NA	NA	NA	AG-894-L19_00525	-5
CABYPJ010000004.1	79875	80927	+	AG-894-L19_00521	AG-894-L19	350	OG0001109	NA	NA	COG4177	LivM	ABC-type branched-chain amino acid transport system, permease component	AG-894-L19_00525	-4
CABYPJ010000004.1	80924	81664	+	AG-894-L19_00522	AG-894-L19	246	OG0000928	K01995	branched-chain amino acid transport system ATP-binding protein	COG0411	LivG	ABC-type branched-chain amino acid transport system, ATPase component LivG	AG-894-L19_00525	-3
CABYPJ010000004.1	81664	82449	+	AG-894-L19_00523	AG-894-L19	261	OG0001077	NA	NA	COG0410	LivF	ABC-type branched-chain amino acid transport system, ATPase component LivF	AG-894-L19_00525	-2
CABYPJ010000004.1	82446	83150	+	AG-894-L19_00524	AG-894-L19	234	OG0001073	NA	NA	COG1296	AzlC	Predicted branched-chain amino acid permease (azaleucine resistance)	AG-894-L19_00525	-1
CABYPJ010000004.1	83140	83466	+	AG-894-L19_00525	AG-894-L19	108	OG0001083	NA	NA	COG4392	AzlD2	Branched-chain amino acid transport protein	AG-894-L19_00525	0
CABYPJ010000004.1	83467	83973	+	AG-894-L19_00526	AG-894-L19	168	OG0001207	NA	NA	COG1357	DotG	Type IVB secretion/DNA transfer system protein DotG/IcmE, contains pentapeptide repeats	AG-894-L19_00525	1
CABYPJ010000004.1	83979	84899	+	AG-894-L19_00527	AG-894-L19	306	OG0001090	K15737	glutarate dioxygenase [EC:1.14.11.64]	NA	NA	NA	AG-894-L19_00525	2
CABYPJ010000004.1	84933	85706	+	AG-894-L19_00528	AG-894-L19	257	OG0000676	NA	NA	COG0345	ProC	Pyrroline-5-carboxylate reductase	AG-894-L19_00525	3
CABYPJ010000004.1	85708	86496	+	AG-894-L19_00529	AG-894-L19	262	OG0000143	K01995	branched-chain amino acid transport system ATP-binding protein	COG0411	LivG	ABC-type branched-chain amino acid transport system, ATPase component LivG	AG-894-L19_00525	4
CABYPJ010000004.1	86496	87203	+	AG-894-L19_00530	AG-894-L19	235	OG0000065	K01996	branched-chain amino acid transport system ATP-binding protein	COG0410	LivF	ABC-type branched-chain amino acid transport system, ATPase component LivF	AG-894-L19_00525	5
CABYUV010000005.1	34841	35023	+	AG-894-P23_00588	AG-894-P23	60	OG0001356	NA	NA	NA	NA	NA	AG-894-P23_00593	-5
CABYUV010000005.1	35010	36062	+	AG-894-P23_00589	AG-894-P23	350	OG0001109	NA	NA	COG4177	LivM	ABC-type branched-chain amino acid transport system, permease component	AG-894-P23_00593	-4
CABYUV010000005.1	36059	36799	+	AG-894-P23_00590	AG-894-P23	246	OG0000928	K01995	branched-chain amino acid transport system ATP-binding protein	COG0411	LivG	ABC-type branched-chain amino acid transport system, ATPase component LivG	AG-894-P23_00593	-3
CABYUV010000005.1	36799	37584	+	AG-894-P23_00591	AG-894-P23	261	OG0001077	NA	NA	COG0410	LivF	ABC-type branched-chain amino acid transport system, ATPase component LivF	AG-894-P23_00593	-2
CABYUV010000005.1	37584	38288	+	AG-894-P23_00592	AG-894-P23	234	OG0001073	NA	NA	COG1296	AzlC	Predicted branched-chain amino acid permease (azaleucine resistance)	AG-894-P23_00593	-1
CABYUV010000005.1	38278	38601	+	AG-894-P23_00593	AG-894-P23	107	OG0001083	NA	NA	COG4392	AzlD2	Branched-chain amino acid transport protein	AG-894-P23_00593	0
CABYUV010000005.1	38641	39552	+	AG-894-P23_00594	AG-894-P23	303	OG0001090	K15737	glutarate dioxygenase [EC:1.14.11.64]	NA	NA	NA	AG-894-P23_00593	1
CABYUV010000005.1	39585	40352	+	AG-894-P23_00595	AG-894-P23	255	OG0000676	NA	NA	COG0345	ProC	Pyrroline-5-carboxylate reductase	AG-894-P23_00593	2
CABYUV010000005.1	40358	41146	+	AG-894-P23_00596	AG-894-P23	262	OG0000143	K01995	branched-chain amino acid transport system ATP-binding protein	COG0411	LivG	ABC-type branched-chain amino acid transport system, ATPase component LivG	AG-894-P23_00593	3
CABYUV010000005.1	41146	41853	+	AG-894-P23_00597	AG-894-P23	235	OG0000065	K01996	branched-chain amino acid transport system ATP-binding protein	COG0410	LivF	ABC-type branched-chain amino acid transport system, ATPase component LivF	AG-894-P23_00593	4
CABYUV010000005.1	41855	42865	+	AG-894-P23_00598	AG-894-P23	336	OG0000021	K01997	branched-chain amino acid transport system permease protein	COG0559	LivH	Branched-chain amino acid ABC-type transport system, permease component	AG-894-P23_00593	5
CABYZT010000007.1	24572	25465	+	AG-895-F17_01119	AG-895-F17	297	OG0001225	K01997	branched-chain amino acid transport system permease protein	COG0559	LivH	Branched-chain amino acid ABC-type transport system, permease component	AG-895-F17_01124	-5
CABYZT010000007.1	25480	26529	+	AG-895-F17_01120	AG-895-F17	349	OG0001109	NA	NA	COG4177	LivM	ABC-type branched-chain amino acid transport system, permease component	AG-895-F17_01124	-4
CABYZT010000007.1	26526	27266	+	AG-895-F17_01121	AG-895-F17	246	OG0000928	K01995	branched-chain amino acid transport system ATP-binding protein	COG0411	LivG	ABC-type branched-chain amino acid transport system, ATPase component LivG	AG-895-F17_01124	-3
CABYZT010000007.1	27266	28051	+	AG-895-F17_01122	AG-895-F17	261	OG0001077	NA	NA	COG0410	LivF	ABC-type branched-chain amino acid transport system, ATPase component LivF	AG-895-F17_01124	-2
CABYZT010000007.1	28051	28755	+	AG-895-F17_01123	AG-895-F17	234	OG0001073	NA	NA	COG1296	AzlC	Predicted branched-chain amino acid permease (azaleucine resistance)	AG-895-F17_01124	-1
CABYZT010000007.1	28745	29068	+	AG-895-F17_01124	AG-895-F17	107	OG0001083	NA	NA	COG4392	AzlD2	Branched-chain amino acid transport protein	AG-895-F17_01124	0
CABYZT010000007.1	29134	29355	-	AG-895-F17_01125	AG-895-F17	73	OG0003310	NA	NA	NA	NA	NA	AG-895-F17_01124	1
CABZCX010000002.1	91375	92268	+	AG-895-J19_00583	AG-895-J19	297	OG0001225	K01997	branched-chain amino acid transport system permease protein	COG0559	LivH	Branched-chain amino acid ABC-type transport system, permease component	AG-895-J19_00588	-5
CABZCX010000002.1	92268	93317	+	AG-895-J19_00584	AG-895-J19	349	OG0001109	NA	NA	COG4177	LivM	ABC-type branched-chain amino acid transport system, permease component	AG-895-J19_00588	-4
CABZCX010000002.1	93314	94054	+	AG-895-J19_00585	AG-895-J19	246	OG0000928	K01995	branched-chain amino acid transport system ATP-binding protein	COG0411	LivG	ABC-type branched-chain amino acid transport system, ATPase component LivG	AG-895-J19_00588	-3
CABZCX010000002.1	94054	94839	+	AG-895-J19_00586	AG-895-J19	261	OG0001077	NA	NA	COG0410	LivF	ABC-type branched-chain amino acid transport system, ATPase component LivF	AG-895-J19_00588	-2
CABZCX010000002.1	94839	95543	+	AG-895-J19_00587	AG-895-J19	234	OG0001073	NA	NA	COG1296	AzlC	Predicted branched-chain amino acid permease (azaleucine resistance)	AG-895-J19_00588	-1
CABZCX010000002.1	95533	95856	+	AG-895-J19_00588	AG-895-J19	107	OG0001083	NA	NA	COG4392	AzlD2	Branched-chain amino acid transport protein	AG-895-J19_00588	0
CABZCX010000002.1	95853	96767	+	AG-895-J19_00589	AG-895-J19	304	OG0001090	K15737	glutarate dioxygenase [EC:1.14.11.64]	NA	NA	NA	AG-895-J19_00588	1
CABZCX010000002.1	96798	97565	+	AG-895-J19_00590	AG-895-J19	255	OG0000676	NA	NA	COG0345	ProC	Pyrroline-5-carboxylate reductase	AG-895-J19_00588	2
CABZCX010000002.1	97569	98354	+	AG-895-J19_00591	AG-895-J19	261	OG0000143	K01995	branched-chain amino acid transport system ATP-binding protein	COG0411	LivG	ABC-type branched-chain amino acid transport system, ATPase component LivG	AG-895-J19_00588	3
CABZCX010000002.1	98355	99062	+	AG-895-J19_00592	AG-895-J19	235	OG0000065	K01996	branched-chain amino acid transport system ATP-binding protein	COG0410	LivF	ABC-type branched-chain amino acid transport system, ATPase component LivF	AG-895-J19_00588	4
CABZCX010000002.1	99064	100074	+	AG-895-J19_00593	AG-895-J19	336	OG0000021	K01997	branched-chain amino acid transport system permease protein	COG0559	LivH	Branched-chain amino acid ABC-type transport system, permease component	AG-895-J19_00588	5
CABZDR010000002.1	172831	173841	-	AG-895-K10_00829	AG-895-K10	336	OG0000021	K01997	branched-chain amino acid transport system permease protein	COG0559	LivH	Branched-chain amino acid ABC-type transport system, permease component	AG-895-K10_00834	-5
CABZDR010000002.1	173843	174550	-	AG-895-K10_00830	AG-895-K10	235	OG0000065	K01996	branched-chain amino acid transport system ATP-binding protein	COG0410	LivF	ABC-type branched-chain amino acid transport system, ATPase component LivF	AG-895-K10_00834	-4
CABZDR010000002.1	174553	175338	-	AG-895-K10_00831	AG-895-K10	261	OG0000143	K01995	branched-chain amino acid transport system ATP-binding protein	COG0411	LivG	ABC-type branched-chain amino acid transport system, ATPase component LivG	AG-895-K10_00834	-3
CABZDR010000002.1	175342	176109	-	AG-895-K10_00832	AG-895-K10	255	OG0000676	NA	NA	COG0345	ProC	Pyrroline-5-carboxylate reductase	AG-895-K10_00834	-2
CABZDR010000002.1	176136	177050	-	AG-895-K10_00833	AG-895-K10	304	OG0001090	K15737	glutarate dioxygenase [EC:1.14.11.64]	NA	NA	NA	AG-895-K10_00834	-1
CABZDR010000002.1	177047	177370	-	AG-895-K10_00834	AG-895-K10	107	OG0001083	NA	NA	COG4392	AzlD2	Branched-chain amino acid transport protein	AG-895-K10_00834	0
CABZDR010000002.1	177360	178064	-	AG-895-K10_00835	AG-895-K10	234	OG0001073	NA	NA	COG1296	AzlC	Predicted branched-chain amino acid permease (azaleucine resistance)	AG-895-K10_00834	1
CABZDR010000002.1	178064	178849	-	AG-895-K10_00836	AG-895-K10	261	OG0001077	NA	NA	COG0410	LivF	ABC-type branched-chain amino acid transport system, ATPase component LivF	AG-895-K10_00834	2
CABZDR010000002.1	178849	179589	-	AG-895-K10_00837	AG-895-K10	246	OG0000928	K01995	branched-chain amino acid transport system ATP-binding protein	COG0411	LivG	ABC-type branched-chain amino acid transport system, ATPase component LivG	AG-895-K10_00834	3
CABZDR010000002.1	179586	180638	-	AG-895-K10_00838	AG-895-K10	350	OG0001109	NA	NA	COG4177	LivM	ABC-type branched-chain amino acid transport system, permease component	AG-895-K10_00834	4
CABZDR010000002.1	180648	181244	-	AG-895-K10_00839	AG-895-K10	198	OG0001459	NA	NA	NA	NA	NA	AG-895-K10_00834	5
CABZLS010000001.1	121998	122891	+	AG-896-C18_00130	AG-896-C18	297	OG0001225	K01997	branched-chain amino acid transport system permease protein	COG0559	LivH	Branched-chain amino acid ABC-type transport system, permease component	AG-896-C18_00135	-5
CABZLS010000001.1	122891	123940	+	AG-896-C18_00131	AG-896-C18	349	OG0001109	NA	NA	COG4177	LivM	ABC-type branched-chain amino acid transport system, permease component	AG-896-C18_00135	-4
CABZLS010000001.1	123937	124677	+	AG-896-C18_00132	AG-896-C18	246	OG0000928	K01995	branched-chain amino acid transport system ATP-binding protein	COG0411	LivG	ABC-type branched-chain amino acid transport system, ATPase component LivG	AG-896-C18_00135	-3
CABZLS010000001.1	124677	125462	+	AG-896-C18_00133	AG-896-C18	261	OG0001077	NA	NA	COG0410	LivF	ABC-type branched-chain amino acid transport system, ATPase component LivF	AG-896-C18_00135	-2
CABZLS010000001.1	125462	126166	+	AG-896-C18_00134	AG-896-C18	234	OG0001073	NA	NA	COG1296	AzlC	Predicted branched-chain amino acid permease (azaleucine resistance)	AG-896-C18_00135	-1
CABZLS010000001.1	126156	126479	+	AG-896-C18_00135	AG-896-C18	107	OG0001083	NA	NA	COG4392	AzlD2	Branched-chain amino acid transport protein	AG-896-C18_00135	0
CABZLS010000001.1	126476	127390	+	AG-896-C18_00136	AG-896-C18	304	OG0001090	K15737	glutarate dioxygenase [EC:1.14.11.64]	NA	NA	NA	AG-896-C18_00135	1
CABZLS010000001.1	127420	128187	+	AG-896-C18_00137	AG-896-C18	255	OG0000676	NA	NA	COG0345	ProC	Pyrroline-5-carboxylate reductase	AG-896-C18_00135	2
CABZLS010000001.1	128191	128976	+	AG-896-C18_00138	AG-896-C18	261	OG0000143	K01995	branched-chain amino acid transport system ATP-binding protein	COG0411	LivG	ABC-type branched-chain amino acid transport system, ATPase component LivG	AG-896-C18_00135	3
CABZLS010000001.1	128978	129685	+	AG-896-C18_00139	AG-896-C18	235	OG0000065	K01996	branched-chain amino acid transport system ATP-binding protein	COG0410	LivF	ABC-type branched-chain amino acid transport system, ATPase component LivF	AG-896-C18_00135	4
CABZLS010000001.1	129678	130697	+	AG-896-C18_00140	AG-896-C18	339	OG0000021	K01997	branched-chain amino acid transport system permease protein	COG0559	LivH	Branched-chain amino acid ABC-type transport system, permease component	AG-896-C18_00135	5
CABZOF010000001.1	146893	147600	-	AG-896-F06_00142	AG-896-F06	235	OG0000065	K01996	branched-chain amino acid transport system ATP-binding protein	COG0410	LivF	ABC-type branched-chain amino acid transport system, ATPase component LivF	AG-896-F06_00147	-5
CABZOF010000001.1	147601	148377	-	AG-896-F06_00143	AG-896-F06	258	OG0000143	K01995	branched-chain amino acid transport system ATP-binding protein	COG0411	LivG	ABC-type branched-chain amino acid transport system, ATPase component LivG	AG-896-F06_00147	-4
CABZOF010000001.1	148384	149154	-	AG-896-F06_00144	AG-896-F06	256	OG0000676	NA	NA	COG0345	ProC	Pyrroline-5-carboxylate reductase	AG-896-F06_00147	-3
CABZOF010000001.1	149172	150092	-	AG-896-F06_00145	AG-896-F06	306	OG0001090	K15737	glutarate dioxygenase [EC:1.14.11.64]	NA	NA	NA	AG-896-F06_00147	-2
CABZOF010000001.1	150097	150603	-	AG-896-F06_00146	AG-896-F06	168	OG0001207	NA	NA	COG1357	DotG	Type IVB secretion/DNA transfer system protein DotG/IcmE, contains pentapeptide repeats	AG-896-F06_00147	-1
CABZOF010000001.1	150600	150926	-	AG-896-F06_00147	AG-896-F06	108	OG0001083	NA	NA	COG4392	AzlD2	Branched-chain amino acid transport protein	AG-896-F06_00147	0
CABZOF010000001.1	150916	151620	-	AG-896-F06_00148	AG-896-F06	234	OG0001073	NA	NA	NA	NA	NA	AG-896-F06_00147	1
CABZOF010000001.1	151620	152405	-	AG-896-F06_00149	AG-896-F06	261	OG0001077	NA	NA	COG0410	LivF	ABC-type branched-chain amino acid transport system, ATPase component LivF	AG-896-F06_00147	2
CABZOF010000001.1	152405	153145	-	AG-896-F06_00150	AG-896-F06	246	OG0000928	K01995	branched-chain amino acid transport system ATP-binding protein	COG0411	LivG	ABC-type branched-chain amino acid transport system, ATPase component LivG	AG-896-F06_00147	3
CABZOF010000001.1	153142	154191	-	AG-896-F06_00151	AG-896-F06	349	OG0001109	NA	NA	COG4177	LivM	ABC-type branched-chain amino acid transport system, permease component	AG-896-F06_00147	4
CABZOF010000001.1	154191	155084	-	AG-896-F06_00152	AG-896-F06	297	OG0002199	K01997	branched-chain amino acid transport system permease protein	COG0559	LivH	Branched-chain amino acid ABC-type transport system, permease component	AG-896-F06_00147	5
CABZPQ010000005.1	65561	65743	+	AG-896-G07_00933	AG-896-G07	60	OG0001356	NA	NA	NA	NA	NA	AG-896-G07_00938	-5
CABZPQ010000005.1	65730	66782	+	AG-896-G07_00934	AG-896-G07	350	OG0001109	NA	NA	COG4177	LivM	ABC-type branched-chain amino acid transport system, permease component	AG-896-G07_00938	-4
CABZPQ010000005.1	66779	67519	+	AG-896-G07_00935	AG-896-G07	246	OG0000928	K01995	branched-chain amino acid transport system ATP-binding protein	COG0411	LivG	ABC-type branched-chain amino acid transport system, ATPase component LivG	AG-896-G07_00938	-3
CABZPQ010000005.1	67519	68304	+	AG-896-G07_00936	AG-896-G07	261	OG0001077	NA	NA	COG0410	LivF	ABC-type branched-chain amino acid transport system, ATPase component LivF	AG-896-G07_00938	-2
CABZPQ010000005.1	68301	69005	+	AG-896-G07_00937	AG-896-G07	234	OG0001073	NA	NA	COG1296	AzlC	Predicted branched-chain amino acid permease (azaleucine resistance)	AG-896-G07_00938	-1
CABZPQ010000005.1	68995	69321	+	AG-896-G07_00938	AG-896-G07	108	OG0001083	NA	NA	COG4392	AzlD2	Branched-chain amino acid transport protein	AG-896-G07_00938	0
CABZPQ010000005.1	69322	69828	+	AG-896-G07_00939	AG-896-G07	168	OG0001207	NA	NA	COG1357	DotG	Type IVB secretion/DNA transfer system protein DotG/IcmE, contains pentapeptide repeats	AG-896-G07_00938	1
CABZPQ010000005.1	69834	70754	+	AG-896-G07_00940	AG-896-G07	306	OG0001090	K15737	glutarate dioxygenase [EC:1.14.11.64]	NA	NA	NA	AG-896-G07_00938	2
CABZPQ010000005.1	70788	71561	+	AG-896-G07_00941	AG-896-G07	257	OG0000676	NA	NA	COG0345	ProC	Pyrroline-5-carboxylate reductase	AG-896-G07_00938	3
CABZPQ010000005.1	71563	72351	+	AG-896-G07_00942	AG-896-G07	262	OG0000143	K01995	branched-chain amino acid transport system ATP-binding protein	COG0411	LivG	ABC-type branched-chain amino acid transport system, ATPase component LivG	AG-896-G07_00938	4
CABZPQ010000005.1	72351	73058	+	AG-896-G07_00943	AG-896-G07	235	OG0000065	K01996	branched-chain amino acid transport system ATP-binding protein	COG0410	LivF	ABC-type branched-chain amino acid transport system, ATPase component LivF	AG-896-G07_00938	5
CABZTB010000002.1	21471	22364	+	AG-896-K10_00556	AG-896-K10	297	OG0001225	K01997	branched-chain amino acid transport system permease protein	COG0559	LivH	Branched-chain amino acid ABC-type transport system, permease component	AG-896-K10_00561	-5
CABZTB010000002.1	22364	23413	+	AG-896-K10_00557	AG-896-K10	349	OG0001109	NA	NA	COG4177	LivM	ABC-type branched-chain amino acid transport system, permease component	AG-896-K10_00561	-4
CABZTB010000002.1	23410	24150	+	AG-896-K10_00558	AG-896-K10	246	OG0000928	K01995	branched-chain amino acid transport system ATP-binding protein	COG0411	LivG	ABC-type branched-chain amino acid transport system, ATPase component LivG	AG-896-K10_00561	-3
CABZTB010000002.1	24150	24935	+	AG-896-K10_00559	AG-896-K10	261	OG0001077	NA	NA	COG0410	LivF	ABC-type branched-chain amino acid transport system, ATPase component LivF	AG-896-K10_00561	-2
CABZTB010000002.1	24935	25639	+	AG-896-K10_00560	AG-896-K10	234	OG0001073	NA	NA	COG1296	AzlC	Predicted branched-chain amino acid permease (azaleucine resistance)	AG-896-K10_00561	-1
CABZTB010000002.1	25629	25952	+	AG-896-K10_00561	AG-896-K10	107	OG0001083	NA	NA	COG4392	AzlD2	Branched-chain amino acid transport protein	AG-896-K10_00561	0
CABZTB010000002.1	25949	26863	+	AG-896-K10_00562	AG-896-K10	304	OG0001090	K15737	glutarate dioxygenase [EC:1.14.11.64]	NA	NA	NA	AG-896-K10_00561	1
CABZTB010000002.1	26890	27657	+	AG-896-K10_00563	AG-896-K10	255	OG0000676	NA	NA	COG0345	ProC	Pyrroline-5-carboxylate reductase	AG-896-K10_00561	2
CABZTB010000002.1	27661	28446	+	AG-896-K10_00564	AG-896-K10	261	OG0000143	K01995	branched-chain amino acid transport system ATP-binding protein	COG0411	LivG	ABC-type branched-chain amino acid transport system, ATPase component LivG	AG-896-K10_00561	3
CABZTB010000002.1	28449	29156	+	AG-896-K10_00565	AG-896-K10	235	OG0000065	K01996	branched-chain amino acid transport system ATP-binding protein	COG0410	LivF	ABC-type branched-chain amino acid transport system, ATPase component LivF	AG-896-K10_00561	4
CABZTB010000002.1	29158	30168	+	AG-896-K10_00566	AG-896-K10	336	OG0000021	K01997	branched-chain amino acid transport system permease protein	COG0559	LivH	Branched-chain amino acid ABC-type transport system, permease component	AG-896-K10_00561	5
CABZXO010000001.1	191954	192964	-	AG-896-O18_00194	AG-896-O18	336	OG0000021	K01997	branched-chain amino acid transport system permease protein	COG0559	LivH	Branched-chain amino acid ABC-type transport system, permease component	AG-896-O18_00199	-5
CABZXO010000001.1	192966	193673	-	AG-896-O18_00195	AG-896-O18	235	OG0000065	K01996	branched-chain amino acid transport system ATP-binding protein	COG0410	LivF	ABC-type branched-chain amino acid transport system, ATPase component LivF	AG-896-O18_00199	-4
CABZXO010000001.1	193673	194461	-	AG-896-O18_00196	AG-896-O18	262	OG0000143	K01995	branched-chain amino acid transport system ATP-binding protein	COG0411	LivG	ABC-type branched-chain amino acid transport system, ATPase component LivG	AG-896-O18_00199	-3
CABZXO010000001.1	194467	195234	-	AG-896-O18_00197	AG-896-O18	255	OG0000676	NA	NA	COG0345	ProC	Pyrroline-5-carboxylate reductase	AG-896-O18_00199	-2
CABZXO010000001.1	195267	196178	-	AG-896-O18_00198	AG-896-O18	303	OG0001090	K15737	glutarate dioxygenase [EC:1.14.11.64]	NA	NA	NA	AG-896-O18_00199	-1
CABZXO010000001.1	196218	196541	-	AG-896-O18_00199	AG-896-O18	107	OG0001083	NA	NA	COG4392	AzlD2	Branched-chain amino acid transport protein	AG-896-O18_00199	0
CABZXO010000001.1	196531	197235	-	AG-896-O18_00200	AG-896-O18	234	OG0001073	NA	NA	COG1296	AzlC	Predicted branched-chain amino acid permease (azaleucine resistance)	AG-896-O18_00199	1
CABZXO010000001.1	197235	198020	-	AG-896-O18_00201	AG-896-O18	261	OG0001077	NA	NA	COG0410	LivF	ABC-type branched-chain amino acid transport system, ATPase component LivF	AG-896-O18_00199	2
CABZXO010000001.1	198020	198760	-	AG-896-O18_00202	AG-896-O18	246	OG0000928	K01995	branched-chain amino acid transport system ATP-binding protein	COG0411	LivG	ABC-type branched-chain amino acid transport system, ATPase component LivG	AG-896-O18_00199	3
CABZXO010000001.1	198757	199809	-	AG-896-O18_00203	AG-896-O18	350	OG0001109	NA	NA	COG4177	LivM	ABC-type branched-chain amino acid transport system, permease component	AG-896-O18_00199	4
CABZXO010000001.1	199796	199978	-	AG-896-O18_00204	AG-896-O18	60	OG0001356	NA	NA	NA	NA	NA	AG-896-O18_00199	5
CACADE010000009.1	10066	10248	+	AG-897-G09_01172	AG-897-G09	60	OG0001356	NA	NA	NA	NA	NA	AG-897-G09_01177	-5
CACADE010000009.1	10235	11287	+	AG-897-G09_01173	AG-897-G09	350	OG0001109	NA	NA	COG4177	LivM	ABC-type branched-chain amino acid transport system, permease component	AG-897-G09_01177	-4
CACADE010000009.1	11284	12024	+	AG-897-G09_01174	AG-897-G09	246	OG0000928	K01995	branched-chain amino acid transport system ATP-binding protein	COG0411	LivG	ABC-type branched-chain amino acid transport system, ATPase component LivG	AG-897-G09_01177	-3
CACADE010000009.1	12024	12809	+	AG-897-G09_01175	AG-897-G09	261	OG0001077	NA	NA	COG0410	LivF	ABC-type branched-chain amino acid transport system, ATPase component LivF	AG-897-G09_01177	-2
CACADE010000009.1	12806	13510	+	AG-897-G09_01176	AG-897-G09	234	OG0001073	NA	NA	COG1296	AzlC	Predicted branched-chain amino acid permease (azaleucine resistance)	AG-897-G09_01177	-1
CACADE010000009.1	13500	13826	+	AG-897-G09_01177	AG-897-G09	108	OG0001083	NA	NA	COG4392	AzlD2	Branched-chain amino acid transport protein	AG-897-G09_01177	0
CACADE010000009.1	13827	14333	+	AG-897-G09_01178	AG-897-G09	168	OG0001207	NA	NA	COG1357	DotG	Type IVB secretion/DNA transfer system protein DotG/IcmE, contains pentapeptide repeats	AG-897-G09_01177	1
CACADE010000009.1	14339	15259	+	AG-897-G09_01179	AG-897-G09	306	OG0001090	K15737	glutarate dioxygenase [EC:1.14.11.64]	NA	NA	NA	AG-897-G09_01177	2
CACADE010000009.1	15293	16066	+	AG-897-G09_01180	AG-897-G09	257	OG0000676	NA	NA	COG0345	ProC	Pyrroline-5-carboxylate reductase	AG-897-G09_01177	3
CACADE010000009.1	16068	16856	+	AG-897-G09_01181	AG-897-G09	262	OG0000143	K01995	branched-chain amino acid transport system ATP-binding protein	COG0411	LivG	ABC-type branched-chain amino acid transport system, ATPase component LivG	AG-897-G09_01177	4
CACADE010000009.1	16856	17563	+	AG-897-G09_01182	AG-897-G09	235	OG0000065	K01996	branched-chain amino acid transport system ATP-binding protein	COG0410	LivF	ABC-type branched-chain amino acid transport system, ATPase component LivF	AG-897-G09_01177	5
CACAIK010000003.1	81630	82337	-	AG-897-O16_00448	AG-897-O16	235	OG0000065	K01996	branched-chain amino acid transport system ATP-binding protein	COG0410	LivF	ABC-type branched-chain amino acid transport system, ATPase component LivF	AG-897-O16_00453	-5
CACAIK010000003.1	82337	83125	-	AG-897-O16_00449	AG-897-O16	262	OG0000143	K01995	branched-chain amino acid transport system ATP-binding protein	COG0411	LivG	ABC-type branched-chain amino acid transport system, ATPase component LivG	AG-897-O16_00453	-4
CACAIK010000003.1	83127	83900	-	AG-897-O16_00450	AG-897-O16	257	OG0000676	NA	NA	COG0345	ProC	Pyrroline-5-carboxylate reductase	AG-897-O16_00453	-3
CACAIK010000003.1	83934	84854	-	AG-897-O16_00451	AG-897-O16	306	OG0001090	K15737	glutarate dioxygenase [EC:1.14.11.64]	NA	NA	NA	AG-897-O16_00453	-2
CACAIK010000003.1	84860	85366	-	AG-897-O16_00452	AG-897-O16	168	OG0001207	NA	NA	COG1357	DotG	Type IVB secretion/DNA transfer system protein DotG/IcmE, contains pentapeptide repeats	AG-897-O16_00453	-1
CACAIK010000003.1	85367	85693	-	AG-897-O16_00453	AG-897-O16	108	OG0001083	NA	NA	COG4392	AzlD2	Branched-chain amino acid transport protein	AG-897-O16_00453	0
CACAIK010000003.1	85683	86387	-	AG-897-O16_00454	AG-897-O16	234	OG0001073	NA	NA	COG1296	AzlC	Predicted branched-chain amino acid permease (azaleucine resistance)	AG-897-O16_00453	1
CACAIK010000003.1	86384	87169	-	AG-897-O16_00455	AG-897-O16	261	OG0001077	NA	NA	COG0410	LivF	ABC-type branched-chain amino acid transport system, ATPase component LivF	AG-897-O16_00453	2
CACAIK010000003.1	87169	87909	-	AG-897-O16_00456	AG-897-O16	246	OG0000928	K01995	branched-chain amino acid transport system ATP-binding protein	COG0411	LivG	ABC-type branched-chain amino acid transport system, ATPase component LivG	AG-897-O16_00453	3
CACAIK010000003.1	87906	88958	-	AG-897-O16_00457	AG-897-O16	350	OG0001109	NA	NA	COG4177	LivM	ABC-type branched-chain amino acid transport system, permease component	AG-897-O16_00453	4
CACAIK010000003.1	88945	89127	-	AG-897-O16_00458	AG-897-O16	60	OG0001356	NA	NA	NA	NA	NA	AG-897-O16_00453	5
CACALX010000010.1	5871	6053	+	AG-898-C07_01068	AG-898-C07	60	OG0001356	NA	NA	NA	NA	NA	AG-898-C07_01073	-5
CACALX010000010.1	6040	7092	+	AG-898-C07_01069	AG-898-C07	350	OG0001109	NA	NA	COG4177	LivM	ABC-type branched-chain amino acid transport system, permease component	AG-898-C07_01073	-4
CACALX010000010.1	7089	7829	+	AG-898-C07_01070	AG-898-C07	246	OG0000928	K01995	branched-chain amino acid transport system ATP-binding protein	COG0411	LivG	ABC-type branched-chain amino acid transport system, ATPase component LivG	AG-898-C07_01073	-3
CACALX010000010.1	7829	8614	+	AG-898-C07_01071	AG-898-C07	261	OG0001077	NA	NA	COG0410	LivF	ABC-type branched-chain amino acid transport system, ATPase component LivF	AG-898-C07_01073	-2
CACALX010000010.1	8614	9318	+	AG-898-C07_01072	AG-898-C07	234	OG0001073	NA	NA	COG1296	AzlC	Predicted branched-chain amino acid permease (azaleucine resistance)	AG-898-C07_01073	-1
CACALX010000010.1	9308	9628	+	AG-898-C07_01073	AG-898-C07	106	OG0001083	NA	NA	COG4392	AzlD2	Branched-chain amino acid transport protein	AG-898-C07_01073	0
CACALX010000010.1	9831	10742	+	AG-898-C07_01074	AG-898-C07	303	OG0001090	K15737	glutarate dioxygenase [EC:1.14.11.64]	NA	NA	NA	AG-898-C07_01073	1
CACALX010000010.1	10777	11544	+	AG-898-C07_01075	AG-898-C07	255	OG0000676	NA	NA	COG0345	ProC	Pyrroline-5-carboxylate reductase	AG-898-C07_01073	2
CACALX010000010.1	11545	12333	+	AG-898-C07_01076	AG-898-C07	262	OG0000143	K01995	branched-chain amino acid transport system ATP-binding protein	COG0411	LivG	ABC-type branched-chain amino acid transport system, ATPase component LivG	AG-898-C07_01073	3
CACALX010000010.1	12333	13040	+	AG-898-C07_01077	AG-898-C07	235	OG0000065	K01996	branched-chain amino acid transport system ATP-binding protein	COG0410	LivF	ABC-type branched-chain amino acid transport system, ATPase component LivF	AG-898-C07_01073	4
CACALX010000010.1	13042	14052	+	AG-898-C07_01078	AG-898-C07	336	OG0000021	K01997	branched-chain amino acid transport system permease protein	COG0559	LivH	Branched-chain amino acid ABC-type transport system, permease component	AG-898-C07_01073	5
CACARD010000006.1	48092	48799	-	AG-898-G21_00865	AG-898-G21	235	OG0000065	K01996	branched-chain amino acid transport system ATP-binding protein	COG0410	LivF	ABC-type branched-chain amino acid transport system, ATPase component LivF	AG-898-G21_00870	-5
CACARD010000006.1	48799	49587	-	AG-898-G21_00866	AG-898-G21	262	OG0000143	K01995	branched-chain amino acid transport system ATP-binding protein	COG0411	LivG	ABC-type branched-chain amino acid transport system, ATPase component LivG	AG-898-G21_00870	-4
CACARD010000006.1	49589	50362	-	AG-898-G21_00867	AG-898-G21	257	OG0000676	NA	NA	COG0345	ProC	Pyrroline-5-carboxylate reductase	AG-898-G21_00870	-3
CACARD010000006.1	50396	51316	-	AG-898-G21_00868	AG-898-G21	306	OG0001090	K15737	glutarate dioxygenase [EC:1.14.11.64]	NA	NA	NA	AG-898-G21_00870	-2
CACARD010000006.1	51322	51828	-	AG-898-G21_00869	AG-898-G21	168	OG0001207	NA	NA	COG1357	DotG	Type IVB secretion/DNA transfer system protein DotG/IcmE, contains pentapeptide repeats	AG-898-G21_00870	-1
CACARD010000006.1	51829	52155	-	AG-898-G21_00870	AG-898-G21	108	OG0001083	NA	NA	COG4392	AzlD2	Branched-chain amino acid transport protein	AG-898-G21_00870	0
CACARD010000006.1	52145	52849	-	AG-898-G21_00871	AG-898-G21	234	OG0001073	NA	NA	COG1296	AzlC	Predicted branched-chain amino acid permease (azaleucine resistance)	AG-898-G21_00870	1
CACARD010000006.1	52846	53631	-	AG-898-G21_00872	AG-898-G21	261	OG0001077	NA	NA	COG0410	LivF	ABC-type branched-chain amino acid transport system, ATPase component LivF	AG-898-G21_00870	2
CACARD010000006.1	53631	54371	-	AG-898-G21_00873	AG-898-G21	246	OG0000928	K01995	branched-chain amino acid transport system ATP-binding protein	COG0411	LivG	ABC-type branched-chain amino acid transport system, ATPase component LivG	AG-898-G21_00870	3
CACARD010000006.1	54368	55420	-	AG-898-G21_00874	AG-898-G21	350	OG0001109	NA	NA	COG4177	LivM	ABC-type branched-chain amino acid transport system, permease component	AG-898-G21_00870	4
CACARD010000006.1	55407	55589	-	AG-898-G21_00875	AG-898-G21	60	OG0001356	NA	NA	NA	NA	NA	AG-898-G21_00870	5
CACAZW010000016.1	17736	17918	+	AG-899-A06_01140	AG-899-A06	60	OG0001356	NA	NA	NA	NA	NA	AG-899-A06_01145	-5
CACAZW010000016.1	17905	18957	+	AG-899-A06_01141	AG-899-A06	350	OG0001109	NA	NA	COG4177	LivM	ABC-type branched-chain amino acid transport system, permease component	AG-899-A06_01145	-4
CACAZW010000016.1	18954	19694	+	AG-899-A06_01142	AG-899-A06	246	OG0000928	K01995	branched-chain amino acid transport system ATP-binding protein	COG0411	LivG	ABC-type branched-chain amino acid transport system, ATPase component LivG	AG-899-A06_01145	-3
CACAZW010000016.1	19694	20479	+	AG-899-A06_01143	AG-899-A06	261	OG0001077	NA	NA	COG0410	LivF	ABC-type branched-chain amino acid transport system, ATPase component LivF	AG-899-A06_01145	-2
CACAZW010000016.1	20476	21180	+	AG-899-A06_01144	AG-899-A06	234	OG0001073	NA	NA	COG1296	AzlC	Predicted branched-chain amino acid permease (azaleucine resistance)	AG-899-A06_01145	-1
CACAZW010000016.1	21170	21496	+	AG-899-A06_01145	AG-899-A06	108	OG0001083	NA	NA	COG4392	AzlD2	Branched-chain amino acid transport protein	AG-899-A06_01145	0
CACAZW010000016.1	21497	22003	+	AG-899-A06_01146	AG-899-A06	168	OG0001207	NA	NA	COG1357	DotG	Type IVB secretion/DNA transfer system protein DotG/IcmE, contains pentapeptide repeats	AG-899-A06_01145	1
CACBCM010000005.1	7258	8124	+	AG-899-D19_00629	AG-899-D19	288	OG0001225	K01997	branched-chain amino acid transport system permease protein	COG0559	LivH	Branched-chain amino acid ABC-type transport system, permease component	AG-899-D19_00634	-5
CACBCM010000005.1	8124	9173	+	AG-899-D19_00630	AG-899-D19	349	OG0001109	NA	NA	COG4177	LivM	ABC-type branched-chain amino acid transport system, permease component	AG-899-D19_00634	-4
CACBCM010000005.1	9170	9910	+	AG-899-D19_00631	AG-899-D19	246	OG0000928	K01995	branched-chain amino acid transport system ATP-binding protein	COG0411	LivG	ABC-type branched-chain amino acid transport system, ATPase component LivG	AG-899-D19_00634	-3
CACBCM010000005.1	9910	10695	+	AG-899-D19_00632	AG-899-D19	261	OG0001077	NA	NA	COG0410	LivF	ABC-type branched-chain amino acid transport system, ATPase component LivF	AG-899-D19_00634	-2
CACBCM010000005.1	10695	11399	+	AG-899-D19_00633	AG-899-D19	234	OG0001073	NA	NA	COG1296	AzlC	Predicted branched-chain amino acid permease (azaleucine resistance)	AG-899-D19_00634	-1
CACBCM010000005.1	11389	11706	+	AG-899-D19_00634	AG-899-D19	105	OG0001083	NA	NA	COG4392	AzlD2	Branched-chain amino acid transport protein	AG-899-D19_00634	0
CACBCM010000005.1	11712	12218	+	AG-899-D19_00635	AG-899-D19	168	OG0001207	NA	NA	COG1357	DotG	Type IVB secretion/DNA transfer system protein DotG/IcmE, contains pentapeptide repeats	AG-899-D19_00634	1
CACBCM010000005.1	12260	13183	+	AG-899-D19_00636	AG-899-D19	307	OG0001090	K15737	glutarate dioxygenase [EC:1.14.11.64]	NA	NA	NA	AG-899-D19_00634	2
CACBCM010000005.1	13218	13985	+	AG-899-D19_00637	AG-899-D19	255	OG0000676	NA	NA	COG0345	ProC	Pyrroline-5-carboxylate reductase	AG-899-D19_00634	3
CACBCM010000005.1	13991	14776	+	AG-899-D19_00638	AG-899-D19	261	OG0000143	K01995	branched-chain amino acid transport system ATP-binding protein	COG0411	LivG	ABC-type branched-chain amino acid transport system, ATPase component LivG	AG-899-D19_00634	4
CACBCM010000005.1	14776	15483	+	AG-899-D19_00639	AG-899-D19	235	OG0000065	K01996	branched-chain amino acid transport system ATP-binding protein	COG0410	LivF	ABC-type branched-chain amino acid transport system, ATPase component LivF	AG-899-D19_00634	5
CACBDA010000005.1	21816	22241	+	AG-899-E14_00911	AG-899-E14	141	OG0003302	NA	NA	NA	NA	NA	AG-899-E14_00916	-5
CACBDA010000005.1	22235	23293	+	AG-899-E14_00912	AG-899-E14	352	OG0001109	NA	NA	COG4177	LivM	ABC-type branched-chain amino acid transport system, permease component	AG-899-E14_00916	-4
CACBDA010000005.1	23290	24024	+	AG-899-E14_00913	AG-899-E14	244	OG0000928	K01995	branched-chain amino acid transport system ATP-binding protein	COG0411	LivG	ABC-type branched-chain amino acid transport system, ATPase component LivG	AG-899-E14_00916	-3
CACBDA010000005.1	24024	24809	+	AG-899-E14_00914	AG-899-E14	261	OG0001077	NA	NA	COG0410	LivF	ABC-type branched-chain amino acid transport system, ATPase component LivF	AG-899-E14_00916	-2
CACBDA010000005.1	24809	25519	+	AG-899-E14_00915	AG-899-E14	236	OG0001073	NA	NA	COG1296	AzlC	Predicted branched-chain amino acid permease (azaleucine resistance)	AG-899-E14_00916	-1
CACBDA010000005.1	25506	25832	+	AG-899-E14_00916	AG-899-E14	108	OG0001083	NA	NA	COG4392	AzlD2	Branched-chain amino acid transport protein	AG-899-E14_00916	0
CACBDA010000005.1	25909	26805	+	AG-899-E14_00917	AG-899-E14	298	OG0001090	K15737	glutarate dioxygenase [EC:1.14.11.64]	NA	NA	NA	AG-899-E14_00916	1
CACBDA010000005.1	26872	27864	+	AG-899-E14_00918	AG-899-E14	330	OG0001110	K07795	putative tricarboxylic transport membrane protein	COG3181	TctC	Tripartite-type tricarboxylate transporter, extracytoplasmic receptor component TctC	AG-899-E14_00916	2
CACBDA010000005.1	27883	28353	+	AG-899-E14_00919	AG-899-E14	156	OG0001140	K07794	putative tricarboxylic transport membrane protein	NA	NA	NA	AG-899-E14_00916	3
CACBDA010000005.1	28350	29852	+	AG-899-E14_00920	AG-899-E14	500	OG0000068	K07793	putative tricarboxylic transport membrane protein	COG3333	NA	TctA family transporter	AG-899-E14_00916	4
CACBDA010000005.1	30000	30647	+	AG-899-E14_00921	AG-899-E14	215	OG0001361	NA	NA	COG3637	LomR	Opacity protein LomR and related surface antigens	AG-899-E14_00916	5
CACBLI010000001.1	136664	137260	+	AG-899-M07_00140	AG-899-M07	198	OG0001459	NA	NA	NA	NA	NA	AG-899-M07_00145	-5
CACBLI010000001.1	137270	138322	+	AG-899-M07_00141	AG-899-M07	350	OG0001109	NA	NA	COG4177	LivM	ABC-type branched-chain amino acid transport system, permease component	AG-899-M07_00145	-4
CACBLI010000001.1	138319	139059	+	AG-899-M07_00142	AG-899-M07	246	OG0000928	K01995	branched-chain amino acid transport system ATP-binding protein	COG0411	LivG	ABC-type branched-chain amino acid transport system, ATPase component LivG	AG-899-M07_00145	-3
CACBLI010000001.1	139059	139844	+	AG-899-M07_00143	AG-899-M07	261	OG0001077	NA	NA	COG0410	LivF	ABC-type branched-chain amino acid transport system, ATPase component LivF	AG-899-M07_00145	-2
CACBLI010000001.1	139844	140548	+	AG-899-M07_00144	AG-899-M07	234	OG0001073	NA	NA	COG1296	AzlC	Predicted branched-chain amino acid permease (azaleucine resistance)	AG-899-M07_00145	-1
CACBLI010000001.1	140538	140861	+	AG-899-M07_00145	AG-899-M07	107	OG0001083	NA	NA	COG4392	AzlD2	Branched-chain amino acid transport protein	AG-899-M07_00145	0
CACBLI010000001.1	140858	141769	+	AG-899-M07_00146	AG-899-M07	303	OG0001090	K15737	glutarate dioxygenase [EC:1.14.11.64]	NA	NA	NA	AG-899-M07_00145	1
CACBLI010000001.1	141992	142660	+	AG-899-M07_00147	AG-899-M07	222	OG0001361	NA	NA	COG3121	FimC	P pilus assembly protein, chaperone PapD	AG-899-M07_00145	2
CACBLI010000001.1	142742	143509	+	AG-899-M07_00148	AG-899-M07	255	OG0000676	NA	NA	COG0345	ProC	Pyrroline-5-carboxylate reductase	AG-899-M07_00145	3
CACBLI010000001.1	143513	144298	+	AG-899-M07_00149	AG-899-M07	261	OG0000143	K01995	branched-chain amino acid transport system ATP-binding protein	COG0411	LivG	ABC-type branched-chain amino acid transport system, ATPase component LivG	AG-899-M07_00145	4
CACBLI010000001.1	144300	145007	+	AG-899-M07_00150	AG-899-M07	235	OG0000065	K01996	branched-chain amino acid transport system ATP-binding protein	COG0410	LivF	ABC-type branched-chain amino acid transport system, ATPase component LivF	AG-899-M07_00145	5
CACBNI010000018.1	10979	11872	+	AG-899-N21_01215	AG-899-N21	297	OG0001225	K01997	branched-chain amino acid transport system permease protein	COG0559	LivH	Branched-chain amino acid ABC-type transport system, permease component	AG-899-N21_01220	-5
CACBNI010000018.1	11875	12927	+	AG-899-N21_01216	AG-899-N21	350	OG0001109	NA	NA	COG4177	LivM	ABC-type branched-chain amino acid transport system, permease component	AG-899-N21_01220	-4
CACBNI010000018.1	12924	13664	+	AG-899-N21_01217	AG-899-N21	246	OG0000928	K01995	branched-chain amino acid transport system ATP-binding protein	COG0411	LivG	ABC-type branched-chain amino acid transport system, ATPase component LivG	AG-899-N21_01220	-3
CACBNI010000018.1	13664	14449	+	AG-899-N21_01218	AG-899-N21	261	OG0001077	NA	NA	COG0410	LivF	ABC-type branched-chain amino acid transport system, ATPase component LivF	AG-899-N21_01220	-2
CACBNI010000018.1	14449	15153	+	AG-899-N21_01219	AG-899-N21	234	OG0001073	NA	NA	COG1296	AzlC	Predicted branched-chain amino acid permease (azaleucine resistance)	AG-899-N21_01220	-1
CACBNI010000018.1	15143	15466	+	AG-899-N21_01220	AG-899-N21	107	OG0001083	NA	NA	COG4392	AzlD2	Branched-chain amino acid transport protein	AG-899-N21_01220	0
CACBNI010000018.1	15569	15841	-	AG-899-N21_01221	AG-899-N21	90	OG0003310	NA	NA	NA	NA	NA	AG-899-N21_01220	1
CACBOD010000002.1	143218	143400	+	AG-899-O04_00405	AG-899-O04	60	OG0001356	NA	NA	NA	NA	NA	AG-899-O04_00410	-5
CACBOD010000002.1	143387	144439	+	AG-899-O04_00406	AG-899-O04	350	OG0001109	NA	NA	COG4177	LivM	ABC-type branched-chain amino acid transport system, permease component	AG-899-O04_00410	-4
CACBOD010000002.1	144436	145176	+	AG-899-O04_00407	AG-899-O04	246	OG0000928	K01995	branched-chain amino acid transport system ATP-binding protein	COG0411	LivG	ABC-type branched-chain amino acid transport system, ATPase component LivG	AG-899-O04_00410	-3
CACBOD010000002.1	145176	145961	+	AG-899-O04_00408	AG-899-O04	261	OG0001077	NA	NA	COG0410	LivF	ABC-type branched-chain amino acid transport system, ATPase component LivF	AG-899-O04_00410	-2
CACBOD010000002.1	145958	146662	+	AG-899-O04_00409	AG-899-O04	234	OG0001073	NA	NA	COG1296	AzlC	Predicted branched-chain amino acid permease (azaleucine resistance)	AG-899-O04_00410	-1
CACBOD010000002.1	146652	146978	+	AG-899-O04_00410	AG-899-O04	108	OG0001083	NA	NA	COG4392	AzlD2	Branched-chain amino acid transport protein	AG-899-O04_00410	0
CACBOD010000002.1	146979	147485	+	AG-899-O04_00411	AG-899-O04	168	OG0001207	NA	NA	COG1357	DotG	Type IVB secretion/DNA transfer system protein DotG/IcmE, contains pentapeptide repeats	AG-899-O04_00410	1
CACBOD010000002.1	147491	148411	+	AG-899-O04_00412	AG-899-O04	306	OG0001090	K15737	glutarate dioxygenase [EC:1.14.11.64]	NA	NA	NA	AG-899-O04_00410	2
CACBOD010000002.1	148445	149218	+	AG-899-O04_00413	AG-899-O04	257	OG0000676	NA	NA	COG0345	ProC	Pyrroline-5-carboxylate reductase	AG-899-O04_00410	3
CACBOD010000002.1	149220	150008	+	AG-899-O04_00414	AG-899-O04	262	OG0000143	K01995	branched-chain amino acid transport system ATP-binding protein	COG0411	LivG	ABC-type branched-chain amino acid transport system, ATPase component LivG	AG-899-O04_00410	4
CACBOD010000002.1	150008	150715	+	AG-899-O04_00415	AG-899-O04	235	OG0000065	K01996	branched-chain amino acid transport system ATP-binding protein	COG0410	LivF	ABC-type branched-chain amino acid transport system, ATPase component LivF	AG-899-O04_00410	5
CACBXW010000001.1	122705	122887	+	AG-900-G16_00124	AG-900-G16	60	OG0001356	NA	NA	NA	NA	NA	AG-900-G16_00129	-5
CACBXW010000001.1	122874	123926	+	AG-900-G16_00125	AG-900-G16	350	OG0001109	NA	NA	COG4177	LivM	ABC-type branched-chain amino acid transport system, permease component	AG-900-G16_00129	-4
CACBXW010000001.1	123923	124663	+	AG-900-G16_00126	AG-900-G16	246	OG0000928	K01995	branched-chain amino acid transport system ATP-binding protein	COG0411	LivG	ABC-type branched-chain amino acid transport system, ATPase component LivG	AG-900-G16_00129	-3
CACBXW010000001.1	124663	125448	+	AG-900-G16_00127	AG-900-G16	261	OG0001077	NA	NA	COG0410	LivF	ABC-type branched-chain amino acid transport system, ATPase component LivF	AG-900-G16_00129	-2
CACBXW010000001.1	125445	126149	+	AG-900-G16_00128	AG-900-G16	234	OG0001073	NA	NA	COG1296	AzlC	Predicted branched-chain amino acid permease (azaleucine resistance)	AG-900-G16_00129	-1
CACBXW010000001.1	126139	126465	+	AG-900-G16_00129	AG-900-G16	108	OG0001083	NA	NA	COG4392	AzlD2	Branched-chain amino acid transport protein	AG-900-G16_00129	0
CACBXW010000001.1	126466	126972	+	AG-900-G16_00130	AG-900-G16	168	OG0001207	NA	NA	COG1357	DotG	Type IVB secretion/DNA transfer system protein DotG/IcmE, contains pentapeptide repeats	AG-900-G16_00129	1
CACBXW010000001.1	126978	127898	+	AG-900-G16_00131	AG-900-G16	306	OG0001090	K15737	glutarate dioxygenase [EC:1.14.11.64]	NA	NA	NA	AG-900-G16_00129	2
CACBXW010000001.1	127932	128705	+	AG-900-G16_00132	AG-900-G16	257	OG0000676	NA	NA	COG0345	ProC	Pyrroline-5-carboxylate reductase	AG-900-G16_00129	3
CACBXW010000001.1	128707	129495	+	AG-900-G16_00133	AG-900-G16	262	OG0000143	K01995	branched-chain amino acid transport system ATP-binding protein	COG0411	LivG	ABC-type branched-chain amino acid transport system, ATPase component LivG	AG-900-G16_00129	4
CACBXW010000001.1	129495	130202	+	AG-900-G16_00134	AG-900-G16	235	OG0000065	K01996	branched-chain amino acid transport system ATP-binding protein	COG0410	LivF	ABC-type branched-chain amino acid transport system, ATPase component LivF	AG-900-G16_00129	5
CACBYP010000001.1	6345	6527	+	AG-900-I13_00010	AG-900-I13	60	OG0001356	NA	NA	NA	NA	NA	AG-900-I13_00015	-5
CACBYP010000001.1	6514	7566	+	AG-900-I13_00011	AG-900-I13	350	OG0001109	NA	NA	COG4177	LivM	ABC-type branched-chain amino acid transport system, permease component	AG-900-I13_00015	-4
CACBYP010000001.1	7563	8303	+	AG-900-I13_00012	AG-900-I13	246	OG0000928	K01995	branched-chain amino acid transport system ATP-binding protein	COG0411	LivG	ABC-type branched-chain amino acid transport system, ATPase component LivG	AG-900-I13_00015	-3
CACBYP010000001.1	8303	9088	+	AG-900-I13_00013	AG-900-I13	261	OG0001077	NA	NA	COG0410	LivF	ABC-type branched-chain amino acid transport system, ATPase component LivF	AG-900-I13_00015	-2
CACBYP010000001.1	9085	9789	+	AG-900-I13_00014	AG-900-I13	234	OG0001073	NA	NA	COG1296	AzlC	Predicted branched-chain amino acid permease (azaleucine resistance)	AG-900-I13_00015	-1
CACBYP010000001.1	9779	10105	+	AG-900-I13_00015	AG-900-I13	108	OG0001083	NA	NA	COG4392	AzlD2	Branched-chain amino acid transport protein	AG-900-I13_00015	0
CACBYP010000001.1	10106	10612	+	AG-900-I13_00016	AG-900-I13	168	OG0001207	NA	NA	COG1357	DotG	Type IVB secretion/DNA transfer system protein DotG/IcmE, contains pentapeptide repeats	AG-900-I13_00015	1
CACBYP010000001.1	10618	11538	+	AG-900-I13_00017	AG-900-I13	306	OG0001090	K15737	glutarate dioxygenase [EC:1.14.11.64]	NA	NA	NA	AG-900-I13_00015	2
CACBYP010000001.1	11572	12345	+	AG-900-I13_00018	AG-900-I13	257	OG0000676	NA	NA	COG0345	ProC	Pyrroline-5-carboxylate reductase	AG-900-I13_00015	3
CACBYP010000001.1	12347	13135	+	AG-900-I13_00019	AG-900-I13	262	OG0000143	K01995	branched-chain amino acid transport system ATP-binding protein	COG0411	LivG	ABC-type branched-chain amino acid transport system, ATPase component LivG	AG-900-I13_00015	4
CACBYP010000001.1	13135	13842	+	AG-900-I13_00020	AG-900-I13	235	OG0000065	K01996	branched-chain amino acid transport system ATP-binding protein	COG0410	LivF	ABC-type branched-chain amino acid transport system, ATPase component LivF	AG-900-I13_00015	5
CACBYV010000004.1	30027	30734	-	AG-900-I19_00517	AG-900-I19	235	OG0000065	K01996	branched-chain amino acid transport system ATP-binding protein	COG0410	LivF	ABC-type branched-chain amino acid transport system, ATPase component LivF	AG-900-I19_00522	-5
CACBYV010000004.1	30734	31522	-	AG-900-I19_00518	AG-900-I19	262	OG0000143	K01995	branched-chain amino acid transport system ATP-binding protein	COG0411	LivG	ABC-type branched-chain amino acid transport system, ATPase component LivG	AG-900-I19_00522	-4
CACBYV010000004.1	31524	32297	-	AG-900-I19_00519	AG-900-I19	257	OG0000676	NA	NA	COG0345	ProC	Pyrroline-5-carboxylate reductase	AG-900-I19_00522	-3
CACBYV010000004.1	32331	33251	-	AG-900-I19_00520	AG-900-I19	306	OG0001090	K15737	glutarate dioxygenase [EC:1.14.11.64]	NA	NA	NA	AG-900-I19_00522	-2
CACBYV010000004.1	33257	33763	-	AG-900-I19_00521	AG-900-I19	168	OG0001207	NA	NA	COG1357	DotG	Type IVB secretion/DNA transfer system protein DotG/IcmE, contains pentapeptide repeats	AG-900-I19_00522	-1
CACBYV010000004.1	33764	34090	-	AG-900-I19_00522	AG-900-I19	108	OG0001083	NA	NA	COG4392	AzlD2	Branched-chain amino acid transport protein	AG-900-I19_00522	0
CACBYV010000004.1	34080	34784	-	AG-900-I19_00523	AG-900-I19	234	OG0001073	NA	NA	COG1296	AzlC	Predicted branched-chain amino acid permease (azaleucine resistance)	AG-900-I19_00522	1
CACBYV010000004.1	34781	35566	-	AG-900-I19_00524	AG-900-I19	261	OG0001077	NA	NA	COG0410	LivF	ABC-type branched-chain amino acid transport system, ATPase component LivF	AG-900-I19_00522	2
CACBYV010000004.1	35566	36306	-	AG-900-I19_00525	AG-900-I19	246	OG0000928	K01995	branched-chain amino acid transport system ATP-binding protein	COG0411	LivG	ABC-type branched-chain amino acid transport system, ATPase component LivG	AG-900-I19_00522	3
CACBYV010000004.1	36303	37355	-	AG-900-I19_00526	AG-900-I19	350	OG0001109	NA	NA	COG4177	LivM	ABC-type branched-chain amino acid transport system, permease component	AG-900-I19_00522	4
CACBYV010000004.1	37342	37524	-	AG-900-I19_00527	AG-900-I19	60	OG0001356	NA	NA	NA	NA	NA	AG-900-I19_00522	5
CACCBF010000001.1	145344	146354	-	AG-900-K21_00167	AG-900-K21	336	OG0000021	K01997	branched-chain amino acid transport system permease protein	COG0559	LivH	Branched-chain amino acid ABC-type transport system, permease component	AG-900-K21_00172	-5
CACCBF010000001.1	146356	147063	-	AG-900-K21_00168	AG-900-K21	235	OG0000065	K01996	branched-chain amino acid transport system ATP-binding protein	COG0410	LivF	ABC-type branched-chain amino acid transport system, ATPase component LivF	AG-900-K21_00172	-4
CACCBF010000001.1	147064	147849	-	AG-900-K21_00169	AG-900-K21	261	OG0000143	K01995	branched-chain amino acid transport system ATP-binding protein	COG0411	LivG	ABC-type branched-chain amino acid transport system, ATPase component LivG	AG-900-K21_00172	-3
CACCBF010000001.1	147853	148620	-	AG-900-K21_00170	AG-900-K21	255	OG0000676	NA	NA	COG0345	ProC	Pyrroline-5-carboxylate reductase	AG-900-K21_00172	-2
CACCBF010000001.1	148651	149565	-	AG-900-K21_00171	AG-900-K21	304	OG0001090	K15737	glutarate dioxygenase [EC:1.14.11.64]	NA	NA	NA	AG-900-K21_00172	-1
CACCBF010000001.1	149562	149885	-	AG-900-K21_00172	AG-900-K21	107	OG0001083	NA	NA	COG4392	AzlD2	Branched-chain amino acid transport protein	AG-900-K21_00172	0
CACCBF010000001.1	149875	150579	-	AG-900-K21_00173	AG-900-K21	234	OG0001073	NA	NA	COG1296	AzlC	Predicted branched-chain amino acid permease (azaleucine resistance)	AG-900-K21_00172	1
CACCBF010000001.1	150579	151364	-	AG-900-K21_00174	AG-900-K21	261	OG0001077	NA	NA	COG0410	LivF	ABC-type branched-chain amino acid transport system, ATPase component LivF	AG-900-K21_00172	2
CACCBF010000001.1	151364	152104	-	AG-900-K21_00175	AG-900-K21	246	OG0000928	K01995	branched-chain amino acid transport system ATP-binding protein	COG0411	LivG	ABC-type branched-chain amino acid transport system, ATPase component LivG	AG-900-K21_00172	3
CACCBF010000001.1	152101	153150	-	AG-900-K21_00176	AG-900-K21	349	OG0001109	NA	NA	COG4177	LivM	ABC-type branched-chain amino acid transport system, permease component	AG-900-K21_00172	4
CACCBF010000001.1	153150	154043	-	AG-900-K21_00177	AG-900-K21	297	OG0001225	K01997	branched-chain amino acid transport system permease protein	COG0559	LivH	Branched-chain amino acid ABC-type transport system, permease component	AG-900-K21_00172	5
CACCOB010000002.1	110093	110986	+	AG-901-I06_00669	AG-901-I06	297	OG0002199	K01997	branched-chain amino acid transport system permease protein	COG0559	LivH	Branched-chain amino acid ABC-type transport system, permease component	AG-901-I06_00674	-5
CACCOB010000002.1	110986	112035	+	AG-901-I06_00670	AG-901-I06	349	OG0001109	NA	NA	COG4177	LivM	ABC-type branched-chain amino acid transport system, permease component	AG-901-I06_00674	-4
CACCOB010000002.1	112032	112772	+	AG-901-I06_00671	AG-901-I06	246	OG0000928	K01995	branched-chain amino acid transport system ATP-binding protein	COG0411	LivG	ABC-type branched-chain amino acid transport system, ATPase component LivG	AG-901-I06_00674	-3
CACCOB010000002.1	112772	113557	+	AG-901-I06_00672	AG-901-I06	261	OG0001077	NA	NA	COG0410	LivF	ABC-type branched-chain amino acid transport system, ATPase component LivF	AG-901-I06_00674	-2
CACCOB010000002.1	113557	114261	+	AG-901-I06_00673	AG-901-I06	234	OG0001073	NA	NA	COG1296	AzlC	Predicted branched-chain amino acid permease (azaleucine resistance)	AG-901-I06_00674	-1
CACCOB010000002.1	114251	114577	+	AG-901-I06_00674	AG-901-I06	108	OG0001083	NA	NA	COG4392	AzlD2	Branched-chain amino acid transport protein	AG-901-I06_00674	0
CACCOB010000002.1	114574	115080	+	AG-901-I06_00675	AG-901-I06	168	OG0001207	NA	NA	COG1357	DotG	Type IVB secretion/DNA transfer system protein DotG/IcmE, contains pentapeptide repeats	AG-901-I06_00674	1
CACCOB010000002.1	115085	116005	+	AG-901-I06_00676	AG-901-I06	306	OG0001090	K15737	glutarate dioxygenase [EC:1.14.11.64]	NA	NA	NA	AG-901-I06_00674	2
CACCOB010000002.1	116023	116793	+	AG-901-I06_00677	AG-901-I06	256	OG0000676	NA	NA	COG0345	ProC	Pyrroline-5-carboxylate reductase	AG-901-I06_00674	3
CACCOB010000002.1	116800	117576	+	AG-901-I06_00678	AG-901-I06	258	OG0000143	K01995	branched-chain amino acid transport system ATP-binding protein	COG0411	LivG	ABC-type branched-chain amino acid transport system, ATPase component LivG	AG-901-I06_00674	4
CACCOB010000002.1	117577	118284	+	AG-901-I06_00679	AG-901-I06	235	OG0000065	K01996	branched-chain amino acid transport system ATP-binding protein	COG0410	LivF	ABC-type branched-chain amino acid transport system, ATPase component LivF	AG-901-I06_00674	5
CACCXN010000003.1	84909	85091	+	AG-903-C11_00501	AG-903-C11	60	OG0001356	NA	NA	NA	NA	NA	AG-903-C11_00506	-5
CACCXN010000003.1	85078	86130	+	AG-903-C11_00502	AG-903-C11	350	OG0001109	NA	NA	COG4177	LivM	ABC-type branched-chain amino acid transport system, permease component	AG-903-C11_00506	-4
CACCXN010000003.1	86127	86867	+	AG-903-C11_00503	AG-903-C11	246	OG0000928	K01995	branched-chain amino acid transport system ATP-binding protein	COG0411	LivG	ABC-type branched-chain amino acid transport system, ATPase component LivG	AG-903-C11_00506	-3
CACCXN010000003.1	86867	87652	+	AG-903-C11_00504	AG-903-C11	261	OG0001077	NA	NA	COG0410	LivF	ABC-type branched-chain amino acid transport system, ATPase component LivF	AG-903-C11_00506	-2
CACCXN010000003.1	87649	88353	+	AG-903-C11_00505	AG-903-C11	234	OG0001073	NA	NA	COG1296	AzlC	Predicted branched-chain amino acid permease (azaleucine resistance)	AG-903-C11_00506	-1
CACCXN010000003.1	88343	88669	+	AG-903-C11_00506	AG-903-C11	108	OG0001083	NA	NA	COG4392	AzlD2	Branched-chain amino acid transport protein	AG-903-C11_00506	0
CACCXN010000003.1	88670	89176	+	AG-903-C11_00507	AG-903-C11	168	OG0001207	NA	NA	COG1357	DotG	Type IVB secretion/DNA transfer system protein DotG/IcmE, contains pentapeptide repeats	AG-903-C11_00506	1
CACCXN010000003.1	89182	90102	+	AG-903-C11_00508	AG-903-C11	306	OG0001090	K15737	glutarate dioxygenase [EC:1.14.11.64]	NA	NA	NA	AG-903-C11_00506	2
CACCXN010000003.1	90136	90903	+	AG-903-C11_00509	AG-903-C11	255	OG0000676	NA	NA	COG0345	ProC	Pyrroline-5-carboxylate reductase	AG-903-C11_00506	3
CACCXN010000003.1	90905	91693	+	AG-903-C11_00510	AG-903-C11	262	OG0000143	K01995	branched-chain amino acid transport system ATP-binding protein	COG0411	LivG	ABC-type branched-chain amino acid transport system, ATPase component LivG	AG-903-C11_00506	4
CACCXN010000003.1	91693	92400	+	AG-903-C11_00511	AG-903-C11	235	OG0000065	K01996	branched-chain amino acid transport system ATP-binding protein	COG0410	LivF	ABC-type branched-chain amino acid transport system, ATPase component LivF	AG-903-C11_00506	5
CACDFI010000005.1	35325	36032	-	AG-903-L07_00884	AG-903-L07	235	OG0000065	K01996	branched-chain amino acid transport system ATP-binding protein	COG0410	LivF	ABC-type branched-chain amino acid transport system, ATPase component LivF	AG-903-L07_00889	-5
CACDFI010000005.1	36033	36800	-	AG-903-L07_00885	AG-903-L07	255	OG0000143	K01995	branched-chain amino acid transport system ATP-binding protein	COG0411	LivG	ABC-type branched-chain amino acid transport system, ATPase component LivG	AG-903-L07_00889	-4
CACDFI010000005.1	36816	37586	-	AG-903-L07_00886	AG-903-L07	256	OG0000676	NA	NA	COG0345	ProC	Pyrroline-5-carboxylate reductase	AG-903-L07_00889	-3
CACDFI010000005.1	37604	38524	-	AG-903-L07_00887	AG-903-L07	306	OG0001090	K15737	glutarate dioxygenase [EC:1.14.11.64]	NA	NA	NA	AG-903-L07_00889	-2
CACDFI010000005.1	38529	39035	-	AG-903-L07_00888	AG-903-L07	168	OG0001207	NA	NA	COG1357	DotG	Type IVB secretion/DNA transfer system protein DotG/IcmE, contains pentapeptide repeats	AG-903-L07_00889	-1
CACDFI010000005.1	39032	39358	-	AG-903-L07_00889	AG-903-L07	108	OG0001083	NA	NA	COG4392	AzlD2	Branched-chain amino acid transport protein	AG-903-L07_00889	0
CACDFI010000005.1	39348	40052	-	AG-903-L07_00890	AG-903-L07	234	OG0001073	NA	NA	COG1296	AzlC	Predicted branched-chain amino acid permease (azaleucine resistance)	AG-903-L07_00889	1
CACDFI010000005.1	40052	40837	-	AG-903-L07_00891	AG-903-L07	261	OG0001077	NA	NA	COG0410	LivF	ABC-type branched-chain amino acid transport system, ATPase component LivF	AG-903-L07_00889	2
CACDFI010000005.1	40837	41577	-	AG-903-L07_00892	AG-903-L07	246	OG0000928	K01995	branched-chain amino acid transport system ATP-binding protein	COG0411	LivG	ABC-type branched-chain amino acid transport system, ATPase component LivG	AG-903-L07_00889	3
CACDFI010000005.1	41574	42623	-	AG-903-L07_00893	AG-903-L07	349	OG0001109	NA	NA	COG4177	LivM	ABC-type branched-chain amino acid transport system, permease component	AG-903-L07_00889	4
CACDFI010000005.1	42623	43489	-	AG-903-L07_00894	AG-903-L07	288	OG0002199	K01997	branched-chain amino acid transport system permease protein	COG0559	LivH	Branched-chain amino acid ABC-type transport system, permease component	AG-903-L07_00889	5
CACDGO010000007.1	40145	40798	-	AG-903-M21_00944	AG-903-M21	217	OG0001361	NA	NA	COG2067	FadL	Long-chain fatty acid transport protein	AG-903-M21_00949	-5
CACDGO010000007.1	40941	42440	-	AG-903-M21_00945	AG-903-M21	499	OG0000068	K07793	putative tricarboxylic transport membrane protein	COG3333	NA	TctA family transporter	AG-903-M21_00949	-4
CACDGO010000007.1	42437	42907	-	AG-903-M21_00946	AG-903-M21	156	OG0001140	K07794	putative tricarboxylic transport membrane protein	NA	NA	NA	AG-903-M21_00949	-3
CACDGO010000007.1	42926	43918	-	AG-903-M21_00947	AG-903-M21	330	OG0001110	K07795	putative tricarboxylic transport membrane protein	COG3181	TctC	Tripartite-type tricarboxylate transporter, extracytoplasmic receptor component TctC	AG-903-M21_00949	-2
CACDGO010000007.1	43985	44881	-	AG-903-M21_00948	AG-903-M21	298	OG0001090	K15737	glutarate dioxygenase [EC:1.14.11.64]	NA	NA	NA	AG-903-M21_00949	-1
CACDGO010000007.1	44957	45283	-	AG-903-M21_00949	AG-903-M21	108	OG0001083	NA	NA	COG4392	AzlD2	Branched-chain amino acid transport protein	AG-903-M21_00949	0
CACDGO010000007.1	45276	45977	-	AG-903-M21_00950	AG-903-M21	233	OG0001073	NA	NA	COG1296	AzlC	Predicted branched-chain amino acid permease (azaleucine resistance)	AG-903-M21_00949	1
CACDGO010000007.1	45974	46759	-	AG-903-M21_00951	AG-903-M21	261	OG0001077	NA	NA	COG0410	LivF	ABC-type branched-chain amino acid transport system, ATPase component LivF	AG-903-M21_00949	2
CACDGO010000007.1	46759	47493	-	AG-903-M21_00952	AG-903-M21	244	OG0000928	K01995	branched-chain amino acid transport system ATP-binding protein	COG0411	LivG	ABC-type branched-chain amino acid transport system, ATPase component LivG	AG-903-M21_00949	3
CACDGO010000007.1	47490	48548	-	AG-903-M21_00953	AG-903-M21	352	OG0001109	NA	NA	COG4177	LivM	ABC-type branched-chain amino acid transport system, permease component	AG-903-M21_00949	4
CACDGO010000007.1	48545	49426	-	AG-903-M21_00954	AG-903-M21	293	OG0001409	NA	NA	COG0412	DLH	Dienelactone hydrolase	AG-903-M21_00949	5
CACDIC010000006.1	44977	45597	+	AG-903-O08_00709	AG-903-O08	206	OG0001459	NA	NA	NA	NA	NA	AG-903-O08_00714	-5
CACDIC010000006.1	45597	46646	+	AG-903-O08_00710	AG-903-O08	349	OG0001109	NA	NA	COG4177	LivM	ABC-type branched-chain amino acid transport system, permease component	AG-903-O08_00714	-4
CACDIC010000006.1	46643	47383	+	AG-903-O08_00711	AG-903-O08	246	OG0000928	K01995	branched-chain amino acid transport system ATP-binding protein	COG0411	LivG	ABC-type branched-chain amino acid transport system, ATPase component LivG	AG-903-O08_00714	-3
CACDIC010000006.1	47383	48168	+	AG-903-O08_00712	AG-903-O08	261	OG0001077	NA	NA	COG0410	LivF	ABC-type branched-chain amino acid transport system, ATPase component LivF	AG-903-O08_00714	-2
CACDIC010000006.1	48168	48872	+	AG-903-O08_00713	AG-903-O08	234	OG0001073	NA	NA	COG1296	AzlC	Predicted branched-chain amino acid permease (azaleucine resistance)	AG-903-O08_00714	-1
CACDIC010000006.1	48862	49185	+	AG-903-O08_00714	AG-903-O08	107	OG0001083	NA	NA	COG4392	AzlD2	Branched-chain amino acid transport protein	AG-903-O08_00714	0
CACDIC010000006.1	49182	50096	+	AG-903-O08_00715	AG-903-O08	304	OG0001090	K15737	glutarate dioxygenase [EC:1.14.11.64]	NA	NA	NA	AG-903-O08_00714	1
CACDIC010000006.1	50123	50890	+	AG-903-O08_00716	AG-903-O08	255	OG0000676	NA	NA	COG0345	ProC	Pyrroline-5-carboxylate reductase	AG-903-O08_00714	2
CACDIC010000006.1	50894	51679	+	AG-903-O08_00717	AG-903-O08	261	OG0000143	K01995	branched-chain amino acid transport system ATP-binding protein	COG0411	LivG	ABC-type branched-chain amino acid transport system, ATPase component LivG	AG-903-O08_00714	3
CACDIC010000006.1	51682	52389	+	AG-903-O08_00718	AG-903-O08	235	OG0000065	K01996	branched-chain amino acid transport system ATP-binding protein	COG0410	LivF	ABC-type branched-chain amino acid transport system, ATPase component LivF	AG-903-O08_00714	4
CACDIC010000006.1	52391	53401	+	AG-903-O08_00719	AG-903-O08	336	OG0000021	K01997	branched-chain amino acid transport system permease protein	COG0559	LivH	Branched-chain amino acid ABC-type transport system, permease component	AG-903-O08_00714	5
CACDPZ010000005.1	8824	9717	+	AG-904-F11_00476	AG-904-F11	297	OG0001134	K01997	branched-chain amino acid transport system permease protein	COG0559	LivH	Branched-chain amino acid ABC-type transport system, permease component	AG-904-F11_00481	-5
CACDPZ010000005.1	9718	10782	+	AG-904-F11_00477	AG-904-F11	354	OG0001109	NA	NA	COG4177	LivM	ABC-type branched-chain amino acid transport system, permease component	AG-904-F11_00481	-4
CACDPZ010000005.1	10779	11513	+	AG-904-F11_00478	AG-904-F11	244	OG0000928	K01995	branched-chain amino acid transport system ATP-binding protein	COG0411	LivG	ABC-type branched-chain amino acid transport system, ATPase component LivG	AG-904-F11_00481	-3
CACDPZ010000005.1	11513	12298	+	AG-904-F11_00479	AG-904-F11	261	OG0001077	NA	NA	COG0410	LivF	ABC-type branched-chain amino acid transport system, ATPase component LivF	AG-904-F11_00481	-2
CACDPZ010000005.1	12295	13002	+	AG-904-F11_00480	AG-904-F11	235	OG0001073	NA	NA	COG1296	AzlC	Predicted branched-chain amino acid permease (azaleucine resistance)	AG-904-F11_00481	-1
CACDPZ010000005.1	12989	13315	+	AG-904-F11_00481	AG-904-F11	108	OG0001083	NA	NA	COG4392	AzlD2	Branched-chain amino acid transport protein	AG-904-F11_00481	0
CACDPZ010000005.1	13312	14208	+	AG-904-F11_00482	AG-904-F11	298	OG0001090	K15737	glutarate dioxygenase [EC:1.14.11.64]	NA	NA	NA	AG-904-F11_00481	1
CACDPZ010000005.1	14275	15255	+	AG-904-F11_00483	AG-904-F11	326	OG0001110	K07795	putative tricarboxylic transport membrane protein	COG3181	TctC	Tripartite-type tricarboxylate transporter, extracytoplasmic receptor component TctC	AG-904-F11_00481	2
CACDPZ010000005.1	15279	15749	+	AG-904-F11_00484	AG-904-F11	156	OG0001140	K07794	putative tricarboxylic transport membrane protein	NA	NA	NA	AG-904-F11_00481	3
CACDPZ010000005.1	15746	17245	+	AG-904-F11_00485	AG-904-F11	499	OG0000068	K07793	putative tricarboxylic transport membrane protein	COG3333	NA	TctA family transporter	AG-904-F11_00481	4
CACDPZ010000005.1	17251	17637	-	AG-904-F11_00486	AG-904-F11	128	OG0001278	K15977	putative oxidoreductase	COG2259	DoxX	Uncharacterized membrane protein YphA, DoxX/SURF4 family	AG-904-F11_00481	5
CACDSY010000004.1	4667	5719	+	AG-904-K03_00881	AG-904-K03	350	OG0001109	NA	NA	COG4177	LivM	ABC-type branched-chain amino acid transport system, permease component	AG-904-K03_00886	-5
CACDSY010000004.1	5716	6456	+	AG-904-K03_00882	AG-904-K03	246	OG0000928	K01995	branched-chain amino acid transport system ATP-binding protein	COG0411	LivG	ABC-type branched-chain amino acid transport system, ATPase component LivG	AG-904-K03_00886	-4
CACDSY010000004.1	6456	7109	+	AG-904-K03_00883	AG-904-K03	217	OG0001077	NA	NA	COG0410	LivF	ABC-type branched-chain amino acid transport system, ATPase component LivF	AG-904-K03_00886	-3
CACDSY010000004.1	7081	7242	+	AG-904-K03_00884	AG-904-K03	53	OG0000065	NA	NA	COG0410	LivF	ABC-type branched-chain amino acid transport system, ATPase component LivF	AG-904-K03_00886	-2
CACDSY010000004.1	7242	7946	+	AG-904-K03_00885	AG-904-K03	234	OG0001073	NA	NA	COG1296	AzlC	Predicted branched-chain amino acid permease (azaleucine resistance)	AG-904-K03_00886	-1
CACDSY010000004.1	7936	8262	+	AG-904-K03_00886	AG-904-K03	108	OG0001083	NA	NA	COG4392	AzlD2	Branched-chain amino acid transport protein	AG-904-K03_00886	0
CACDSY010000004.1	8259	8765	+	AG-904-K03_00887	AG-904-K03	168	OG0001207	NA	NA	COG1357	DotG	Type IVB secretion/DNA transfer system protein DotG/IcmE, contains pentapeptide repeats	AG-904-K03_00886	1
CACDSY010000004.1	8770	9690	+	AG-904-K03_00888	AG-904-K03	306	OG0001090	K15737	glutarate dioxygenase [EC:1.14.11.64]	COG2175	TauD	Taurine dioxygenase, alpha-ketoglutarate-dependent	AG-904-K03_00886	2
CACDSY010000004.1	9707	10477	+	AG-904-K03_00889	AG-904-K03	256	OG0000676	NA	NA	COG0345	ProC	Pyrroline-5-carboxylate reductase	AG-904-K03_00886	3
CACDSY010000004.1	10492	11259	+	AG-904-K03_00890	AG-904-K03	255	OG0000143	K01995	branched-chain amino acid transport system ATP-binding protein	COG0411	LivG	ABC-type branched-chain amino acid transport system, ATPase component LivG	AG-904-K03_00886	4
CACDSY010000004.1	11265	11972	+	AG-904-K03_00891	AG-904-K03	235	OG0000065	K01996	branched-chain amino acid transport system ATP-binding protein	COG0410	LivF	ABC-type branched-chain amino acid transport system, ATPase component LivF	AG-904-K03_00886	5
CACEDX010000010.1	5135	6028	+	AG-905-E10_00843	AG-905-E10	297	OG0001225	K01997	branched-chain amino acid transport system permease protein	COG0559	LivH	Branched-chain amino acid ABC-type transport system, permease component	AG-905-E10_00848	-5
CACEDX010000010.1	6028	7077	+	AG-905-E10_00844	AG-905-E10	349	OG0001109	NA	NA	COG4177	LivM	ABC-type branched-chain amino acid transport system, permease component	AG-905-E10_00848	-4
CACEDX010000010.1	7074	7814	+	AG-905-E10_00845	AG-905-E10	246	OG0000928	K01995	branched-chain amino acid transport system ATP-binding protein	COG0411	LivG	ABC-type branched-chain amino acid transport system, ATPase component LivG	AG-905-E10_00848	-3
CACEDX010000010.1	7814	8599	+	AG-905-E10_00846	AG-905-E10	261	OG0001077	NA	NA	COG0410	LivF	ABC-type branched-chain amino acid transport system, ATPase component LivF	AG-905-E10_00848	-2
CACEDX010000010.1	8599	9303	+	AG-905-E10_00847	AG-905-E10	234	OG0001073	NA	NA	COG1296	AzlC	Predicted branched-chain amino acid permease (azaleucine resistance)	AG-905-E10_00848	-1
CACEDX010000010.1	9293	9616	+	AG-905-E10_00848	AG-905-E10	107	OG0001083	NA	NA	COG4392	AzlD2	Branched-chain amino acid transport protein	AG-905-E10_00848	0
CACEDX010000010.1	9613	10527	+	AG-905-E10_00849	AG-905-E10	304	OG0001090	K15737	glutarate dioxygenase [EC:1.14.11.64]	NA	NA	NA	AG-905-E10_00848	1
CACEDX010000010.1	10554	11321	+	AG-905-E10_00850	AG-905-E10	255	OG0000676	NA	NA	COG0345	ProC	Pyrroline-5-carboxylate reductase	AG-905-E10_00848	2
CACEDX010000010.1	11325	12110	+	AG-905-E10_00851	AG-905-E10	261	OG0000143	K01995	branched-chain amino acid transport system ATP-binding protein	COG0411	LivG	ABC-type branched-chain amino acid transport system, ATPase component LivG	AG-905-E10_00848	3
CACEDX010000010.1	12113	12820	+	AG-905-E10_00852	AG-905-E10	235	OG0000065	K01996	branched-chain amino acid transport system ATP-binding protein	COG0410	LivF	ABC-type branched-chain amino acid transport system, ATPase component LivF	AG-905-E10_00848	4
CACEDX010000010.1	12822	13832	+	AG-905-E10_00853	AG-905-E10	336	OG0000021	K01997	branched-chain amino acid transport system permease protein	COG0559	LivH	Branched-chain amino acid ABC-type transport system, permease component	AG-905-E10_00848	5
CACEDU010000002.1	39819	40712	+	AG-905-E11_00346	AG-905-E11	297	OG0002199	K01997	branched-chain amino acid transport system permease protein	COG0559	LivH	Branched-chain amino acid ABC-type transport system, permease component	AG-905-E11_00351	-5
CACEDU010000002.1	40712	41761	+	AG-905-E11_00347	AG-905-E11	349	OG0001109	NA	NA	COG4177	LivM	ABC-type branched-chain amino acid transport system, permease component	AG-905-E11_00351	-4
CACEDU010000002.1	41758	42498	+	AG-905-E11_00348	AG-905-E11	246	OG0000928	K01995	branched-chain amino acid transport system ATP-binding protein	COG0411	LivG	ABC-type branched-chain amino acid transport system, ATPase component LivG	AG-905-E11_00351	-3
CACEDU010000002.1	42498	43283	+	AG-905-E11_00349	AG-905-E11	261	OG0001077	NA	NA	COG0410	LivF	ABC-type branched-chain amino acid transport system, ATPase component LivF	AG-905-E11_00351	-2
CACEDU010000002.1	43283	43987	+	AG-905-E11_00350	AG-905-E11	234	OG0001073	NA	NA	COG1296	AzlC	Predicted branched-chain amino acid permease (azaleucine resistance)	AG-905-E11_00351	-1
CACEDU010000002.1	43977	44303	+	AG-905-E11_00351	AG-905-E11	108	OG0001083	NA	NA	COG4392	AzlD2	Branched-chain amino acid transport protein	AG-905-E11_00351	0
CACEDU010000002.1	44300	44806	+	AG-905-E11_00352	AG-905-E11	168	OG0001207	NA	NA	COG1357	DotG	Type IVB secretion/DNA transfer system protein DotG/IcmE, contains pentapeptide repeats	AG-905-E11_00351	1
CACEDU010000002.1	44811	45731	+	AG-905-E11_00353	AG-905-E11	306	OG0001090	K15737	glutarate dioxygenase [EC:1.14.11.64]	NA	NA	NA	AG-905-E11_00351	2
CACEDU010000002.1	45749	46519	+	AG-905-E11_00354	AG-905-E11	256	OG0000676	NA	NA	COG0345	ProC	Pyrroline-5-carboxylate reductase	AG-905-E11_00351	3
CACEDU010000002.1	46526	47302	+	AG-905-E11_00355	AG-905-E11	258	OG0000143	K01995	branched-chain amino acid transport system ATP-binding protein	COG0411	LivG	ABC-type branched-chain amino acid transport system, ATPase component LivG	AG-905-E11_00351	4
CACEDU010000002.1	47303	48010	+	AG-905-E11_00356	AG-905-E11	235	OG0000065	K01996	branched-chain amino acid transport system ATP-binding protein	COG0410	LivF	ABC-type branched-chain amino acid transport system, ATPase component LivF	AG-905-E11_00351	5
CACEFR010000007.1	15828	17000	-	AG-905-G04_00780	AG-905-G04	390	OG0000971	K15783	ectoine hydrolase [EC:3.5.4.44]	COG0006	PepP	Xaa-Pro aminopeptidase	AG-905-G04_00785	-5
CACEFR010000007.1	16997	17746	-	AG-905-G04_00781	AG-905-G04	249	OG0000958	K01799	maleate isomerase [EC:5.2.1.1]	COG3473	NA	Maleate cis-trans isomerase	AG-905-G04_00785	-4
CACEFR010000007.1	17886	19067	+	AG-905-G04_00782	AG-905-G04	393	OG0000851	K01999	branched-chain amino acid transport system substrate-binding protein	COG0683	LivK	ABC-type branched-chain amino acid transport system, periplasmic component	AG-905-G04_00785	-3
CACEFR010000007.1	19216	19983	-	AG-905-G04_00783	AG-905-G04	255	OG0000676	NA	NA	COG0345	ProC	Pyrroline-5-carboxylate reductase	AG-905-G04_00785	-2
CACEFR010000007.1	20010	20924	-	AG-905-G04_00784	AG-905-G04	304	OG0001090	K15737	glutarate dioxygenase [EC:1.14.11.64]	NA	NA	NA	AG-905-G04_00785	-1
CACEFR010000007.1	20921	21244	-	AG-905-G04_00785	AG-905-G04	107	OG0001083	NA	NA	COG4392	AzlD2	Branched-chain amino acid transport protein	AG-905-G04_00785	0
CACEFR010000007.1	21234	21938	-	AG-905-G04_00786	AG-905-G04	234	OG0001073	NA	NA	COG1296	AzlC	Predicted branched-chain amino acid permease (azaleucine resistance)	AG-905-G04_00785	1
CACEFR010000007.1	21938	22723	-	AG-905-G04_00787	AG-905-G04	261	OG0001077	NA	NA	COG0410	LivF	ABC-type branched-chain amino acid transport system, ATPase component LivF	AG-905-G04_00785	2
CACEFR010000007.1	22723	23463	-	AG-905-G04_00788	AG-905-G04	246	OG0000928	K01995	branched-chain amino acid transport system ATP-binding protein	COG0411	LivG	ABC-type branched-chain amino acid transport system, ATPase component LivG	AG-905-G04_00785	3
CACEFR010000007.1	23460	24509	-	AG-905-G04_00789	AG-905-G04	349	OG0001109	NA	NA	COG4177	LivM	ABC-type branched-chain amino acid transport system, permease component	AG-905-G04_00785	4
CACEFR010000007.1	24509	25402	-	AG-905-G04_00790	AG-905-G04	297	OG0001225	K01997	branched-chain amino acid transport system permease protein	COG0559	LivH	Branched-chain amino acid ABC-type transport system, permease component	AG-905-G04_00785	5
CACETY010000003.1	100912	101778	+	AG-907-F09_00409	AG-907-F09	288	OG0002199	K01997	branched-chain amino acid transport system permease protein	COG0559	LivH	Branched-chain amino acid ABC-type transport system, permease component	AG-907-F09_00414	-5
CACETY010000003.1	101778	102827	+	AG-907-F09_00410	AG-907-F09	349	OG0001109	NA	NA	COG4177	LivM	ABC-type branched-chain amino acid transport system, permease component	AG-907-F09_00414	-4
CACETY010000003.1	102824	103564	+	AG-907-F09_00411	AG-907-F09	246	OG0000928	K01995	branched-chain amino acid transport system ATP-binding protein	COG0411	LivG	ABC-type branched-chain amino acid transport system, ATPase component LivG	AG-907-F09_00414	-3
CACETY010000003.1	103564	104349	+	AG-907-F09_00412	AG-907-F09	261	OG0001077	NA	NA	COG0410	LivF	ABC-type branched-chain amino acid transport system, ATPase component LivF	AG-907-F09_00414	-2
CACETY010000003.1	104349	105053	+	AG-907-F09_00413	AG-907-F09	234	OG0001073	NA	NA	NA	NA	NA	AG-907-F09_00414	-1
CACETY010000003.1	105043	105369	+	AG-907-F09_00414	AG-907-F09	108	OG0001083	NA	NA	COG4392	AzlD2	Branched-chain amino acid transport protein	AG-907-F09_00414	0
CACETY010000003.1	105366	105872	+	AG-907-F09_00415	AG-907-F09	168	OG0001207	NA	NA	COG1357	DotG	Type IVB secretion/DNA transfer system protein DotG/IcmE, contains pentapeptide repeats	AG-907-F09_00414	1
CACETY010000003.1	105877	106797	+	AG-907-F09_00416	AG-907-F09	306	OG0001090	K15737	glutarate dioxygenase [EC:1.14.11.64]	NA	NA	NA	AG-907-F09_00414	2
CACETY010000003.1	106815	107585	+	AG-907-F09_00417	AG-907-F09	256	OG0000676	NA	NA	COG0345	ProC	Pyrroline-5-carboxylate reductase	AG-907-F09_00414	3
CACETY010000003.1	107592	108368	+	AG-907-F09_00418	AG-907-F09	258	OG0000143	K01995	branched-chain amino acid transport system ATP-binding protein	COG0411	LivG	ABC-type branched-chain amino acid transport system, ATPase component LivG	AG-907-F09_00414	4
CACETY010000003.1	108369	109076	+	AG-907-F09_00419	AG-907-F09	235	OG0000065	K01996	branched-chain amino acid transport system ATP-binding protein	COG0410	LivF	ABC-type branched-chain amino acid transport system, ATPase component LivF	AG-907-F09_00414	5
CACFHY010000003.1	42769	43779	-	AG-908-C18_00421	AG-908-C18	336	OG0000021	K01997	branched-chain amino acid transport system permease protein	COG0559	LivH	Branched-chain amino acid ABC-type transport system, permease component	AG-908-C18_00426	-5
CACFHY010000003.1	43781	44488	-	AG-908-C18_00422	AG-908-C18	235	OG0000065	K01996	branched-chain amino acid transport system ATP-binding protein	COG0410	LivF	ABC-type branched-chain amino acid transport system, ATPase component LivF	AG-908-C18_00426	-4
CACFHY010000003.1	44488	45276	-	AG-908-C18_00423	AG-908-C18	262	OG0000143	K01995	branched-chain amino acid transport system ATP-binding protein	COG0411	LivG	ABC-type branched-chain amino acid transport system, ATPase component LivG	AG-908-C18_00426	-3
CACFHY010000003.1	45282	46049	-	AG-908-C18_00424	AG-908-C18	255	OG0000676	NA	NA	COG0345	ProC	Pyrroline-5-carboxylate reductase	AG-908-C18_00426	-2
CACFHY010000003.1	46082	46993	-	AG-908-C18_00425	AG-908-C18	303	OG0001090	K15737	glutarate dioxygenase [EC:1.14.11.64]	NA	NA	NA	AG-908-C18_00426	-1
CACFHY010000003.1	47033	47356	-	AG-908-C18_00426	AG-908-C18	107	OG0001083	NA	NA	COG4392	AzlD2	Branched-chain amino acid transport protein	AG-908-C18_00426	0
CACFHY010000003.1	47346	48050	-	AG-908-C18_00427	AG-908-C18	234	OG0001073	NA	NA	COG1296	AzlC	Predicted branched-chain amino acid permease (azaleucine resistance)	AG-908-C18_00426	1
CACFHY010000003.1	48050	48835	-	AG-908-C18_00428	AG-908-C18	261	OG0001077	NA	NA	COG0410	LivF	ABC-type branched-chain amino acid transport system, ATPase component LivF	AG-908-C18_00426	2
CACFHY010000003.1	48835	49575	-	AG-908-C18_00429	AG-908-C18	246	OG0000928	K01995	branched-chain amino acid transport system ATP-binding protein	COG0411	LivG	ABC-type branched-chain amino acid transport system, ATPase component LivG	AG-908-C18_00426	3
CACFHY010000003.1	49572	50624	-	AG-908-C18_00430	AG-908-C18	350	OG0001109	NA	NA	COG4177	LivM	ABC-type branched-chain amino acid transport system, permease component	AG-908-C18_00426	4
CACFHY010000003.1	50611	50793	-	AG-908-C18_00431	AG-908-C18	60	OG0001356	NA	NA	NA	NA	NA	AG-908-C18_00426	5
CACFLK010000005.1	77325	78218	+	AG-908-F20_00883	AG-908-F20	297	OG0001225	K01997	branched-chain amino acid transport system permease protein	COG0559	LivH	Branched-chain amino acid ABC-type transport system, permease component	AG-908-F20_00888	-5
CACFLK010000005.1	78218	79267	+	AG-908-F20_00884	AG-908-F20	349	OG0001109	NA	NA	COG4177	LivM	ABC-type branched-chain amino acid transport system, permease component	AG-908-F20_00888	-4
CACFLK010000005.1	79264	80004	+	AG-908-F20_00885	AG-908-F20	246	OG0000928	K01995	branched-chain amino acid transport system ATP-binding protein	COG0411	LivG	ABC-type branched-chain amino acid transport system, ATPase component LivG	AG-908-F20_00888	-3
CACFLK010000005.1	80004	80789	+	AG-908-F20_00886	AG-908-F20	261	OG0001077	NA	NA	COG0410	LivF	ABC-type branched-chain amino acid transport system, ATPase component LivF	AG-908-F20_00888	-2
CACFLK010000005.1	80789	81493	+	AG-908-F20_00887	AG-908-F20	234	OG0001073	NA	NA	COG1296	AzlC	Predicted branched-chain amino acid permease (azaleucine resistance)	AG-908-F20_00888	-1
CACFLK010000005.1	81483	81806	+	AG-908-F20_00888	AG-908-F20	107	OG0001083	NA	NA	COG4392	AzlD2	Branched-chain amino acid transport protein	AG-908-F20_00888	0
CACFLK010000005.1	81803	82717	+	AG-908-F20_00889	AG-908-F20	304	OG0001090	K15737	glutarate dioxygenase [EC:1.14.11.64]	NA	NA	NA	AG-908-F20_00888	1
CACFPI010000003.1	78284	78991	-	AG-908-L09_00399	AG-908-L09	235	OG0000065	K01996	branched-chain amino acid transport system ATP-binding protein	COG0410	LivF	ABC-type branched-chain amino acid transport system, ATPase component LivF	AG-908-L09_00404	-5
CACFPI010000003.1	78991	79779	-	AG-908-L09_00400	AG-908-L09	262	OG0000143	K01995	branched-chain amino acid transport system ATP-binding protein	COG0411	LivG	ABC-type branched-chain amino acid transport system, ATPase component LivG	AG-908-L09_00404	-4
CACFPI010000003.1	79781	80554	-	AG-908-L09_00401	AG-908-L09	257	OG0000676	NA	NA	COG0345	ProC	Pyrroline-5-carboxylate reductase	AG-908-L09_00404	-3
CACFPI010000003.1	80588	81508	-	AG-908-L09_00402	AG-908-L09	306	OG0001090	K15737	glutarate dioxygenase [EC:1.14.11.64]	NA	NA	NA	AG-908-L09_00404	-2
CACFPI010000003.1	81514	82020	-	AG-908-L09_00403	AG-908-L09	168	OG0001207	NA	NA	COG1357	DotG	Type IVB secretion/DNA transfer system protein DotG/IcmE, contains pentapeptide repeats	AG-908-L09_00404	-1
CACFPI010000003.1	82021	82347	-	AG-908-L09_00404	AG-908-L09	108	OG0001083	NA	NA	COG4392	AzlD2	Branched-chain amino acid transport protein	AG-908-L09_00404	0
CACFPI010000003.1	82337	83041	-	AG-908-L09_00405	AG-908-L09	234	OG0001073	NA	NA	COG1296	AzlC	Predicted branched-chain amino acid permease (azaleucine resistance)	AG-908-L09_00404	1
CACFPI010000003.1	83038	83823	-	AG-908-L09_00406	AG-908-L09	261	OG0001077	NA	NA	COG0410	LivF	ABC-type branched-chain amino acid transport system, ATPase component LivF	AG-908-L09_00404	2
CACFPI010000003.1	83823	84563	-	AG-908-L09_00407	AG-908-L09	246	OG0000928	K01995	branched-chain amino acid transport system ATP-binding protein	COG0411	LivG	ABC-type branched-chain amino acid transport system, ATPase component LivG	AG-908-L09_00404	3
CACFPI010000003.1	84560	85612	-	AG-908-L09_00408	AG-908-L09	350	OG0001109	NA	NA	COG4177	LivM	ABC-type branched-chain amino acid transport system, permease component	AG-908-L09_00404	4
CACFPI010000003.1	85599	85781	-	AG-908-L09_00409	AG-908-L09	60	OG0001356	NA	NA	NA	NA	NA	AG-908-L09_00404	5
CACGPY010000016.1	1338	2231	+	AG-910-G11_00910	AG-910-G11	297	OG0001134	K01997	branched-chain amino acid transport system permease protein	COG0559	LivH	Branched-chain amino acid ABC-type transport system, permease component	AG-910-G11_00915	-5
CACGPY010000016.1	2232	3296	+	AG-910-G11_00911	AG-910-G11	354	OG0001109	NA	NA	COG4177	LivM	ABC-type branched-chain amino acid transport system, permease component	AG-910-G11_00915	-4
CACGPY010000016.1	3293	4027	+	AG-910-G11_00912	AG-910-G11	244	OG0000928	K01995	branched-chain amino acid transport system ATP-binding protein	COG0411	LivG	ABC-type branched-chain amino acid transport system, ATPase component LivG	AG-910-G11_00915	-3
CACGPY010000016.1	4027	4812	+	AG-910-G11_00913	AG-910-G11	261	OG0001077	NA	NA	COG0410	LivF	ABC-type branched-chain amino acid transport system, ATPase component LivF	AG-910-G11_00915	-2
CACGPY010000016.1	4809	5513	+	AG-910-G11_00914	AG-910-G11	234	OG0001073	NA	NA	COG1296	AzlC	Predicted branched-chain amino acid permease (azaleucine resistance)	AG-910-G11_00915	-1
CACGPY010000016.1	5503	5829	+	AG-910-G11_00915	AG-910-G11	108	OG0001083	NA	NA	COG4392	AzlD2	Branched-chain amino acid transport protein	AG-910-G11_00915	0
CACGPY010000016.1	5913	6809	+	AG-910-G11_00916	AG-910-G11	298	OG0001090	K15737	glutarate dioxygenase [EC:1.14.11.64]	NA	NA	NA	AG-910-G11_00915	1
CACGPY010000016.1	6900	7880	+	AG-910-G11_00917	AG-910-G11	326	OG0001110	K07795	putative tricarboxylic transport membrane protein	COG3181	TctC	Tripartite-type tricarboxylate transporter, extracytoplasmic receptor component TctC	AG-910-G11_00915	2
CACGPY010000016.1	7904	8374	+	AG-910-G11_00918	AG-910-G11	156	OG0001140	K07794	putative tricarboxylic transport membrane protein	NA	NA	NA	AG-910-G11_00915	3
CACGPY010000016.1	8371	9873	+	AG-910-G11_00919	AG-910-G11	500	OG0000068	K07793	putative tricarboxylic transport membrane protein	COG3333	NA	TctA family transporter	AG-910-G11_00915	4
CACGPY010000016.1	10010	10654	+	AG-910-G11_00920	AG-910-G11	214	OG0001361	NA	NA	NA	NA	NA	AG-910-G11_00915	5
CACHEO010000001.1	26084	26977	+	AG-911-G03_00029	AG-911-G03	297	OG0001225	K01997	branched-chain amino acid transport system permease protein	COG0559	LivH	Branched-chain amino acid ABC-type transport system, permease component	AG-911-G03_00034	-5
CACHEO010000001.1	26974	28032	+	AG-911-G03_00030	AG-911-G03	352	OG0001109	NA	NA	COG4177	LivM	ABC-type branched-chain amino acid transport system, permease component	AG-911-G03_00034	-4
CACHEO010000001.1	28029	28769	+	AG-911-G03_00031	AG-911-G03	246	OG0000928	K01995	branched-chain amino acid transport system ATP-binding protein	COG0411	LivG	ABC-type branched-chain amino acid transport system, ATPase component LivG	AG-911-G03_00034	-3
CACHEO010000001.1	28769	29554	+	AG-911-G03_00032	AG-911-G03	261	OG0001077	NA	NA	COG0410	LivF	ABC-type branched-chain amino acid transport system, ATPase component LivF	AG-911-G03_00034	-2
CACHEO010000001.1	29554	30258	+	AG-911-G03_00033	AG-911-G03	234	OG0001073	NA	NA	COG1296	AzlC	Predicted branched-chain amino acid permease (azaleucine resistance)	AG-911-G03_00034	-1
CACHEO010000001.1	30248	30571	+	AG-911-G03_00034	AG-911-G03	107	OG0001083	NA	NA	COG4392	AzlD2	Branched-chain amino acid transport protein	AG-911-G03_00034	0
CACHEO010000001.1	30612	31523	+	AG-911-G03_00035	AG-911-G03	303	OG0001090	K15737	glutarate dioxygenase [EC:1.14.11.64]	NA	NA	NA	AG-911-G03_00034	1
CACHEO010000001.1	31558	32325	+	AG-911-G03_00036	AG-911-G03	255	OG0000676	NA	NA	COG0345	ProC	Pyrroline-5-carboxylate reductase	AG-911-G03_00034	2
CACHEO010000001.1	32331	33119	+	AG-911-G03_00037	AG-911-G03	262	OG0000143	K01995	branched-chain amino acid transport system ATP-binding protein	COG0411	LivG	ABC-type branched-chain amino acid transport system, ATPase component LivG	AG-911-G03_00034	3
CACHEO010000001.1	33119	33826	+	AG-911-G03_00038	AG-911-G03	235	OG0000065	K01996	branched-chain amino acid transport system ATP-binding protein	COG0410	LivF	ABC-type branched-chain amino acid transport system, ATPase component LivF	AG-911-G03_00034	4
CACHEO010000001.1	33828	34838	+	AG-911-G03_00039	AG-911-G03	336	OG0000021	K01997	branched-chain amino acid transport system permease protein	COG0559	LivH	Branched-chain amino acid ABC-type transport system, permease component	AG-911-G03_00034	5
CACHFP010000002.1	33034	33681	-	AG-911-G13_00401	AG-911-G13	215	OG0001361	NA	NA	NA	NA	NA	AG-911-G13_00406	-5
CACHFP010000002.1	33830	35338	-	AG-911-G13_00402	AG-911-G13	502	OG0000068	K07793	putative tricarboxylic transport membrane protein	COG3333	NA	TctA family transporter	AG-911-G13_00406	-4
CACHFP010000002.1	35335	35805	-	AG-911-G13_00403	AG-911-G13	156	OG0001140	K07794	putative tricarboxylic transport membrane protein	NA	NA	NA	AG-911-G13_00406	-3
CACHFP010000002.1	35824	36816	-	AG-911-G13_00404	AG-911-G13	330	OG0001110	K07795	putative tricarboxylic transport membrane protein	COG3181	TctC	Tripartite-type tricarboxylate transporter, extracytoplasmic receptor component TctC	AG-911-G13_00406	-2
CACHFP010000002.1	36883	37779	-	AG-911-G13_00405	AG-911-G13	298	OG0001090	K15737	glutarate dioxygenase [EC:1.14.11.64]	NA	NA	NA	AG-911-G13_00406	-1
CACHFP010000002.1	37855	38181	-	AG-911-G13_00406	AG-911-G13	108	OG0001083	NA	NA	COG4392	AzlD2	Branched-chain amino acid transport protein	AG-911-G13_00406	0
CACHFP010000002.1	38171	38875	-	AG-911-G13_00407	AG-911-G13	234	OG0001073	NA	NA	COG1296	AzlC	Predicted branched-chain amino acid permease (azaleucine resistance)	AG-911-G13_00406	1
CACHFP010000002.1	38872	39657	-	AG-911-G13_00408	AG-911-G13	261	OG0001077	NA	NA	COG0410	LivF	ABC-type branched-chain amino acid transport system, ATPase component LivF	AG-911-G13_00406	2
CACHFP010000002.1	39657	40391	-	AG-911-G13_00409	AG-911-G13	244	OG0000928	K01995	branched-chain amino acid transport system ATP-binding protein	COG0411	LivG	ABC-type branched-chain amino acid transport system, ATPase component LivG	AG-911-G13_00406	3
CACHFP010000002.1	40388	41452	-	AG-911-G13_00410	AG-911-G13	354	OG0001109	NA	NA	COG4177	LivM	ABC-type branched-chain amino acid transport system, permease component	AG-911-G13_00406	4
CACHFP010000002.1	41453	42346	-	AG-911-G13_00411	AG-911-G13	297	OG0001134	K01997	branched-chain amino acid transport system permease protein	COG0559	LivH	Branched-chain amino acid ABC-type transport system, permease component	AG-911-G13_00406	5
CACHSE010000002.1	120118	121128	-	AG-912-C08_00416	AG-912-C08	336	OG0000021	K01997	branched-chain amino acid transport system permease protein	COG0559	LivH	Branched-chain amino acid ABC-type transport system, permease component	AG-912-C08_00421	-5
CACHSE010000002.1	121130	121837	-	AG-912-C08_00417	AG-912-C08	235	OG0000065	K01996	branched-chain amino acid transport system ATP-binding protein	COG0410	LivF	ABC-type branched-chain amino acid transport system, ATPase component LivF	AG-912-C08_00421	-4
CACHSE010000002.1	121838	122623	-	AG-912-C08_00418	AG-912-C08	261	OG0000143	K01995	branched-chain amino acid transport system ATP-binding protein	COG0411	LivG	ABC-type branched-chain amino acid transport system, ATPase component LivG	AG-912-C08_00421	-3
CACHSE010000002.1	122627	123394	-	AG-912-C08_00419	AG-912-C08	255	OG0000676	NA	NA	COG0345	ProC	Pyrroline-5-carboxylate reductase	AG-912-C08_00421	-2
CACHSE010000002.1	123425	124339	-	AG-912-C08_00420	AG-912-C08	304	OG0001090	K15737	glutarate dioxygenase [EC:1.14.11.64]	NA	NA	NA	AG-912-C08_00421	-1
CACHSE010000002.1	124336	124659	-	AG-912-C08_00421	AG-912-C08	107	OG0001083	NA	NA	COG4392	AzlD2	Branched-chain amino acid transport protein	AG-912-C08_00421	0
CACHSE010000002.1	124649	125353	-	AG-912-C08_00422	AG-912-C08	234	OG0001073	NA	NA	COG1296	AzlC	Predicted branched-chain amino acid permease (azaleucine resistance)	AG-912-C08_00421	1
CACHSE010000002.1	125353	126138	-	AG-912-C08_00423	AG-912-C08	261	OG0001077	NA	NA	COG0410	LivF	ABC-type branched-chain amino acid transport system, ATPase component LivF	AG-912-C08_00421	2
CACHSE010000002.1	126138	126878	-	AG-912-C08_00424	AG-912-C08	246	OG0000928	K01995	branched-chain amino acid transport system ATP-binding protein	COG0411	LivG	ABC-type branched-chain amino acid transport system, ATPase component LivG	AG-912-C08_00421	3
CACHSE010000002.1	126875	127924	-	AG-912-C08_00425	AG-912-C08	349	OG0001109	NA	NA	COG4177	LivM	ABC-type branched-chain amino acid transport system, permease component	AG-912-C08_00421	4
CACHSE010000002.1	127924	128817	-	AG-912-C08_00426	AG-912-C08	297	OG0001225	K01997	branched-chain amino acid transport system permease protein	COG0559	LivH	Branched-chain amino acid ABC-type transport system, permease component	AG-912-C08_00421	5
CACHRI010000007.1	31262	32155	+	AG-912-D10_00922	AG-912-D10	297	OG0001134	K01997	branched-chain amino acid transport system permease protein	COG0559	LivH	Branched-chain amino acid ABC-type transport system, permease component	AG-912-D10_00927	-5
CACHRI010000007.1	32156	33220	+	AG-912-D10_00923	AG-912-D10	354	OG0001109	NA	NA	COG4177	LivM	ABC-type branched-chain amino acid transport system, permease component	AG-912-D10_00927	-4
CACHRI010000007.1	33217	33951	+	AG-912-D10_00924	AG-912-D10	244	OG0000928	K01995	branched-chain amino acid transport system ATP-binding protein	COG0411	LivG	ABC-type branched-chain amino acid transport system, ATPase component LivG	AG-912-D10_00927	-3
CACHRI010000007.1	33951	34736	+	AG-912-D10_00925	AG-912-D10	261	OG0001077	NA	NA	COG0410	LivF	ABC-type branched-chain amino acid transport system, ATPase component LivF	AG-912-D10_00927	-2
CACHRI010000007.1	34733	35437	+	AG-912-D10_00926	AG-912-D10	234	OG0001073	NA	NA	COG1296	AzlC	Predicted branched-chain amino acid permease (azaleucine resistance)	AG-912-D10_00927	-1
CACHRI010000007.1	35427	35753	+	AG-912-D10_00927	AG-912-D10	108	OG0001083	NA	NA	COG4392	AzlD2	Branched-chain amino acid transport protein	AG-912-D10_00927	0
CACHRI010000007.1	35750	36646	+	AG-912-D10_00928	AG-912-D10	298	OG0001090	K15737	glutarate dioxygenase [EC:1.14.11.64]	NA	NA	NA	AG-912-D10_00927	1
CACHRI010000007.1	36713	37693	+	AG-912-D10_00929	AG-912-D10	326	OG0001110	K07795	putative tricarboxylic transport membrane protein	COG3181	TctC	Tripartite-type tricarboxylate transporter, extracytoplasmic receptor component TctC	AG-912-D10_00927	2
CACHRI010000007.1	37717	38187	+	AG-912-D10_00930	AG-912-D10	156	OG0001140	K07794	putative tricarboxylic transport membrane protein	NA	NA	NA	AG-912-D10_00927	3
CACHRI010000007.1	38184	39683	+	AG-912-D10_00931	AG-912-D10	499	OG0000068	K07793	putative tricarboxylic transport membrane protein	COG3333	NA	TctA family transporter	AG-912-D10_00927	4
CACHRI010000007.1	39689	40075	-	AG-912-D10_00932	AG-912-D10	128	OG0001278	K15977	putative oxidoreductase	COG2259	DoxX	Uncharacterized membrane protein YphA, DoxX/SURF4 family	AG-912-D10_00927	5
CACHUT010000003.1	53458	54468	-	AG-912-F16_00529	AG-912-F16	336	OG0000021	K01997	branched-chain amino acid transport system permease protein	COG0559	LivH	Branched-chain amino acid ABC-type transport system, permease component	AG-912-F16_00534	-5
CACHUT010000003.1	54470	55177	-	AG-912-F16_00530	AG-912-F16	235	OG0000065	K01996	branched-chain amino acid transport system ATP-binding protein	COG0410	LivF	ABC-type branched-chain amino acid transport system, ATPase component LivF	AG-912-F16_00534	-4
CACHUT010000003.1	55177	55965	-	AG-912-F16_00531	AG-912-F16	262	OG0000143	K01995	branched-chain amino acid transport system ATP-binding protein	COG0411	LivG	ABC-type branched-chain amino acid transport system, ATPase component LivG	AG-912-F16_00534	-3
CACHUT010000003.1	55971	56738	-	AG-912-F16_00532	AG-912-F16	255	OG0000676	NA	NA	COG0345	ProC	Pyrroline-5-carboxylate reductase	AG-912-F16_00534	-2
CACHUT010000003.1	56773	57684	-	AG-912-F16_00533	AG-912-F16	303	OG0001090	K15737	glutarate dioxygenase [EC:1.14.11.64]	NA	NA	NA	AG-912-F16_00534	-1
CACHUT010000003.1	57725	58048	-	AG-912-F16_00534	AG-912-F16	107	OG0001083	NA	NA	COG4392	AzlD2	Branched-chain amino acid transport protein	AG-912-F16_00534	0
CACHUT010000003.1	58038	58742	-	AG-912-F16_00535	AG-912-F16	234	OG0001073	NA	NA	COG1296	AzlC	Predicted branched-chain amino acid permease (azaleucine resistance)	AG-912-F16_00534	1
CACHUT010000003.1	58742	59527	-	AG-912-F16_00536	AG-912-F16	261	OG0001077	NA	NA	COG0410	LivF	ABC-type branched-chain amino acid transport system, ATPase component LivF	AG-912-F16_00534	2
CACHUT010000003.1	59527	60267	-	AG-912-F16_00537	AG-912-F16	246	OG0000928	K01995	branched-chain amino acid transport system ATP-binding protein	COG0411	LivG	ABC-type branched-chain amino acid transport system, ATPase component LivG	AG-912-F16_00534	3
CACHUT010000003.1	60264	61322	-	AG-912-F16_00538	AG-912-F16	352	OG0001109	NA	NA	COG4177	LivM	ABC-type branched-chain amino acid transport system, permease component	AG-912-F16_00534	4
CACHUT010000003.1	61319	62212	-	AG-912-F16_00539	AG-912-F16	297	OG0001225	K01997	branched-chain amino acid transport system permease protein	COG0559	LivH	Branched-chain amino acid ABC-type transport system, permease component	AG-912-F16_00534	5
CACPIG010000001.1	6433	7140	-	AG-912-I02_00005	AG-912-I02	235	OG0000065	K01996	branched-chain amino acid transport system ATP-binding protein	COG0410	LivF	ABC-type branched-chain amino acid transport system, ATPase component LivF	AG-912-I02_00010	-5
CACPIG010000001.1	7140	7928	-	AG-912-I02_00006	AG-912-I02	262	OG0000143	K01995	branched-chain amino acid transport system ATP-binding protein	COG0411	LivG	ABC-type branched-chain amino acid transport system, ATPase component LivG	AG-912-I02_00010	-4
CACPIG010000001.1	7930	8703	-	AG-912-I02_00007	AG-912-I02	257	OG0000676	NA	NA	COG0345	ProC	Pyrroline-5-carboxylate reductase	AG-912-I02_00010	-3
CACPIG010000001.1	8737	9657	-	AG-912-I02_00008	AG-912-I02	306	OG0001090	K15737	glutarate dioxygenase [EC:1.14.11.64]	NA	NA	NA	AG-912-I02_00010	-2
CACPIG010000001.1	9663	10169	-	AG-912-I02_00009	AG-912-I02	168	OG0001207	NA	NA	COG1357	DotG	Type IVB secretion/DNA transfer system protein DotG/IcmE, contains pentapeptide repeats	AG-912-I02_00010	-1
CACPIG010000001.1	10170	10496	-	AG-912-I02_00010	AG-912-I02	108	OG0001083	NA	NA	COG4392	AzlD2	Branched-chain amino acid transport protein	AG-912-I02_00010	0
CACPIG010000001.1	10486	11190	-	AG-912-I02_00011	AG-912-I02	234	OG0001073	NA	NA	COG1296	AzlC	Predicted branched-chain amino acid permease (azaleucine resistance)	AG-912-I02_00010	1
CACPIG010000001.1	11187	11972	-	AG-912-I02_00012	AG-912-I02	261	OG0001077	NA	NA	COG0410	LivF	ABC-type branched-chain amino acid transport system, ATPase component LivF	AG-912-I02_00010	2
CACPIG010000001.1	11972	12712	-	AG-912-I02_00013	AG-912-I02	246	OG0000928	K01995	branched-chain amino acid transport system ATP-binding protein	COG0411	LivG	ABC-type branched-chain amino acid transport system, ATPase component LivG	AG-912-I02_00010	3
CACPIG010000001.1	12709	13761	-	AG-912-I02_00014	AG-912-I02	350	OG0001109	NA	NA	COG4177	LivM	ABC-type branched-chain amino acid transport system, permease component	AG-912-I02_00010	4
CACPIG010000001.1	13748	13930	-	AG-912-I02_00015	AG-912-I02	60	OG0001356	NA	NA	NA	NA	NA	AG-912-I02_00010	5
CACPIF010000002.1	61132	61839	-	AG-912-L11_00388	AG-912-L11	235	OG0000065	K01996	branched-chain amino acid transport system ATP-binding protein	COG0410	LivF	ABC-type branched-chain amino acid transport system, ATPase component LivF	AG-912-L11_00393	-5
CACPIF010000002.1	61839	62627	-	AG-912-L11_00389	AG-912-L11	262	OG0000143	K01995	branched-chain amino acid transport system ATP-binding protein	COG0411	LivG	ABC-type branched-chain amino acid transport system, ATPase component LivG	AG-912-L11_00393	-4
CACPIF010000002.1	62633	63400	-	AG-912-L11_00390	AG-912-L11	255	OG0000676	NA	NA	COG0345	ProC	Pyrroline-5-carboxylate reductase	AG-912-L11_00393	-3
CACPIF010000002.1	63474	64130	-	AG-912-L11_00391	AG-912-L11	218	OG0001361	NA	NA	COG3637	LomR	Opacity protein LomR and related surface antigens	AG-912-L11_00393	-2
CACPIF010000002.1	64336	65241	-	AG-912-L11_00392	AG-912-L11	301	OG0001090	K15737	glutarate dioxygenase [EC:1.14.11.64]	NA	NA	NA	AG-912-L11_00393	-1
CACPIF010000002.1	65280	65603	-	AG-912-L11_00393	AG-912-L11	107	OG0001083	NA	NA	COG4392	AzlD2	Branched-chain amino acid transport protein	AG-912-L11_00393	0
CACPIF010000002.1	65593	66297	-	AG-912-L11_00394	AG-912-L11	234	OG0001073	NA	NA	COG1296	AzlC	Predicted branched-chain amino acid permease (azaleucine resistance)	AG-912-L11_00393	1
CACPIF010000002.1	66297	67082	-	AG-912-L11_00395	AG-912-L11	261	OG0001077	NA	NA	COG0410	LivF	ABC-type branched-chain amino acid transport system, ATPase component LivF	AG-912-L11_00393	2
CACPIF010000002.1	67082	67822	-	AG-912-L11_00396	AG-912-L11	246	OG0000928	K01995	branched-chain amino acid transport system ATP-binding protein	COG0411	LivG	ABC-type branched-chain amino acid transport system, ATPase component LivG	AG-912-L11_00393	3
CACPIF010000002.1	67819	68868	-	AG-912-L11_00397	AG-912-L11	349	OG0001109	NA	NA	COG4177	LivM	ABC-type branched-chain amino acid transport system, permease component	AG-912-L11_00393	4
CACPIF010000002.1	68868	69761	-	AG-912-L11_00398	AG-912-L11	297	OG0001225	K01997	branched-chain amino acid transport system permease protein	COG0559	LivH	Branched-chain amino acid ABC-type transport system, permease component	AG-912-L11_00393	5
CACICB010000024.1	460	786	-	AG-912-P19_00973	AG-912-P19	108	OG0001083	NA	NA	COG4392	AzlD2	Branched-chain amino acid transport protein	AG-912-P19_00973	0
CACICB010000024.1	776	1480	-	AG-912-P19_00974	AG-912-P19	234	OG0001073	NA	NA	COG1296	AzlC	Predicted branched-chain amino acid permease (azaleucine resistance)	AG-912-P19_00973	1
CACICB010000024.1	1477	1992	-	AG-912-P19_00975	AG-912-P19	171	OG0001077	NA	NA	COG0410	LivF	ABC-type branched-chain amino acid transport system, ATPase component LivF	AG-912-P19_00973	2
CACICB010000024.1	1961	2254	-	AG-912-P19_00976	AG-912-P19	97	OG0001077	NA	NA	COG0410	LivF	ABC-type branched-chain amino acid transport system, ATPase component LivF	AG-912-P19_00973	3
CACICB010000024.1	2254	2577	-	AG-912-P19_00977	AG-912-P19	107	OG0000928	NA	NA	COG0411	LivG	ABC-type branched-chain amino acid transport system, ATPase component LivG	AG-912-P19_00973	4
CACIEE010000003.1	17689	18699	-	AG-913-A04_00556	AG-913-A04	336	OG0000021	K01997	branched-chain amino acid transport system permease protein	COG0559	LivH	Branched-chain amino acid ABC-type transport system, permease component	AG-913-A04_00561	-5
CACIEE010000003.1	18701	19408	-	AG-913-A04_00557	AG-913-A04	235	OG0000065	K01996	branched-chain amino acid transport system ATP-binding protein	COG0410	LivF	ABC-type branched-chain amino acid transport system, ATPase component LivF	AG-913-A04_00561	-4
CACIEE010000003.1	19408	20196	-	AG-913-A04_00558	AG-913-A04	262	OG0000143	K01995	branched-chain amino acid transport system ATP-binding protein	COG0411	LivG	ABC-type branched-chain amino acid transport system, ATPase component LivG	AG-913-A04_00561	-3
CACIEE010000003.1	20202	20969	-	AG-913-A04_00559	AG-913-A04	255	OG0000676	NA	NA	COG0345	ProC	Pyrroline-5-carboxylate reductase	AG-913-A04_00561	-2
CACIEE010000003.1	21004	21915	-	AG-913-A04_00560	AG-913-A04	303	OG0001090	K15737	glutarate dioxygenase [EC:1.14.11.64]	NA	NA	NA	AG-913-A04_00561	-1
CACIEE010000003.1	21956	22279	-	AG-913-A04_00561	AG-913-A04	107	OG0001083	NA	NA	COG4392	AzlD2	Branched-chain amino acid transport protein	AG-913-A04_00561	0
CACIEE010000003.1	22269	22973	-	AG-913-A04_00562	AG-913-A04	234	OG0001073	NA	NA	COG1296	AzlC	Predicted branched-chain amino acid permease (azaleucine resistance)	AG-913-A04_00561	1
CACIEE010000003.1	22973	23758	-	AG-913-A04_00563	AG-913-A04	261	OG0001077	NA	NA	COG0410	LivF	ABC-type branched-chain amino acid transport system, ATPase component LivF	AG-913-A04_00561	2
CACIEE010000003.1	23758	24498	-	AG-913-A04_00564	AG-913-A04	246	OG0000928	K01995	branched-chain amino acid transport system ATP-binding protein	COG0411	LivG	ABC-type branched-chain amino acid transport system, ATPase component LivG	AG-913-A04_00561	3
CACIEE010000003.1	24495	25553	-	AG-913-A04_00565	AG-913-A04	352	OG0001109	NA	NA	COG4177	LivM	ABC-type branched-chain amino acid transport system, permease component	AG-913-A04_00561	4
CACIEE010000003.1	25550	26416	-	AG-913-A04_00566	AG-913-A04	288	OG0001225	K01997	branched-chain amino acid transport system permease protein	COG0559	LivH	Branched-chain amino acid ABC-type transport system, permease component	AG-913-A04_00561	5
CACIEM010000004.1	38132	39142	-	AG-913-C03_00735	AG-913-C03	336	OG0000021	K01997	branched-chain amino acid transport system permease protein	COG0559	LivH	Branched-chain amino acid ABC-type transport system, permease component	AG-913-C03_00740	-5
CACIEM010000004.1	39144	39851	-	AG-913-C03_00736	AG-913-C03	235	OG0000065	K01996	branched-chain amino acid transport system ATP-binding protein	COG0410	LivF	ABC-type branched-chain amino acid transport system, ATPase component LivF	AG-913-C03_00740	-4
CACIEM010000004.1	39851	40639	-	AG-913-C03_00737	AG-913-C03	262	OG0000143	K01995	branched-chain amino acid transport system ATP-binding protein	COG0411	LivG	ABC-type branched-chain amino acid transport system, ATPase component LivG	AG-913-C03_00740	-3
CACIEM010000004.1	40645	41412	-	AG-913-C03_00738	AG-913-C03	255	OG0000676	NA	NA	COG0345	ProC	Pyrroline-5-carboxylate reductase	AG-913-C03_00740	-2
CACIEM010000004.1	41447	42358	-	AG-913-C03_00739	AG-913-C03	303	OG0001090	K15737	glutarate dioxygenase [EC:1.14.11.64]	NA	NA	NA	AG-913-C03_00740	-1
CACIEM010000004.1	42399	42722	-	AG-913-C03_00740	AG-913-C03	107	OG0001083	NA	NA	COG4392	AzlD2	Branched-chain amino acid transport protein	AG-913-C03_00740	0
CACIEM010000004.1	42712	43416	-	AG-913-C03_00741	AG-913-C03	234	OG0001073	NA	NA	COG1296	AzlC	Predicted branched-chain amino acid permease (azaleucine resistance)	AG-913-C03_00740	1
CACIEM010000004.1	43416	44201	-	AG-913-C03_00742	AG-913-C03	261	OG0001077	NA	NA	COG0410	LivF	ABC-type branched-chain amino acid transport system, ATPase component LivF	AG-913-C03_00740	2
CACIEM010000004.1	44201	44941	-	AG-913-C03_00743	AG-913-C03	246	OG0000928	K01995	branched-chain amino acid transport system ATP-binding protein	COG0411	LivG	ABC-type branched-chain amino acid transport system, ATPase component LivG	AG-913-C03_00740	3
CACIEM010000004.1	44938	45996	-	AG-913-C03_00744	AG-913-C03	352	OG0001109	NA	NA	COG4177	LivM	ABC-type branched-chain amino acid transport system, permease component	AG-913-C03_00740	4
CACIEM010000004.1	45993	46859	-	AG-913-C03_00745	AG-913-C03	288	OG0001225	K01997	branched-chain amino acid transport system permease protein	COG0559	LivH	Branched-chain amino acid ABC-type transport system, permease component	AG-913-C03_00740	5
CACIKZ010000004.1	27658	28668	-	AG-913-F03_00571	AG-913-F03	336	OG0000021	K01997	branched-chain amino acid transport system permease protein	COG0559	LivH	Branched-chain amino acid ABC-type transport system, permease component	AG-913-F03_00576	-5
CACIKZ010000004.1	28670	29377	-	AG-913-F03_00572	AG-913-F03	235	OG0000065	K01996	branched-chain amino acid transport system ATP-binding protein	COG0410	LivF	ABC-type branched-chain amino acid transport system, ATPase component LivF	AG-913-F03_00576	-4
CACIKZ010000004.1	29377	30165	-	AG-913-F03_00573	AG-913-F03	262	OG0000143	K01995	branched-chain amino acid transport system ATP-binding protein	COG0411	LivG	ABC-type branched-chain amino acid transport system, ATPase component LivG	AG-913-F03_00576	-3
CACIKZ010000004.1	30171	30938	-	AG-913-F03_00574	AG-913-F03	255	OG0000676	NA	NA	COG0345	ProC	Pyrroline-5-carboxylate reductase	AG-913-F03_00576	-2
CACIKZ010000004.1	30971	31882	-	AG-913-F03_00575	AG-913-F03	303	OG0001090	K15737	glutarate dioxygenase [EC:1.14.11.64]	NA	NA	NA	AG-913-F03_00576	-1
CACIKZ010000004.1	31922	32245	-	AG-913-F03_00576	AG-913-F03	107	OG0001083	NA	NA	COG4392	AzlD2	Branched-chain amino acid transport protein	AG-913-F03_00576	0
CACIKZ010000004.1	32235	32939	-	AG-913-F03_00577	AG-913-F03	234	OG0001073	NA	NA	COG1296	AzlC	Predicted branched-chain amino acid permease (azaleucine resistance)	AG-913-F03_00576	1
CACIKZ010000004.1	32939	33724	-	AG-913-F03_00578	AG-913-F03	261	OG0001077	NA	NA	COG0410	LivF	ABC-type branched-chain amino acid transport system, ATPase component LivF	AG-913-F03_00576	2
CACIKZ010000004.1	33724	34464	-	AG-913-F03_00579	AG-913-F03	246	OG0000928	K01995	branched-chain amino acid transport system ATP-binding protein	COG0411	LivG	ABC-type branched-chain amino acid transport system, ATPase component LivG	AG-913-F03_00576	3
CACIKZ010000004.1	34461	35513	-	AG-913-F03_00580	AG-913-F03	350	OG0001109	NA	NA	COG4177	LivM	ABC-type branched-chain amino acid transport system, permease component	AG-913-F03_00576	4
CACIKZ010000004.1	35500	35682	-	AG-913-F03_00581	AG-913-F03	60	OG0001356	NA	NA	NA	NA	NA	AG-913-F03_00576	5
CACILH010000002.1	109723	110109	+	AG-913-I06_00554	AG-913-I06	128	OG0001278	K15977	putative oxidoreductase	COG2259	DoxX	Uncharacterized membrane protein YphA, DoxX/SURF4 family	AG-913-I06_00559	-5
CACILH010000002.1	110099	111604	-	AG-913-I06_00555	AG-913-I06	501	OG0000068	K07793	putative tricarboxylic transport membrane protein	COG3333	NA	TctA family transporter	AG-913-I06_00559	-4
CACILH010000002.1	111601	112071	-	AG-913-I06_00556	AG-913-I06	156	OG0001140	K07794	putative tricarboxylic transport membrane protein	NA	NA	NA	AG-913-I06_00559	-3
CACILH010000002.1	112090	113082	-	AG-913-I06_00557	AG-913-I06	330	OG0001110	K07795	putative tricarboxylic transport membrane protein	COG3181	TctC	Tripartite-type tricarboxylate transporter, extracytoplasmic receptor component TctC	AG-913-I06_00559	-2
CACILH010000002.1	113149	114045	-	AG-913-I06_00558	AG-913-I06	298	OG0001090	K15737	glutarate dioxygenase [EC:1.14.11.64]	NA	NA	NA	AG-913-I06_00559	-1
CACILH010000002.1	114121	114447	-	AG-913-I06_00559	AG-913-I06	108	OG0001083	NA	NA	COG4392	AzlD2	Branched-chain amino acid transport protein	AG-913-I06_00559	0
CACILH010000002.1	114437	115141	-	AG-913-I06_00560	AG-913-I06	234	OG0001073	NA	NA	COG1296	AzlC	Predicted branched-chain amino acid permease (azaleucine resistance)	AG-913-I06_00559	1
CACILH010000002.1	115138	115923	-	AG-913-I06_00561	AG-913-I06	261	OG0001077	NA	NA	COG0410	LivF	ABC-type branched-chain amino acid transport system, ATPase component LivF	AG-913-I06_00559	2
CACILH010000002.1	115923	116657	-	AG-913-I06_00562	AG-913-I06	244	OG0000928	K01995	branched-chain amino acid transport system ATP-binding protein	COG0411	LivG	ABC-type branched-chain amino acid transport system, ATPase component LivG	AG-913-I06_00559	3
CACILH010000002.1	116654	117718	-	AG-913-I06_00563	AG-913-I06	354	OG0001109	NA	NA	COG4177	LivM	ABC-type branched-chain amino acid transport system, permease component	AG-913-I06_00559	4
CACILH010000002.1	117719	118612	-	AG-913-I06_00564	AG-913-I06	297	OG0001134	K01997	branched-chain amino acid transport system permease protein	COG0559	LivH	Branched-chain amino acid ABC-type transport system, permease component	AG-913-I06_00559	5
CACILR010000005.1	27833	28540	-	AG-913-I09_00851	AG-913-I09	235	OG0000065	K01996	branched-chain amino acid transport system ATP-binding protein	COG0410	LivF	ABC-type branched-chain amino acid transport system, ATPase component LivF	AG-913-I09_00856	-5
CACILR010000005.1	28540	29328	-	AG-913-I09_00852	AG-913-I09	262	OG0000143	K01995	branched-chain amino acid transport system ATP-binding protein	COG0411	LivG	ABC-type branched-chain amino acid transport system, ATPase component LivG	AG-913-I09_00856	-4
CACILR010000005.1	29330	30103	-	AG-913-I09_00853	AG-913-I09	257	OG0000676	NA	NA	COG0345	ProC	Pyrroline-5-carboxylate reductase	AG-913-I09_00856	-3
CACILR010000005.1	30137	31057	-	AG-913-I09_00854	AG-913-I09	306	OG0001090	K15737	glutarate dioxygenase [EC:1.14.11.64]	NA	NA	NA	AG-913-I09_00856	-2
CACILR010000005.1	31063	31569	-	AG-913-I09_00855	AG-913-I09	168	OG0001207	NA	NA	COG1357	DotG	Type IVB secretion/DNA transfer system protein DotG/IcmE, contains pentapeptide repeats	AG-913-I09_00856	-1
CACILR010000005.1	31570	31896	-	AG-913-I09_00856	AG-913-I09	108	OG0001083	NA	NA	COG4392	AzlD2	Branched-chain amino acid transport protein	AG-913-I09_00856	0
CACILR010000005.1	31886	32590	-	AG-913-I09_00857	AG-913-I09	234	OG0001073	NA	NA	COG1296	AzlC	Predicted branched-chain amino acid permease (azaleucine resistance)	AG-913-I09_00856	1
CACILR010000005.1	32587	33372	-	AG-913-I09_00858	AG-913-I09	261	OG0001077	NA	NA	COG0410	LivF	ABC-type branched-chain amino acid transport system, ATPase component LivF	AG-913-I09_00856	2
CACILR010000005.1	33372	34112	-	AG-913-I09_00859	AG-913-I09	246	OG0000928	K01995	branched-chain amino acid transport system ATP-binding protein	COG0411	LivG	ABC-type branched-chain amino acid transport system, ATPase component LivG	AG-913-I09_00856	3
CACILR010000005.1	34109	35161	-	AG-913-I09_00860	AG-913-I09	350	OG0001109	NA	NA	COG4177	LivM	ABC-type branched-chain amino acid transport system, permease component	AG-913-I09_00856	4
CACILR010000005.1	35148	35330	-	AG-913-I09_00861	AG-913-I09	60	OG0001356	NA	NA	NA	NA	NA	AG-913-I09_00856	5
CACINR010000002.1	114667	115560	+	AG-913-M13_00344	AG-913-M13	297	OG0001225	K01997	branched-chain amino acid transport system permease protein	COG0559	LivH	Branched-chain amino acid ABC-type transport system, permease component	AG-913-M13_00349	-5
CACINR010000002.1	115575	116624	+	AG-913-M13_00345	AG-913-M13	349	OG0001109	NA	NA	COG4177	LivM	ABC-type branched-chain amino acid transport system, permease component	AG-913-M13_00349	-4
CACINR010000002.1	116621	117361	+	AG-913-M13_00346	AG-913-M13	246	OG0000928	K01995	branched-chain amino acid transport system ATP-binding protein	COG0411	LivG	ABC-type branched-chain amino acid transport system, ATPase component LivG	AG-913-M13_00349	-3
CACINR010000002.1	117361	118146	+	AG-913-M13_00347	AG-913-M13	261	OG0001077	NA	NA	COG0410	LivF	ABC-type branched-chain amino acid transport system, ATPase component LivF	AG-913-M13_00349	-2
CACINR010000002.1	118146	118850	+	AG-913-M13_00348	AG-913-M13	234	OG0001073	NA	NA	COG1296	AzlC	Predicted branched-chain amino acid permease (azaleucine resistance)	AG-913-M13_00349	-1
CACINR010000002.1	118840	119163	+	AG-913-M13_00349	AG-913-M13	107	OG0001083	NA	NA	COG4392	AzlD2	Branched-chain amino acid transport protein	AG-913-M13_00349	0
CACINR010000002.1	119203	120114	+	AG-913-M13_00350	AG-913-M13	303	OG0001090	K15737	glutarate dioxygenase [EC:1.14.11.64]	NA	NA	NA	AG-913-M13_00349	1
CACINR010000002.1	120147	120914	+	AG-913-M13_00351	AG-913-M13	255	OG0000676	NA	NA	COG0345	ProC	Pyrroline-5-carboxylate reductase	AG-913-M13_00349	2
CACINR010000002.1	120920	121708	+	AG-913-M13_00352	AG-913-M13	262	OG0000143	K01995	branched-chain amino acid transport system ATP-binding protein	COG0411	LivG	ABC-type branched-chain amino acid transport system, ATPase component LivG	AG-913-M13_00349	3
CACINR010000002.1	121708	122415	+	AG-913-M13_00353	AG-913-M13	235	OG0000065	K01996	branched-chain amino acid transport system ATP-binding protein	COG0410	LivF	ABC-type branched-chain amino acid transport system, ATPase component LivF	AG-913-M13_00349	4
CACINR010000002.1	122417	123427	+	AG-913-M13_00354	AG-913-M13	336	OG0000021	K01997	branched-chain amino acid transport system permease protein	COG0559	LivH	Branched-chain amino acid ABC-type transport system, permease component	AG-913-M13_00349	5
CACIOQ010000001.1	127700	127882	+	AG-913-N09_00129	AG-913-N09	60	OG0001356	NA	NA	NA	NA	NA	AG-913-N09_00134	-5
CACIOQ010000001.1	127869	128921	+	AG-913-N09_00130	AG-913-N09	350	OG0001109	NA	NA	COG4177	LivM	ABC-type branched-chain amino acid transport system, permease component	AG-913-N09_00134	-4
CACIOQ010000001.1	128918	129658	+	AG-913-N09_00131	AG-913-N09	246	OG0000928	K01995	branched-chain amino acid transport system ATP-binding protein	COG0411	LivG	ABC-type branched-chain amino acid transport system, ATPase component LivG	AG-913-N09_00134	-3
CACIOQ010000001.1	129658	130443	+	AG-913-N09_00132	AG-913-N09	261	OG0001077	NA	NA	COG0410	LivF	ABC-type branched-chain amino acid transport system, ATPase component LivF	AG-913-N09_00134	-2
CACIOQ010000001.1	130440	131144	+	AG-913-N09_00133	AG-913-N09	234	OG0001073	NA	NA	COG1296	AzlC	Predicted branched-chain amino acid permease (azaleucine resistance)	AG-913-N09_00134	-1
CACIOQ010000001.1	131134	131460	+	AG-913-N09_00134	AG-913-N09	108	OG0001083	NA	NA	COG4392	AzlD2	Branched-chain amino acid transport protein	AG-913-N09_00134	0
CACIOQ010000001.1	131461	131967	+	AG-913-N09_00135	AG-913-N09	168	OG0001207	NA	NA	COG1357	DotG	Type IVB secretion/DNA transfer system protein DotG/IcmE, contains pentapeptide repeats	AG-913-N09_00134	1
CACIOQ010000001.1	131973	132893	+	AG-913-N09_00136	AG-913-N09	306	OG0001090	K15737	glutarate dioxygenase [EC:1.14.11.64]	NA	NA	NA	AG-913-N09_00134	2
CACIOQ010000001.1	132927	133700	+	AG-913-N09_00137	AG-913-N09	257	OG0000676	NA	NA	COG0345	ProC	Pyrroline-5-carboxylate reductase	AG-913-N09_00134	3
CACIOQ010000001.1	133702	134490	+	AG-913-N09_00138	AG-913-N09	262	OG0000143	K01995	branched-chain amino acid transport system ATP-binding protein	COG0411	LivG	ABC-type branched-chain amino acid transport system, ATPase component LivG	AG-913-N09_00134	4
CACIOQ010000001.1	134490	135197	+	AG-913-N09_00139	AG-913-N09	235	OG0000065	K01996	branched-chain amino acid transport system ATP-binding protein	COG0410	LivF	ABC-type branched-chain amino acid transport system, ATPase component LivF	AG-913-N09_00134	5
CACPKK010000002.1	84415	85308	+	AG-913-O18_00285	AG-913-O18	297	OG0002199	K01997	branched-chain amino acid transport system permease protein	COG0559	LivH	Branched-chain amino acid ABC-type transport system, permease component	AG-913-O18_00290	-5
CACPKK010000002.1	85308	86357	+	AG-913-O18_00286	AG-913-O18	349	OG0001109	NA	NA	COG4177	LivM	ABC-type branched-chain amino acid transport system, permease component	AG-913-O18_00290	-4
CACPKK010000002.1	86354	87094	+	AG-913-O18_00287	AG-913-O18	246	OG0000928	K01995	branched-chain amino acid transport system ATP-binding protein	COG0411	LivG	ABC-type branched-chain amino acid transport system, ATPase component LivG	AG-913-O18_00290	-3
CACPKK010000002.1	87094	87879	+	AG-913-O18_00288	AG-913-O18	261	OG0001077	NA	NA	COG0410	LivF	ABC-type branched-chain amino acid transport system, ATPase component LivF	AG-913-O18_00290	-2
CACPKK010000002.1	87879	88583	+	AG-913-O18_00289	AG-913-O18	234	OG0001073	NA	NA	COG1296	AzlC	Predicted branched-chain amino acid permease (azaleucine resistance)	AG-913-O18_00290	-1
CACPKK010000002.1	88573	88899	+	AG-913-O18_00290	AG-913-O18	108	OG0001083	NA	NA	COG4392	AzlD2	Branched-chain amino acid transport protein	AG-913-O18_00290	0
CACPKK010000002.1	88896	89402	+	AG-913-O18_00291	AG-913-O18	168	OG0001207	NA	NA	COG1357	DotG	Type IVB secretion/DNA transfer system protein DotG/IcmE, contains pentapeptide repeats	AG-913-O18_00290	1
CACPKK010000002.1	89407	90327	+	AG-913-O18_00292	AG-913-O18	306	OG0001090	K15737	glutarate dioxygenase [EC:1.14.11.64]	NA	NA	NA	AG-913-O18_00290	2
CACPKK010000002.1	90345	91115	+	AG-913-O18_00293	AG-913-O18	256	OG0000676	NA	NA	COG0345	ProC	Pyrroline-5-carboxylate reductase	AG-913-O18_00290	3
CACPKK010000002.1	91122	91898	+	AG-913-O18_00294	AG-913-O18	258	OG0000143	K01995	branched-chain amino acid transport system ATP-binding protein	COG0411	LivG	ABC-type branched-chain amino acid transport system, ATPase component LivG	AG-913-O18_00290	4
CACPKK010000002.1	91899	92606	+	AG-913-O18_00295	AG-913-O18	235	OG0000065	K01996	branched-chain amino acid transport system ATP-binding protein	COG0410	LivF	ABC-type branched-chain amino acid transport system, ATPase component LivF	AG-913-O18_00290	5
CACITU010000003.1	36038	36220	+	AG-914-B14_00479	AG-914-B14	60	OG0001356	NA	NA	NA	NA	NA	AG-914-B14_00484	-5
CACITU010000003.1	36207	37259	+	AG-914-B14_00480	AG-914-B14	350	OG0001109	NA	NA	COG4177	LivM	ABC-type branched-chain amino acid transport system, permease component	AG-914-B14_00484	-4
CACITU010000003.1	37256	37996	+	AG-914-B14_00481	AG-914-B14	246	OG0000928	K01995	branched-chain amino acid transport system ATP-binding protein	COG0411	LivG	ABC-type branched-chain amino acid transport system, ATPase component LivG	AG-914-B14_00484	-3
CACITU010000003.1	37996	38781	+	AG-914-B14_00482	AG-914-B14	261	OG0001077	NA	NA	COG0410	LivF	ABC-type branched-chain amino acid transport system, ATPase component LivF	AG-914-B14_00484	-2
CACITU010000003.1	38781	39485	+	AG-914-B14_00483	AG-914-B14	234	OG0001073	NA	NA	COG1296	AzlC	Predicted branched-chain amino acid permease (azaleucine resistance)	AG-914-B14_00484	-1
CACITU010000003.1	39475	39798	+	AG-914-B14_00484	AG-914-B14	107	OG0001083	NA	NA	COG4392	AzlD2	Branched-chain amino acid transport protein	AG-914-B14_00484	0
CACITU010000003.1	39838	40749	+	AG-914-B14_00485	AG-914-B14	303	OG0001090	K15737	glutarate dioxygenase [EC:1.14.11.64]	NA	NA	NA	AG-914-B14_00484	1
CACITU010000003.1	40780	41547	+	AG-914-B14_00486	AG-914-B14	255	OG0000676	NA	NA	COG0345	ProC	Pyrroline-5-carboxylate reductase	AG-914-B14_00484	2
CACITU010000003.1	41553	42341	+	AG-914-B14_00487	AG-914-B14	262	OG0000143	K01995	branched-chain amino acid transport system ATP-binding protein	COG0411	LivG	ABC-type branched-chain amino acid transport system, ATPase component LivG	AG-914-B14_00484	3
CACITU010000003.1	42341	43048	+	AG-914-B14_00488	AG-914-B14	235	OG0000065	K01996	branched-chain amino acid transport system ATP-binding protein	COG0410	LivF	ABC-type branched-chain amino acid transport system, ATPase component LivF	AG-914-B14_00484	4
CACITU010000003.1	43050	44060	+	AG-914-B14_00489	AG-914-B14	336	OG0000021	K01997	branched-chain amino acid transport system permease protein	COG0559	LivH	Branched-chain amino acid ABC-type transport system, permease component	AG-914-B14_00484	5
CACPLO010000003.1	103830	104486	-	AG-914-I16_00474	AG-914-I16	218	OG0001361	NA	NA	NA	NA	NA	AG-914-I16_00479	-5
CACPLO010000003.1	104630	106132	-	AG-914-I16_00475	AG-914-I16	500	OG0000068	K07793	putative tricarboxylic transport membrane protein	COG3333	NA	TctA family transporter	AG-914-I16_00479	-4
CACPLO010000003.1	106129	106599	-	AG-914-I16_00476	AG-914-I16	156	OG0001140	K07794	putative tricarboxylic transport membrane protein	NA	NA	NA	AG-914-I16_00479	-3
CACPLO010000003.1	106618	107610	-	AG-914-I16_00477	AG-914-I16	330	OG0001110	K07795	putative tricarboxylic transport membrane protein	COG3181	TctC	Tripartite-type tricarboxylate transporter, extracytoplasmic receptor component TctC	AG-914-I16_00479	-2
CACPLO010000003.1	107677	108573	-	AG-914-I16_00478	AG-914-I16	298	OG0001090	K15737	glutarate dioxygenase [EC:1.14.11.64]	NA	NA	NA	AG-914-I16_00479	-1
CACPLO010000003.1	108650	108976	-	AG-914-I16_00479	AG-914-I16	108	OG0001083	NA	NA	COG4392	AzlD2	Branched-chain amino acid transport protein	AG-914-I16_00479	0
CACPLO010000003.1	108966	109115	-	AG-914-I16_00480	AG-914-I16	49	OG0001073	NA	NA	NA	NA	NA	AG-914-I16_00479	1
CACIWZ010000004.1	207	941	+	AG-914-J05_00670	AG-914-J05	244	OG0000928	K01995	branched-chain amino acid transport system ATP-binding protein	COG0411	LivG	ABC-type branched-chain amino acid transport system, ATPase component LivG	AG-914-J05_00673	-3
CACIWZ010000004.1	941	1726	+	AG-914-J05_00671	AG-914-J05	261	OG0001077	NA	NA	COG0410	LivF	ABC-type branched-chain amino acid transport system, ATPase component LivF	AG-914-J05_00673	-2
CACIWZ010000004.1	1723	2427	+	AG-914-J05_00672	AG-914-J05	234	OG0001073	NA	NA	COG1296	AzlC	Predicted branched-chain amino acid permease (azaleucine resistance)	AG-914-J05_00673	-1
CACIWZ010000004.1	2417	2743	+	AG-914-J05_00673	AG-914-J05	108	OG0001083	NA	NA	COG4392	AzlD2	Branched-chain amino acid transport protein	AG-914-J05_00673	0
CACIWZ010000004.1	2819	3715	+	AG-914-J05_00674	AG-914-J05	298	OG0001090	K15737	glutarate dioxygenase [EC:1.14.11.64]	NA	NA	NA	AG-914-J05_00673	1
CACIWZ010000004.1	3782	4774	+	AG-914-J05_00675	AG-914-J05	330	OG0001110	K07795	putative tricarboxylic transport membrane protein	COG3181	TctC	Tripartite-type tricarboxylate transporter, extracytoplasmic receptor component TctC	AG-914-J05_00673	2
CACIWZ010000004.1	4793	5263	+	AG-914-J05_00676	AG-914-J05	156	OG0001140	K07794	putative tricarboxylic transport membrane protein	NA	NA	NA	AG-914-J05_00673	3
CACIWZ010000004.1	5260	6759	+	AG-914-J05_00677	AG-914-J05	499	OG0000068	K07793	putative tricarboxylic transport membrane protein	COG3333	NA	TctA family transporter	AG-914-J05_00673	4
CACIWZ010000004.1	6896	7540	+	AG-914-J05_00678	AG-914-J05	214	OG0001361	NA	NA	COG3637	LomR	Opacity protein LomR and related surface antigens	AG-914-J05_00673	5
CACJCF010000001.1	255716	256102	+	AG-914-N11_00310	AG-914-N11	128	OG0001278	K15977	putative oxidoreductase	COG2259	DoxX	Uncharacterized membrane protein YphA, DoxX/SURF4 family	AG-914-N11_00315	-5
CACJCF010000001.1	256177	257682	-	AG-914-N11_00311	AG-914-N11	501	OG0000068	K07793	putative tricarboxylic transport membrane protein	COG3333	NA	TctA family transporter	AG-914-N11_00315	-4
CACJCF010000001.1	257679	258149	-	AG-914-N11_00312	AG-914-N11	156	OG0001140	K07794	putative tricarboxylic transport membrane protein	NA	NA	NA	AG-914-N11_00315	-3
CACJCF010000001.1	258168	259160	-	AG-914-N11_00313	AG-914-N11	330	OG0001110	K07795	putative tricarboxylic transport membrane protein	COG3181	TctC	Tripartite-type tricarboxylate transporter, extracytoplasmic receptor component TctC	AG-914-N11_00315	-2
CACJCF010000001.1	259227	260123	-	AG-914-N11_00314	AG-914-N11	298	OG0001090	K15737	glutarate dioxygenase [EC:1.14.11.64]	NA	NA	NA	AG-914-N11_00315	-1
CACJCF010000001.1	260199	260525	-	AG-914-N11_00315	AG-914-N11	108	OG0001083	NA	NA	COG4392	AzlD2	Branched-chain amino acid transport protein	AG-914-N11_00315	0
CACJCF010000001.1	260515	261219	-	AG-914-N11_00316	AG-914-N11	234	OG0001073	NA	NA	COG1296	AzlC	Predicted branched-chain amino acid permease (azaleucine resistance)	AG-914-N11_00315	1
CACJCF010000001.1	261216	262001	-	AG-914-N11_00317	AG-914-N11	261	OG0001077	NA	NA	COG0410	LivF	ABC-type branched-chain amino acid transport system, ATPase component LivF	AG-914-N11_00315	2
CACJCF010000001.1	262001	262735	-	AG-914-N11_00318	AG-914-N11	244	OG0000928	K01995	branched-chain amino acid transport system ATP-binding protein	COG0411	LivG	ABC-type branched-chain amino acid transport system, ATPase component LivG	AG-914-N11_00315	3
CACJCF010000001.1	262732	263796	-	AG-914-N11_00319	AG-914-N11	354	OG0001109	NA	NA	COG4177	LivM	ABC-type branched-chain amino acid transport system, permease component	AG-914-N11_00315	4
CACJCF010000001.1	263797	264663	-	AG-914-N11_00320	AG-914-N11	288	OG0001134	K01997	branched-chain amino acid transport system permease protein	COG0559	LivH	Branched-chain amino acid ABC-type transport system, permease component	AG-914-N11_00315	5
CACJFQ010000002.1	98911	99804	+	AG-914-P23_00526	AG-914-P23	297	OG0001225	K01997	branched-chain amino acid transport system permease protein	COG0559	LivH	Branched-chain amino acid ABC-type transport system, permease component	AG-914-P23_00531	-5
CACJFQ010000002.1	99801	100859	+	AG-914-P23_00527	AG-914-P23	352	OG0001109	NA	NA	COG4177	LivM	ABC-type branched-chain amino acid transport system, permease component	AG-914-P23_00531	-4
CACJFQ010000002.1	100856	101596	+	AG-914-P23_00528	AG-914-P23	246	OG0000928	K01995	branched-chain amino acid transport system ATP-binding protein	COG0411	LivG	ABC-type branched-chain amino acid transport system, ATPase component LivG	AG-914-P23_00531	-3
CACJFQ010000002.1	101596	102381	+	AG-914-P23_00529	AG-914-P23	261	OG0001077	NA	NA	COG0410	LivF	ABC-type branched-chain amino acid transport system, ATPase component LivF	AG-914-P23_00531	-2
CACJFQ010000002.1	102381	103085	+	AG-914-P23_00530	AG-914-P23	234	OG0001073	NA	NA	COG1296	AzlC	Predicted branched-chain amino acid permease (azaleucine resistance)	AG-914-P23_00531	-1
CACJFQ010000002.1	103075	103398	+	AG-914-P23_00531	AG-914-P23	107	OG0001083	NA	NA	COG4392	AzlD2	Branched-chain amino acid transport protein	AG-914-P23_00531	0
CACJNE010000008.1	62489	63382	+	AG-915-G13_00978	AG-915-G13	297	OG0002199	K01997	branched-chain amino acid transport system permease protein	COG0559	LivH	Branched-chain amino acid ABC-type transport system, permease component	AG-915-G13_00983	-5
CACJNE010000008.1	63382	64431	+	AG-915-G13_00979	AG-915-G13	349	OG0001109	NA	NA	COG4177	LivM	ABC-type branched-chain amino acid transport system, permease component	AG-915-G13_00983	-4
CACJNE010000008.1	64428	65168	+	AG-915-G13_00980	AG-915-G13	246	OG0000928	K01995	branched-chain amino acid transport system ATP-binding protein	COG0411	LivG	ABC-type branched-chain amino acid transport system, ATPase component LivG	AG-915-G13_00983	-3
CACJNE010000008.1	65168	65953	+	AG-915-G13_00981	AG-915-G13	261	OG0001077	NA	NA	COG0410	LivF	ABC-type branched-chain amino acid transport system, ATPase component LivF	AG-915-G13_00983	-2
CACJNE010000008.1	65953	66657	+	AG-915-G13_00982	AG-915-G13	234	OG0001073	NA	NA	NA	NA	NA	AG-915-G13_00983	-1
CACJNE010000008.1	66647	66973	+	AG-915-G13_00983	AG-915-G13	108	OG0001083	NA	NA	COG4392	AzlD2	Branched-chain amino acid transport protein	AG-915-G13_00983	0
CACJNE010000008.1	66970	67476	+	AG-915-G13_00984	AG-915-G13	168	OG0001207	NA	NA	COG1357	DotG	Type IVB secretion/DNA transfer system protein DotG/IcmE, contains pentapeptide repeats	AG-915-G13_00983	1
CACJNE010000008.1	67481	68401	+	AG-915-G13_00985	AG-915-G13	306	OG0001090	K15737	glutarate dioxygenase [EC:1.14.11.64]	NA	NA	NA	AG-915-G13_00983	2
CACJNE010000008.1	68419	69189	+	AG-915-G13_00986	AG-915-G13	256	OG0000676	NA	NA	COG0345	ProC	Pyrroline-5-carboxylate reductase	AG-915-G13_00983	3
CACJNE010000008.1	69196	69972	+	AG-915-G13_00987	AG-915-G13	258	OG0000143	K01995	branched-chain amino acid transport system ATP-binding protein	COG0411	LivG	ABC-type branched-chain amino acid transport system, ATPase component LivG	AG-915-G13_00983	4
CACJNE010000008.1	69973	70680	+	AG-915-G13_00988	AG-915-G13	235	OG0000065	K01996	branched-chain amino acid transport system ATP-binding protein	COG0410	LivF	ABC-type branched-chain amino acid transport system, ATPase component LivF	AG-915-G13_00983	5
CACJNI010000002.1	60307	61014	-	AG-915-G14_00436	AG-915-G14	235	OG0000065	K01996	branched-chain amino acid transport system ATP-binding protein	COG0410	LivF	ABC-type branched-chain amino acid transport system, ATPase component LivF	AG-915-G14_00441	-5
CACJNI010000002.1	61014	61802	-	AG-915-G14_00437	AG-915-G14	262	OG0000143	K01995	branched-chain amino acid transport system ATP-binding protein	COG0411	LivG	ABC-type branched-chain amino acid transport system, ATPase component LivG	AG-915-G14_00441	-4
CACJNI010000002.1	61804	62577	-	AG-915-G14_00438	AG-915-G14	257	OG0000676	NA	NA	COG0345	ProC	Pyrroline-5-carboxylate reductase	AG-915-G14_00441	-3
CACJNI010000002.1	62610	63530	-	AG-915-G14_00439	AG-915-G14	306	OG0001090	K15737	glutarate dioxygenase [EC:1.14.11.64]	NA	NA	NA	AG-915-G14_00441	-2
CACJNI010000002.1	63536	64042	-	AG-915-G14_00440	AG-915-G14	168	OG0001207	NA	NA	COG1357	DotG	Type IVB secretion/DNA transfer system protein DotG/IcmE, contains pentapeptide repeats	AG-915-G14_00441	-1
CACJNI010000002.1	64043	64369	-	AG-915-G14_00441	AG-915-G14	108	OG0001083	NA	NA	COG4392	AzlD2	Branched-chain amino acid transport protein	AG-915-G14_00441	0
CACJNI010000002.1	64359	65063	-	AG-915-G14_00442	AG-915-G14	234	OG0001073	NA	NA	COG1296	AzlC	Predicted branched-chain amino acid permease (azaleucine resistance)	AG-915-G14_00441	1
CACJNI010000002.1	65060	65845	-	AG-915-G14_00443	AG-915-G14	261	OG0001077	NA	NA	COG0410	LivF	ABC-type branched-chain amino acid transport system, ATPase component LivF	AG-915-G14_00441	2
CACJNI010000002.1	65845	66585	-	AG-915-G14_00444	AG-915-G14	246	OG0000928	K01995	branched-chain amino acid transport system ATP-binding protein	COG0411	LivG	ABC-type branched-chain amino acid transport system, ATPase component LivG	AG-915-G14_00441	3
CACJNI010000002.1	66582	67634	-	AG-915-G14_00445	AG-915-G14	350	OG0001109	NA	NA	COG4177	LivM	ABC-type branched-chain amino acid transport system, permease component	AG-915-G14_00441	4
CACJNI010000002.1	67621	67803	-	AG-915-G14_00446	AG-915-G14	60	OG0001356	NA	NA	NA	NA	NA	AG-915-G14_00441	5
CACJMX010000002.1	121923	122933	-	AG-915-K13_00841	AG-915-K13	336	OG0000021	K01997	branched-chain amino acid transport system permease protein	COG0559	LivH	Branched-chain amino acid ABC-type transport system, permease component	AG-915-K13_00846	-5
CACJMX010000002.1	122935	123642	-	AG-915-K13_00842	AG-915-K13	235	OG0000065	K01996	branched-chain amino acid transport system ATP-binding protein	COG0410	LivF	ABC-type branched-chain amino acid transport system, ATPase component LivF	AG-915-K13_00846	-4
CACJMX010000002.1	123642	124430	-	AG-915-K13_00843	AG-915-K13	262	OG0000143	K01995	branched-chain amino acid transport system ATP-binding protein	COG0411	LivG	ABC-type branched-chain amino acid transport system, ATPase component LivG	AG-915-K13_00846	-3
CACJMX010000002.1	124436	125203	-	AG-915-K13_00844	AG-915-K13	255	OG0000676	NA	NA	COG0345	ProC	Pyrroline-5-carboxylate reductase	AG-915-K13_00846	-2
CACJMX010000002.1	125238	126149	-	AG-915-K13_00845	AG-915-K13	303	OG0001090	K15737	glutarate dioxygenase [EC:1.14.11.64]	NA	NA	NA	AG-915-K13_00846	-1
CACJMX010000002.1	126190	126513	-	AG-915-K13_00846	AG-915-K13	107	OG0001083	NA	NA	COG4392	AzlD2	Branched-chain amino acid transport protein	AG-915-K13_00846	0
CACJMX010000002.1	126503	127207	-	AG-915-K13_00847	AG-915-K13	234	OG0001073	NA	NA	COG1296	AzlC	Predicted branched-chain amino acid permease (azaleucine resistance)	AG-915-K13_00846	1
CACJMX010000002.1	127207	127992	-	AG-915-K13_00848	AG-915-K13	261	OG0001077	NA	NA	COG0410	LivF	ABC-type branched-chain amino acid transport system, ATPase component LivF	AG-915-K13_00846	2
CACJMX010000002.1	127992	128732	-	AG-915-K13_00849	AG-915-K13	246	OG0000928	K01995	branched-chain amino acid transport system ATP-binding protein	COG0411	LivG	ABC-type branched-chain amino acid transport system, ATPase component LivG	AG-915-K13_00846	3
CACJMX010000002.1	128729	129787	-	AG-915-K13_00850	AG-915-K13	352	OG0001109	NA	NA	COG4177	LivM	ABC-type branched-chain amino acid transport system, permease component	AG-915-K13_00846	4
CACJMX010000002.1	129784	130677	-	AG-915-K13_00851	AG-915-K13	297	OG0001225	K01997	branched-chain amino acid transport system permease protein	COG0559	LivH	Branched-chain amino acid ABC-type transport system, permease component	AG-915-K13_00846	5
CACJUJ010000005.1	71878	72060	+	AG-916-B06_00559	AG-916-B06	60	OG0001356	NA	NA	NA	NA	NA	AG-916-B06_00564	-5
CACJUJ010000005.1	72047	73099	+	AG-916-B06_00560	AG-916-B06	350	OG0001109	NA	NA	COG4177	LivM	ABC-type branched-chain amino acid transport system, permease component	AG-916-B06_00564	-4
CACJUJ010000005.1	73096	73836	+	AG-916-B06_00561	AG-916-B06	246	OG0000928	K01995	branched-chain amino acid transport system ATP-binding protein	COG0411	LivG	ABC-type branched-chain amino acid transport system, ATPase component LivG	AG-916-B06_00564	-3
CACJUJ010000005.1	73836	74621	+	AG-916-B06_00562	AG-916-B06	261	OG0001077	NA	NA	COG0410	LivF	ABC-type branched-chain amino acid transport system, ATPase component LivF	AG-916-B06_00564	-2
CACJUJ010000005.1	74618	75322	+	AG-916-B06_00563	AG-916-B06	234	OG0001073	NA	NA	COG1296	AzlC	Predicted branched-chain amino acid permease (azaleucine resistance)	AG-916-B06_00564	-1
CACJUJ010000005.1	75312	75638	+	AG-916-B06_00564	AG-916-B06	108	OG0001083	NA	NA	COG4392	AzlD2	Branched-chain amino acid transport protein	AG-916-B06_00564	0
CACJUJ010000005.1	75639	76145	+	AG-916-B06_00565	AG-916-B06	168	OG0001207	NA	NA	COG1357	DotG	Type IVB secretion/DNA transfer system protein DotG/IcmE, contains pentapeptide repeats	AG-916-B06_00564	1
CACJUJ010000005.1	76151	77071	+	AG-916-B06_00566	AG-916-B06	306	OG0001090	K15737	glutarate dioxygenase [EC:1.14.11.64]	NA	NA	NA	AG-916-B06_00564	2
CACPQM010000001.1	31104	31970	+	AG-916-B15_00031	AG-916-B15	288	OG0002199	K01997	branched-chain amino acid transport system permease protein	COG0559	LivH	Branched-chain amino acid ABC-type transport system, permease component	AG-916-B15_00036	-5
CACPQM010000001.1	31970	33019	+	AG-916-B15_00032	AG-916-B15	349	OG0001109	NA	NA	COG4177	LivM	ABC-type branched-chain amino acid transport system, permease component	AG-916-B15_00036	-4
CACPQM010000001.1	33016	33756	+	AG-916-B15_00033	AG-916-B15	246	OG0000928	K01995	branched-chain amino acid transport system ATP-binding protein	COG0411	LivG	ABC-type branched-chain amino acid transport system, ATPase component LivG	AG-916-B15_00036	-3
CACPQM010000001.1	33756	34541	+	AG-916-B15_00034	AG-916-B15	261	OG0001077	NA	NA	COG0410	LivF	ABC-type branched-chain amino acid transport system, ATPase component LivF	AG-916-B15_00036	-2
CACPQM010000001.1	34541	35245	+	AG-916-B15_00035	AG-916-B15	234	OG0001073	NA	NA	NA	NA	NA	AG-916-B15_00036	-1
CACPQM010000001.1	35235	35561	+	AG-916-B15_00036	AG-916-B15	108	OG0001083	NA	NA	COG4392	AzlD2	Branched-chain amino acid transport protein	AG-916-B15_00036	0
CACPQM010000001.1	35558	36064	+	AG-916-B15_00037	AG-916-B15	168	OG0001207	NA	NA	COG1357	DotG	Type IVB secretion/DNA transfer system protein DotG/IcmE, contains pentapeptide repeats	AG-916-B15_00036	1
CACPQM010000001.1	36069	36989	+	AG-916-B15_00038	AG-916-B15	306	OG0001090	K15737	glutarate dioxygenase [EC:1.14.11.64]	NA	NA	NA	AG-916-B15_00036	2
CACPQM010000001.1	37007	37777	+	AG-916-B15_00039	AG-916-B15	256	OG0000676	NA	NA	COG0345	ProC	Pyrroline-5-carboxylate reductase	AG-916-B15_00036	3
CACPQM010000001.1	37784	38560	+	AG-916-B15_00040	AG-916-B15	258	OG0000143	K01995	branched-chain amino acid transport system ATP-binding protein	COG0411	LivG	ABC-type branched-chain amino acid transport system, ATPase component LivG	AG-916-B15_00036	4
CACPQM010000001.1	38561	39268	+	AG-916-B15_00041	AG-916-B15	235	OG0000065	K01996	branched-chain amino acid transport system ATP-binding protein	COG0410	LivF	ABC-type branched-chain amino acid transport system, ATPase component LivF	AG-916-B15_00036	5
CACJUZ010000002.1	72916	73302	+	AG-916-D16_00380	AG-916-D16	128	OG0001278	K15977	putative oxidoreductase	COG2259	DoxX	Uncharacterized membrane protein YphA, DoxX/SURF4 family	AG-916-D16_00385	-5
CACJUZ010000002.1	73308	74807	-	AG-916-D16_00381	AG-916-D16	499	OG0000068	K07793	putative tricarboxylic transport membrane protein	COG3333	NA	TctA family transporter	AG-916-D16_00385	-4
CACJUZ010000002.1	74804	75274	-	AG-916-D16_00382	AG-916-D16	156	OG0001140	K07794	putative tricarboxylic transport membrane protein	NA	NA	NA	AG-916-D16_00385	-3
CACJUZ010000002.1	75298	76278	-	AG-916-D16_00383	AG-916-D16	326	OG0001110	K07795	putative tricarboxylic transport membrane protein	COG3181	TctC	Tripartite-type tricarboxylate transporter, extracytoplasmic receptor component TctC	AG-916-D16_00385	-2
CACJUZ010000002.1	76345	77241	-	AG-916-D16_00384	AG-916-D16	298	OG0001090	K15737	glutarate dioxygenase [EC:1.14.11.64]	NA	NA	NA	AG-916-D16_00385	-1
CACJUZ010000002.1	77238	77546	-	AG-916-D16_00385	AG-916-D16	102	OG0001083	NA	NA	COG4392	AzlD2	Branched-chain amino acid transport protein	AG-916-D16_00385	0
CACJUZ010000002.1	77551	78258	-	AG-916-D16_00386	AG-916-D16	235	OG0001073	NA	NA	COG1296	AzlC	Predicted branched-chain amino acid permease (azaleucine resistance)	AG-916-D16_00385	1
CACJUZ010000002.1	78255	79040	-	AG-916-D16_00387	AG-916-D16	261	OG0001077	NA	NA	COG0410	LivF	ABC-type branched-chain amino acid transport system, ATPase component LivF	AG-916-D16_00385	2
CACJUZ010000002.1	79040	79774	-	AG-916-D16_00388	AG-916-D16	244	OG0000928	K01995	branched-chain amino acid transport system ATP-binding protein	COG0411	LivG	ABC-type branched-chain amino acid transport system, ATPase component LivG	AG-916-D16_00385	3
CACJUZ010000002.1	79771	80835	-	AG-916-D16_00389	AG-916-D16	354	OG0001109	NA	NA	COG4177	LivM	ABC-type branched-chain amino acid transport system, permease component	AG-916-D16_00385	4
CACJUZ010000002.1	80836	81729	-	AG-916-D16_00390	AG-916-D16	297	OG0001134	K01997	branched-chain amino acid transport system permease protein	COG0559	LivH	Branched-chain amino acid ABC-type transport system, permease component	AG-916-D16_00385	5
CACJWN010000002.1	55823	56716	+	AG-916-E17_00221	AG-916-E17	297	OG0001134	K01997	branched-chain amino acid transport system permease protein	COG0559	LivH	Branched-chain amino acid ABC-type transport system, permease component	AG-916-E17_00226	-5
CACJWN010000002.1	56717	57781	+	AG-916-E17_00222	AG-916-E17	354	OG0001109	NA	NA	COG4177	LivM	ABC-type branched-chain amino acid transport system, permease component	AG-916-E17_00226	-4
CACJWN010000002.1	57778	58512	+	AG-916-E17_00223	AG-916-E17	244	OG0000928	K01995	branched-chain amino acid transport system ATP-binding protein	COG0411	LivG	ABC-type branched-chain amino acid transport system, ATPase component LivG	AG-916-E17_00226	-3
CACJWN010000002.1	58512	59297	+	AG-916-E17_00224	AG-916-E17	261	OG0001077	NA	NA	COG0410	LivF	ABC-type branched-chain amino acid transport system, ATPase component LivF	AG-916-E17_00226	-2
CACJWN010000002.1	59294	59998	+	AG-916-E17_00225	AG-916-E17	234	OG0001073	NA	NA	COG1296	AzlC	Predicted branched-chain amino acid permease (azaleucine resistance)	AG-916-E17_00226	-1
CACJWN010000002.1	59988	60314	+	AG-916-E17_00226	AG-916-E17	108	OG0001083	NA	NA	COG4392	AzlD2	Branched-chain amino acid transport protein	AG-916-E17_00226	0
CACJWN010000002.1	60390	61286	+	AG-916-E17_00227	AG-916-E17	298	OG0001090	K15737	glutarate dioxygenase [EC:1.14.11.64]	NA	NA	NA	AG-916-E17_00226	1
CACJWN010000002.1	61376	62356	+	AG-916-E17_00228	AG-916-E17	326	OG0001110	K07795	putative tricarboxylic transport membrane protein	COG3181	TctC	Tripartite-type tricarboxylate transporter, extracytoplasmic receptor component TctC	AG-916-E17_00226	2
CACJWN010000002.1	62379	62849	+	AG-916-E17_00229	AG-916-E17	156	OG0001140	K07794	putative tricarboxylic transport membrane protein	NA	NA	NA	AG-916-E17_00226	3
CACJWN010000002.1	62846	64345	+	AG-916-E17_00230	AG-916-E17	499	OG0000068	K07793	putative tricarboxylic transport membrane protein	COG3333	NA	TctA family transporter	AG-916-E17_00226	4
CACJWN010000002.1	64483	65133	+	AG-916-E17_00231	AG-916-E17	216	OG0001361	NA	NA	NA	NA	NA	AG-916-E17_00226	5
CACJWS010000009.1	291	473	+	AG-916-E19_00882	AG-916-E19	60	OG0001356	NA	NA	NA	NA	NA	AG-916-E19_00887	-5
CACJWS010000009.1	460	1512	+	AG-916-E19_00883	AG-916-E19	350	OG0001109	NA	NA	COG4177	LivM	ABC-type branched-chain amino acid transport system, permease component	AG-916-E19_00887	-4
CACJWS010000009.1	1509	2249	+	AG-916-E19_00884	AG-916-E19	246	OG0000928	K01995	branched-chain amino acid transport system ATP-binding protein	COG0411	LivG	ABC-type branched-chain amino acid transport system, ATPase component LivG	AG-916-E19_00887	-3
CACJWS010000009.1	2249	3034	+	AG-916-E19_00885	AG-916-E19	261	OG0001077	NA	NA	COG0410	LivF	ABC-type branched-chain amino acid transport system, ATPase component LivF	AG-916-E19_00887	-2
CACJWS010000009.1	3031	3735	+	AG-916-E19_00886	AG-916-E19	234	OG0001073	NA	NA	COG1296	AzlC	Predicted branched-chain amino acid permease (azaleucine resistance)	AG-916-E19_00887	-1
CACJWS010000009.1	3725	4051	+	AG-916-E19_00887	AG-916-E19	108	OG0001083	NA	NA	COG4392	AzlD2	Branched-chain amino acid transport protein	AG-916-E19_00887	0
CACJWS010000009.1	4052	4558	+	AG-916-E19_00888	AG-916-E19	168	OG0001207	NA	NA	COG1357	DotG	Type IVB secretion/DNA transfer system protein DotG/IcmE, contains pentapeptide repeats	AG-916-E19_00887	1
CACJWS010000009.1	4564	5484	+	AG-916-E19_00889	AG-916-E19	306	OG0001090	K15737	glutarate dioxygenase [EC:1.14.11.64]	NA	NA	NA	AG-916-E19_00887	2
CACJWS010000009.1	5518	6291	+	AG-916-E19_00890	AG-916-E19	257	OG0000676	NA	NA	COG0345	ProC	Pyrroline-5-carboxylate reductase	AG-916-E19_00887	3
CACJWS010000009.1	6293	7081	+	AG-916-E19_00891	AG-916-E19	262	OG0000143	K01995	branched-chain amino acid transport system ATP-binding protein	COG0411	LivG	ABC-type branched-chain amino acid transport system, ATPase component LivG	AG-916-E19_00887	4
CACJWS010000009.1	7081	7788	+	AG-916-E19_00892	AG-916-E19	235	OG0000065	K01996	branched-chain amino acid transport system ATP-binding protein	COG0410	LivF	ABC-type branched-chain amino acid transport system, ATPase component LivF	AG-916-E19_00887	5
CACJXK010000005.1	4329	5201	+	AG-916-G09_00833	AG-916-G09	290	OG0001109	NA	NA	COG4177	LivM	ABC-type branched-chain amino acid transport system, permease component	AG-916-G09_00838	-5
CACJXK010000005.1	5376	5861	+	AG-916-G09_00834	AG-916-G09	161	OG0000928	NA	NA	COG0411	LivG	ABC-type branched-chain amino acid transport system, ATPase component LivG	AG-916-G09_00838	-4
CACJXK010000005.1	5869	6117	+	AG-916-G09_00835	AG-916-G09	82	OG0000928	NA	NA	COG0411	LivG	ABC-type branched-chain amino acid transport system, ATPase component LivG	AG-916-G09_00838	-3
CACJXK010000005.1	6117	6902	+	AG-916-G09_00836	AG-916-G09	261	OG0001077	NA	NA	COG0410	LivF	ABC-type branched-chain amino acid transport system, ATPase component LivF	AG-916-G09_00838	-2
CACJXK010000005.1	6902	7606	+	AG-916-G09_00837	AG-916-G09	234	OG0001073	NA	NA	COG1296	AzlC	Predicted branched-chain amino acid permease (azaleucine resistance)	AG-916-G09_00838	-1
CACJXK010000005.1	7596	7922	+	AG-916-G09_00838	AG-916-G09	108	OG0001083	NA	NA	COG4392	AzlD2	Branched-chain amino acid transport protein	AG-916-G09_00838	0
CACJXK010000005.1	7919	8425	+	AG-916-G09_00839	AG-916-G09	168	OG0001207	NA	NA	COG1357	DotG	Type IVB secretion/DNA transfer system protein DotG/IcmE, contains pentapeptide repeats	AG-916-G09_00838	1
CACJXK010000005.1	8430	9350	+	AG-916-G09_00840	AG-916-G09	306	OG0001090	K15737	glutarate dioxygenase [EC:1.14.11.64]	NA	NA	NA	AG-916-G09_00838	2
CACJXK010000005.1	9368	10138	+	AG-916-G09_00841	AG-916-G09	256	OG0000676	NA	NA	COG0345	ProC	Pyrroline-5-carboxylate reductase	AG-916-G09_00838	3
CACJXK010000005.1	10154	10921	+	AG-916-G09_00842	AG-916-G09	255	OG0000143	K01995	branched-chain amino acid transport system ATP-binding protein	COG0411	LivG	ABC-type branched-chain amino acid transport system, ATPase component LivG	AG-916-G09_00838	4
CACJXK010000005.1	10922	11629	+	AG-916-G09_00843	AG-916-G09	235	OG0000065	K01996	branched-chain amino acid transport system ATP-binding protein	COG0410	LivF	ABC-type branched-chain amino acid transport system, ATPase component LivF	AG-916-G09_00838	5
CACJZJ010000002.1	57337	57939	+	AG-916-G19_00566	AG-916-G19	200	OG0001459	NA	NA	NA	NA	NA	AG-916-G19_00571	-5
CACJZJ010000002.1	57939	58988	+	AG-916-G19_00567	AG-916-G19	349	OG0001109	NA	NA	COG4177	LivM	ABC-type branched-chain amino acid transport system, permease component	AG-916-G19_00571	-4
CACJZJ010000002.1	58985	59725	+	AG-916-G19_00568	AG-916-G19	246	OG0000928	K01995	branched-chain amino acid transport system ATP-binding protein	COG0411	LivG	ABC-type branched-chain amino acid transport system, ATPase component LivG	AG-916-G19_00571	-3
CACJZJ010000002.1	59725	60510	+	AG-916-G19_00569	AG-916-G19	261	OG0001077	NA	NA	COG0410	LivF	ABC-type branched-chain amino acid transport system, ATPase component LivF	AG-916-G19_00571	-2
CACJZJ010000002.1	60510	61214	+	AG-916-G19_00570	AG-916-G19	234	OG0001073	NA	NA	COG1296	AzlC	Predicted branched-chain amino acid permease (azaleucine resistance)	AG-916-G19_00571	-1
CACJZJ010000002.1	61204	61527	+	AG-916-G19_00571	AG-916-G19	107	OG0001083	NA	NA	COG4392	AzlD2	Branched-chain amino acid transport protein	AG-916-G19_00571	0
CACJZJ010000002.1	61569	62186	+	AG-916-G19_00572	AG-916-G19	205	OG0003814	NA	NA	NA	NA	NA	AG-916-G19_00571	1
CACJZJ010000002.1	62161	62481	+	AG-916-G19_00573	AG-916-G19	106	OG0003813	NA	NA	NA	NA	NA	AG-916-G19_00571	2
CACJZJ010000002.1	62516	63283	+	AG-916-G19_00574	AG-916-G19	255	OG0000676	NA	NA	COG0345	ProC	Pyrroline-5-carboxylate reductase	AG-916-G19_00571	3
CACJZJ010000002.1	63430	64611	-	AG-916-G19_00575	AG-916-G19	393	OG0000851	K01999	branched-chain amino acid transport system substrate-binding protein	COG0683	LivK	ABC-type branched-chain amino acid transport system, periplasmic component	AG-916-G19_00571	4
CACJZJ010000002.1	64680	65081	-	AG-916-G19_00576	AG-916-G19	133	OG0001024	NA	NA	COG0697	EamA	Amino acid export permease, drug/metabolite transporter (DMT) superfamily	AG-916-G19_00571	5
CACKCQ010000003.1	146256	146438	+	AG-916-L11_00640	AG-916-L11	60	OG0001356	NA	NA	NA	NA	NA	AG-916-L11_00645	-5
CACKCQ010000003.1	146425	147477	+	AG-916-L11_00641	AG-916-L11	350	OG0001109	NA	NA	COG4177	LivM	ABC-type branched-chain amino acid transport system, permease component	AG-916-L11_00645	-4
CACKCQ010000003.1	147474	148214	+	AG-916-L11_00642	AG-916-L11	246	OG0000928	K01995	branched-chain amino acid transport system ATP-binding protein	COG0411	LivG	ABC-type branched-chain amino acid transport system, ATPase component LivG	AG-916-L11_00645	-3
CACKCQ010000003.1	148214	148999	+	AG-916-L11_00643	AG-916-L11	261	OG0001077	NA	NA	COG0410	LivF	ABC-type branched-chain amino acid transport system, ATPase component LivF	AG-916-L11_00645	-2
CACKCQ010000003.1	148996	149700	+	AG-916-L11_00644	AG-916-L11	234	OG0001073	NA	NA	COG1296	AzlC	Predicted branched-chain amino acid permease (azaleucine resistance)	AG-916-L11_00645	-1
CACKCQ010000003.1	149690	150016	+	AG-916-L11_00645	AG-916-L11	108	OG0001083	NA	NA	COG4392	AzlD2	Branched-chain amino acid transport protein	AG-916-L11_00645	0
CACKFZ010000003.1	51334	52344	-	AG-916-M15_00259	AG-916-M15	336	OG0000021	K01997	branched-chain amino acid transport system permease protein	COG0559	LivH	Branched-chain amino acid ABC-type transport system, permease component	AG-916-M15_00264	-5
CACKFZ010000003.1	52346	53053	-	AG-916-M15_00260	AG-916-M15	235	OG0000065	K01996	branched-chain amino acid transport system ATP-binding protein	COG0410	LivF	ABC-type branched-chain amino acid transport system, ATPase component LivF	AG-916-M15_00264	-4
CACKFZ010000003.1	53053	53841	-	AG-916-M15_00261	AG-916-M15	262	OG0000143	K01995	branched-chain amino acid transport system ATP-binding protein	COG0411	LivG	ABC-type branched-chain amino acid transport system, ATPase component LivG	AG-916-M15_00264	-3
CACKFZ010000003.1	53847	54614	-	AG-916-M15_00262	AG-916-M15	255	OG0000676	NA	NA	COG0345	ProC	Pyrroline-5-carboxylate reductase	AG-916-M15_00264	-2
CACKFZ010000003.1	54649	55560	-	AG-916-M15_00263	AG-916-M15	303	OG0001090	K15737	glutarate dioxygenase [EC:1.14.11.64]	NA	NA	NA	AG-916-M15_00264	-1
CACKFZ010000003.1	55601	55924	-	AG-916-M15_00264	AG-916-M15	107	OG0001083	NA	NA	COG4392	AzlD2	Branched-chain amino acid transport protein	AG-916-M15_00264	0
CACKFZ010000003.1	55914	56618	-	AG-916-M15_00265	AG-916-M15	234	OG0001073	NA	NA	COG1296	AzlC	Predicted branched-chain amino acid permease (azaleucine resistance)	AG-916-M15_00264	1
CACKFZ010000003.1	56618	57403	-	AG-916-M15_00266	AG-916-M15	261	OG0001077	NA	NA	COG0410	LivF	ABC-type branched-chain amino acid transport system, ATPase component LivF	AG-916-M15_00264	2
CACKFZ010000003.1	57403	58143	-	AG-916-M15_00267	AG-916-M15	246	OG0000928	K01995	branched-chain amino acid transport system ATP-binding protein	COG0411	LivG	ABC-type branched-chain amino acid transport system, ATPase component LivG	AG-916-M15_00264	3
CACKFZ010000003.1	58140	59198	-	AG-916-M15_00268	AG-916-M15	352	OG0001109	NA	NA	COG4177	LivM	ABC-type branched-chain amino acid transport system, permease component	AG-916-M15_00264	4
CACKFZ010000003.1	59195	60061	-	AG-916-M15_00269	AG-916-M15	288	OG0001225	K01997	branched-chain amino acid transport system permease protein	COG0559	LivH	Branched-chain amino acid ABC-type transport system, permease component	AG-916-M15_00264	5
CACKFA010000005.1	35947	36957	-	AG-916-N14_00783	AG-916-N14	336	OG0000021	K01997	branched-chain amino acid transport system permease protein	COG0559	LivH	Branched-chain amino acid ABC-type transport system, permease component	AG-916-N14_00788	-5
CACKFA010000005.1	36959	37666	-	AG-916-N14_00784	AG-916-N14	235	OG0000065	K01996	branched-chain amino acid transport system ATP-binding protein	COG0410	LivF	ABC-type branched-chain amino acid transport system, ATPase component LivF	AG-916-N14_00788	-4
CACKFA010000005.1	37666	38454	-	AG-916-N14_00785	AG-916-N14	262	OG0000143	K01995	branched-chain amino acid transport system ATP-binding protein	COG0411	LivG	ABC-type branched-chain amino acid transport system, ATPase component LivG	AG-916-N14_00788	-3
CACKFA010000005.1	38460	39227	-	AG-916-N14_00786	AG-916-N14	255	OG0000676	NA	NA	COG0345	ProC	Pyrroline-5-carboxylate reductase	AG-916-N14_00788	-2
CACKFA010000005.1	39260	40171	-	AG-916-N14_00787	AG-916-N14	303	OG0001090	K15737	glutarate dioxygenase [EC:1.14.11.64]	NA	NA	NA	AG-916-N14_00788	-1
CACKFA010000005.1	40211	40534	-	AG-916-N14_00788	AG-916-N14	107	OG0001083	NA	NA	COG4392	AzlD2	Branched-chain amino acid transport protein	AG-916-N14_00788	0
CACKFA010000005.1	40524	41228	-	AG-916-N14_00789	AG-916-N14	234	OG0001073	NA	NA	COG1296	AzlC	Predicted branched-chain amino acid permease (azaleucine resistance)	AG-916-N14_00788	1
CACKFA010000005.1	41228	42013	-	AG-916-N14_00790	AG-916-N14	261	OG0001077	NA	NA	COG0410	LivF	ABC-type branched-chain amino acid transport system, ATPase component LivF	AG-916-N14_00788	2
CACKFA010000005.1	42013	42753	-	AG-916-N14_00791	AG-916-N14	246	OG0000928	K01995	branched-chain amino acid transport system ATP-binding protein	COG0411	LivG	ABC-type branched-chain amino acid transport system, ATPase component LivG	AG-916-N14_00788	3
CACKFA010000005.1	42750	43799	-	AG-916-N14_00792	AG-916-N14	349	OG0001109	NA	NA	COG4177	LivM	ABC-type branched-chain amino acid transport system, permease component	AG-916-N14_00788	4
CACKFA010000005.1	43814	44707	-	AG-916-N14_00793	AG-916-N14	297	OG0001225	K01997	branched-chain amino acid transport system permease protein	COG0559	LivH	Branched-chain amino acid ABC-type transport system, permease component	AG-916-N14_00788	5
CACKKI010000008.1	46801	47811	-	AG-917-C08_01095	AG-917-C08	336	OG0000021	K01997	branched-chain amino acid transport system permease protein	COG0559	LivH	Branched-chain amino acid ABC-type transport system, permease component	AG-917-C08_01100	-5
CACKKI010000008.1	47813	48520	-	AG-917-C08_01096	AG-917-C08	235	OG0000065	K01996	branched-chain amino acid transport system ATP-binding protein	COG0410	LivF	ABC-type branched-chain amino acid transport system, ATPase component LivF	AG-917-C08_01100	-4
CACKKI010000008.1	48520	49308	-	AG-917-C08_01097	AG-917-C08	262	OG0000143	K01995	branched-chain amino acid transport system ATP-binding protein	COG0411	LivG	ABC-type branched-chain amino acid transport system, ATPase component LivG	AG-917-C08_01100	-3
CACKKI010000008.1	49314	50081	-	AG-917-C08_01098	AG-917-C08	255	OG0000676	NA	NA	COG0345	ProC	Pyrroline-5-carboxylate reductase	AG-917-C08_01100	-2
CACKKI010000008.1	50116	51027	-	AG-917-C08_01099	AG-917-C08	303	OG0001090	K15737	glutarate dioxygenase [EC:1.14.11.64]	NA	NA	NA	AG-917-C08_01100	-1
CACKKI010000008.1	51068	51391	-	AG-917-C08_01100	AG-917-C08	107	OG0001083	NA	NA	COG4392	AzlD2	Branched-chain amino acid transport protein	AG-917-C08_01100	0
CACKKI010000008.1	51381	52085	-	AG-917-C08_01101	AG-917-C08	234	OG0001073	NA	NA	COG1296	AzlC	Predicted branched-chain amino acid permease (azaleucine resistance)	AG-917-C08_01100	1
CACKKI010000008.1	52085	52870	-	AG-917-C08_01102	AG-917-C08	261	OG0001077	NA	NA	COG0410	LivF	ABC-type branched-chain amino acid transport system, ATPase component LivF	AG-917-C08_01100	2
CACKKI010000008.1	52870	53610	-	AG-917-C08_01103	AG-917-C08	246	OG0000928	K01995	branched-chain amino acid transport system ATP-binding protein	COG0411	LivG	ABC-type branched-chain amino acid transport system, ATPase component LivG	AG-917-C08_01100	3
CACKKI010000008.1	53607	54665	-	AG-917-C08_01104	AG-917-C08	352	OG0001109	NA	NA	COG4177	LivM	ABC-type branched-chain amino acid transport system, permease component	AG-917-C08_01100	4
CACKKI010000008.1	54662	55528	-	AG-917-C08_01105	AG-917-C08	288	OG0001225	K01997	branched-chain amino acid transport system permease protein	COG0559	LivH	Branched-chain amino acid ABC-type transport system, permease component	AG-917-C08_01100	5
CACKKP010000005.1	26343	27236	+	AG-917-C11_00501	AG-917-C11	297	OG0001225	K01997	branched-chain amino acid transport system permease protein	COG0559	LivH	Branched-chain amino acid ABC-type transport system, permease component	AG-917-C11_00506	-5
CACKKP010000005.1	27233	28291	+	AG-917-C11_00502	AG-917-C11	352	OG0001109	NA	NA	COG4177	LivM	ABC-type branched-chain amino acid transport system, permease component	AG-917-C11_00506	-4
CACKKP010000005.1	28288	29028	+	AG-917-C11_00503	AG-917-C11	246	OG0000928	K01995	branched-chain amino acid transport system ATP-binding protein	COG0411	LivG	ABC-type branched-chain amino acid transport system, ATPase component LivG	AG-917-C11_00506	-3
CACKKP010000005.1	29028	29813	+	AG-917-C11_00504	AG-917-C11	261	OG0001077	NA	NA	COG0410	LivF	ABC-type branched-chain amino acid transport system, ATPase component LivF	AG-917-C11_00506	-2
CACKKP010000005.1	29813	30517	+	AG-917-C11_00505	AG-917-C11	234	OG0001073	NA	NA	COG1296	AzlC	Predicted branched-chain amino acid permease (azaleucine resistance)	AG-917-C11_00506	-1
CACKKP010000005.1	30507	30830	+	AG-917-C11_00506	AG-917-C11	107	OG0001083	NA	NA	COG4392	AzlD2	Branched-chain amino acid transport protein	AG-917-C11_00506	0
CACKKP010000005.1	31028	31939	+	AG-917-C11_00507	AG-917-C11	303	OG0001090	K15737	glutarate dioxygenase [EC:1.14.11.64]	NA	NA	NA	AG-917-C11_00506	1
CACKKP010000005.1	31974	32741	+	AG-917-C11_00508	AG-917-C11	255	OG0000676	NA	NA	COG0345	ProC	Pyrroline-5-carboxylate reductase	AG-917-C11_00506	2
CACKKP010000005.1	32747	33535	+	AG-917-C11_00509	AG-917-C11	262	OG0000143	K01995	branched-chain amino acid transport system ATP-binding protein	COG0411	LivG	ABC-type branched-chain amino acid transport system, ATPase component LivG	AG-917-C11_00506	3
CACKKP010000005.1	33535	34242	+	AG-917-C11_00510	AG-917-C11	235	OG0000065	K01996	branched-chain amino acid transport system ATP-binding protein	COG0410	LivF	ABC-type branched-chain amino acid transport system, ATPase component LivF	AG-917-C11_00506	4
CACKKP010000005.1	34244	35254	+	AG-917-C11_00511	AG-917-C11	336	OG0000021	K01997	branched-chain amino acid transport system permease protein	COG0559	LivH	Branched-chain amino acid ABC-type transport system, permease component	AG-917-C11_00506	5
CACKLD010000008.1	8968	9150	+	AG-917-D03_00991	AG-917-D03	60	OG0001356	NA	NA	NA	NA	NA	AG-917-D03_00996	-5
CACKLD010000008.1	9137	10189	+	AG-917-D03_00992	AG-917-D03	350	OG0001109	NA	NA	COG4177	LivM	ABC-type branched-chain amino acid transport system, permease component	AG-917-D03_00996	-4
CACKLD010000008.1	10186	10926	+	AG-917-D03_00993	AG-917-D03	246	OG0000928	K01995	branched-chain amino acid transport system ATP-binding protein	COG0411	LivG	ABC-type branched-chain amino acid transport system, ATPase component LivG	AG-917-D03_00996	-3
CACKLD010000008.1	10926	11711	+	AG-917-D03_00994	AG-917-D03	261	OG0001077	NA	NA	COG0410	LivF	ABC-type branched-chain amino acid transport system, ATPase component LivF	AG-917-D03_00996	-2
CACKLD010000008.1	11708	12412	+	AG-917-D03_00995	AG-917-D03	234	OG0001073	NA	NA	COG1296	AzlC	Predicted branched-chain amino acid permease (azaleucine resistance)	AG-917-D03_00996	-1
CACKLD010000008.1	12402	12728	+	AG-917-D03_00996	AG-917-D03	108	OG0001083	NA	NA	COG4392	AzlD2	Branched-chain amino acid transport protein	AG-917-D03_00996	0
CACKLD010000008.1	12729	13235	+	AG-917-D03_00997	AG-917-D03	168	OG0001207	NA	NA	COG1357	DotG	Type IVB secretion/DNA transfer system protein DotG/IcmE, contains pentapeptide repeats	AG-917-D03_00996	1
CACKLD010000008.1	13241	14161	+	AG-917-D03_00998	AG-917-D03	306	OG0001090	K15737	glutarate dioxygenase [EC:1.14.11.64]	NA	NA	NA	AG-917-D03_00996	2
CACKLD010000008.1	14195	14968	+	AG-917-D03_00999	AG-917-D03	257	OG0000676	NA	NA	COG0345	ProC	Pyrroline-5-carboxylate reductase	AG-917-D03_00996	3
CACKLD010000008.1	14970	15758	+	AG-917-D03_01000	AG-917-D03	262	OG0000143	K01995	branched-chain amino acid transport system ATP-binding protein	COG0411	LivG	ABC-type branched-chain amino acid transport system, ATPase component LivG	AG-917-D03_00996	4
CACKLD010000008.1	15758	16465	+	AG-917-D03_01001	AG-917-D03	235	OG0000065	K01996	branched-chain amino acid transport system ATP-binding protein	COG0410	LivF	ABC-type branched-chain amino acid transport system, ATPase component LivF	AG-917-D03_00996	5
CACKLR010000010.1	1717	1899	+	AG-917-D14_00792	AG-917-D14	60	OG0001356	NA	NA	NA	NA	NA	AG-917-D14_00797	-5
CACKLR010000010.1	1886	2938	+	AG-917-D14_00793	AG-917-D14	350	OG0001109	NA	NA	COG4177	LivM	ABC-type branched-chain amino acid transport system, permease component	AG-917-D14_00797	-4
CACKLR010000010.1	2935	3675	+	AG-917-D14_00794	AG-917-D14	246	OG0000928	K01995	branched-chain amino acid transport system ATP-binding protein	COG0411	LivG	ABC-type branched-chain amino acid transport system, ATPase component LivG	AG-917-D14_00797	-3
CACKLR010000010.1	3675	4460	+	AG-917-D14_00795	AG-917-D14	261	OG0001077	NA	NA	COG0410	LivF	ABC-type branched-chain amino acid transport system, ATPase component LivF	AG-917-D14_00797	-2
CACKLR010000010.1	4457	5161	+	AG-917-D14_00796	AG-917-D14	234	OG0001073	NA	NA	COG1296	AzlC	Predicted branched-chain amino acid permease (azaleucine resistance)	AG-917-D14_00797	-1
CACKLR010000010.1	5151	5477	+	AG-917-D14_00797	AG-917-D14	108	OG0001083	NA	NA	COG4392	AzlD2	Branched-chain amino acid transport protein	AG-917-D14_00797	0
CACKLR010000010.1	5478	5984	+	AG-917-D14_00798	AG-917-D14	168	OG0001207	NA	NA	COG1357	DotG	Type IVB secretion/DNA transfer system protein DotG/IcmE, contains pentapeptide repeats	AG-917-D14_00797	1
CACKLR010000010.1	5990	6910	+	AG-917-D14_00799	AG-917-D14	306	OG0001090	K15737	glutarate dioxygenase [EC:1.14.11.64]	NA	NA	NA	AG-917-D14_00797	2
CACKLR010000010.1	6944	7717	+	AG-917-D14_00800	AG-917-D14	257	OG0000676	NA	NA	COG0345	ProC	Pyrroline-5-carboxylate reductase	AG-917-D14_00797	3
CACKLR010000010.1	7719	8507	+	AG-917-D14_00801	AG-917-D14	262	OG0000143	K01995	branched-chain amino acid transport system ATP-binding protein	COG0411	LivG	ABC-type branched-chain amino acid transport system, ATPase component LivG	AG-917-D14_00797	4
CACKLR010000010.1	8507	9214	+	AG-917-D14_00802	AG-917-D14	235	OG0000065	K01996	branched-chain amino acid transport system ATP-binding protein	COG0410	LivF	ABC-type branched-chain amino acid transport system, ATPase component LivF	AG-917-D14_00797	5
CACKMB010000002.1	113393	114100	-	AG-917-D23_00330	AG-917-D23	235	OG0000065	K01996	branched-chain amino acid transport system ATP-binding protein	COG0410	LivF	ABC-type branched-chain amino acid transport system, ATPase component LivF	AG-917-D23_00335	-5
CACKMB010000002.1	114100	114888	-	AG-917-D23_00331	AG-917-D23	262	OG0000143	K01995	branched-chain amino acid transport system ATP-binding protein	COG0411	LivG	ABC-type branched-chain amino acid transport system, ATPase component LivG	AG-917-D23_00335	-4
CACKMB010000002.1	114890	115663	-	AG-917-D23_00332	AG-917-D23	257	OG0000676	NA	NA	COG0345	ProC	Pyrroline-5-carboxylate reductase	AG-917-D23_00335	-3
CACKMB010000002.1	115697	116617	-	AG-917-D23_00333	AG-917-D23	306	OG0001090	K15737	glutarate dioxygenase [EC:1.14.11.64]	NA	NA	NA	AG-917-D23_00335	-2
CACKMB010000002.1	116623	117129	-	AG-917-D23_00334	AG-917-D23	168	OG0001207	NA	NA	COG1357	DotG	Type IVB secretion/DNA transfer system protein DotG/IcmE, contains pentapeptide repeats	AG-917-D23_00335	-1
CACKMB010000002.1	117130	117456	-	AG-917-D23_00335	AG-917-D23	108	OG0001083	NA	NA	COG4392	AzlD2	Branched-chain amino acid transport protein	AG-917-D23_00335	0
CACKMB010000002.1	117446	118150	-	AG-917-D23_00336	AG-917-D23	234	OG0001073	NA	NA	COG1296	AzlC	Predicted branched-chain amino acid permease (azaleucine resistance)	AG-917-D23_00335	1
CACKMB010000002.1	118147	118932	-	AG-917-D23_00337	AG-917-D23	261	OG0001077	NA	NA	COG0410	LivF	ABC-type branched-chain amino acid transport system, ATPase component LivF	AG-917-D23_00335	2
CACKMB010000002.1	118932	119672	-	AG-917-D23_00338	AG-917-D23	246	OG0000928	K01995	branched-chain amino acid transport system ATP-binding protein	COG0411	LivG	ABC-type branched-chain amino acid transport system, ATPase component LivG	AG-917-D23_00335	3
CACKMB010000002.1	119669	120721	-	AG-917-D23_00339	AG-917-D23	350	OG0001109	NA	NA	COG4177	LivM	ABC-type branched-chain amino acid transport system, permease component	AG-917-D23_00335	4
CACKMB010000002.1	120708	120890	-	AG-917-D23_00340	AG-917-D23	60	OG0001356	NA	NA	NA	NA	NA	AG-917-D23_00335	5
CACKMS010000003.1	134237	135130	+	AG-917-E05_00470	AG-917-E05	297	OG0001225	K01997	branched-chain amino acid transport system permease protein	COG0559	LivH	Branched-chain amino acid ABC-type transport system, permease component	AG-917-E05_00475	-5
CACKMS010000003.1	135150	136202	+	AG-917-E05_00471	AG-917-E05	350	OG0001109	NA	NA	COG4177	LivM	ABC-type branched-chain amino acid transport system, permease component	AG-917-E05_00475	-4
CACKMS010000003.1	136199	136939	+	AG-917-E05_00472	AG-917-E05	246	OG0000928	K01995	branched-chain amino acid transport system ATP-binding protein	COG0411	LivG	ABC-type branched-chain amino acid transport system, ATPase component LivG	AG-917-E05_00475	-3
CACKMS010000003.1	136939	137724	+	AG-917-E05_00473	AG-917-E05	261	OG0001077	NA	NA	COG0410	LivF	ABC-type branched-chain amino acid transport system, ATPase component LivF	AG-917-E05_00475	-2
CACKMS010000003.1	137724	138428	+	AG-917-E05_00474	AG-917-E05	234	OG0001073	NA	NA	COG1296	AzlC	Predicted branched-chain amino acid permease (azaleucine resistance)	AG-917-E05_00475	-1
CACKMS010000003.1	138418	138735	+	AG-917-E05_00475	AG-917-E05	105	OG0001083	NA	NA	COG4392	AzlD2	Branched-chain amino acid transport protein	AG-917-E05_00475	0
CACKMS010000003.1	138741	139247	+	AG-917-E05_00476	AG-917-E05	168	OG0001207	NA	NA	COG1357	DotG	Type IVB secretion/DNA transfer system protein DotG/IcmE, contains pentapeptide repeats	AG-917-E05_00475	1
CACKMS010000003.1	139289	140212	+	AG-917-E05_00477	AG-917-E05	307	OG0001090	K15737	glutarate dioxygenase [EC:1.14.11.64]	NA	NA	NA	AG-917-E05_00475	2
CACKMS010000003.1	140247	141014	+	AG-917-E05_00478	AG-917-E05	255	OG0000676	NA	NA	COG0345	ProC	Pyrroline-5-carboxylate reductase	AG-917-E05_00475	3
CACKMS010000003.1	141020	141805	+	AG-917-E05_00479	AG-917-E05	261	OG0000143	K01995	branched-chain amino acid transport system ATP-binding protein	COG0411	LivG	ABC-type branched-chain amino acid transport system, ATPase component LivG	AG-917-E05_00475	4
CACKNV010000007.1	33352	34062	-	AG-917-F18_01065	AG-917-F18	236	OG0001361	NA	NA	NA	NA	NA	AG-917-F18_01070	-5
CACKNV010000007.1	34179	35678	-	AG-917-F18_01066	AG-917-F18	499	OG0000068	K07793	putative tricarboxylic transport membrane protein	COG3333	NA	TctA family transporter	AG-917-F18_01070	-4
CACKNV010000007.1	35675	36145	-	AG-917-F18_01067	AG-917-F18	156	OG0001140	K07794	putative tricarboxylic transport membrane protein	NA	NA	NA	AG-917-F18_01070	-3
CACKNV010000007.1	36169	37149	-	AG-917-F18_01068	AG-917-F18	326	OG0001110	K07795	putative tricarboxylic transport membrane protein	COG3181	TctC	Tripartite-type tricarboxylate transporter, extracytoplasmic receptor component TctC	AG-917-F18_01070	-2
CACKNV010000007.1	37243	38139	-	AG-917-F18_01069	AG-917-F18	298	OG0001090	K15737	glutarate dioxygenase [EC:1.14.11.64]	NA	NA	NA	AG-917-F18_01070	-1
CACKNV010000007.1	38153	38479	-	AG-917-F18_01070	AG-917-F18	108	OG0001083	NA	NA	COG4392	AzlD2	Branched-chain amino acid transport protein	AG-917-F18_01070	0
CACKNV010000007.1	38472	39173	-	AG-917-F18_01071	AG-917-F18	233	OG0001073	NA	NA	COG1296	AzlC	Predicted branched-chain amino acid permease (azaleucine resistance)	AG-917-F18_01070	1
CACKNV010000007.1	39173	39958	-	AG-917-F18_01072	AG-917-F18	261	OG0001077	NA	NA	COG0410	LivF	ABC-type branched-chain amino acid transport system, ATPase component LivF	AG-917-F18_01070	2
CACKNV010000007.1	39958	40692	-	AG-917-F18_01073	AG-917-F18	244	OG0000928	K01995	branched-chain amino acid transport system ATP-binding protein	COG0411	LivG	ABC-type branched-chain amino acid transport system, ATPase component LivG	AG-917-F18_01070	3
CACKNV010000007.1	40689	41753	-	AG-917-F18_01074	AG-917-F18	354	OG0001109	NA	NA	COG4177	LivM	ABC-type branched-chain amino acid transport system, permease component	AG-917-F18_01070	4
CACKNV010000007.1	41755	42648	-	AG-917-F18_01075	AG-917-F18	297	OG0001134	K01997	branched-chain amino acid transport system permease protein	COG0559	LivH	Branched-chain amino acid ABC-type transport system, permease component	AG-917-F18_01070	5
CACKQD010000002.1	80142	81035	+	AG-917-I17_00667	AG-917-I17	297	OG0001225	K01997	branched-chain amino acid transport system permease protein	COG0559	LivH	Branched-chain amino acid ABC-type transport system, permease component	AG-917-I17_00672	-5
CACKQD010000002.1	81032	82090	+	AG-917-I17_00668	AG-917-I17	352	OG0001109	NA	NA	COG4177	LivM	ABC-type branched-chain amino acid transport system, permease component	AG-917-I17_00672	-4
CACKQD010000002.1	82087	82827	+	AG-917-I17_00669	AG-917-I17	246	OG0000928	K01995	branched-chain amino acid transport system ATP-binding protein	COG0411	LivG	ABC-type branched-chain amino acid transport system, ATPase component LivG	AG-917-I17_00672	-3
CACKQD010000002.1	82827	83612	+	AG-917-I17_00670	AG-917-I17	261	OG0001077	NA	NA	COG0410	LivF	ABC-type branched-chain amino acid transport system, ATPase component LivF	AG-917-I17_00672	-2
CACKQD010000002.1	83612	84316	+	AG-917-I17_00671	AG-917-I17	234	OG0001073	NA	NA	COG1296	AzlC	Predicted branched-chain amino acid permease (azaleucine resistance)	AG-917-I17_00672	-1
CACKQD010000002.1	84306	84629	+	AG-917-I17_00672	AG-917-I17	107	OG0001083	NA	NA	COG4392	AzlD2	Branched-chain amino acid transport protein	AG-917-I17_00672	0
CACKQD010000002.1	84826	85737	+	AG-917-I17_00673	AG-917-I17	303	OG0001090	K15737	glutarate dioxygenase [EC:1.14.11.64]	NA	NA	NA	AG-917-I17_00672	1
CACKQD010000002.1	85772	86539	+	AG-917-I17_00674	AG-917-I17	255	OG0000676	NA	NA	COG0345	ProC	Pyrroline-5-carboxylate reductase	AG-917-I17_00672	2
CACKQD010000002.1	86545	87333	+	AG-917-I17_00675	AG-917-I17	262	OG0000143	K01995	branched-chain amino acid transport system ATP-binding protein	COG0411	LivG	ABC-type branched-chain amino acid transport system, ATPase component LivG	AG-917-I17_00672	3
CACKQD010000002.1	87333	88040	+	AG-917-I17_00676	AG-917-I17	235	OG0000065	K01996	branched-chain amino acid transport system ATP-binding protein	COG0410	LivF	ABC-type branched-chain amino acid transport system, ATPase component LivF	AG-917-I17_00672	4
CACKQD010000002.1	88042	89052	+	AG-917-I17_00677	AG-917-I17	336	OG0000021	K01997	branched-chain amino acid transport system permease protein	COG0559	LivH	Branched-chain amino acid ABC-type transport system, permease component	AG-917-I17_00672	5
CACKQQ010000002.1	104059	104241	+	AG-917-J06_00346	AG-917-J06	60	OG0001356	NA	NA	NA	NA	NA	AG-917-J06_00351	-5
CACKQQ010000002.1	104228	105280	+	AG-917-J06_00347	AG-917-J06	350	OG0001109	NA	NA	COG4177	LivM	ABC-type branched-chain amino acid transport system, permease component	AG-917-J06_00351	-4
CACKQQ010000002.1	105277	106017	+	AG-917-J06_00348	AG-917-J06	246	OG0000928	K01995	branched-chain amino acid transport system ATP-binding protein	COG0411	LivG	ABC-type branched-chain amino acid transport system, ATPase component LivG	AG-917-J06_00351	-3
CACKQQ010000002.1	106017	106802	+	AG-917-J06_00349	AG-917-J06	261	OG0001077	NA	NA	COG0410	LivF	ABC-type branched-chain amino acid transport system, ATPase component LivF	AG-917-J06_00351	-2
CACKQQ010000002.1	106802	107506	+	AG-917-J06_00350	AG-917-J06	234	OG0001073	NA	NA	COG1296	AzlC	Predicted branched-chain amino acid permease (azaleucine resistance)	AG-917-J06_00351	-1
CACKQQ010000002.1	107496	107819	+	AG-917-J06_00351	AG-917-J06	107	OG0001083	NA	NA	COG4392	AzlD2	Branched-chain amino acid transport protein	AG-917-J06_00351	0
CACKQQ010000002.1	107859	108770	+	AG-917-J06_00352	AG-917-J06	303	OG0001090	K15737	glutarate dioxygenase [EC:1.14.11.64]	NA	NA	NA	AG-917-J06_00351	1
CACKQQ010000002.1	108803	109570	+	AG-917-J06_00353	AG-917-J06	255	OG0000676	NA	NA	COG0345	ProC	Pyrroline-5-carboxylate reductase	AG-917-J06_00351	2
CACKQQ010000002.1	109576	110364	+	AG-917-J06_00354	AG-917-J06	262	OG0000143	K01995	branched-chain amino acid transport system ATP-binding protein	COG0411	LivG	ABC-type branched-chain amino acid transport system, ATPase component LivG	AG-917-J06_00351	3
CACKQQ010000002.1	110364	111071	+	AG-917-J06_00355	AG-917-J06	235	OG0000065	K01996	branched-chain amino acid transport system ATP-binding protein	COG0410	LivF	ABC-type branched-chain amino acid transport system, ATPase component LivF	AG-917-J06_00351	4
CACKQQ010000002.1	111073	112083	+	AG-917-J06_00356	AG-917-J06	336	OG0000021	K01997	branched-chain amino acid transport system permease protein	COG0559	LivH	Branched-chain amino acid ABC-type transport system, permease component	AG-917-J06_00351	5
CACLSR010000001.1	286476	287486	-	AG-917-K06_00325	AG-917-K06	336	OG0000021	K01997	branched-chain amino acid transport system permease protein	COG0559	LivH	Branched-chain amino acid ABC-type transport system, permease component	AG-917-K06_00330	-5
CACLSR010000001.1	287488	288195	-	AG-917-K06_00326	AG-917-K06	235	OG0000065	K01996	branched-chain amino acid transport system ATP-binding protein	COG0410	LivF	ABC-type branched-chain amino acid transport system, ATPase component LivF	AG-917-K06_00330	-4
CACLSR010000001.1	288198	288983	-	AG-917-K06_00327	AG-917-K06	261	OG0000143	K01995	branched-chain amino acid transport system ATP-binding protein	COG0411	LivG	ABC-type branched-chain amino acid transport system, ATPase component LivG	AG-917-K06_00330	-3
CACLSR010000001.1	288987	289754	-	AG-917-K06_00328	AG-917-K06	255	OG0000676	NA	NA	COG0345	ProC	Pyrroline-5-carboxylate reductase	AG-917-K06_00330	-2
CACLSR010000001.1	289781	290695	-	AG-917-K06_00329	AG-917-K06	304	OG0001090	K15737	glutarate dioxygenase [EC:1.14.11.64]	NA	NA	NA	AG-917-K06_00330	-1
CACLSR010000001.1	290692	291015	-	AG-917-K06_00330	AG-917-K06	107	OG0001083	NA	NA	COG4392	AzlD2	Branched-chain amino acid transport protein	AG-917-K06_00330	0
CACLSR010000001.1	291005	291709	-	AG-917-K06_00331	AG-917-K06	234	OG0001073	NA	NA	COG1296	AzlC	Predicted branched-chain amino acid permease (azaleucine resistance)	AG-917-K06_00330	1
CACLSR010000001.1	291709	292494	-	AG-917-K06_00332	AG-917-K06	261	OG0001077	NA	NA	COG0410	LivF	ABC-type branched-chain amino acid transport system, ATPase component LivF	AG-917-K06_00330	2
CACLSR010000001.1	292494	293234	-	AG-917-K06_00333	AG-917-K06	246	OG0000928	K01995	branched-chain amino acid transport system ATP-binding protein	COG0411	LivG	ABC-type branched-chain amino acid transport system, ATPase component LivG	AG-917-K06_00330	3
CACLSR010000001.1	293231	294280	-	AG-917-K06_00334	AG-917-K06	349	OG0001109	NA	NA	COG4177	LivM	ABC-type branched-chain amino acid transport system, permease component	AG-917-K06_00330	4
CACLSR010000001.1	294280	295173	-	AG-917-K06_00335	AG-917-K06	297	OG0001225	K01997	branched-chain amino acid transport system permease protein	COG0559	LivH	Branched-chain amino acid ABC-type transport system, permease component	AG-917-K06_00330	5
CACLTL010000002.1	28473	28727	-	AG-917-K20_00550	AG-917-K20	84	NA	NA	NA	NA	NA	NA	AG-917-K20_00555	-5
CACLTL010000002.1	28790	30289	-	AG-917-K20_00551	AG-917-K20	499	OG0000068	K07793	putative tricarboxylic transport membrane protein	COG3333	NA	TctA family transporter	AG-917-K20_00555	-4
CACLTL010000002.1	30286	30756	-	AG-917-K20_00552	AG-917-K20	156	OG0001140	K07794	putative tricarboxylic transport membrane protein	NA	NA	NA	AG-917-K20_00555	-3
CACLTL010000002.1	30780	31760	-	AG-917-K20_00553	AG-917-K20	326	OG0001110	K07795	putative tricarboxylic transport membrane protein	COG3181	TctC	Tripartite-type tricarboxylate transporter, extracytoplasmic receptor component TctC	AG-917-K20_00555	-2
CACLTL010000002.1	31854	32750	-	AG-917-K20_00554	AG-917-K20	298	OG0001090	K15737	glutarate dioxygenase [EC:1.14.11.64]	NA	NA	NA	AG-917-K20_00555	-1
CACLTL010000002.1	32835	33161	-	AG-917-K20_00555	AG-917-K20	108	OG0001083	NA	NA	COG4392	AzlD2	Branched-chain amino acid transport protein	AG-917-K20_00555	0
CACLTL010000002.1	33151	33858	-	AG-917-K20_00556	AG-917-K20	235	OG0001073	NA	NA	COG1296	AzlC	Predicted branched-chain amino acid permease (azaleucine resistance)	AG-917-K20_00555	1
CACLTL010000002.1	33858	34643	-	AG-917-K20_00557	AG-917-K20	261	OG0001077	NA	NA	COG0410	LivF	ABC-type branched-chain amino acid transport system, ATPase component LivF	AG-917-K20_00555	2
CACLTL010000002.1	34643	35377	-	AG-917-K20_00558	AG-917-K20	244	OG0000928	K01995	branched-chain amino acid transport system ATP-binding protein	COG0411	LivG	ABC-type branched-chain amino acid transport system, ATPase component LivG	AG-917-K20_00555	3
CACLTL010000002.1	35374	36438	-	AG-917-K20_00559	AG-917-K20	354	OG0001109	NA	NA	COG4177	LivM	ABC-type branched-chain amino acid transport system, permease component	AG-917-K20_00555	4
CACLTL010000002.1	36439	37332	-	AG-917-K20_00560	AG-917-K20	297	OG0001134	K01997	branched-chain amino acid transport system permease protein	COG0559	LivH	Branched-chain amino acid ABC-type transport system, permease component	AG-917-K20_00555	5
CACPFM010000003.1	75868	76761	+	AG-917-P07_00442	AG-917-P07	297	OG0001225	K01997	branched-chain amino acid transport system permease protein	COG0559	LivH	Branched-chain amino acid ABC-type transport system, permease component	AG-917-P07_00447	-5
CACPFM010000003.1	76758	77816	+	AG-917-P07_00443	AG-917-P07	352	OG0001109	NA	NA	COG4177	LivM	ABC-type branched-chain amino acid transport system, permease component	AG-917-P07_00447	-4
CACPFM010000003.1	77813	78553	+	AG-917-P07_00444	AG-917-P07	246	OG0000928	K01995	branched-chain amino acid transport system ATP-binding protein	COG0411	LivG	ABC-type branched-chain amino acid transport system, ATPase component LivG	AG-917-P07_00447	-3
CACPFM010000003.1	78553	79338	+	AG-917-P07_00445	AG-917-P07	261	OG0001077	NA	NA	COG0410	LivF	ABC-type branched-chain amino acid transport system, ATPase component LivF	AG-917-P07_00447	-2
CACPFM010000003.1	79338	80042	+	AG-917-P07_00446	AG-917-P07	234	OG0001073	NA	NA	COG1296	AzlC	Predicted branched-chain amino acid permease (azaleucine resistance)	AG-917-P07_00447	-1
CACPFM010000003.1	80032	80355	+	AG-917-P07_00447	AG-917-P07	107	OG0001083	NA	NA	COG4392	AzlD2	Branched-chain amino acid transport protein	AG-917-P07_00447	0
CACPFM010000003.1	80553	81464	+	AG-917-P07_00448	AG-917-P07	303	OG0001090	K15737	glutarate dioxygenase [EC:1.14.11.64]	NA	NA	NA	AG-917-P07_00447	1
CACPFM010000003.1	81499	82266	+	AG-917-P07_00449	AG-917-P07	255	OG0000676	NA	NA	COG0345	ProC	Pyrroline-5-carboxylate reductase	AG-917-P07_00447	2
CACPFM010000003.1	82272	83060	+	AG-917-P07_00450	AG-917-P07	262	OG0000143	K01995	branched-chain amino acid transport system ATP-binding protein	COG0411	LivG	ABC-type branched-chain amino acid transport system, ATPase component LivG	AG-917-P07_00447	3
CACPFM010000003.1	83060	83767	+	AG-917-P07_00451	AG-917-P07	235	OG0000065	K01996	branched-chain amino acid transport system ATP-binding protein	COG0410	LivF	ABC-type branched-chain amino acid transport system, ATPase component LivF	AG-917-P07_00447	4
CACPFM010000003.1	83769	84779	+	AG-917-P07_00452	AG-917-P07	336	OG0000021	K01997	branched-chain amino acid transport system permease protein	COG0559	LivH	Branched-chain amino acid ABC-type transport system, permease component	AG-917-P07_00447	5
CACLYY010000003.1	10964	11830	+	AG-918-B06_00556	AG-918-B06	288	OG0002199	K01997	branched-chain amino acid transport system permease protein	COG0559	LivH	Branched-chain amino acid ABC-type transport system, permease component	AG-918-B06_00561	-5
CACLYY010000003.1	11830	12879	+	AG-918-B06_00557	AG-918-B06	349	OG0001109	NA	NA	COG4177	LivM	ABC-type branched-chain amino acid transport system, permease component	AG-918-B06_00561	-4
CACLYY010000003.1	12876	13616	+	AG-918-B06_00558	AG-918-B06	246	OG0000928	K01995	branched-chain amino acid transport system ATP-binding protein	COG0411	LivG	ABC-type branched-chain amino acid transport system, ATPase component LivG	AG-918-B06_00561	-3
CACLYY010000003.1	13616	14401	+	AG-918-B06_00559	AG-918-B06	261	OG0001077	NA	NA	COG0410	LivF	ABC-type branched-chain amino acid transport system, ATPase component LivF	AG-918-B06_00561	-2
CACLYY010000003.1	14401	15105	+	AG-918-B06_00560	AG-918-B06	234	OG0001073	NA	NA	COG1296	AzlC	Predicted branched-chain amino acid permease (azaleucine resistance)	AG-918-B06_00561	-1
CACLYY010000003.1	15095	15421	+	AG-918-B06_00561	AG-918-B06	108	OG0001083	NA	NA	COG4392	AzlD2	Branched-chain amino acid transport protein	AG-918-B06_00561	0
CACLYY010000003.1	15418	15924	+	AG-918-B06_00562	AG-918-B06	168	OG0001207	NA	NA	COG1357	DotG	Type IVB secretion/DNA transfer system protein DotG/IcmE, contains pentapeptide repeats	AG-918-B06_00561	1
CACLYY010000003.1	15929	16849	+	AG-918-B06_00563	AG-918-B06	306	OG0001090	K15737	glutarate dioxygenase [EC:1.14.11.64]	NA	NA	NA	AG-918-B06_00561	2
CACLYY010000003.1	16867	17637	+	AG-918-B06_00564	AG-918-B06	256	OG0000676	NA	NA	COG0345	ProC	Pyrroline-5-carboxylate reductase	AG-918-B06_00561	3
CACLYY010000003.1	17653	18420	+	AG-918-B06_00565	AG-918-B06	255	OG0000143	K01995	branched-chain amino acid transport system ATP-binding protein	COG0411	LivG	ABC-type branched-chain amino acid transport system, ATPase component LivG	AG-918-B06_00561	4
CACLYY010000003.1	18421	19128	+	AG-918-B06_00566	AG-918-B06	235	OG0000065	K01996	branched-chain amino acid transport system ATP-binding protein	COG0410	LivF	ABC-type branched-chain amino acid transport system, ATPase component LivF	AG-918-B06_00561	5
CACMAX010000001.1	126298	126480	+	AG-918-E02_00135	AG-918-E02	60	OG0001356	NA	NA	NA	NA	NA	AG-918-E02_00140	-5
CACMAX010000001.1	126467	127519	+	AG-918-E02_00136	AG-918-E02	350	OG0001109	NA	NA	COG4177	LivM	ABC-type branched-chain amino acid transport system, permease component	AG-918-E02_00140	-4
CACMAX010000001.1	127516	128256	+	AG-918-E02_00137	AG-918-E02	246	OG0000928	K01995	branched-chain amino acid transport system ATP-binding protein	COG0411	LivG	ABC-type branched-chain amino acid transport system, ATPase component LivG	AG-918-E02_00140	-3
CACMAX010000001.1	128256	129041	+	AG-918-E02_00138	AG-918-E02	261	OG0001077	NA	NA	COG0410	LivF	ABC-type branched-chain amino acid transport system, ATPase component LivF	AG-918-E02_00140	-2
CACMAX010000001.1	129038	129742	+	AG-918-E02_00139	AG-918-E02	234	OG0001073	NA	NA	COG1296	AzlC	Predicted branched-chain amino acid permease (azaleucine resistance)	AG-918-E02_00140	-1
CACMAX010000001.1	129732	130058	+	AG-918-E02_00140	AG-918-E02	108	OG0001083	NA	NA	COG4392	AzlD2	Branched-chain amino acid transport protein	AG-918-E02_00140	0
CACMAX010000001.1	130059	130565	+	AG-918-E02_00141	AG-918-E02	168	OG0001207	NA	NA	COG1357	DotG	Type IVB secretion/DNA transfer system protein DotG/IcmE, contains pentapeptide repeats	AG-918-E02_00140	1
CACMAX010000001.1	130571	131491	+	AG-918-E02_00142	AG-918-E02	306	OG0001090	K15737	glutarate dioxygenase [EC:1.14.11.64]	NA	NA	NA	AG-918-E02_00140	2
CACMAX010000001.1	131525	132298	+	AG-918-E02_00143	AG-918-E02	257	OG0000676	NA	NA	COG0345	ProC	Pyrroline-5-carboxylate reductase	AG-918-E02_00140	3
CACMAX010000001.1	132300	133088	+	AG-918-E02_00144	AG-918-E02	262	OG0000143	K01995	branched-chain amino acid transport system ATP-binding protein	COG0411	LivG	ABC-type branched-chain amino acid transport system, ATPase component LivG	AG-918-E02_00140	4
CACMAX010000001.1	133088	133795	+	AG-918-E02_00145	AG-918-E02	235	OG0000065	K01996	branched-chain amino acid transport system ATP-binding protein	COG0410	LivF	ABC-type branched-chain amino acid transport system, ATPase component LivF	AG-918-E02_00140	5
CACMDB010000003.1	3413	4306	+	AG-918-G06_00511	AG-918-G06	297	OG0001225	K01997	branched-chain amino acid transport system permease protein	COG0559	LivH	Branched-chain amino acid ABC-type transport system, permease component	AG-918-G06_00516	-5
CACMDB010000003.1	4306	5355	+	AG-918-G06_00512	AG-918-G06	349	OG0001109	NA	NA	COG4177	LivM	ABC-type branched-chain amino acid transport system, permease component	AG-918-G06_00516	-4
CACMDB010000003.1	5352	6092	+	AG-918-G06_00513	AG-918-G06	246	OG0000928	K01995	branched-chain amino acid transport system ATP-binding protein	COG0411	LivG	ABC-type branched-chain amino acid transport system, ATPase component LivG	AG-918-G06_00516	-3
CACMDB010000003.1	6092	6877	+	AG-918-G06_00514	AG-918-G06	261	OG0001077	NA	NA	COG0410	LivF	ABC-type branched-chain amino acid transport system, ATPase component LivF	AG-918-G06_00516	-2
CACMDB010000003.1	6877	7581	+	AG-918-G06_00515	AG-918-G06	234	OG0001073	NA	NA	COG1296	AzlC	Predicted branched-chain amino acid permease (azaleucine resistance)	AG-918-G06_00516	-1
CACMDB010000003.1	7571	7894	+	AG-918-G06_00516	AG-918-G06	107	OG0001083	NA	NA	COG4392	AzlD2	Branched-chain amino acid transport protein	AG-918-G06_00516	0
CACMDB010000003.1	7891	8805	+	AG-918-G06_00517	AG-918-G06	304	OG0001090	K15737	glutarate dioxygenase [EC:1.14.11.64]	NA	NA	NA	AG-918-G06_00516	1
CACMDB010000003.1	8832	9599	+	AG-918-G06_00518	AG-918-G06	255	OG0000676	NA	NA	COG0345	ProC	Pyrroline-5-carboxylate reductase	AG-918-G06_00516	2
CACMDB010000003.1	9603	10388	+	AG-918-G06_00519	AG-918-G06	261	OG0000143	K01995	branched-chain amino acid transport system ATP-binding protein	COG0411	LivG	ABC-type branched-chain amino acid transport system, ATPase component LivG	AG-918-G06_00516	3
CACMDB010000003.1	10391	11098	+	AG-918-G06_00520	AG-918-G06	235	OG0000065	K01996	branched-chain amino acid transport system ATP-binding protein	COG0410	LivF	ABC-type branched-chain amino acid transport system, ATPase component LivF	AG-918-G06_00516	4
CACMDB010000003.1	11100	12110	+	AG-918-G06_00521	AG-918-G06	336	OG0000021	K01997	branched-chain amino acid transport system permease protein	COG0559	LivH	Branched-chain amino acid ABC-type transport system, permease component	AG-918-G06_00516	5
CACMDY010000007.1	22231	22413	+	AG-918-G22_01220	AG-918-G22	60	OG0001356	NA	NA	NA	NA	NA	AG-918-G22_01225	-5
CACMDY010000007.1	22400	23452	+	AG-918-G22_01221	AG-918-G22	350	OG0001109	NA	NA	COG4177	LivM	ABC-type branched-chain amino acid transport system, permease component	AG-918-G22_01225	-4
CACMDY010000007.1	23449	24189	+	AG-918-G22_01222	AG-918-G22	246	OG0000928	K01995	branched-chain amino acid transport system ATP-binding protein	COG0411	LivG	ABC-type branched-chain amino acid transport system, ATPase component LivG	AG-918-G22_01225	-3
CACMDY010000007.1	24189	24974	+	AG-918-G22_01223	AG-918-G22	261	OG0001077	NA	NA	COG0410	LivF	ABC-type branched-chain amino acid transport system, ATPase component LivF	AG-918-G22_01225	-2
CACMDY010000007.1	24971	25675	+	AG-918-G22_01224	AG-918-G22	234	OG0001073	NA	NA	COG1296	AzlC	Predicted branched-chain amino acid permease (azaleucine resistance)	AG-918-G22_01225	-1
CACMDY010000007.1	25665	25991	+	AG-918-G22_01225	AG-918-G22	108	OG0001083	NA	NA	COG4392	AzlD2	Branched-chain amino acid transport protein	AG-918-G22_01225	0
CACMDY010000007.1	25992	26498	+	AG-918-G22_01226	AG-918-G22	168	OG0001207	NA	NA	COG1357	DotG	Type IVB secretion/DNA transfer system protein DotG/IcmE, contains pentapeptide repeats	AG-918-G22_01225	1
CACMDY010000007.1	26504	27424	+	AG-918-G22_01227	AG-918-G22	306	OG0001090	K15737	glutarate dioxygenase [EC:1.14.11.64]	NA	NA	NA	AG-918-G22_01225	2
CACMDY010000007.1	27458	28231	+	AG-918-G22_01228	AG-918-G22	257	OG0000676	NA	NA	COG0345	ProC	Pyrroline-5-carboxylate reductase	AG-918-G22_01225	3
CACMDY010000007.1	28233	29021	+	AG-918-G22_01229	AG-918-G22	262	OG0000143	K01995	branched-chain amino acid transport system ATP-binding protein	COG0411	LivG	ABC-type branched-chain amino acid transport system, ATPase component LivG	AG-918-G22_01225	4
CACMDY010000007.1	29021	29728	+	AG-918-G22_01230	AG-918-G22	235	OG0000065	K01996	branched-chain amino acid transport system ATP-binding protein	COG0410	LivF	ABC-type branched-chain amino acid transport system, ATPase component LivF	AG-918-G22_01225	5
CACMFM010000001.1	73716	74726	-	AG-918-K09_00070	AG-918-K09	336	OG0000021	K01997	branched-chain amino acid transport system permease protein	COG0559	LivH	Branched-chain amino acid ABC-type transport system, permease component	AG-918-K09_00075	-5
CACMFM010000001.1	74728	75435	-	AG-918-K09_00071	AG-918-K09	235	OG0000065	K01996	branched-chain amino acid transport system ATP-binding protein	COG0410	LivF	ABC-type branched-chain amino acid transport system, ATPase component LivF	AG-918-K09_00075	-4
CACMFM010000001.1	75435	76223	-	AG-918-K09_00072	AG-918-K09	262	OG0000143	K01995	branched-chain amino acid transport system ATP-binding protein	COG0411	LivG	ABC-type branched-chain amino acid transport system, ATPase component LivG	AG-918-K09_00075	-3
CACMFM010000001.1	76229	76996	-	AG-918-K09_00073	AG-918-K09	255	OG0000676	NA	NA	COG0345	ProC	Pyrroline-5-carboxylate reductase	AG-918-K09_00075	-2
CACMFM010000001.1	77031	77942	-	AG-918-K09_00074	AG-918-K09	303	OG0001090	K15737	glutarate dioxygenase [EC:1.14.11.64]	NA	NA	NA	AG-918-K09_00075	-1
CACMFM010000001.1	77983	78306	-	AG-918-K09_00075	AG-918-K09	107	OG0001083	NA	NA	COG4392	AzlD2	Branched-chain amino acid transport protein	AG-918-K09_00075	0
CACMFM010000001.1	78296	79000	-	AG-918-K09_00076	AG-918-K09	234	OG0001073	NA	NA	COG1296	AzlC	Predicted branched-chain amino acid permease (azaleucine resistance)	AG-918-K09_00075	1
CACMFM010000001.1	79000	79785	-	AG-918-K09_00077	AG-918-K09	261	OG0001077	NA	NA	COG0410	LivF	ABC-type branched-chain amino acid transport system, ATPase component LivF	AG-918-K09_00075	2
CACMFM010000001.1	79785	80525	-	AG-918-K09_00078	AG-918-K09	246	OG0000928	K01995	branched-chain amino acid transport system ATP-binding protein	COG0411	LivG	ABC-type branched-chain amino acid transport system, ATPase component LivG	AG-918-K09_00075	3
CACMFM010000001.1	80522	81574	-	AG-918-K09_00079	AG-918-K09	350	OG0001109	NA	NA	COG4177	LivM	ABC-type branched-chain amino acid transport system, permease component	AG-918-K09_00075	4
CACMFM010000001.1	81577	82470	-	AG-918-K09_00080	AG-918-K09	297	OG0001225	K01997	branched-chain amino acid transport system permease protein	COG0559	LivH	Branched-chain amino acid ABC-type transport system, permease component	AG-918-K09_00075	5
CACMFU010000023.1	1077	1784	-	AG-918-K13_01289	AG-918-K13	235	OG0000065	K01996	branched-chain amino acid transport system ATP-binding protein	COG0410	LivF	ABC-type branched-chain amino acid transport system, ATPase component LivF	AG-918-K13_01294	-5
CACMFU010000023.1	1784	2572	-	AG-918-K13_01290	AG-918-K13	262	OG0000143	K01995	branched-chain amino acid transport system ATP-binding protein	COG0411	LivG	ABC-type branched-chain amino acid transport system, ATPase component LivG	AG-918-K13_01294	-4
CACMFU010000023.1	2574	3347	-	AG-918-K13_01291	AG-918-K13	257	OG0000676	NA	NA	COG0345	ProC	Pyrroline-5-carboxylate reductase	AG-918-K13_01294	-3
CACMFU010000023.1	3381	4301	-	AG-918-K13_01292	AG-918-K13	306	OG0001090	K15737	glutarate dioxygenase [EC:1.14.11.64]	NA	NA	NA	AG-918-K13_01294	-2
CACMFU010000023.1	4307	4813	-	AG-918-K13_01293	AG-918-K13	168	OG0001207	NA	NA	COG1357	DotG	Type IVB secretion/DNA transfer system protein DotG/IcmE, contains pentapeptide repeats	AG-918-K13_01294	-1
CACMFU010000023.1	4814	5140	-	AG-918-K13_01294	AG-918-K13	108	OG0001083	NA	NA	COG4392	AzlD2	Branched-chain amino acid transport protein	AG-918-K13_01294	0
CACMFU010000023.1	5130	5834	-	AG-918-K13_01295	AG-918-K13	234	OG0001073	NA	NA	COG1296	AzlC	Predicted branched-chain amino acid permease (azaleucine resistance)	AG-918-K13_01294	1
CACMFU010000023.1	5831	6616	-	AG-918-K13_01296	AG-918-K13	261	OG0001077	NA	NA	COG0410	LivF	ABC-type branched-chain amino acid transport system, ATPase component LivF	AG-918-K13_01294	2
CACMFU010000023.1	6616	7356	-	AG-918-K13_01297	AG-918-K13	246	OG0000928	K01995	branched-chain amino acid transport system ATP-binding protein	COG0411	LivG	ABC-type branched-chain amino acid transport system, ATPase component LivG	AG-918-K13_01294	3
CACMFU010000023.1	7353	8405	-	AG-918-K13_01298	AG-918-K13	350	OG0001109	NA	NA	COG4177	LivM	ABC-type branched-chain amino acid transport system, permease component	AG-918-K13_01294	4
CACMFU010000023.1	8392	8574	-	AG-918-K13_01299	AG-918-K13	60	OG0001356	NA	NA	NA	NA	NA	AG-918-K13_01294	5
CACMHD010000011.1	35158	36051	+	AG-918-L21_00857	AG-918-L21	297	OG0001225	K01997	branched-chain amino acid transport system permease protein	COG0559	LivH	Branched-chain amino acid ABC-type transport system, permease component	AG-918-L21_00862	-5
CACMHD010000011.1	36048	37106	+	AG-918-L21_00858	AG-918-L21	352	OG0001109	NA	NA	COG4177	LivM	ABC-type branched-chain amino acid transport system, permease component	AG-918-L21_00862	-4
CACMHD010000011.1	37103	37843	+	AG-918-L21_00859	AG-918-L21	246	OG0000928	K01995	branched-chain amino acid transport system ATP-binding protein	COG0411	LivG	ABC-type branched-chain amino acid transport system, ATPase component LivG	AG-918-L21_00862	-3
CACMHD010000011.1	37843	38628	+	AG-918-L21_00860	AG-918-L21	261	OG0001077	NA	NA	COG0410	LivF	ABC-type branched-chain amino acid transport system, ATPase component LivF	AG-918-L21_00862	-2
CACMHD010000011.1	38628	39332	+	AG-918-L21_00861	AG-918-L21	234	OG0001073	NA	NA	COG1296	AzlC	Predicted branched-chain amino acid permease (azaleucine resistance)	AG-918-L21_00862	-1
CACMHD010000011.1	39322	39645	+	AG-918-L21_00862	AG-918-L21	107	OG0001083	NA	NA	COG4392	AzlD2	Branched-chain amino acid transport protein	AG-918-L21_00862	0
CACMHD010000011.1	39842	40753	+	AG-918-L21_00863	AG-918-L21	303	OG0001090	K15737	glutarate dioxygenase [EC:1.14.11.64]	NA	NA	NA	AG-918-L21_00862	1
CACMHD010000011.1	40788	41555	+	AG-918-L21_00864	AG-918-L21	255	OG0000676	NA	NA	COG0345	ProC	Pyrroline-5-carboxylate reductase	AG-918-L21_00862	2
CACMHD010000011.1	41561	42349	+	AG-918-L21_00865	AG-918-L21	262	OG0000143	K01995	branched-chain amino acid transport system ATP-binding protein	COG0411	LivG	ABC-type branched-chain amino acid transport system, ATPase component LivG	AG-918-L21_00862	3
CACMHD010000011.1	42349	43056	+	AG-918-L21_00866	AG-918-L21	235	OG0000065	K01996	branched-chain amino acid transport system ATP-binding protein	COG0410	LivF	ABC-type branched-chain amino acid transport system, ATPase component LivF	AG-918-L21_00862	4
CACMHD010000011.1	43058	44068	+	AG-918-L21_00867	AG-918-L21	336	OG0000021	K01997	branched-chain amino acid transport system permease protein	COG0559	LivH	Branched-chain amino acid ABC-type transport system, permease component	AG-918-L21_00862	5
CACMHW010000003.1	71093	71563	-	AG-918-M15_00491	AG-918-M15	156	OG0001140	K07794	putative tricarboxylic transport membrane protein	NA	NA	NA	AG-918-M15_00496	-5
CACMHW010000003.1	71582	72574	-	AG-918-M15_00492	AG-918-M15	330	OG0001110	K07795	putative tricarboxylic transport membrane protein	COG3181	TctC	Tripartite-type tricarboxylate transporter, extracytoplasmic receptor component TctC	AG-918-M15_00496	-4
CACMHW010000003.1	72641	73537	-	AG-918-M15_00493	AG-918-M15	298	OG0001090	K15737	glutarate dioxygenase [EC:1.14.11.64]	NA	NA	NA	AG-918-M15_00496	-3
CACMHW010000003.1	73630	74397	-	AG-918-M15_00494	AG-918-M15	255	OG0001387	NA	NA	NA	NA	NA	AG-918-M15_00496	-2
CACMHW010000003.1	74398	75267	-	AG-918-M15_00495	AG-918-M15	289	OG0001274	NA	NA	NA	NA	NA	AG-918-M15_00496	-1
CACMHW010000003.1	75303	75629	-	AG-918-M15_00496	AG-918-M15	108	OG0001083	NA	NA	COG4392	AzlD2	Branched-chain amino acid transport protein	AG-918-M15_00496	0
CACMHW010000003.1	75619	76323	-	AG-918-M15_00497	AG-918-M15	234	OG0001073	NA	NA	COG1296	AzlC	Predicted branched-chain amino acid permease (azaleucine resistance)	AG-918-M15_00496	1
CACMHW010000003.1	76320	77105	-	AG-918-M15_00498	AG-918-M15	261	OG0001077	NA	NA	COG0410	LivF	ABC-type branched-chain amino acid transport system, ATPase component LivF	AG-918-M15_00496	2
CACMHW010000003.1	77105	77839	-	AG-918-M15_00499	AG-918-M15	244	OG0000928	K01995	branched-chain amino acid transport system ATP-binding protein	COG0411	LivG	ABC-type branched-chain amino acid transport system, ATPase component LivG	AG-918-M15_00496	3
CACMHW010000003.1	77836	78894	-	AG-918-M15_00500	AG-918-M15	352	OG0001109	NA	NA	COG4177	LivM	ABC-type branched-chain amino acid transport system, permease component	AG-918-M15_00496	4
CACMHW010000003.1	78891	80021	-	AG-918-M15_00501	AG-918-M15	376	OG0001409	NA	NA	COG0412	DLH	Dienelactone hydrolase	AG-918-M15_00496	5
CACMLV010000010.1	11408	12418	-	AG-919-C02_01152	AG-919-C02	336	OG0000021	K01997	branched-chain amino acid transport system permease protein	COG0559	LivH	Branched-chain amino acid ABC-type transport system, permease component	AG-919-C02_01157	-5
CACMLV010000010.1	12420	13127	-	AG-919-C02_01153	AG-919-C02	235	OG0000065	K01996	branched-chain amino acid transport system ATP-binding protein	COG0410	LivF	ABC-type branched-chain amino acid transport system, ATPase component LivF	AG-919-C02_01157	-4
CACMLV010000010.1	13130	13915	-	AG-919-C02_01154	AG-919-C02	261	OG0000143	K01995	branched-chain amino acid transport system ATP-binding protein	COG0411	LivG	ABC-type branched-chain amino acid transport system, ATPase component LivG	AG-919-C02_01157	-3
CACMLV010000010.1	13919	14686	-	AG-919-C02_01155	AG-919-C02	255	OG0000676	NA	NA	COG0345	ProC	Pyrroline-5-carboxylate reductase	AG-919-C02_01157	-2
CACMLV010000010.1	14713	15627	-	AG-919-C02_01156	AG-919-C02	304	OG0001090	K15737	glutarate dioxygenase [EC:1.14.11.64]	NA	NA	NA	AG-919-C02_01157	-1
CACMLV010000010.1	15624	15947	-	AG-919-C02_01157	AG-919-C02	107	OG0001083	NA	NA	COG4392	AzlD2	Branched-chain amino acid transport protein	AG-919-C02_01157	0
CACMLV010000010.1	15937	16641	-	AG-919-C02_01158	AG-919-C02	234	OG0001073	NA	NA	COG1296	AzlC	Predicted branched-chain amino acid permease (azaleucine resistance)	AG-919-C02_01157	1
CACMLV010000010.1	16641	17426	-	AG-919-C02_01159	AG-919-C02	261	OG0001077	NA	NA	COG0410	LivF	ABC-type branched-chain amino acid transport system, ATPase component LivF	AG-919-C02_01157	2
CACMLV010000010.1	17426	17872	-	AG-919-C02_01160	AG-919-C02	148	OG0000928	NA	NA	COG0411	LivG	ABC-type branched-chain amino acid transport system, ATPase component LivG	AG-919-C02_01157	3
CACMLV010000010.1	18027	18167	-	AG-919-C02_01161	AG-919-C02	46	OG0000928	NA	NA	COG3845	NupO	ABC-type guanosine uptake system NupNOPQ, ATPase component NupO	AG-919-C02_01157	4
CACMLV010000010.1	18164	18433	-	AG-919-C02_01162	AG-919-C02	89	NA	NA	NA	COG4177	LivM	ABC-type branched-chain amino acid transport system, permease component	AG-919-C02_01157	5
CACMOQ010000017.1	6	737	+	AG-919-F03_01121	AG-919-F03	243	OG0000928	K01995	branched-chain amino acid transport system ATP-binding protein	COG0411	LivG	ABC-type branched-chain amino acid transport system, ATPase component LivG	AG-919-F03_01124	-3
CACMOQ010000017.1	737	1522	+	AG-919-F03_01122	AG-919-F03	261	OG0001077	NA	NA	COG0410	LivF	ABC-type branched-chain amino acid transport system, ATPase component LivF	AG-919-F03_01124	-2
CACMOQ010000017.1	1522	2226	+	AG-919-F03_01123	AG-919-F03	234	OG0001073	NA	NA	COG1296	AzlC	Predicted branched-chain amino acid permease (azaleucine resistance)	AG-919-F03_01124	-1
CACMOQ010000017.1	2216	2539	+	AG-919-F03_01124	AG-919-F03	107	OG0001083	NA	NA	COG4392	AzlD2	Branched-chain amino acid transport protein	AG-919-F03_01124	0
CACMOQ010000017.1	2536	3450	+	AG-919-F03_01125	AG-919-F03	304	OG0001090	K15737	glutarate dioxygenase [EC:1.14.11.64]	NA	NA	NA	AG-919-F03_01124	1
CACMOQ010000017.1	3477	4244	+	AG-919-F03_01126	AG-919-F03	255	OG0000676	NA	NA	COG0345	ProC	Pyrroline-5-carboxylate reductase	AG-919-F03_01124	2
CACMOQ010000017.1	4248	5033	+	AG-919-F03_01127	AG-919-F03	261	OG0000143	K01995	branched-chain amino acid transport system ATP-binding protein	COG0411	LivG	ABC-type branched-chain amino acid transport system, ATPase component LivG	AG-919-F03_01124	3
CACMOQ010000017.1	5036	5743	+	AG-919-F03_01128	AG-919-F03	235	OG0000065	K01996	branched-chain amino acid transport system ATP-binding protein	COG0410	LivF	ABC-type branched-chain amino acid transport system, ATPase component LivF	AG-919-F03_01124	4
CACMOQ010000017.1	5745	6755	+	AG-919-F03_01129	AG-919-F03	336	OG0000021	K01997	branched-chain amino acid transport system permease protein	COG0559	LivH	Branched-chain amino acid ABC-type transport system, permease component	AG-919-F03_01124	5
CACMQA010000001.1	1255	2382	+	AG-919-F21_00003	AG-919-F21	375	OG0001409	NA	NA	COG0412	DLH	Dienelactone hydrolase	AG-919-F21_00008	-5
CACMQA010000001.1	2382	3440	+	AG-919-F21_00004	AG-919-F21	352	OG0001109	NA	NA	COG4177	LivM	ABC-type branched-chain amino acid transport system, permease component	AG-919-F21_00008	-4
CACMQA010000001.1	3437	4171	+	AG-919-F21_00005	AG-919-F21	244	OG0000928	K01995	branched-chain amino acid transport system ATP-binding protein	COG0411	LivG	ABC-type branched-chain amino acid transport system, ATPase component LivG	AG-919-F21_00008	-3
CACMQA010000001.1	4171	4956	+	AG-919-F21_00006	AG-919-F21	261	OG0001077	NA	NA	COG0410	LivF	ABC-type branched-chain amino acid transport system, ATPase component LivF	AG-919-F21_00008	-2
CACMQA010000001.1	4953	5657	+	AG-919-F21_00007	AG-919-F21	234	OG0001073	NA	NA	COG1296	AzlC	Predicted branched-chain amino acid permease (azaleucine resistance)	AG-919-F21_00008	-1
CACMQA010000001.1	5647	5973	+	AG-919-F21_00008	AG-919-F21	108	OG0001083	NA	NA	COG4392	AzlD2	Branched-chain amino acid transport protein	AG-919-F21_00008	0
CACMQA010000001.1	6056	6952	+	AG-919-F21_00009	AG-919-F21	298	OG0001090	K15737	glutarate dioxygenase [EC:1.14.11.64]	NA	NA	NA	AG-919-F21_00008	1
CACMQA010000001.1	7044	8024	+	AG-919-F21_00010	AG-919-F21	326	OG0001110	K07795	putative tricarboxylic transport membrane protein	COG3181	TctC	Tripartite-type tricarboxylate transporter, extracytoplasmic receptor component TctC	AG-919-F21_00008	2
CACMQA010000001.1	8048	8518	+	AG-919-F21_00011	AG-919-F21	156	OG0001140	K07794	putative tricarboxylic transport membrane protein	NA	NA	NA	AG-919-F21_00008	3
CACMQA010000001.1	8515	10017	+	AG-919-F21_00012	AG-919-F21	500	OG0000068	K07793	putative tricarboxylic transport membrane protein	COG3333	NA	TctA family transporter	AG-919-F21_00008	4
CACMQA010000001.1	10012	10398	-	AG-919-F21_00013	AG-919-F21	128	OG0001278	K15977	putative oxidoreductase	COG2259	DoxX	Uncharacterized membrane protein YphA, DoxX/SURF4 family	AG-919-F21_00008	5
CACMRM010000005.1	6825	7718	+	AG-919-I13_00772	AG-919-I13	297	OG0001134	K01997	branched-chain amino acid transport system permease protein	COG0559	LivH	Branched-chain amino acid ABC-type transport system, permease component	AG-919-I13_00777	-5
CACMRM010000005.1	7719	8783	+	AG-919-I13_00773	AG-919-I13	354	OG0001109	NA	NA	COG4177	LivM	ABC-type branched-chain amino acid transport system, permease component	AG-919-I13_00777	-4
CACMRM010000005.1	8780	9514	+	AG-919-I13_00774	AG-919-I13	244	OG0000928	K01995	branched-chain amino acid transport system ATP-binding protein	COG0411	LivG	ABC-type branched-chain amino acid transport system, ATPase component LivG	AG-919-I13_00777	-3
CACMRM010000005.1	9514	10299	+	AG-919-I13_00775	AG-919-I13	261	OG0001077	NA	NA	COG0410	LivF	ABC-type branched-chain amino acid transport system, ATPase component LivF	AG-919-I13_00777	-2
CACMRM010000005.1	10296	11000	+	AG-919-I13_00776	AG-919-I13	234	OG0001073	NA	NA	COG1296	AzlC	Predicted branched-chain amino acid permease (azaleucine resistance)	AG-919-I13_00777	-1
CACMRM010000005.1	10990	11316	+	AG-919-I13_00777	AG-919-I13	108	OG0001083	NA	NA	COG4392	AzlD2	Branched-chain amino acid transport protein	AG-919-I13_00777	0
CACMRM010000005.1	11352	12221	+	AG-919-I13_00778	AG-919-I13	289	OG0001274	NA	NA	NA	NA	NA	AG-919-I13_00777	1
CACMRM010000005.1	12222	12989	+	AG-919-I13_00779	AG-919-I13	255	OG0001387	NA	NA	NA	NA	NA	AG-919-I13_00777	2
CACMRM010000005.1	13086	13982	+	AG-919-I13_00780	AG-919-I13	298	OG0001090	K15737	glutarate dioxygenase [EC:1.14.11.64]	NA	NA	NA	AG-919-I13_00777	3
CACMRM010000005.1	14049	15041	+	AG-919-I13_00781	AG-919-I13	330	OG0001110	K07795	putative tricarboxylic transport membrane protein	COG3181	TctC	Tripartite-type tricarboxylate transporter, extracytoplasmic receptor component TctC	AG-919-I13_00777	4
CACMRM010000005.1	15059	15529	+	AG-919-I13_00782	AG-919-I13	156	OG0001140	K07794	putative tricarboxylic transport membrane protein	NA	NA	NA	AG-919-I13_00777	5
CACMTZ010000004.1	93204	94097	+	AG-919-L02_00798	AG-919-L02	297	OG0001225	K01997	branched-chain amino acid transport system permease protein	COG0559	LivH	Branched-chain amino acid ABC-type transport system, permease component	AG-919-L02_00803	-5
CACMTZ010000004.1	94097	95146	+	AG-919-L02_00799	AG-919-L02	349	OG0001109	NA	NA	COG4177	LivM	ABC-type branched-chain amino acid transport system, permease component	AG-919-L02_00803	-4
CACMTZ010000004.1	95143	95883	+	AG-919-L02_00800	AG-919-L02	246	OG0000928	K01995	branched-chain amino acid transport system ATP-binding protein	COG0411	LivG	ABC-type branched-chain amino acid transport system, ATPase component LivG	AG-919-L02_00803	-3
CACMTZ010000004.1	95883	96668	+	AG-919-L02_00801	AG-919-L02	261	OG0001077	NA	NA	COG0410	LivF	ABC-type branched-chain amino acid transport system, ATPase component LivF	AG-919-L02_00803	-2
CACMTZ010000004.1	96668	97372	+	AG-919-L02_00802	AG-919-L02	234	OG0001073	NA	NA	COG1296	AzlC	Predicted branched-chain amino acid permease (azaleucine resistance)	AG-919-L02_00803	-1
CACMTZ010000004.1	97362	97685	+	AG-919-L02_00803	AG-919-L02	107	OG0001083	NA	NA	COG4392	AzlD2	Branched-chain amino acid transport protein	AG-919-L02_00803	0
CACMTZ010000004.1	97682	98596	+	AG-919-L02_00804	AG-919-L02	304	OG0001090	K15737	glutarate dioxygenase [EC:1.14.11.64]	NA	NA	NA	AG-919-L02_00803	1
CACMTZ010000004.1	98623	99390	+	AG-919-L02_00805	AG-919-L02	255	OG0000676	NA	NA	COG0345	ProC	Pyrroline-5-carboxylate reductase	AG-919-L02_00803	2
CACMTZ010000004.1	99394	100179	+	AG-919-L02_00806	AG-919-L02	261	OG0000143	K01995	branched-chain amino acid transport system ATP-binding protein	COG0411	LivG	ABC-type branched-chain amino acid transport system, ATPase component LivG	AG-919-L02_00803	3
CACMTZ010000004.1	100182	100889	+	AG-919-L02_00807	AG-919-L02	235	OG0000065	K01996	branched-chain amino acid transport system ATP-binding protein	COG0410	LivF	ABC-type branched-chain amino acid transport system, ATPase component LivF	AG-919-L02_00803	4
CACMTZ010000004.1	100891	101901	+	AG-919-L02_00808	AG-919-L02	336	OG0000021	K01997	branched-chain amino acid transport system permease protein	COG0559	LivH	Branched-chain amino acid ABC-type transport system, permease component	AG-919-L02_00803	5
CACNCB010000010.1	10188	10370	+	AG-920-D05_01069	AG-920-D05	60	OG0001356	NA	NA	NA	NA	NA	AG-920-D05_01074	-5
CACNCB010000010.1	10357	11409	+	AG-920-D05_01070	AG-920-D05	350	OG0001109	NA	NA	COG4177	LivM	ABC-type branched-chain amino acid transport system, permease component	AG-920-D05_01074	-4
CACNCB010000010.1	11406	12146	+	AG-920-D05_01071	AG-920-D05	246	OG0000928	K01995	branched-chain amino acid transport system ATP-binding protein	COG0411	LivG	ABC-type branched-chain amino acid transport system, ATPase component LivG	AG-920-D05_01074	-3
CACNCB010000010.1	12146	12931	+	AG-920-D05_01072	AG-920-D05	261	OG0001077	NA	NA	COG0410	LivF	ABC-type branched-chain amino acid transport system, ATPase component LivF	AG-920-D05_01074	-2
CACNCB010000010.1	12931	13635	+	AG-920-D05_01073	AG-920-D05	234	OG0001073	NA	NA	COG1296	AzlC	Predicted branched-chain amino acid permease (azaleucine resistance)	AG-920-D05_01074	-1
CACNCB010000010.1	13625	13948	+	AG-920-D05_01074	AG-920-D05	107	OG0001083	NA	NA	COG4392	AzlD2	Branched-chain amino acid transport protein	AG-920-D05_01074	0
CACNCB010000010.1	13987	14907	+	AG-920-D05_01075	AG-920-D05	306	OG0001090	K15737	glutarate dioxygenase [EC:1.14.11.64]	NA	NA	NA	AG-920-D05_01074	1
CACNCB010000010.1	15057	15731	+	AG-920-D05_01076	AG-920-D05	224	OG0001361	NA	NA	NA	NA	NA	AG-920-D05_01074	2
CACNCB010000010.1	15836	16603	+	AG-920-D05_01077	AG-920-D05	255	OG0000676	NA	NA	COG0345	ProC	Pyrroline-5-carboxylate reductase	AG-920-D05_01074	3
CACNCB010000010.1	16609	17397	+	AG-920-D05_01078	AG-920-D05	262	OG0000143	K01995	branched-chain amino acid transport system ATP-binding protein	COG0411	LivG	ABC-type branched-chain amino acid transport system, ATPase component LivG	AG-920-D05_01074	4
CACNCB010000010.1	17397	18104	+	AG-920-D05_01079	AG-920-D05	235	OG0000065	K01996	branched-chain amino acid transport system ATP-binding protein	COG0410	LivF	ABC-type branched-chain amino acid transport system, ATPase component LivF	AG-920-D05_01074	5
CACNGH010000005.1	8896	9789	+	AG-920-J04_00583	AG-920-J04	297	OG0001225	K01997	branched-chain amino acid transport system permease protein	COG0559	LivH	Branched-chain amino acid ABC-type transport system, permease component	AG-920-J04_00588	-5
CACNGH010000005.1	9786	10844	+	AG-920-J04_00584	AG-920-J04	352	OG0001109	NA	NA	COG4177	LivM	ABC-type branched-chain amino acid transport system, permease component	AG-920-J04_00588	-4
CACNGH010000005.1	10841	11581	+	AG-920-J04_00585	AG-920-J04	246	OG0000928	K01995	branched-chain amino acid transport system ATP-binding protein	COG0411	LivG	ABC-type branched-chain amino acid transport system, ATPase component LivG	AG-920-J04_00588	-3
CACNGH010000005.1	11581	12366	+	AG-920-J04_00586	AG-920-J04	261	OG0001077	NA	NA	COG0410	LivF	ABC-type branched-chain amino acid transport system, ATPase component LivF	AG-920-J04_00588	-2
CACNGH010000005.1	12366	13070	+	AG-920-J04_00587	AG-920-J04	234	OG0001073	NA	NA	COG1296	AzlC	Predicted branched-chain amino acid permease (azaleucine resistance)	AG-920-J04_00588	-1
CACNGH010000005.1	13060	13383	+	AG-920-J04_00588	AG-920-J04	107	OG0001083	NA	NA	COG4392	AzlD2	Branched-chain amino acid transport protein	AG-920-J04_00588	0
CACNGH010000005.1	13424	14335	+	AG-920-J04_00589	AG-920-J04	303	OG0001090	K15737	glutarate dioxygenase [EC:1.14.11.64]	NA	NA	NA	AG-920-J04_00588	1
CACNGH010000005.1	14370	15137	+	AG-920-J04_00590	AG-920-J04	255	OG0000676	NA	NA	COG0345	ProC	Pyrroline-5-carboxylate reductase	AG-920-J04_00588	2
CACNGH010000005.1	15143	15931	+	AG-920-J04_00591	AG-920-J04	262	OG0000143	K01995	branched-chain amino acid transport system ATP-binding protein	COG0411	LivG	ABC-type branched-chain amino acid transport system, ATPase component LivG	AG-920-J04_00588	3
CACNGH010000005.1	15931	16638	+	AG-920-J04_00592	AG-920-J04	235	OG0000065	K01996	branched-chain amino acid transport system ATP-binding protein	COG0410	LivF	ABC-type branched-chain amino acid transport system, ATPase component LivF	AG-920-J04_00588	4
CACNGH010000005.1	16640	17650	+	AG-920-J04_00593	AG-920-J04	336	OG0000021	K01997	branched-chain amino acid transport system permease protein	COG0559	LivH	Branched-chain amino acid ABC-type transport system, permease component	AG-920-J04_00588	5
CACNIK010000002.1	206250	207143	+	AG-920-L07_00540	AG-920-L07	297	OG0001134	K01997	branched-chain amino acid transport system permease protein	COG0559	LivH	Branched-chain amino acid ABC-type transport system, permease component	AG-920-L07_00545	-5
CACNIK010000002.1	207144	208208	+	AG-920-L07_00541	AG-920-L07	354	OG0001109	NA	NA	COG4177	LivM	ABC-type branched-chain amino acid transport system, permease component	AG-920-L07_00545	-4
CACNIK010000002.1	208205	208939	+	AG-920-L07_00542	AG-920-L07	244	OG0000928	K01995	branched-chain amino acid transport system ATP-binding protein	COG0411	LivG	ABC-type branched-chain amino acid transport system, ATPase component LivG	AG-920-L07_00545	-3
CACNIK010000002.1	208939	209724	+	AG-920-L07_00543	AG-920-L07	261	OG0001077	NA	NA	COG0410	LivF	ABC-type branched-chain amino acid transport system, ATPase component LivF	AG-920-L07_00545	-2
CACNIK010000002.1	209721	210425	+	AG-920-L07_00544	AG-920-L07	234	OG0001073	NA	NA	COG1296	AzlC	Predicted branched-chain amino acid permease (azaleucine resistance)	AG-920-L07_00545	-1
CACNIK010000002.1	210415	210741	+	AG-920-L07_00545	AG-920-L07	108	OG0001083	NA	NA	COG4392	AzlD2	Branched-chain amino acid transport protein	AG-920-L07_00545	0
CACNIK010000002.1	210778	211647	+	AG-920-L07_00546	AG-920-L07	289	OG0001274	NA	NA	NA	NA	NA	AG-920-L07_00545	1
CACNIK010000002.1	211648	212415	+	AG-920-L07_00547	AG-920-L07	255	OG0001387	NA	NA	NA	NA	NA	AG-920-L07_00545	2
CACNIK010000002.1	212513	213409	+	AG-920-L07_00548	AG-920-L07	298	OG0001090	K15737	glutarate dioxygenase [EC:1.14.11.64]	NA	NA	NA	AG-920-L07_00545	3
CACNIK010000002.1	213574	214224	+	AG-920-L07_00549	AG-920-L07	216	OG0001361	NA	NA	COG3637	LomR	Opacity protein LomR and related surface antigens	AG-920-L07_00545	4
CACNIK010000002.1	214362	215342	+	AG-920-L07_00550	AG-920-L07	326	OG0001110	K07795	putative tricarboxylic transport membrane protein	COG3181	TctC	Tripartite-type tricarboxylate transporter, extracytoplasmic receptor component TctC	AG-920-L07_00545	5
CACNIV010000002.1	173004	173711	-	AG-920-L20_00418	AG-920-L20	235	OG0000065	K01996	branched-chain amino acid transport system ATP-binding protein	COG0410	LivF	ABC-type branched-chain amino acid transport system, ATPase component LivF	AG-920-L20_00423	-5
CACNIV010000002.1	173711	174499	-	AG-920-L20_00419	AG-920-L20	262	OG0000143	K01995	branched-chain amino acid transport system ATP-binding protein	COG0411	LivG	ABC-type branched-chain amino acid transport system, ATPase component LivG	AG-920-L20_00423	-4
CACNIV010000002.1	174501	175274	-	AG-920-L20_00420	AG-920-L20	257	OG0000676	NA	NA	COG0345	ProC	Pyrroline-5-carboxylate reductase	AG-920-L20_00423	-3
CACNIV010000002.1	175308	176228	-	AG-920-L20_00421	AG-920-L20	306	OG0001090	K15737	glutarate dioxygenase [EC:1.14.11.64]	NA	NA	NA	AG-920-L20_00423	-2
CACNIV010000002.1	176234	176740	-	AG-920-L20_00422	AG-920-L20	168	OG0001207	NA	NA	COG1357	DotG	Type IVB secretion/DNA transfer system protein DotG/IcmE, contains pentapeptide repeats	AG-920-L20_00423	-1
CACNIV010000002.1	176741	177067	-	AG-920-L20_00423	AG-920-L20	108	OG0001083	NA	NA	COG4392	AzlD2	Branched-chain amino acid transport protein	AG-920-L20_00423	0
CACNIV010000002.1	177057	177761	-	AG-920-L20_00424	AG-920-L20	234	OG0001073	NA	NA	COG1296	AzlC	Predicted branched-chain amino acid permease (azaleucine resistance)	AG-920-L20_00423	1
CACNIV010000002.1	177758	178543	-	AG-920-L20_00425	AG-920-L20	261	OG0001077	NA	NA	COG0410	LivF	ABC-type branched-chain amino acid transport system, ATPase component LivF	AG-920-L20_00423	2
CACNIV010000002.1	178543	179283	-	AG-920-L20_00426	AG-920-L20	246	OG0000928	K01995	branched-chain amino acid transport system ATP-binding protein	COG0411	LivG	ABC-type branched-chain amino acid transport system, ATPase component LivG	AG-920-L20_00423	3
CACNIV010000002.1	179280	180332	-	AG-920-L20_00427	AG-920-L20	350	OG0001109	NA	NA	COG4177	LivM	ABC-type branched-chain amino acid transport system, permease component	AG-920-L20_00423	4
CACNIV010000002.1	180319	180501	-	AG-920-L20_00428	AG-920-L20	60	OG0001356	NA	NA	NA	NA	NA	AG-920-L20_00423	5
CACNSD010000010.1	31779	31961	+	AH-287-B07_01041	AH-287-B07	60	OG0001356	NA	NA	NA	NA	NA	AH-287-B07_01046	-5
CACNSD010000010.1	31948	33000	+	AH-287-B07_01042	AH-287-B07	350	OG0001109	NA	NA	COG4177	LivM	ABC-type branched-chain amino acid transport system, permease component	AH-287-B07_01046	-4
CACNSD010000010.1	32997	33737	+	AH-287-B07_01043	AH-287-B07	246	OG0000928	K01995	branched-chain amino acid transport system ATP-binding protein	COG0411	LivG	ABC-type branched-chain amino acid transport system, ATPase component LivG	AH-287-B07_01046	-3
CACNSD010000010.1	33737	34522	+	AH-287-B07_01044	AH-287-B07	261	OG0001077	NA	NA	COG0410	LivF	ABC-type branched-chain amino acid transport system, ATPase component LivF	AH-287-B07_01046	-2
CACNSD010000010.1	34522	35226	+	AH-287-B07_01045	AH-287-B07	234	OG0001073	NA	NA	COG1296	AzlC	Predicted branched-chain amino acid permease (azaleucine resistance)	AH-287-B07_01046	-1
CACNSD010000010.1	35216	35539	+	AH-287-B07_01046	AH-287-B07	107	OG0001083	NA	NA	COG4392	AzlD2	Branched-chain amino acid transport protein	AH-287-B07_01046	0
CACNSD010000010.1	35580	36491	+	AH-287-B07_01047	AH-287-B07	303	OG0001090	K15737	glutarate dioxygenase [EC:1.14.11.64]	NA	NA	NA	AH-287-B07_01046	1
CACNSD010000010.1	36524	37291	+	AH-287-B07_01048	AH-287-B07	255	OG0000676	NA	NA	COG0345	ProC	Pyrroline-5-carboxylate reductase	AH-287-B07_01046	2
CACNSD010000010.1	37297	38085	+	AH-287-B07_01049	AH-287-B07	262	OG0000143	K01995	branched-chain amino acid transport system ATP-binding protein	COG0411	LivG	ABC-type branched-chain amino acid transport system, ATPase component LivG	AH-287-B07_01046	3
CACNSD010000010.1	38085	38792	+	AH-287-B07_01050	AH-287-B07	235	OG0000065	K01996	branched-chain amino acid transport system ATP-binding protein	COG0410	LivF	ABC-type branched-chain amino acid transport system, ATPase component LivF	AH-287-B07_01046	4
CACNSD010000010.1	38792	39802	+	AH-287-B07_01051	AH-287-B07	336	OG0000021	K01997	branched-chain amino acid transport system permease protein	COG0559	LivH	Branched-chain amino acid ABC-type transport system, permease component	AH-287-B07_01046	5
CACNWL010000001.1	80038	80220	+	AH-287-E17_00090	AH-287-E17	60	OG0001356	NA	NA	NA	NA	NA	AH-287-E17_00095	-5
CACNWL010000001.1	80207	81259	+	AH-287-E17_00091	AH-287-E17	350	OG0001109	NA	NA	COG4177	LivM	ABC-type branched-chain amino acid transport system, permease component	AH-287-E17_00095	-4
CACNWL010000001.1	81256	81996	+	AH-287-E17_00092	AH-287-E17	246	OG0000928	K01995	branched-chain amino acid transport system ATP-binding protein	COG0411	LivG	ABC-type branched-chain amino acid transport system, ATPase component LivG	AH-287-E17_00095	-3
CACNWL010000001.1	81996	82781	+	AH-287-E17_00093	AH-287-E17	261	OG0001077	NA	NA	COG0410	LivF	ABC-type branched-chain amino acid transport system, ATPase component LivF	AH-287-E17_00095	-2
CACNWL010000001.1	82781	83485	+	AH-287-E17_00094	AH-287-E17	234	OG0001073	NA	NA	COG1296	AzlC	Predicted branched-chain amino acid permease (azaleucine resistance)	AH-287-E17_00095	-1
CACNWL010000001.1	83475	83798	+	AH-287-E17_00095	AH-287-E17	107	OG0001083	NA	NA	COG4392	AzlD2	Branched-chain amino acid transport protein	AH-287-E17_00095	0
CACNWL010000001.1	83839	84750	+	AH-287-E17_00096	AH-287-E17	303	OG0001090	K15737	glutarate dioxygenase [EC:1.14.11.64]	NA	NA	NA	AH-287-E17_00095	1
CACNWL010000001.1	84783	85550	+	AH-287-E17_00097	AH-287-E17	255	OG0000676	NA	NA	COG0345	ProC	Pyrroline-5-carboxylate reductase	AH-287-E17_00095	2
CACNWL010000001.1	85556	86344	+	AH-287-E17_00098	AH-287-E17	262	OG0000143	K01995	branched-chain amino acid transport system ATP-binding protein	COG0411	LivG	ABC-type branched-chain amino acid transport system, ATPase component LivG	AH-287-E17_00095	3
CACNWL010000001.1	86344	87051	+	AH-287-E17_00099	AH-287-E17	235	OG0000065	K01996	branched-chain amino acid transport system ATP-binding protein	COG0410	LivF	ABC-type branched-chain amino acid transport system, ATPase component LivF	AH-287-E17_00095	4
CACNWL010000001.1	87051	88061	+	AH-287-E17_00100	AH-287-E17	336	OG0000021	K01997	branched-chain amino acid transport system permease protein	COG0559	LivH	Branched-chain amino acid ABC-type transport system, permease component	AH-287-E17_00095	5
CACNWV010000005.1	32091	32744	-	AH-287-E19_00465	AH-287-E19	217	OG0001361	NA	NA	NA	NA	NA	AH-287-E19_00470	-5
CACNWV010000005.1	32887	34389	-	AH-287-E19_00466	AH-287-E19	500	OG0000068	K07793	putative tricarboxylic transport membrane protein	COG3333	NA	TctA family transporter	AH-287-E19_00470	-4
CACNWV010000005.1	34386	34856	-	AH-287-E19_00467	AH-287-E19	156	OG0001140	K07794	putative tricarboxylic transport membrane protein	NA	NA	NA	AH-287-E19_00470	-3
CACNWV010000005.1	34875	35867	-	AH-287-E19_00468	AH-287-E19	330	OG0001110	K07795	putative tricarboxylic transport membrane protein	COG3181	TctC	Tripartite-type tricarboxylate transporter, extracytoplasmic receptor component TctC	AH-287-E19_00470	-2
CACNWV010000005.1	35940	36836	-	AH-287-E19_00469	AH-287-E19	298	OG0001090	K15737	glutarate dioxygenase [EC:1.14.11.64]	NA	NA	NA	AH-287-E19_00470	-1
CACNWV010000005.1	36917	37243	-	AH-287-E19_00470	AH-287-E19	108	OG0001083	NA	NA	COG4392	AzlD2	Branched-chain amino acid transport protein	AH-287-E19_00470	0
CACNWV010000005.1	37233	37937	-	AH-287-E19_00471	AH-287-E19	234	OG0001073	NA	NA	COG1296	AzlC	Predicted branched-chain amino acid permease (azaleucine resistance)	AH-287-E19_00470	1
CACNWV010000005.1	37934	38719	-	AH-287-E19_00472	AH-287-E19	261	OG0001077	NA	NA	COG0410	LivF	ABC-type branched-chain amino acid transport system, ATPase component LivF	AH-287-E19_00470	2
CACNWV010000005.1	38719	39453	-	AH-287-E19_00473	AH-287-E19	244	OG0000928	K01995	branched-chain amino acid transport system ATP-binding protein	COG0411	LivG	ABC-type branched-chain amino acid transport system, ATPase component LivG	AH-287-E19_00470	3
CACNWV010000005.1	39450	40505	-	AH-287-E19_00474	AH-287-E19	351	OG0001109	NA	NA	COG4177	LivM	ABC-type branched-chain amino acid transport system, permease component	AH-287-E19_00470	4
CACNWV010000005.1	40508	41377	-	AH-287-E19_00475	AH-287-E19	289	OG0001362	NA	NA	NA	NA	NA	AH-287-E19_00470	5
CACNXC010000002.1	7271	8164	+	AH-287-G05_00211	AH-287-G05	297	OG0001225	K01997	branched-chain amino acid transport system permease protein	COG0559	LivH	Branched-chain amino acid ABC-type transport system, permease component	AH-287-G05_00216	-5
CACNXC010000002.1	8161	9210	+	AH-287-G05_00212	AH-287-G05	349	OG0001109	NA	NA	COG4177	LivM	ABC-type branched-chain amino acid transport system, permease component	AH-287-G05_00216	-4
CACNXC010000002.1	9207	9947	+	AH-287-G05_00213	AH-287-G05	246	OG0000928	K01995	branched-chain amino acid transport system ATP-binding protein	COG0411	LivG	ABC-type branched-chain amino acid transport system, ATPase component LivG	AH-287-G05_00216	-3
CACNXC010000002.1	9947	10732	+	AH-287-G05_00214	AH-287-G05	261	OG0001077	NA	NA	COG0410	LivF	ABC-type branched-chain amino acid transport system, ATPase component LivF	AH-287-G05_00216	-2
CACNXC010000002.1	10733	11437	+	AH-287-G05_00215	AH-287-G05	234	OG0001073	NA	NA	COG1296	AzlC	Predicted branched-chain amino acid permease (azaleucine resistance)	AH-287-G05_00216	-1
CACNXC010000002.1	11427	11750	+	AH-287-G05_00216	AH-287-G05	107	OG0001083	NA	NA	COG4392	AzlD2	Branched-chain amino acid transport protein	AH-287-G05_00216	0
CACNXC010000002.1	11795	12706	+	AH-287-G05_00217	AH-287-G05	303	OG0001090	K15737	glutarate dioxygenase [EC:1.14.11.64]	NA	NA	NA	AH-287-G05_00216	1
CACNXC010000002.1	12741	13508	+	AH-287-G05_00218	AH-287-G05	255	OG0000676	NA	NA	COG0345	ProC	Pyrroline-5-carboxylate reductase	AH-287-G05_00216	2
CACNXC010000002.1	13512	14297	+	AH-287-G05_00219	AH-287-G05	261	OG0000143	K01995	branched-chain amino acid transport system ATP-binding protein	COG0411	LivG	ABC-type branched-chain amino acid transport system, ATPase component LivG	AH-287-G05_00216	3
CACNXC010000002.1	14300	15007	+	AH-287-G05_00220	AH-287-G05	235	OG0000065	K01996	branched-chain amino acid transport system ATP-binding protein	COG0410	LivF	ABC-type branched-chain amino acid transport system, ATPase component LivF	AH-287-G05_00216	4
CACNXC010000002.1	15009	16019	+	AH-287-G05_00221	AH-287-G05	336	OG0000021	K01997	branched-chain amino acid transport system permease protein	COG0559	LivH	Branched-chain amino acid ABC-type transport system, permease component	AH-287-G05_00216	5
CACOEF010000002.1	43328	44338	-	AH-321-A17_00326	AH-321-A17	336	OG0000021	K01997	branched-chain amino acid transport system permease protein	COG0559	LivH	Branched-chain amino acid ABC-type transport system, permease component	AH-321-A17_00331	-5
CACOEF010000002.1	44338	45045	-	AH-321-A17_00327	AH-321-A17	235	OG0000065	K01996	branched-chain amino acid transport system ATP-binding protein	COG0410	LivF	ABC-type branched-chain amino acid transport system, ATPase component LivF	AH-321-A17_00331	-4
CACOEF010000002.1	45045	45833	-	AH-321-A17_00328	AH-321-A17	262	OG0000143	K01995	branched-chain amino acid transport system ATP-binding protein	COG0411	LivG	ABC-type branched-chain amino acid transport system, ATPase component LivG	AH-321-A17_00331	-3
CACOEF010000002.1	45839	46606	-	AH-321-A17_00329	AH-321-A17	255	OG0000676	NA	NA	COG0345	ProC	Pyrroline-5-carboxylate reductase	AH-321-A17_00331	-2
CACOEF010000002.1	46639	47550	-	AH-321-A17_00330	AH-321-A17	303	OG0001090	K15737	glutarate dioxygenase [EC:1.14.11.64]	NA	NA	NA	AH-321-A17_00331	-1
CACOEF010000002.1	47591	47914	-	AH-321-A17_00331	AH-321-A17	107	OG0001083	NA	NA	COG4392	AzlD2	Branched-chain amino acid transport protein	AH-321-A17_00331	0
CACOEF010000002.1	47904	48608	-	AH-321-A17_00332	AH-321-A17	234	OG0001073	NA	NA	COG1296	AzlC	Predicted branched-chain amino acid permease (azaleucine resistance)	AH-321-A17_00331	1
CACOEF010000002.1	48608	49393	-	AH-321-A17_00333	AH-321-A17	261	OG0001077	NA	NA	COG0410	LivF	ABC-type branched-chain amino acid transport system, ATPase component LivF	AH-321-A17_00331	2
CACOEF010000002.1	49393	50133	-	AH-321-A17_00334	AH-321-A17	246	OG0000928	K01995	branched-chain amino acid transport system ATP-binding protein	COG0411	LivG	ABC-type branched-chain amino acid transport system, ATPase component LivG	AH-321-A17_00331	3
CACOEF010000002.1	50130	51182	-	AH-321-A17_00335	AH-321-A17	350	OG0001109	NA	NA	COG4177	LivM	ABC-type branched-chain amino acid transport system, permease component	AH-321-A17_00331	4
CACOEF010000002.1	51169	51351	-	AH-321-A17_00336	AH-321-A17	60	OG0001356	NA	NA	NA	NA	NA	AH-321-A17_00331	5
CACOGC010000010.1	27136	28146	-	AH-321-D17_01040	AH-321-D17	336	OG0000021	K01997	branched-chain amino acid transport system permease protein	COG0559	LivH	Branched-chain amino acid ABC-type transport system, permease component	AH-321-D17_01045	-5
CACOGC010000010.1	28148	28855	-	AH-321-D17_01041	AH-321-D17	235	OG0000065	K01996	branched-chain amino acid transport system ATP-binding protein	COG0410	LivF	ABC-type branched-chain amino acid transport system, ATPase component LivF	AH-321-D17_01045	-4
CACOGC010000010.1	28857	29642	-	AH-321-D17_01042	AH-321-D17	261	OG0000143	K01995	branched-chain amino acid transport system ATP-binding protein	COG0411	LivG	ABC-type branched-chain amino acid transport system, ATPase component LivG	AH-321-D17_01045	-3
CACOGC010000010.1	29646	30413	-	AH-321-D17_01043	AH-321-D17	255	OG0000676	NA	NA	COG0345	ProC	Pyrroline-5-carboxylate reductase	AH-321-D17_01045	-2
CACOGC010000010.1	30448	31359	-	AH-321-D17_01044	AH-321-D17	303	OG0001090	K15737	glutarate dioxygenase [EC:1.14.11.64]	NA	NA	NA	AH-321-D17_01045	-1
CACOGC010000010.1	31404	31727	-	AH-321-D17_01045	AH-321-D17	107	OG0001083	NA	NA	COG4392	AzlD2	Branched-chain amino acid transport protein	AH-321-D17_01045	0
CACOGC010000010.1	31717	32421	-	AH-321-D17_01046	AH-321-D17	234	OG0001073	NA	NA	COG1296	AzlC	Predicted branched-chain amino acid permease (azaleucine resistance)	AH-321-D17_01045	1
CACOGC010000010.1	32422	33207	-	AH-321-D17_01047	AH-321-D17	261	OG0001077	NA	NA	COG0410	LivF	ABC-type branched-chain amino acid transport system, ATPase component LivF	AH-321-D17_01045	2
CACOGC010000010.1	33207	33947	-	AH-321-D17_01048	AH-321-D17	246	OG0000928	K01995	branched-chain amino acid transport system ATP-binding protein	COG0411	LivG	ABC-type branched-chain amino acid transport system, ATPase component LivG	AH-321-D17_01045	3
CACOGC010000010.1	33944	34993	-	AH-321-D17_01049	AH-321-D17	349	OG0001109	NA	NA	COG4177	LivM	ABC-type branched-chain amino acid transport system, permease component	AH-321-D17_01045	4
CACOGC010000010.1	34990	35883	-	AH-321-D17_01050	AH-321-D17	297	OG0001225	K01997	branched-chain amino acid transport system permease protein	COG0559	LivH	Branched-chain amino acid ABC-type transport system, permease component	AH-321-D17_01045	5
CACOKN010000001.1	189667	190677	-	AH-321-M13_00203	AH-321-M13	336	OG0000021	K01997	branched-chain amino acid transport system permease protein	COG0559	LivH	Branched-chain amino acid ABC-type transport system, permease component	AH-321-M13_00208	-5
CACOKN010000001.1	190679	191386	-	AH-321-M13_00204	AH-321-M13	235	OG0000065	K01996	branched-chain amino acid transport system ATP-binding protein	COG0410	LivF	ABC-type branched-chain amino acid transport system, ATPase component LivF	AH-321-M13_00208	-4
CACOKN010000001.1	191388	192173	-	AH-321-M13_00205	AH-321-M13	261	OG0000143	K01995	branched-chain amino acid transport system ATP-binding protein	COG0411	LivG	ABC-type branched-chain amino acid transport system, ATPase component LivG	AH-321-M13_00208	-3
CACOKN010000001.1	192177	192944	-	AH-321-M13_00206	AH-321-M13	255	OG0000676	NA	NA	COG0345	ProC	Pyrroline-5-carboxylate reductase	AH-321-M13_00208	-2
CACOKN010000001.1	192979	193890	-	AH-321-M13_00207	AH-321-M13	303	OG0001090	K15737	glutarate dioxygenase [EC:1.14.11.64]	NA	NA	NA	AH-321-M13_00208	-1
CACOKN010000001.1	193935	194258	-	AH-321-M13_00208	AH-321-M13	107	OG0001083	NA	NA	COG4392	AzlD2	Branched-chain amino acid transport protein	AH-321-M13_00208	0
CACOKN010000001.1	194248	194952	-	AH-321-M13_00209	AH-321-M13	234	OG0001073	NA	NA	COG1296	AzlC	Predicted branched-chain amino acid permease (azaleucine resistance)	AH-321-M13_00208	1
CACOKN010000001.1	194953	195738	-	AH-321-M13_00210	AH-321-M13	261	OG0001077	NA	NA	COG0410	LivF	ABC-type branched-chain amino acid transport system, ATPase component LivF	AH-321-M13_00208	2
CACOKN010000001.1	195738	196478	-	AH-321-M13_00211	AH-321-M13	246	OG0000928	K01995	branched-chain amino acid transport system ATP-binding protein	COG0411	LivG	ABC-type branched-chain amino acid transport system, ATPase component LivG	AH-321-M13_00208	3
CACOKN010000001.1	196475	197524	-	AH-321-M13_00212	AH-321-M13	349	OG0001109	NA	NA	COG4177	LivM	ABC-type branched-chain amino acid transport system, permease component	AH-321-M13_00208	4
CACOKN010000001.1	197521	198414	-	AH-321-M13_00213	AH-321-M13	297	OG0001225	K01997	branched-chain amino acid transport system permease protein	COG0559	LivH	Branched-chain amino acid ABC-type transport system, permease component	AH-321-M13_00208	5
CACOQN010000001.1	52945	53955	-	AH-324-J07_00052	AH-324-J07	336	OG0000021	K01997	branched-chain amino acid transport system permease protein	COG0559	LivH	Branched-chain amino acid ABC-type transport system, permease component	AH-324-J07_00057	-5
CACOQN010000001.1	53955	54662	-	AH-324-J07_00053	AH-324-J07	235	OG0000065	K01996	branched-chain amino acid transport system ATP-binding protein	COG0410	LivF	ABC-type branched-chain amino acid transport system, ATPase component LivF	AH-324-J07_00057	-4
CACOQN010000001.1	54662	55450	-	AH-324-J07_00054	AH-324-J07	262	OG0000143	K01995	branched-chain amino acid transport system ATP-binding protein	COG0411	LivG	ABC-type branched-chain amino acid transport system, ATPase component LivG	AH-324-J07_00057	-3
CACOQN010000001.1	55456	56223	-	AH-324-J07_00055	AH-324-J07	255	OG0000676	NA	NA	COG0345	ProC	Pyrroline-5-carboxylate reductase	AH-324-J07_00057	-2
CACOQN010000001.1	56256	57167	-	AH-324-J07_00056	AH-324-J07	303	OG0001090	K15737	glutarate dioxygenase [EC:1.14.11.64]	NA	NA	NA	AH-324-J07_00057	-1
CACOQN010000001.1	57208	57531	-	AH-324-J07_00057	AH-324-J07	107	OG0001083	NA	NA	COG4392	AzlD2	Branched-chain amino acid transport protein	AH-324-J07_00057	0
CACOQN010000001.1	57521	58225	-	AH-324-J07_00058	AH-324-J07	234	OG0001073	NA	NA	COG1296	AzlC	Predicted branched-chain amino acid permease (azaleucine resistance)	AH-324-J07_00057	1
CACOQN010000001.1	58225	59010	-	AH-324-J07_00059	AH-324-J07	261	OG0001077	NA	NA	COG0410	LivF	ABC-type branched-chain amino acid transport system, ATPase component LivF	AH-324-J07_00057	2
CACOQN010000001.1	59010	59750	-	AH-324-J07_00060	AH-324-J07	246	OG0000928	K01995	branched-chain amino acid transport system ATP-binding protein	COG0411	LivG	ABC-type branched-chain amino acid transport system, ATPase component LivG	AH-324-J07_00057	3
CACOQN010000001.1	59747	60799	-	AH-324-J07_00061	AH-324-J07	350	OG0001109	NA	NA	COG4177	LivM	ABC-type branched-chain amino acid transport system, permease component	AH-324-J07_00057	4
CACOQN010000001.1	60786	60968	-	AH-324-J07_00062	AH-324-J07	60	OG0001356	NA	NA	NA	NA	NA	AH-324-J07_00057	5
CACORG010000009.1	8227	8934	-	AH-324-K09_00743	AH-324-K09	235	OG0000065	K01996	branched-chain amino acid transport system ATP-binding protein	COG0410	LivF	ABC-type branched-chain amino acid transport system, ATPase component LivF	AH-324-K09_00748	-5
CACORG010000009.1	8934	9722	-	AH-324-K09_00744	AH-324-K09	262	OG0000143	K01995	branched-chain amino acid transport system ATP-binding protein	COG0411	LivG	ABC-type branched-chain amino acid transport system, ATPase component LivG	AH-324-K09_00748	-4
CACORG010000009.1	9729	10496	-	AH-324-K09_00745	AH-324-K09	255	OG0000676	NA	NA	COG0345	ProC	Pyrroline-5-carboxylate reductase	AH-324-K09_00748	-3
CACORG010000009.1	10531	11454	-	AH-324-K09_00746	AH-324-K09	307	OG0001090	K15737	glutarate dioxygenase [EC:1.14.11.64]	NA	NA	NA	AH-324-K09_00748	-2
CACORG010000009.1	11461	11967	-	AH-324-K09_00747	AH-324-K09	168	OG0001207	NA	NA	COG1357	DotG	Type IVB secretion/DNA transfer system protein DotG/IcmE, contains pentapeptide repeats	AH-324-K09_00748	-1
CACORG010000009.1	11964	12290	-	AH-324-K09_00748	AH-324-K09	108	OG0001083	NA	NA	COG4392	AzlD2	Branched-chain amino acid transport protein	AH-324-K09_00748	0
CACORG010000009.1	12280	12984	-	AH-324-K09_00749	AH-324-K09	234	OG0001073	NA	NA	COG1296	AzlC	Predicted branched-chain amino acid permease (azaleucine resistance)	AH-324-K09_00748	1
CACORG010000009.1	12984	13769	-	AH-324-K09_00750	AH-324-K09	261	OG0001077	NA	NA	COG0410	LivF	ABC-type branched-chain amino acid transport system, ATPase component LivF	AH-324-K09_00748	2
CACORG010000009.1	13769	14509	-	AH-324-K09_00751	AH-324-K09	246	OG0000928	K01995	branched-chain amino acid transport system ATP-binding protein	COG0411	LivG	ABC-type branched-chain amino acid transport system, ATPase component LivG	AH-324-K09_00748	3
CACORG010000009.1	14506	15558	-	AH-324-K09_00752	AH-324-K09	350	OG0001109	NA	NA	COG4177	LivM	ABC-type branched-chain amino acid transport system, permease component	AH-324-K09_00748	4
CACORG010000009.1	15545	15727	-	AH-324-K09_00753	AH-324-K09	60	OG0001356	NA	NA	NA	NA	NA	AH-324-K09_00748	5
CACOSU010000003.1	81243	81950	-	AH-324-N03_00490	AH-324-N03	235	OG0000065	K01996	branched-chain amino acid transport system ATP-binding protein	COG0410	LivF	ABC-type branched-chain amino acid transport system, ATPase component LivF	AH-324-N03_00495	-5
CACOSU010000003.1	81950	82738	-	AH-324-N03_00491	AH-324-N03	262	OG0000143	K01995	branched-chain amino acid transport system ATP-binding protein	COG0411	LivG	ABC-type branched-chain amino acid transport system, ATPase component LivG	AH-324-N03_00495	-4
CACOSU010000003.1	82744	83511	-	AH-324-N03_00492	AH-324-N03	255	OG0000676	NA	NA	COG0345	ProC	Pyrroline-5-carboxylate reductase	AH-324-N03_00495	-3
CACOSU010000003.1	83586	84242	-	AH-324-N03_00493	AH-324-N03	218	OG0001361	NA	NA	COG3637	LomR	Opacity protein LomR and related surface antigens	AH-324-N03_00495	-2
CACOSU010000003.1	84447	85349	-	AH-324-N03_00494	AH-324-N03	300	OG0001090	K15737	glutarate dioxygenase [EC:1.14.11.64]	NA	NA	NA	AH-324-N03_00495	-1
CACOSU010000003.1	85390	85713	-	AH-324-N03_00495	AH-324-N03	107	OG0001083	NA	NA	COG4392	AzlD2	Branched-chain amino acid transport protein	AH-324-N03_00495	0
CACOSU010000003.1	85703	86407	-	AH-324-N03_00496	AH-324-N03	234	OG0001073	NA	NA	COG1296	AzlC	Predicted branched-chain amino acid permease (azaleucine resistance)	AH-324-N03_00495	1
CACOSU010000003.1	86407	87192	-	AH-324-N03_00497	AH-324-N03	261	OG0001077	NA	NA	COG0410	LivF	ABC-type branched-chain amino acid transport system, ATPase component LivF	AH-324-N03_00495	2
CACOSU010000003.1	87192	87932	-	AH-324-N03_00498	AH-324-N03	246	OG0000928	K01995	branched-chain amino acid transport system ATP-binding protein	COG0411	LivG	ABC-type branched-chain amino acid transport system, ATPase component LivG	AH-324-N03_00495	3
CACOSU010000003.1	87929	88981	-	AH-324-N03_00499	AH-324-N03	350	OG0001109	NA	NA	COG4177	LivM	ABC-type branched-chain amino acid transport system, permease component	AH-324-N03_00495	4
CACOSU010000003.1	88968	89150	-	AH-324-N03_00500	AH-324-N03	60	OG0001356	NA	NA	NA	NA	NA	AH-324-N03_00495	5
NZES01000038.1	1089	2168	+	ARS1_00906	ARS1	359	OG0001130	K07120	uncharacterized protein	COG3180	AbrB	Uncharacterized membrane protein AbrB, regulator of aidB expression	ARS1_00911	-5
NZES01000038.1	2219	3712	-	ARS1_00907	ARS1	497	OG0000068	K07793	putative tricarboxylic transport membrane protein	COG3333	NA	TctA family transporter	ARS1_00911	-4
NZES01000038.1	3709	4179	-	ARS1_00908	ARS1	156	OG0001140	K07794	putative tricarboxylic transport membrane protein	NA	NA	NA	ARS1_00911	-3
NZES01000038.1	4212	5183	-	ARS1_00909	ARS1	323	OG0001110	K07795	putative tricarboxylic transport membrane protein	COG3181	TctC	Tripartite-type tricarboxylate transporter, extracytoplasmic receptor component TctC	ARS1_00911	-2
NZES01000038.1	5243	5908	-	ARS1_00910	ARS1	221	OG0003938	NA	NA	NA	NA	NA	ARS1_00911	-1
NZES01000038.1	5910	6242	-	ARS1_00911	ARS1	110	OG0001083	NA	NA	COG4392	AzlD2	Branched-chain amino acid transport protein	ARS1_00911	0
NZES01000038.1	6239	6937	-	ARS1_00912	ARS1	232	OG0001073	NA	NA	NA	NA	NA	ARS1_00911	1
NZES01000038.1	6937	7725	-	ARS1_00913	ARS1	262	OG0001077	NA	NA	COG0410	LivF	ABC-type branched-chain amino acid transport system, ATPase component LivF	ARS1_00911	2
NZES01000038.1	7726	8469	-	ARS1_00914	ARS1	247	OG0000928	K01995	branched-chain amino acid transport system ATP-binding protein	COG0411	LivG	ABC-type branched-chain amino acid transport system, ATPase component LivG	ARS1_00911	3
NZES01000038.1	8472	9527	-	ARS1_00915	ARS1	351	OG0001224	NA	NA	COG4177	LivM	ABC-type branched-chain amino acid transport system, permease component	ARS1_00911	4
NZES01000038.1	9524	10417	-	ARS1_00916	ARS1	297	OG0001134	K01997	branched-chain amino acid transport system permease protein	COG0559	LivH	Branched-chain amino acid ABC-type transport system, permease component	ARS1_00911	5
LIBW01000190.1	89	739	+	BACL5_MAG-121015-bin10_01178	BACL5_MAG-121015-bin10	216	OG0000052	K11690	C4-dicarboxylate transporter, DctM subunit	COG1593	DctQ	TRAP-type C4-dicarboxylate transport system, large permease component	BACL5_MAG-121015-bin10_01180	-2
LIBW01000190.1	739	1443	+	BACL5_MAG-121015-bin10_01179	BACL5_MAG-121015-bin10	234	OG0001073	NA	NA	COG1296	AzlC	Predicted branched-chain amino acid permease (azaleucine resistance)	BACL5_MAG-121015-bin10_01180	-1
LIBW01000190.1	1433	1756	+	BACL5_MAG-121015-bin10_01180	BACL5_MAG-121015-bin10	107	OG0001083	NA	NA	COG4392	AzlD2	Branched-chain amino acid transport protein	BACL5_MAG-121015-bin10_01180	0
NSIJ01000002.1	63488	64498	-	Baikal-G1_00518	Baikal-G1	336	OG0000021	K01997	branched-chain amino acid transport system permease protein	COG0559	LivH	Branched-chain amino acid ABC-type transport system, permease component	Baikal-G1_00523	-5
NSIJ01000002.1	64500	65207	-	Baikal-G1_00519	Baikal-G1	235	OG0000065	K01996	branched-chain amino acid transport system ATP-binding protein	COG0410	LivF	ABC-type branched-chain amino acid transport system, ATPase component LivF	Baikal-G1_00523	-4
NSIJ01000002.1	65207	65995	-	Baikal-G1_00520	Baikal-G1	262	OG0000143	K01995	branched-chain amino acid transport system ATP-binding protein	COG0411	LivG	ABC-type branched-chain amino acid transport system, ATPase component LivG	Baikal-G1_00523	-3
NSIJ01000002.1	65999	66766	-	Baikal-G1_00521	Baikal-G1	255	OG0000676	NA	NA	COG0345	ProC	Pyrroline-5-carboxylate reductase	Baikal-G1_00523	-2
NSIJ01000002.1	66790	67701	-	Baikal-G1_00522	Baikal-G1	303	OG0001090	K15737	glutarate dioxygenase [EC:1.14.11.64]	NA	NA	NA	Baikal-G1_00523	-1
NSIJ01000002.1	67710	68033	-	Baikal-G1_00523	Baikal-G1	107	OG0001083	NA	NA	COG4392	AzlD2	Branched-chain amino acid transport protein	Baikal-G1_00523	0
NSIJ01000002.1	68023	68727	-	Baikal-G1_00524	Baikal-G1	234	OG0001073	NA	NA	COG1296	AzlC	Predicted branched-chain amino acid permease (azaleucine resistance)	Baikal-G1_00523	1
NSIJ01000002.1	68877	69173	+	Baikal-G1_00525	Baikal-G1	98	OG0000737	NA	NA	NA	NA	NA	Baikal-G1_00523	2
NSIJ01000002.1	69177	69431	+	Baikal-G1_00526	Baikal-G1	84	OG0000689	K03676	glutaredoxin 3	COG0695	GrxC	Glutaredoxin	Baikal-G1_00523	3
NSIJ01000002.1	69433	69804	-	Baikal-G1_00527	Baikal-G1	123	OG0001037	NA	NA	COG0229	MsrB	Peptide methionine sulfoxide reductase MsrB	Baikal-G1_00523	4
NSIJ01000002.1	69809	70759	-	Baikal-G1_00528	Baikal-G1	316	OG0000011	NA	NA	COG0111	SerA	Phosphoglycerate dehydrogenase or related dehydrogenase	Baikal-G1_00523	5
JAGFVZ010000001.1	51802	52812	-	ETNP2013_S02_SV82_300m_MAG_01_00055	ETNP2013_S02_SV82_300m_MAG_01	336	OG0000021	K01997	branched-chain amino acid transport system permease protein	COG0559	LivH	Branched-chain amino acid ABC-type transport system, permease component	ETNP2013_S02_SV82_300m_MAG_01_00060	-5
JAGFVZ010000001.1	52814	53521	-	ETNP2013_S02_SV82_300m_MAG_01_00056	ETNP2013_S02_SV82_300m_MAG_01	235	OG0000065	K01996	branched-chain amino acid transport system ATP-binding protein	COG0410	LivF	ABC-type branched-chain amino acid transport system, ATPase component LivF	ETNP2013_S02_SV82_300m_MAG_01_00060	-4
JAGFVZ010000001.1	53521	54315	-	ETNP2013_S02_SV82_300m_MAG_01_00057	ETNP2013_S02_SV82_300m_MAG_01	264	OG0000143	K01995	branched-chain amino acid transport system ATP-binding protein	COG0411	LivG	ABC-type branched-chain amino acid transport system, ATPase component LivG	ETNP2013_S02_SV82_300m_MAG_01_00060	-3
JAGFVZ010000001.1	54322	55092	-	ETNP2013_S02_SV82_300m_MAG_01_00058	ETNP2013_S02_SV82_300m_MAG_01	256	OG0000676	NA	NA	COG0345	ProC	Pyrroline-5-carboxylate reductase	ETNP2013_S02_SV82_300m_MAG_01_00060	-2
JAGFVZ010000001.1	55219	56118	-	ETNP2013_S02_SV82_300m_MAG_01_00059	ETNP2013_S02_SV82_300m_MAG_01	299	OG0001090	K15737	glutarate dioxygenase [EC:1.14.11.64]	NA	NA	NA	ETNP2013_S02_SV82_300m_MAG_01_00060	-1
JAGFVZ010000001.1	56121	56453	-	ETNP2013_S02_SV82_300m_MAG_01_00060	ETNP2013_S02_SV82_300m_MAG_01	110	OG0001083	NA	NA	COG4392	AzlD2	Branched-chain amino acid transport protein	ETNP2013_S02_SV82_300m_MAG_01_00060	0
JAGFVZ010000001.1	56437	57147	-	ETNP2013_S02_SV82_300m_MAG_01_00061	ETNP2013_S02_SV82_300m_MAG_01	236	OG0001073	NA	NA	COG1296	AzlC	Predicted branched-chain amino acid permease (azaleucine resistance)	ETNP2013_S02_SV82_300m_MAG_01_00060	1
JAGFVZ010000001.1	57194	58342	-	ETNP2013_S02_SV82_300m_MAG_01_00062	ETNP2013_S02_SV82_300m_MAG_01	382	OG0001409	NA	NA	COG0412	DLH	Dienelactone hydrolase	ETNP2013_S02_SV82_300m_MAG_01_00060	2
JAGFVZ010000001.1	58342	59127	-	ETNP2013_S02_SV82_300m_MAG_01_00063	ETNP2013_S02_SV82_300m_MAG_01	261	OG0001077	NA	NA	COG0410	LivF	ABC-type branched-chain amino acid transport system, ATPase component LivF	ETNP2013_S02_SV82_300m_MAG_01_00060	3
CP031125.1	202873	203883	-	FZCC0015_00214	FZCC0015	336	OG0000021	K01997	branched-chain amino acid transport system permease protein	COG0559	LivH	Branched-chain amino acid ABC-type transport system, permease component	FZCC0015_00219	-5
CP031125.1	203885	204592	-	FZCC0015_00215	FZCC0015	235	OG0000065	K01996	branched-chain amino acid transport system ATP-binding protein	COG0410	LivF	ABC-type branched-chain amino acid transport system, ATPase component LivF	FZCC0015_00219	-4
CP031125.1	204592	205380	-	FZCC0015_00216	FZCC0015	262	OG0000143	K01995	branched-chain amino acid transport system ATP-binding protein	COG0411	LivG	ABC-type branched-chain amino acid transport system, ATPase component LivG	FZCC0015_00219	-3
CP031125.1	205386	206153	-	FZCC0015_00217	FZCC0015	255	OG0000676	NA	NA	COG0345	ProC	Pyrroline-5-carboxylate reductase	FZCC0015_00219	-2
CP031125.1	206186	207097	-	FZCC0015_00218	FZCC0015	303	OG0001090	K15737	glutarate dioxygenase [EC:1.14.11.64]	NA	NA	NA	FZCC0015_00219	-1
CP031125.1	207138	207461	-	FZCC0015_00219	FZCC0015	107	OG0001083	NA	NA	COG4392	AzlD2	Branched-chain amino acid transport protein	FZCC0015_00219	0
CP031125.1	207451	208155	-	FZCC0015_00220	FZCC0015	234	OG0001073	NA	NA	COG1296	AzlC	Predicted branched-chain amino acid permease (azaleucine resistance)	FZCC0015_00219	1
CP031125.1	208155	208940	-	FZCC0015_00221	FZCC0015	261	OG0001077	NA	NA	COG0410	LivF	ABC-type branched-chain amino acid transport system, ATPase component LivF	FZCC0015_00219	2
CP031125.1	208940	209680	-	FZCC0015_00222	FZCC0015	246	OG0000928	K01995	branched-chain amino acid transport system ATP-binding protein	COG0411	LivG	ABC-type branched-chain amino acid transport system, ATPase component LivG	FZCC0015_00219	3
CP031125.1	209677	210729	-	FZCC0015_00223	FZCC0015	350	OG0001109	NA	NA	COG4177	LivM	ABC-type branched-chain amino acid transport system, permease component	FZCC0015_00219	4
CP031125.1	210716	210898	-	FZCC0015_00224	FZCC0015	60	OG0001356	NA	NA	NA	NA	NA	FZCC0015_00219	5
LHBX01000045.1	31074	31781	-	GOM-A1_00839	GOM-A1	235	OG0000065	K01996	branched-chain amino acid transport system ATP-binding protein	COG0410	LivF	ABC-type branched-chain amino acid transport system, ATPase component LivF	GOM-A1_00844	-5
LHBX01000045.1	31781	32569	-	GOM-A1_00840	GOM-A1	262	OG0000143	K01995	branched-chain amino acid transport system ATP-binding protein	COG0411	LivG	ABC-type branched-chain amino acid transport system, ATPase component LivG	GOM-A1_00844	-4
LHBX01000045.1	32571	33344	-	GOM-A1_00841	GOM-A1	257	OG0000676	NA	NA	COG0345	ProC	Pyrroline-5-carboxylate reductase	GOM-A1_00844	-3
LHBX01000045.1	33378	34298	-	GOM-A1_00842	GOM-A1	306	OG0001090	K15737	glutarate dioxygenase [EC:1.14.11.64]	NA	NA	NA	GOM-A1_00844	-2
LHBX01000045.1	34304	34810	-	GOM-A1_00843	GOM-A1	168	OG0001207	NA	NA	COG1357	DotG	Type IVB secretion/DNA transfer system protein DotG/IcmE, contains pentapeptide repeats	GOM-A1_00844	-1
LHBX01000045.1	34811	35137	-	GOM-A1_00844	GOM-A1	108	OG0001083	NA	NA	COG4392	AzlD2	Branched-chain amino acid transport protein	GOM-A1_00844	0
LHBX01000045.1	35127	35831	-	GOM-A1_00845	GOM-A1	234	OG0001073	NA	NA	COG1296	AzlC	Predicted branched-chain amino acid permease (azaleucine resistance)	GOM-A1_00844	1
LHBX01000045.1	35828	36613	-	GOM-A1_00846	GOM-A1	261	OG0001077	NA	NA	COG0410	LivF	ABC-type branched-chain amino acid transport system, ATPase component LivF	GOM-A1_00844	2
LHBX01000045.1	36613	37353	-	GOM-A1_00847	GOM-A1	246	OG0000928	K01995	branched-chain amino acid transport system ATP-binding protein	COG0411	LivG	ABC-type branched-chain amino acid transport system, ATPase component LivG	GOM-A1_00844	3
LHBX01000045.1	37350	38402	-	GOM-A1_00848	GOM-A1	350	OG0001109	NA	NA	COG4177	LivM	ABC-type branched-chain amino acid transport system, permease component	GOM-A1_00844	4
LHBX01000045.1	38389	38571	-	GOM-A1_00849	GOM-A1	60	OG0001356	NA	NA	NA	NA	NA	GOM-A1_00844	5
ATTF01000009.1	33248	33889	-	HIMB058_00579	HIMB058	213	OG0001361	NA	NA	NA	NA	NA	HIMB058_00584	-5
ATTF01000009.1	34035	35534	-	HIMB058_00580	HIMB058	499	OG0000068	K07793	putative tricarboxylic transport membrane protein	COG3333	NA	TctA family transporter	HIMB058_00584	-4
ATTF01000009.1	35531	36001	-	HIMB058_00581	HIMB058	156	OG0001140	K07794	putative tricarboxylic transport membrane protein	NA	NA	NA	HIMB058_00584	-3
ATTF01000009.1	36025	37071	-	HIMB058_00582	HIMB058	348	OG0001110	K07795	putative tricarboxylic transport membrane protein	COG3181	TctC	Tripartite-type tricarboxylate transporter, extracytoplasmic receptor component TctC	HIMB058_00584	-2
ATTF01000009.1	37097	37993	-	HIMB058_00583	HIMB058	298	OG0001090	K15737	glutarate dioxygenase [EC:1.14.11.64]	NA	NA	NA	HIMB058_00584	-1
ATTF01000009.1	38077	38403	-	HIMB058_00584	HIMB058	108	OG0001083	NA	NA	COG4392	AzlD2	Branched-chain amino acid transport protein	HIMB058_00584	0
ATTF01000009.1	38390	39097	-	HIMB058_00585	HIMB058	235	OG0001073	NA	NA	COG1296	AzlC	Predicted branched-chain amino acid permease (azaleucine resistance)	HIMB058_00584	1
ATTF01000009.1	39097	39882	-	HIMB058_00586	HIMB058	261	OG0001077	NA	NA	COG0410	LivF	ABC-type branched-chain amino acid transport system, ATPase component LivF	HIMB058_00584	2
ATTF01000009.1	39882	40616	-	HIMB058_00587	HIMB058	244	OG0000928	K01995	branched-chain amino acid transport system ATP-binding protein	COG0411	LivG	ABC-type branched-chain amino acid transport system, ATPase component LivG	HIMB058_00584	3
ATTF01000009.1	40613	41017	-	HIMB058_00588	HIMB058	134	OG0001109	NA	NA	COG4177	LivM	ABC-type branched-chain amino acid transport system, permease component	HIMB058_00584	4
AZAL01000001.1	522353	523060	-	HIMB083_00577	HIMB083	235	OG0000065	K01996	branched-chain amino acid transport system ATP-binding protein	COG0410	LivF	ABC-type branched-chain amino acid transport system, ATPase component LivF	HIMB083_00582	-5
AZAL01000001.1	523060	523848	-	HIMB083_00578	HIMB083	262	OG0000143	K01995	branched-chain amino acid transport system ATP-binding protein	COG0411	LivG	ABC-type branched-chain amino acid transport system, ATPase component LivG	HIMB083_00582	-4
AZAL01000001.1	523854	524621	-	HIMB083_00579	HIMB083	255	OG0000676	NA	NA	COG0345	ProC	Pyrroline-5-carboxylate reductase	HIMB083_00582	-3
AZAL01000001.1	524735	525430	-	HIMB083_00580	HIMB083	231	OG0001361	NA	NA	NA	NA	NA	HIMB083_00582	-2
AZAL01000001.1	525568	526479	-	HIMB083_00581	HIMB083	303	OG0001090	K15737	glutarate dioxygenase [EC:1.14.11.64]	NA	NA	NA	HIMB083_00582	-1
AZAL01000001.1	526518	526841	-	HIMB083_00582	HIMB083	107	OG0001083	NA	NA	COG4392	AzlD2	Branched-chain amino acid transport protein	HIMB083_00582	0
AZAL01000001.1	526831	527535	-	HIMB083_00583	HIMB083	234	OG0001073	NA	NA	COG1296	AzlC	Predicted branched-chain amino acid permease (azaleucine resistance)	HIMB083_00582	1
AZAL01000001.1	527535	528320	-	HIMB083_00584	HIMB083	261	OG0001077	NA	NA	COG0410	LivF	ABC-type branched-chain amino acid transport system, ATPase component LivF	HIMB083_00582	2
AZAL01000001.1	528320	529060	-	HIMB083_00585	HIMB083	246	OG0000928	K01995	branched-chain amino acid transport system ATP-binding protein	COG0411	LivG	ABC-type branched-chain amino acid transport system, ATPase component LivG	HIMB083_00582	3
AZAL01000001.1	529057	530109	-	HIMB083_00586	HIMB083	350	OG0001109	NA	NA	COG4177	LivM	ABC-type branched-chain amino acid transport system, permease component	HIMB083_00582	4
AZAL01000001.1	530096	530278	-	HIMB083_00587	HIMB083	60	OG0001356	NA	NA	NA	NA	NA	HIMB083_00582	5
HIMB109-00000000002	140769	141446	+	HIMB109_00489	HIMB109	225	OG0001598	NA	NA	COG1414	IclR	DNA-binding transcriptional regulator, IclR family	HIMB109_00494	-5
HIMB109-00000000002	141439	142287	+	HIMB109_00490	HIMB109	282	OG0001501	NA	NA	COG2513	PrpB	2-Methylisocitrate lyase and related enzymes, PEP mutase family	HIMB109_00494	-4
HIMB109-00000000002	142290	143345	+	HIMB109_00491	HIMB109	351	OG0001130	K07120	uncharacterized protein	COG3180	AbrB	Uncharacterized membrane protein AbrB, regulator of aidB expression	HIMB109_00494	-3
HIMB109-00000000002	143342	143860	-	HIMB109_00492	HIMB109	172	OG0001159	K07304	peptide-methionine (S)-S-oxide reductase [EC:1.8.4.11]	COG0225	MsrA	Peptide methionine sulfoxide reductase MsrA	HIMB109_00494	-2
HIMB109-00000000002	143911	144822	-	HIMB109_00493	HIMB109	303	OG0001090	K15737	glutarate dioxygenase [EC:1.14.11.64]	NA	NA	NA	HIMB109_00494	-1
HIMB109-00000000002	144822	145148	-	HIMB109_00494	HIMB109	108	OG0001083	NA	NA	COG4392	AzlD2	Branched-chain amino acid transport protein	HIMB109_00494	0
HIMB109-00000000002	145141	145842	-	HIMB109_00495	HIMB109	233	OG0001073	NA	NA	COG1296	AzlC	Predicted branched-chain amino acid permease (azaleucine resistance)	HIMB109_00494	1
HIMB109-00000000002	145851	146636	-	HIMB109_00496	HIMB109	261	OG0001077	NA	NA	COG0410	LivF	ABC-type branched-chain amino acid transport system, ATPase component LivF	HIMB109_00494	2
HIMB109-00000000002	146636	147376	-	HIMB109_00497	HIMB109	246	OG0000928	K01995	branched-chain amino acid transport system ATP-binding protein	COG0411	LivG	ABC-type branched-chain amino acid transport system, ATPase component LivG	HIMB109_00494	3
HIMB109-00000000002	147376	148440	-	HIMB109_00498	HIMB109	354	OG0001224	NA	NA	COG4177	LivM	ABC-type branched-chain amino acid transport system, permease component	HIMB109_00494	4
HIMB109-00000000002	148445	149338	-	HIMB109_00499	HIMB109	297	OG0001134	K01997	branched-chain amino acid transport system permease protein	COG0559	LivH	Branched-chain amino acid ABC-type transport system, permease component	HIMB109_00494	5
ADAC02000001.1	188957	189850	+	HIMB114_00200	HIMB114	297	OG0001134	K01997	branched-chain amino acid transport system permease protein	COG0559	LivH	Branched-chain amino acid ABC-type transport system, permease component	HIMB114_00205	-5
ADAC02000001.1	189855	190919	+	HIMB114_00201	HIMB114	354	OG0001224	NA	NA	COG4177	LivM	ABC-type branched-chain amino acid transport system, permease component	HIMB114_00205	-4
ADAC02000001.1	190919	191659	+	HIMB114_00202	HIMB114	246	OG0000928	K01995	branched-chain amino acid transport system ATP-binding protein	COG0411	LivG	ABC-type branched-chain amino acid transport system, ATPase component LivG	HIMB114_00205	-3
ADAC02000001.1	191659	192444	+	HIMB114_00203	HIMB114	261	OG0001077	NA	NA	COG0410	LivF	ABC-type branched-chain amino acid transport system, ATPase component LivF	HIMB114_00205	-2
ADAC02000001.1	192453	193154	+	HIMB114_00204	HIMB114	233	OG0001073	NA	NA	COG1296	AzlC	Predicted branched-chain amino acid permease (azaleucine resistance)	HIMB114_00205	-1
ADAC02000001.1	193147	193473	+	HIMB114_00205	HIMB114	108	OG0001083	NA	NA	COG4392	AzlD2	Branched-chain amino acid transport protein	HIMB114_00205	0
ADAC02000001.1	193473	194384	+	HIMB114_00206	HIMB114	303	OG0001090	K15737	glutarate dioxygenase [EC:1.14.11.64]	NA	NA	NA	HIMB114_00205	1
ADAC02000001.1	194435	194953	+	HIMB114_00207	HIMB114	172	OG0001159	K07304	peptide-methionine (S)-S-oxide reductase [EC:1.8.4.11]	COG0225	MsrA	Peptide methionine sulfoxide reductase MsrA	HIMB114_00205	2
ADAC02000001.1	194950	196005	-	HIMB114_00208	HIMB114	351	OG0001130	K07120	uncharacterized protein	COG3180	AbrB	Uncharacterized membrane protein AbrB, regulator of aidB expression	HIMB114_00205	3
ADAC02000001.1	196008	196856	-	HIMB114_00209	HIMB114	282	OG0001501	NA	NA	COG2513	PrpB	2-Methylisocitrate lyase and related enzymes, PEP mutase family	HIMB114_00205	4
ADAC02000001.1	196849	197526	-	HIMB114_00210	HIMB114	225	OG0001598	NA	NA	COG1414	IclR	DNA-binding transcriptional regulator, IclR family	HIMB114_00205	5
O147DRAFT_scaffold00001.1	779918	780100	+	HIMB122_00807	HIMB122	60	OG0001356	NA	NA	NA	NA	NA	HIMB122_00812	-5
O147DRAFT_scaffold00001.1	780087	781139	+	HIMB122_00808	HIMB122	350	OG0001109	NA	NA	COG4177	LivM	ABC-type branched-chain amino acid transport system, permease component	HIMB122_00812	-4
O147DRAFT_scaffold00001.1	781136	781876	+	HIMB122_00809	HIMB122	246	OG0000928	K01995	branched-chain amino acid transport system ATP-binding protein	COG0411	LivG	ABC-type branched-chain amino acid transport system, ATPase component LivG	HIMB122_00812	-3
O147DRAFT_scaffold00001.1	781876	782661	+	HIMB122_00810	HIMB122	261	OG0001077	NA	NA	COG0410	LivF	ABC-type branched-chain amino acid transport system, ATPase component LivF	HIMB122_00812	-2
O147DRAFT_scaffold00001.1	782661	783365	+	HIMB122_00811	HIMB122	234	OG0001073	NA	NA	COG1296	AzlC	Predicted branched-chain amino acid permease (azaleucine resistance)	HIMB122_00812	-1
O147DRAFT_scaffold00001.1	783355	783678	+	HIMB122_00812	HIMB122	107	OG0001083	NA	NA	COG4392	AzlD2	Branched-chain amino acid transport protein	HIMB122_00812	0
O147DRAFT_scaffold00001.1	783710	784630	+	HIMB122_00813	HIMB122	306	OG0001090	K15737	glutarate dioxygenase [EC:1.14.11.64]	NA	NA	NA	HIMB122_00812	1
O147DRAFT_scaffold00001.1	784665	785432	+	HIMB122_00814	HIMB122	255	OG0000676	NA	NA	COG0345	ProC	Pyrroline-5-carboxylate reductase	HIMB122_00812	2
O147DRAFT_scaffold00001.1	785433	786221	+	HIMB122_00815	HIMB122	262	OG0000143	K01995	branched-chain amino acid transport system ATP-binding protein	COG0411	LivG	ABC-type branched-chain amino acid transport system, ATPase component LivG	HIMB122_00812	3
O147DRAFT_scaffold00001.1	786221	786928	+	HIMB122_00816	HIMB122	235	OG0000065	K01996	branched-chain amino acid transport system ATP-binding protein	COG0410	LivF	ABC-type branched-chain amino acid transport system, ATPase component LivF	HIMB122_00812	4
O147DRAFT_scaffold00001.1	786930	787940	+	HIMB122_00817	HIMB122	336	OG0000021	K01997	branched-chain amino acid transport system permease protein	COG0559	LivH	Branched-chain amino acid ABC-type transport system, permease component	HIMB122_00812	5
HIMB123-00000000008	37988	38170	+	HIMB123_00459	HIMB123	60	OG0001356	NA	NA	NA	NA	NA	HIMB123_00464	-5
HIMB123-00000000008	38124	39209	+	HIMB123_00460	HIMB123	361	OG0001109	NA	NA	COG4177	LivM	ABC-type branched-chain amino acid transport system, permease component	HIMB123_00464	-4
HIMB123-00000000008	39206	39946	+	HIMB123_00461	HIMB123	246	OG0000928	K01995	branched-chain amino acid transport system ATP-binding protein	COG0411	LivG	ABC-type branched-chain amino acid transport system, ATPase component LivG	HIMB123_00464	-3
HIMB123-00000000008	39946	40731	+	HIMB123_00462	HIMB123	261	OG0001077	NA	NA	COG0410	LivF	ABC-type branched-chain amino acid transport system, ATPase component LivF	HIMB123_00464	-2
HIMB123-00000000008	40731	41435	+	HIMB123_00463	HIMB123	234	OG0001073	NA	NA	COG1296	AzlC	Predicted branched-chain amino acid permease (azaleucine resistance)	HIMB123_00464	-1
HIMB123-00000000008	41425	41748	+	HIMB123_00464	HIMB123	107	OG0001083	NA	NA	COG4392	AzlD2	Branched-chain amino acid transport protein	HIMB123_00464	0
HIMB123-00000000008	41789	42700	+	HIMB123_00465	HIMB123	303	OG0001090	K15737	glutarate dioxygenase [EC:1.14.11.64]	NA	NA	NA	HIMB123_00464	1
HIMB123-00000000008	42733	43500	+	HIMB123_00466	HIMB123	255	OG0000676	NA	NA	COG0345	ProC	Pyrroline-5-carboxylate reductase	HIMB123_00464	2
HIMB123-00000000008	43506	44294	+	HIMB123_00467	HIMB123	262	OG0000143	K01995	branched-chain amino acid transport system ATP-binding protein	COG0411	LivG	ABC-type branched-chain amino acid transport system, ATPase component LivG	HIMB123_00464	3
HIMB123-00000000008	44294	45001	+	HIMB123_00468	HIMB123	235	OG0000065	K01996	branched-chain amino acid transport system ATP-binding protein	COG0410	LivF	ABC-type branched-chain amino acid transport system, ATPase component LivF	HIMB123_00464	4
HIMB123-00000000008	45003	46013	+	HIMB123_00469	HIMB123	336	OG0000021	K01997	branched-chain amino acid transport system permease protein	COG0559	LivH	Branched-chain amino acid ABC-type transport system, permease component	HIMB123_00464	5
LT840186.1	845676	846383	-	HIMB1321_00927	HIMB1321	235	OG0000065	K01996	branched-chain amino acid transport system ATP-binding protein	COG0410	LivF	ABC-type branched-chain amino acid transport system, ATPase component LivF	HIMB1321_00932	-5
LT840186.1	846383	846745	-	HIMB1321_00928	HIMB1321	120	OG0001605	NA	NA	COG5395	NA	Uncharacterized membrane protein, DUF2306 domain	HIMB1321_00932	-4
LT840186.1	846747	847532	-	HIMB1321_00929	HIMB1321	261	OG0000143	K01995	branched-chain amino acid transport system ATP-binding protein	COG0411	LivG	ABC-type branched-chain amino acid transport system, ATPase component LivG	HIMB1321_00932	-3
LT840186.1	847534	848301	-	HIMB1321_00930	HIMB1321	255	OG0000676	NA	NA	COG0345	ProC	Pyrroline-5-carboxylate reductase	HIMB1321_00932	-2
LT840186.1	848341	849252	-	HIMB1321_00931	HIMB1321	303	OG0001090	K15737	glutarate dioxygenase [EC:1.14.11.64]	NA	NA	NA	HIMB1321_00932	-1
LT840186.1	849262	849585	-	HIMB1321_00932	HIMB1321	107	OG0001083	NA	NA	COG4392	AzlD2	Branched-chain amino acid transport protein	HIMB1321_00932	0
LT840186.1	849575	850279	-	HIMB1321_00933	HIMB1321	234	OG0001073	NA	NA	NA	NA	NA	HIMB1321_00932	1
LT840186.1	850281	851066	-	HIMB1321_00934	HIMB1321	261	OG0001077	NA	NA	COG0410	LivF	ABC-type branched-chain amino acid transport system, ATPase component LivF	HIMB1321_00932	2
LT840186.1	851066	851806	-	HIMB1321_00935	HIMB1321	246	OG0000928	K01995	branched-chain amino acid transport system ATP-binding protein	COG0411	LivG	ABC-type branched-chain amino acid transport system, ATPase component LivG	HIMB1321_00932	3
LT840186.1	851803	852852	-	HIMB1321_00936	HIMB1321	349	OG0001109	NA	NA	COG4177	LivM	ABC-type branched-chain amino acid transport system, permease component	HIMB1321_00932	4
LT840186.1	852852	853745	-	HIMB1321_00937	HIMB1321	297	OG0001134	K01997	branched-chain amino acid transport system permease protein	COG0559	LivH	Branched-chain amino acid ABC-type transport system, permease component	HIMB1321_00932	5
HIMB1402-00000000002	105809	106255	+	HIMB1402_00299	HIMB1402	148	OG0001415	K01821	4-oxalocrotonate tautomerase [EC:5.3.2.6]	COG1942	PptA	Phenylpyruvate tautomerase PptA, 4-oxalocrotonate tautomerase family	HIMB1402_00304	-5
HIMB1402-00000000002	106245	107297	+	HIMB1402_00300	HIMB1402	350	OG0001109	NA	NA	COG4177	LivM	ABC-type branched-chain amino acid transport system, permease component	HIMB1402_00304	-4
HIMB1402-00000000002	107294	108034	+	HIMB1402_00301	HIMB1402	246	OG0000928	K01995	branched-chain amino acid transport system ATP-binding protein	COG0411	LivG	ABC-type branched-chain amino acid transport system, ATPase component LivG	HIMB1402_00304	-3
HIMB1402-00000000002	108034	108819	+	HIMB1402_00302	HIMB1402	261	OG0001077	NA	NA	COG0410	LivF	ABC-type branched-chain amino acid transport system, ATPase component LivF	HIMB1402_00304	-2
HIMB1402-00000000002	108819	109523	+	HIMB1402_00303	HIMB1402	234	OG0001073	NA	NA	COG1296	AzlC	Predicted branched-chain amino acid permease (azaleucine resistance)	HIMB1402_00304	-1
HIMB1402-00000000002	109513	109836	+	HIMB1402_00304	HIMB1402	107	OG0001083	NA	NA	COG4392	AzlD2	Branched-chain amino acid transport protein	HIMB1402_00304	0
HIMB1402-00000000002	109833	110747	+	HIMB1402_00305	HIMB1402	304	OG0001090	K15737	glutarate dioxygenase [EC:1.14.11.64]	NA	NA	NA	HIMB1402_00304	1
HIMB1402-00000000002	110774	111541	+	HIMB1402_00306	HIMB1402	255	OG0000676	NA	NA	COG0345	ProC	Pyrroline-5-carboxylate reductase	HIMB1402_00304	2
HIMB1402-00000000002	111545	112330	+	HIMB1402_00307	HIMB1402	261	OG0000143	K01995	branched-chain amino acid transport system ATP-binding protein	COG0411	LivG	ABC-type branched-chain amino acid transport system, ATPase component LivG	HIMB1402_00304	3
HIMB1402-00000000002	112333	113040	+	HIMB1402_00308	HIMB1402	235	OG0000065	K01996	branched-chain amino acid transport system ATP-binding protein	COG0410	LivF	ABC-type branched-chain amino acid transport system, ATPase component LivF	HIMB1402_00304	4
HIMB1402-00000000002	113042	114052	+	HIMB1402_00309	HIMB1402	336	OG0000021	K01997	branched-chain amino acid transport system permease protein	COG0559	LivH	Branched-chain amino acid ABC-type transport system, permease component	HIMB1402_00304	5
HIMB1409-00000000001	82675	82857	+	HIMB1409_00091	HIMB1409	60	OG0001356	NA	NA	NA	NA	NA	HIMB1409_00096	-5
HIMB1409-00000000001	82844	83896	+	HIMB1409_00092	HIMB1409	350	OG0001109	NA	NA	COG4177	LivM	ABC-type branched-chain amino acid transport system, permease component	HIMB1409_00096	-4
HIMB1409-00000000001	83893	84633	+	HIMB1409_00093	HIMB1409	246	OG0000928	K01995	branched-chain amino acid transport system ATP-binding protein	COG0411	LivG	ABC-type branched-chain amino acid transport system, ATPase component LivG	HIMB1409_00096	-3
HIMB1409-00000000001	84633	85418	+	HIMB1409_00094	HIMB1409	261	OG0001077	NA	NA	COG0410	LivF	ABC-type branched-chain amino acid transport system, ATPase component LivF	HIMB1409_00096	-2
HIMB1409-00000000001	85418	86122	+	HIMB1409_00095	HIMB1409	234	OG0001073	NA	NA	COG1296	AzlC	Predicted branched-chain amino acid permease (azaleucine resistance)	HIMB1409_00096	-1
HIMB1409-00000000001	86112	86435	+	HIMB1409_00096	HIMB1409	107	OG0001083	NA	NA	COG4392	AzlD2	Branched-chain amino acid transport protein	HIMB1409_00096	0
HIMB1409-00000000001	86475	87386	+	HIMB1409_00097	HIMB1409	303	OG0001090	K15737	glutarate dioxygenase [EC:1.14.11.64]	NA	NA	NA	HIMB1409_00096	1
HIMB1409-00000000001	87419	88186	+	HIMB1409_00098	HIMB1409	255	OG0000676	NA	NA	COG0345	ProC	Pyrroline-5-carboxylate reductase	HIMB1409_00096	2
HIMB1409-00000000001	88192	88980	+	HIMB1409_00099	HIMB1409	262	OG0000143	K01995	branched-chain amino acid transport system ATP-binding protein	COG0411	LivG	ABC-type branched-chain amino acid transport system, ATPase component LivG	HIMB1409_00096	3
HIMB1409-00000000001	88980	89687	+	HIMB1409_00100	HIMB1409	235	OG0000065	K01996	branched-chain amino acid transport system ATP-binding protein	COG0410	LivF	ABC-type branched-chain amino acid transport system, ATPase component LivF	HIMB1409_00096	4
HIMB1409-00000000001	89689	90699	+	HIMB1409_00101	HIMB1409	336	OG0000021	K01997	branched-chain amino acid transport system permease protein	COG0559	LivH	Branched-chain amino acid ABC-type transport system, permease component	HIMB1409_00096	5
NZ_LAMZ01000001.1	1233327	1233509	+	HIMB140_01330	HIMB140	60	OG0001356	NA	NA	NA	NA	NA	HIMB140_01335	-5
NZ_LAMZ01000001.1	1233496	1234548	+	HIMB140_01331	HIMB140	350	OG0001109	NA	NA	COG4177	LivM	ABC-type branched-chain amino acid transport system, permease component	HIMB140_01335	-4
NZ_LAMZ01000001.1	1234545	1235285	+	HIMB140_01332	HIMB140	246	OG0000928	K01995	branched-chain amino acid transport system ATP-binding protein	COG0411	LivG	ABC-type branched-chain amino acid transport system, ATPase component LivG	HIMB140_01335	-3
NZ_LAMZ01000001.1	1235285	1236070	+	HIMB140_01333	HIMB140	261	OG0001077	NA	NA	COG0410	LivF	ABC-type branched-chain amino acid transport system, ATPase component LivF	HIMB140_01335	-2
NZ_LAMZ01000001.1	1236070	1236774	+	HIMB140_01334	HIMB140	234	OG0001073	NA	NA	COG1296	AzlC	Predicted branched-chain amino acid permease (azaleucine resistance)	HIMB140_01335	-1
NZ_LAMZ01000001.1	1236764	1237087	+	HIMB140_01335	HIMB140	107	OG0001083	NA	NA	COG4392	AzlD2	Branched-chain amino acid transport protein	HIMB140_01335	0
NZ_LAMZ01000001.1	1237128	1238039	+	HIMB140_01336	HIMB140	303	OG0001090	K15737	glutarate dioxygenase [EC:1.14.11.64]	NA	NA	NA	HIMB140_01335	1
NZ_LAMZ01000001.1	1238074	1238841	+	HIMB140_01337	HIMB140	255	OG0000676	NA	NA	COG0345	ProC	Pyrroline-5-carboxylate reductase	HIMB140_01335	2
NZ_LAMZ01000001.1	1238842	1239630	+	HIMB140_01338	HIMB140	262	OG0000143	K01995	branched-chain amino acid transport system ATP-binding protein	COG0411	LivG	ABC-type branched-chain amino acid transport system, ATPase component LivG	HIMB140_01335	3
NZ_LAMZ01000001.1	1239630	1240337	+	HIMB140_01339	HIMB140	235	OG0000065	K01996	branched-chain amino acid transport system ATP-binding protein	COG0410	LivF	ABC-type branched-chain amino acid transport system, ATPase component LivF	HIMB140_01335	4
NZ_LAMZ01000001.1	1240339	1241349	+	HIMB140_01340	HIMB140	336	OG0000021	K01997	branched-chain amino acid transport system permease protein	COG0559	LivH	Branched-chain amino acid ABC-type transport system, permease component	HIMB140_01335	5
HIMB1412-00000000001	1213401	1214411	-	HIMB1412_01298	HIMB1412	336	OG0000021	K01997	branched-chain amino acid transport system permease protein	COG0559	LivH	Branched-chain amino acid ABC-type transport system, permease component	HIMB1412_01303	-5
HIMB1412-00000000001	1214413	1215120	-	HIMB1412_01299	HIMB1412	235	OG0000065	K01996	branched-chain amino acid transport system ATP-binding protein	COG0410	LivF	ABC-type branched-chain amino acid transport system, ATPase component LivF	HIMB1412_01303	-4
HIMB1412-00000000001	1215123	1215905	-	HIMB1412_01300	HIMB1412	260	OG0000143	K01995	branched-chain amino acid transport system ATP-binding protein	COG0411	LivG	ABC-type branched-chain amino acid transport system, ATPase component LivG	HIMB1412_01303	-3
HIMB1412-00000000001	1215909	1216676	-	HIMB1412_01301	HIMB1412	255	OG0000676	NA	NA	COG0345	ProC	Pyrroline-5-carboxylate reductase	HIMB1412_01303	-2
HIMB1412-00000000001	1216706	1217617	-	HIMB1412_01302	HIMB1412	303	OG0001090	K15737	glutarate dioxygenase [EC:1.14.11.64]	NA	NA	NA	HIMB1412_01303	-1
HIMB1412-00000000001	1217626	1217955	-	HIMB1412_01303	HIMB1412	109	OG0001083	NA	NA	COG4392	AzlD2	Branched-chain amino acid transport protein	HIMB1412_01303	0
HIMB1412-00000000001	1217945	1218649	-	HIMB1412_01304	HIMB1412	234	OG0001073	NA	NA	COG1296	AzlC	Predicted branched-chain amino acid permease (azaleucine resistance)	HIMB1412_01303	1
HIMB1412-00000000001	1218649	1219434	-	HIMB1412_01305	HIMB1412	261	OG0001077	NA	NA	COG0410	LivF	ABC-type branched-chain amino acid transport system, ATPase component LivF	HIMB1412_01303	2
HIMB1412-00000000001	1219434	1220174	-	HIMB1412_01306	HIMB1412	246	OG0000928	K01995	branched-chain amino acid transport system ATP-binding protein	COG0411	LivG	ABC-type branched-chain amino acid transport system, ATPase component LivG	HIMB1412_01303	3
HIMB1412-00000000001	1220171	1221220	-	HIMB1412_01307	HIMB1412	349	OG0001109	NA	NA	COG4177	LivM	ABC-type branched-chain amino acid transport system, permease component	HIMB1412_01303	4
HIMB1412-00000000001	1221220	1222113	-	HIMB1412_01308	HIMB1412	297	OG0001134	K01997	branched-chain amino acid transport system permease protein	COG0559	LivH	Branched-chain amino acid ABC-type transport system, permease component	HIMB1412_01303	5
HIMB1413-00000000001	137539	137721	+	HIMB1413_00147	HIMB1413	60	OG0001356	NA	NA	NA	NA	NA	HIMB1413_00152	-5
HIMB1413-00000000001	137708	138760	+	HIMB1413_00148	HIMB1413	350	OG0001109	NA	NA	COG4177	LivM	ABC-type branched-chain amino acid transport system, permease component	HIMB1413_00152	-4
HIMB1413-00000000001	138757	139497	+	HIMB1413_00149	HIMB1413	246	OG0000928	K01995	branched-chain amino acid transport system ATP-binding protein	COG0411	LivG	ABC-type branched-chain amino acid transport system, ATPase component LivG	HIMB1413_00152	-3
HIMB1413-00000000001	139497	140282	+	HIMB1413_00150	HIMB1413	261	OG0001077	NA	NA	COG0410	LivF	ABC-type branched-chain amino acid transport system, ATPase component LivF	HIMB1413_00152	-2
HIMB1413-00000000001	140282	140986	+	HIMB1413_00151	HIMB1413	234	OG0001073	NA	NA	COG1296	AzlC	Predicted branched-chain amino acid permease (azaleucine resistance)	HIMB1413_00152	-1
HIMB1413-00000000001	140976	141299	+	HIMB1413_00152	HIMB1413	107	OG0001083	NA	NA	COG4392	AzlD2	Branched-chain amino acid transport protein	HIMB1413_00152	0
HIMB1413-00000000001	141339	142250	+	HIMB1413_00153	HIMB1413	303	OG0001090	K15737	glutarate dioxygenase [EC:1.14.11.64]	NA	NA	NA	HIMB1413_00152	1
HIMB1413-00000000001	142283	143050	+	HIMB1413_00154	HIMB1413	255	OG0000676	NA	NA	COG0345	ProC	Pyrroline-5-carboxylate reductase	HIMB1413_00152	2
HIMB1413-00000000001	143056	143844	+	HIMB1413_00155	HIMB1413	262	OG0000143	K01995	branched-chain amino acid transport system ATP-binding protein	COG0411	LivG	ABC-type branched-chain amino acid transport system, ATPase component LivG	HIMB1413_00152	3
HIMB1413-00000000001	143844	144551	+	HIMB1413_00156	HIMB1413	235	OG0000065	K01996	branched-chain amino acid transport system ATP-binding protein	COG0410	LivF	ABC-type branched-chain amino acid transport system, ATPase component LivF	HIMB1413_00152	4
HIMB1413-00000000001	144553	145563	+	HIMB1413_00157	HIMB1413	336	OG0000021	K01997	branched-chain amino acid transport system permease protein	COG0559	LivH	Branched-chain amino acid ABC-type transport system, permease component	HIMB1413_00152	5
HIMB1427-00000000001	167031	167738	-	HIMB1427_00156	HIMB1427	235	OG0000065	K01996	branched-chain amino acid transport system ATP-binding protein	COG0410	LivF	ABC-type branched-chain amino acid transport system, ATPase component LivF	HIMB1427_00161	-5
HIMB1427-00000000001	167738	168100	-	HIMB1427_00157	HIMB1427	120	OG0001605	NA	NA	COG5395	NA	Uncharacterized membrane protein, DUF2306 domain	HIMB1427_00161	-4
HIMB1427-00000000001	168102	168884	-	HIMB1427_00158	HIMB1427	260	OG0000143	K01995	branched-chain amino acid transport system ATP-binding protein	COG0411	LivG	ABC-type branched-chain amino acid transport system, ATPase component LivG	HIMB1427_00161	-3
HIMB1427-00000000001	168888	169655	-	HIMB1427_00159	HIMB1427	255	OG0000676	NA	NA	COG0345	ProC	Pyrroline-5-carboxylate reductase	HIMB1427_00161	-2
HIMB1427-00000000001	169685	170596	-	HIMB1427_00160	HIMB1427	303	OG0001090	K15737	glutarate dioxygenase [EC:1.14.11.64]	NA	NA	NA	HIMB1427_00161	-1
HIMB1427-00000000001	170605	170934	-	HIMB1427_00161	HIMB1427	109	OG0001083	NA	NA	COG4392	AzlD2	Branched-chain amino acid transport protein	HIMB1427_00161	0
HIMB1427-00000000001	170921	171628	-	HIMB1427_00162	HIMB1427	235	OG0001073	NA	NA	COG1296	AzlC	Predicted branched-chain amino acid permease (azaleucine resistance)	HIMB1427_00161	1
HIMB1427-00000000001	171628	172413	-	HIMB1427_00163	HIMB1427	261	OG0001077	NA	NA	COG0410	LivF	ABC-type branched-chain amino acid transport system, ATPase component LivF	HIMB1427_00161	2
HIMB1427-00000000001	172413	173153	-	HIMB1427_00164	HIMB1427	246	OG0000928	K01995	branched-chain amino acid transport system ATP-binding protein	COG0411	LivG	ABC-type branched-chain amino acid transport system, ATPase component LivG	HIMB1427_00161	3
HIMB1427-00000000001	173150	174199	-	HIMB1427_00165	HIMB1427	349	OG0001109	NA	NA	COG4177	LivM	ABC-type branched-chain amino acid transport system, permease component	HIMB1427_00161	4
HIMB1427-00000000001	174199	175092	-	HIMB1427_00166	HIMB1427	297	OG0001134	K01997	branched-chain amino acid transport system permease protein	COG0559	LivH	Branched-chain amino acid ABC-type transport system, permease component	HIMB1427_00161	5
HIMB1430-00000000003	70002	70184	+	HIMB1430_00442	HIMB1430	60	OG0001356	NA	NA	NA	NA	NA	HIMB1430_00447	-5
HIMB1430-00000000003	70171	71223	+	HIMB1430_00443	HIMB1430	350	OG0001109	NA	NA	COG4177	LivM	ABC-type branched-chain amino acid transport system, permease component	HIMB1430_00447	-4
HIMB1430-00000000003	71220	71960	+	HIMB1430_00444	HIMB1430	246	OG0000928	K01995	branched-chain amino acid transport system ATP-binding protein	COG0411	LivG	ABC-type branched-chain amino acid transport system, ATPase component LivG	HIMB1430_00447	-3
HIMB1430-00000000003	71960	72745	+	HIMB1430_00445	HIMB1430	261	OG0001077	NA	NA	COG0410	LivF	ABC-type branched-chain amino acid transport system, ATPase component LivF	HIMB1430_00447	-2
HIMB1430-00000000003	72745	73449	+	HIMB1430_00446	HIMB1430	234	OG0001073	NA	NA	COG1296	AzlC	Predicted branched-chain amino acid permease (azaleucine resistance)	HIMB1430_00447	-1
HIMB1430-00000000003	73439	73762	+	HIMB1430_00447	HIMB1430	107	OG0001083	NA	NA	COG4392	AzlD2	Branched-chain amino acid transport protein	HIMB1430_00447	0
HIMB1430-00000000003	73803	74714	+	HIMB1430_00448	HIMB1430	303	OG0001090	K15737	glutarate dioxygenase [EC:1.14.11.64]	NA	NA	NA	HIMB1430_00447	1
HIMB1430-00000000003	74749	75516	+	HIMB1430_00449	HIMB1430	255	OG0000676	NA	NA	COG0345	ProC	Pyrroline-5-carboxylate reductase	HIMB1430_00447	2
HIMB1430-00000000003	75517	76305	+	HIMB1430_00450	HIMB1430	262	OG0000143	K01995	branched-chain amino acid transport system ATP-binding protein	COG0411	LivG	ABC-type branched-chain amino acid transport system, ATPase component LivG	HIMB1430_00447	3
HIMB1430-00000000003	76305	77012	+	HIMB1430_00451	HIMB1430	235	OG0000065	K01996	branched-chain amino acid transport system ATP-binding protein	COG0410	LivF	ABC-type branched-chain amino acid transport system, ATPase component LivF	HIMB1430_00447	4
HIMB1430-00000000003	77014	78024	+	HIMB1430_00452	HIMB1430	336	OG0000021	K01997	branched-chain amino acid transport system permease protein	COG0559	LivH	Branched-chain amino acid ABC-type transport system, permease component	HIMB1430_00447	5
HIMB1437-00000000001	996792	997685	+	HIMB1437_01075	HIMB1437	297	OG0001225	K01997	branched-chain amino acid transport system permease protein	COG0559	LivH	Branched-chain amino acid ABC-type transport system, permease component	HIMB1437_01080	-5
HIMB1437-00000000001	997685	998734	+	HIMB1437_01076	HIMB1437	349	OG0001109	NA	NA	COG4177	LivM	ABC-type branched-chain amino acid transport system, permease component	HIMB1437_01080	-4
HIMB1437-00000000001	998731	999471	+	HIMB1437_01077	HIMB1437	246	OG0000928	K01995	branched-chain amino acid transport system ATP-binding protein	COG0411	LivG	ABC-type branched-chain amino acid transport system, ATPase component LivG	HIMB1437_01080	-3
HIMB1437-00000000001	999471	1000256	+	HIMB1437_01078	HIMB1437	261	OG0001077	NA	NA	COG0410	LivF	ABC-type branched-chain amino acid transport system, ATPase component LivF	HIMB1437_01080	-2
HIMB1437-00000000001	1000256	1000960	+	HIMB1437_01079	HIMB1437	234	OG0001073	NA	NA	COG1296	AzlC	Predicted branched-chain amino acid permease (azaleucine resistance)	HIMB1437_01080	-1
HIMB1437-00000000001	1000950	1001273	+	HIMB1437_01080	HIMB1437	107	OG0001083	NA	NA	COG4392	AzlD2	Branched-chain amino acid transport protein	HIMB1437_01080	0
HIMB1437-00000000001	1001270	1002184	+	HIMB1437_01081	HIMB1437	304	OG0001090	K15737	glutarate dioxygenase [EC:1.14.11.64]	NA	NA	NA	HIMB1437_01080	1
HIMB1437-00000000001	1002211	1002978	+	HIMB1437_01082	HIMB1437	255	OG0000676	NA	NA	COG0345	ProC	Pyrroline-5-carboxylate reductase	HIMB1437_01080	2
HIMB1437-00000000001	1002982	1003767	+	HIMB1437_01083	HIMB1437	261	OG0000143	K01995	branched-chain amino acid transport system ATP-binding protein	COG0411	LivG	ABC-type branched-chain amino acid transport system, ATPase component LivG	HIMB1437_01080	3
HIMB1437-00000000001	1003770	1004477	+	HIMB1437_01084	HIMB1437	235	OG0000065	K01996	branched-chain amino acid transport system ATP-binding protein	COG0410	LivF	ABC-type branched-chain amino acid transport system, ATPase component LivF	HIMB1437_01080	4
HIMB1437-00000000001	1004479	1005489	+	HIMB1437_01085	HIMB1437	336	OG0000021	K01997	branched-chain amino acid transport system permease protein	COG0559	LivH	Branched-chain amino acid ABC-type transport system, permease component	HIMB1437_01080	5
HIMB1444-00000000002	578585	579595	-	HIMB1444_01045	HIMB1444	336	OG0000021	K01997	branched-chain amino acid transport system permease protein	COG0559	LivH	Branched-chain amino acid ABC-type transport system, permease component	HIMB1444_01050	-5
HIMB1444-00000000002	579597	580304	-	HIMB1444_01046	HIMB1444	235	OG0000065	K01996	branched-chain amino acid transport system ATP-binding protein	COG0410	LivF	ABC-type branched-chain amino acid transport system, ATPase component LivF	HIMB1444_01050	-4
HIMB1444-00000000002	580304	581092	-	HIMB1444_01047	HIMB1444	262	OG0000143	K01995	branched-chain amino acid transport system ATP-binding protein	COG0411	LivG	ABC-type branched-chain amino acid transport system, ATPase component LivG	HIMB1444_01050	-3
HIMB1444-00000000002	581098	581865	-	HIMB1444_01048	HIMB1444	255	OG0000676	NA	NA	COG0345	ProC	Pyrroline-5-carboxylate reductase	HIMB1444_01050	-2
HIMB1444-00000000002	581898	582809	-	HIMB1444_01049	HIMB1444	303	OG0001090	K15737	glutarate dioxygenase [EC:1.14.11.64]	NA	NA	NA	HIMB1444_01050	-1
HIMB1444-00000000002	582849	583172	-	HIMB1444_01050	HIMB1444	107	OG0001083	NA	NA	COG4392	AzlD2	Branched-chain amino acid transport protein	HIMB1444_01050	0
HIMB1444-00000000002	583162	583866	-	HIMB1444_01051	HIMB1444	234	OG0001073	NA	NA	COG1296	AzlC	Predicted branched-chain amino acid permease (azaleucine resistance)	HIMB1444_01050	1
HIMB1444-00000000002	583866	584651	-	HIMB1444_01052	HIMB1444	261	OG0001077	NA	NA	COG0410	LivF	ABC-type branched-chain amino acid transport system, ATPase component LivF	HIMB1444_01050	2
HIMB1444-00000000002	584651	585391	-	HIMB1444_01053	HIMB1444	246	OG0000928	K01995	branched-chain amino acid transport system ATP-binding protein	COG0411	LivG	ABC-type branched-chain amino acid transport system, ATPase component LivG	HIMB1444_01050	3
HIMB1444-00000000002	585388	586440	-	HIMB1444_01054	HIMB1444	350	OG0001109	NA	NA	COG4177	LivM	ABC-type branched-chain amino acid transport system, permease component	HIMB1444_01050	4
HIMB1444-00000000002	586427	586609	-	HIMB1444_01055	HIMB1444	60	OG0001356	NA	NA	NA	NA	NA	HIMB1444_01050	5
HIMB1456-00000000016	76347	77240	+	HIMB1456_01174	HIMB1456	297	OG0001225	K01997	branched-chain amino acid transport system permease protein	COG0559	LivH	Branched-chain amino acid ABC-type transport system, permease component	HIMB1456_01179	-5
HIMB1456-00000000016	77240	78289	+	HIMB1456_01175	HIMB1456	349	OG0001109	NA	NA	COG4177	LivM	ABC-type branched-chain amino acid transport system, permease component	HIMB1456_01179	-4
HIMB1456-00000000016	78286	79026	+	HIMB1456_01176	HIMB1456	246	OG0000928	K01995	branched-chain amino acid transport system ATP-binding protein	COG0411	LivG	ABC-type branched-chain amino acid transport system, ATPase component LivG	HIMB1456_01179	-3
HIMB1456-00000000016	79026	79811	+	HIMB1456_01177	HIMB1456	261	OG0001077	NA	NA	COG0410	LivF	ABC-type branched-chain amino acid transport system, ATPase component LivF	HIMB1456_01179	-2
HIMB1456-00000000016	79811	80515	+	HIMB1456_01178	HIMB1456	234	OG0001073	NA	NA	COG1296	AzlC	Predicted branched-chain amino acid permease (azaleucine resistance)	HIMB1456_01179	-1
HIMB1456-00000000016	80505	80828	+	HIMB1456_01179	HIMB1456	107	OG0001083	NA	NA	COG4392	AzlD2	Branched-chain amino acid transport protein	HIMB1456_01179	0
HIMB1456-00000000016	80868	81782	+	HIMB1456_01180	HIMB1456	304	OG0001090	K15737	glutarate dioxygenase [EC:1.14.11.64]	NA	NA	NA	HIMB1456_01179	1
HIMB1456-00000000016	81979	82632	+	HIMB1456_01181	HIMB1456	217	OG0001361	NA	NA	COG3637	LomR	Opacity protein LomR and related surface antigens	HIMB1456_01179	2
HIMB1456-00000000016	82707	83474	+	HIMB1456_01182	HIMB1456	255	OG0000676	NA	NA	COG0345	ProC	Pyrroline-5-carboxylate reductase	HIMB1456_01179	3
HIMB1456-00000000016	83480	84268	+	HIMB1456_01183	HIMB1456	262	OG0000143	K01995	branched-chain amino acid transport system ATP-binding protein	COG0411	LivG	ABC-type branched-chain amino acid transport system, ATPase component LivG	HIMB1456_01179	4
HIMB1456-00000000016	84268	84975	+	HIMB1456_01184	HIMB1456	235	OG0000065	K01996	branched-chain amino acid transport system ATP-binding protein	COG0410	LivF	ABC-type branched-chain amino acid transport system, ATPase component LivF	HIMB1456_01179	5
HIMB1463-00000000013	8	337	-	HIMB1463_00740	HIMB1463	109	OG0001083	NA	NA	COG4392	AzlD2	Branched-chain amino acid transport protein	HIMB1463_00740	0
HIMB1463-00000000013	327	1031	-	HIMB1463_00741	HIMB1463	234	OG0001073	NA	NA	COG1296	AzlC	Predicted branched-chain amino acid permease (azaleucine resistance)	HIMB1463_00740	1
HIMB1463-00000000013	1031	1816	-	HIMB1463_00742	HIMB1463	261	OG0001077	NA	NA	COG0410	LivF	ABC-type branched-chain amino acid transport system, ATPase component LivF	HIMB1463_00740	2
HIMB1463-00000000013	1816	2556	-	HIMB1463_00743	HIMB1463	246	OG0000928	K01995	branched-chain amino acid transport system ATP-binding protein	COG0411	LivG	ABC-type branched-chain amino acid transport system, ATPase component LivG	HIMB1463_00740	3
HIMB1463-00000000013	2553	3602	-	HIMB1463_00744	HIMB1463	349	OG0001109	NA	NA	COG4177	LivM	ABC-type branched-chain amino acid transport system, permease component	HIMB1463_00740	4
HIMB1463-00000000013	3602	4495	-	HIMB1463_00745	HIMB1463	297	OG0001134	K01997	branched-chain amino acid transport system permease protein	COG0559	LivH	Branched-chain amino acid ABC-type transport system, permease component	HIMB1463_00740	5
HIMB1483-00000000002	997057	998067	-	HIMB1483_01213	HIMB1483	336	OG0000021	K01997	branched-chain amino acid transport system permease protein	COG0559	LivH	Branched-chain amino acid ABC-type transport system, permease component	HIMB1483_01218	-5
HIMB1483-00000000002	998069	998776	-	HIMB1483_01214	HIMB1483	235	OG0000065	K01996	branched-chain amino acid transport system ATP-binding protein	COG0410	LivF	ABC-type branched-chain amino acid transport system, ATPase component LivF	HIMB1483_01218	-4
HIMB1483-00000000002	998779	999564	-	HIMB1483_01215	HIMB1483	261	OG0000143	K01995	branched-chain amino acid transport system ATP-binding protein	COG0411	LivG	ABC-type branched-chain amino acid transport system, ATPase component LivG	HIMB1483_01218	-3
HIMB1483-00000000002	999568	1000335	-	HIMB1483_01216	HIMB1483	255	OG0000676	NA	NA	COG0345	ProC	Pyrroline-5-carboxylate reductase	HIMB1483_01218	-2
HIMB1483-00000000002	1000365	1001279	-	HIMB1483_01217	HIMB1483	304	OG0001090	K15737	glutarate dioxygenase [EC:1.14.11.64]	NA	NA	NA	HIMB1483_01218	-1
HIMB1483-00000000002	1001276	1001599	-	HIMB1483_01218	HIMB1483	107	OG0001083	NA	NA	COG4392	AzlD2	Branched-chain amino acid transport protein	HIMB1483_01218	0
HIMB1483-00000000002	1001589	1002293	-	HIMB1483_01219	HIMB1483	234	OG0001073	NA	NA	COG1296	AzlC	Predicted branched-chain amino acid permease (azaleucine resistance)	HIMB1483_01218	1
HIMB1483-00000000002	1002293	1003078	-	HIMB1483_01220	HIMB1483	261	OG0001077	NA	NA	COG0410	LivF	ABC-type branched-chain amino acid transport system, ATPase component LivF	HIMB1483_01218	2
HIMB1483-00000000002	1003078	1003818	-	HIMB1483_01221	HIMB1483	246	OG0000928	K01995	branched-chain amino acid transport system ATP-binding protein	COG0411	LivG	ABC-type branched-chain amino acid transport system, ATPase component LivG	HIMB1483_01218	3
HIMB1483-00000000002	1003815	1004864	-	HIMB1483_01222	HIMB1483	349	OG0001109	NA	NA	COG4177	LivM	ABC-type branched-chain amino acid transport system, permease component	HIMB1483_01218	4
HIMB1483-00000000002	1004864	1005757	-	HIMB1483_01223	HIMB1483	297	OG0001225	K01997	branched-chain amino acid transport system permease protein	COG0559	LivH	Branched-chain amino acid ABC-type transport system, permease component	HIMB1483_01218	5
HIMB1485-00000000002	346316	347326	-	HIMB1485_00861	HIMB1485	336	OG0000021	K01997	branched-chain amino acid transport system permease protein	COG0559	LivH	Branched-chain amino acid ABC-type transport system, permease component	HIMB1485_00866	-5
HIMB1485-00000000002	347328	348035	-	HIMB1485_00862	HIMB1485	235	OG0000065	K01996	branched-chain amino acid transport system ATP-binding protein	COG0410	LivF	ABC-type branched-chain amino acid transport system, ATPase component LivF	HIMB1485_00866	-4
HIMB1485-00000000002	348035	348823	-	HIMB1485_00863	HIMB1485	262	OG0000143	K01995	branched-chain amino acid transport system ATP-binding protein	COG0411	LivG	ABC-type branched-chain amino acid transport system, ATPase component LivG	HIMB1485_00866	-3
HIMB1485-00000000002	348824	349591	-	HIMB1485_00864	HIMB1485	255	OG0000676	NA	NA	COG0345	ProC	Pyrroline-5-carboxylate reductase	HIMB1485_00866	-2
HIMB1485-00000000002	349626	350537	-	HIMB1485_00865	HIMB1485	303	OG0001090	K15737	glutarate dioxygenase [EC:1.14.11.64]	NA	NA	NA	HIMB1485_00866	-1
HIMB1485-00000000002	350578	350901	-	HIMB1485_00866	HIMB1485	107	OG0001083	NA	NA	COG4392	AzlD2	Branched-chain amino acid transport protein	HIMB1485_00866	0
HIMB1485-00000000002	350891	351595	-	HIMB1485_00867	HIMB1485	234	OG0001073	NA	NA	COG1296	AzlC	Predicted branched-chain amino acid permease (azaleucine resistance)	HIMB1485_00866	1
HIMB1485-00000000002	351595	352380	-	HIMB1485_00868	HIMB1485	261	OG0001077	NA	NA	COG0410	LivF	ABC-type branched-chain amino acid transport system, ATPase component LivF	HIMB1485_00866	2
HIMB1485-00000000002	352380	353120	-	HIMB1485_00869	HIMB1485	246	OG0000928	K01995	branched-chain amino acid transport system ATP-binding protein	COG0411	LivG	ABC-type branched-chain amino acid transport system, ATPase component LivG	HIMB1485_00866	3
HIMB1485-00000000002	353117	354169	-	HIMB1485_00870	HIMB1485	350	OG0001109	NA	NA	COG4177	LivM	ABC-type branched-chain amino acid transport system, permease component	HIMB1485_00866	4
HIMB1485-00000000002	354156	354338	-	HIMB1485_00871	HIMB1485	60	OG0001356	NA	NA	NA	NA	NA	HIMB1485_00866	5
HIMB1488-00000000001	1146890	1147900	-	HIMB1488_01247	HIMB1488	336	OG0000021	K01997	branched-chain amino acid transport system permease protein	COG0559	LivH	Branched-chain amino acid ABC-type transport system, permease component	HIMB1488_01252	-5
HIMB1488-00000000001	1147902	1148609	-	HIMB1488_01248	HIMB1488	235	OG0000065	K01996	branched-chain amino acid transport system ATP-binding protein	COG0410	LivF	ABC-type branched-chain amino acid transport system, ATPase component LivF	HIMB1488_01252	-4
HIMB1488-00000000001	1148609	1149397	-	HIMB1488_01249	HIMB1488	262	OG0000143	K01995	branched-chain amino acid transport system ATP-binding protein	COG0411	LivG	ABC-type branched-chain amino acid transport system, ATPase component LivG	HIMB1488_01252	-3
HIMB1488-00000000001	1149398	1150165	-	HIMB1488_01250	HIMB1488	255	OG0000676	NA	NA	COG0345	ProC	Pyrroline-5-carboxylate reductase	HIMB1488_01252	-2
HIMB1488-00000000001	1150200	1151111	-	HIMB1488_01251	HIMB1488	303	OG0001090	K15737	glutarate dioxygenase [EC:1.14.11.64]	NA	NA	NA	HIMB1488_01252	-1
HIMB1488-00000000001	1151152	1151475	-	HIMB1488_01252	HIMB1488	107	OG0001083	NA	NA	COG4392	AzlD2	Branched-chain amino acid transport protein	HIMB1488_01252	0
HIMB1488-00000000001	1151465	1152169	-	HIMB1488_01253	HIMB1488	234	OG0001073	NA	NA	COG1296	AzlC	Predicted branched-chain amino acid permease (azaleucine resistance)	HIMB1488_01252	1
HIMB1488-00000000001	1152169	1152954	-	HIMB1488_01254	HIMB1488	261	OG0001077	NA	NA	COG0410	LivF	ABC-type branched-chain amino acid transport system, ATPase component LivF	HIMB1488_01252	2
HIMB1488-00000000001	1152954	1153694	-	HIMB1488_01255	HIMB1488	246	OG0000928	K01995	branched-chain amino acid transport system ATP-binding protein	COG0411	LivG	ABC-type branched-chain amino acid transport system, ATPase component LivG	HIMB1488_01252	3
HIMB1488-00000000001	1153691	1154743	-	HIMB1488_01256	HIMB1488	350	OG0001109	NA	NA	COG4177	LivM	ABC-type branched-chain amino acid transport system, permease component	HIMB1488_01252	4
HIMB1488-00000000001	1154730	1154912	-	HIMB1488_01257	HIMB1488	60	OG0001356	NA	NA	NA	NA	NA	HIMB1488_01252	5
HIMB1490-00000000004	37445	38455	-	HIMB1490_00273	HIMB1490	336	OG0000021	K01997	branched-chain amino acid transport system permease protein	COG0559	LivH	Branched-chain amino acid ABC-type transport system, permease component	HIMB1490_00278	-5
HIMB1490-00000000004	38457	39164	-	HIMB1490_00274	HIMB1490	235	OG0000065	K01996	branched-chain amino acid transport system ATP-binding protein	COG0410	LivF	ABC-type branched-chain amino acid transport system, ATPase component LivF	HIMB1490_00278	-4
HIMB1490-00000000004	39164	39952	-	HIMB1490_00275	HIMB1490	262	OG0000143	K01995	branched-chain amino acid transport system ATP-binding protein	COG0411	LivG	ABC-type branched-chain amino acid transport system, ATPase component LivG	HIMB1490_00278	-3
HIMB1490-00000000004	39953	40720	-	HIMB1490_00276	HIMB1490	255	OG0000676	NA	NA	COG0345	ProC	Pyrroline-5-carboxylate reductase	HIMB1490_00278	-2
HIMB1490-00000000004	40755	41666	-	HIMB1490_00277	HIMB1490	303	OG0001090	K15737	glutarate dioxygenase [EC:1.14.11.64]	NA	NA	NA	HIMB1490_00278	-1
HIMB1490-00000000004	41707	42030	-	HIMB1490_00278	HIMB1490	107	OG0001083	NA	NA	COG4392	AzlD2	Branched-chain amino acid transport protein	HIMB1490_00278	0
HIMB1490-00000000004	42020	42724	-	HIMB1490_00279	HIMB1490	234	OG0001073	NA	NA	COG1296	AzlC	Predicted branched-chain amino acid permease (azaleucine resistance)	HIMB1490_00278	1
HIMB1490-00000000004	42724	43509	-	HIMB1490_00280	HIMB1490	261	OG0001077	NA	NA	COG0410	LivF	ABC-type branched-chain amino acid transport system, ATPase component LivF	HIMB1490_00278	2
HIMB1490-00000000004	43509	44249	-	HIMB1490_00281	HIMB1490	246	OG0000928	K01995	branched-chain amino acid transport system ATP-binding protein	COG0411	LivG	ABC-type branched-chain amino acid transport system, ATPase component LivG	HIMB1490_00278	3
HIMB1490-00000000004	44246	45298	-	HIMB1490_00282	HIMB1490	350	OG0001109	NA	NA	COG4177	LivM	ABC-type branched-chain amino acid transport system, permease component	HIMB1490_00278	4
HIMB1490-00000000004	45285	45467	-	HIMB1490_00283	HIMB1490	60	OG0001356	NA	NA	NA	NA	NA	HIMB1490_00278	5
HIMB1491-00000000001	754438	754620	+	HIMB1491_00781	HIMB1491	60	OG0001356	NA	NA	NA	NA	NA	HIMB1491_00786	-5
HIMB1491-00000000001	754607	755659	+	HIMB1491_00782	HIMB1491	350	OG0001109	NA	NA	COG4177	LivM	ABC-type branched-chain amino acid transport system, permease component	HIMB1491_00786	-4
HIMB1491-00000000001	755656	756396	+	HIMB1491_00783	HIMB1491	246	OG0000928	K01995	branched-chain amino acid transport system ATP-binding protein	COG0411	LivG	ABC-type branched-chain amino acid transport system, ATPase component LivG	HIMB1491_00786	-3
HIMB1491-00000000001	756396	757181	+	HIMB1491_00784	HIMB1491	261	OG0001077	NA	NA	COG0410	LivF	ABC-type branched-chain amino acid transport system, ATPase component LivF	HIMB1491_00786	-2
HIMB1491-00000000001	757181	757885	+	HIMB1491_00785	HIMB1491	234	OG0001073	NA	NA	COG1296	AzlC	Predicted branched-chain amino acid permease (azaleucine resistance)	HIMB1491_00786	-1
HIMB1491-00000000001	757875	758198	+	HIMB1491_00786	HIMB1491	107	OG0001083	NA	NA	COG4392	AzlD2	Branched-chain amino acid transport protein	HIMB1491_00786	0
HIMB1491-00000000001	758239	759150	+	HIMB1491_00787	HIMB1491	303	OG0001090	K15737	glutarate dioxygenase [EC:1.14.11.64]	NA	NA	NA	HIMB1491_00786	1
HIMB1491-00000000001	759185	759952	+	HIMB1491_00788	HIMB1491	255	OG0000676	NA	NA	COG0345	ProC	Pyrroline-5-carboxylate reductase	HIMB1491_00786	2
HIMB1491-00000000001	759953	760741	+	HIMB1491_00789	HIMB1491	262	OG0000143	K01995	branched-chain amino acid transport system ATP-binding protein	COG0411	LivG	ABC-type branched-chain amino acid transport system, ATPase component LivG	HIMB1491_00786	3
HIMB1491-00000000001	760741	761448	+	HIMB1491_00790	HIMB1491	235	OG0000065	K01996	branched-chain amino acid transport system ATP-binding protein	COG0410	LivF	ABC-type branched-chain amino acid transport system, ATPase component LivF	HIMB1491_00786	4
HIMB1491-00000000001	761450	762460	+	HIMB1491_00791	HIMB1491	336	OG0000021	K01997	branched-chain amino acid transport system permease protein	COG0559	LivH	Branched-chain amino acid ABC-type transport system, permease component	HIMB1491_00786	5
HIMB1492-00000000091	9	776	-	HIMB1492_00914	HIMB1492	255	OG0000676	NA	NA	COG0345	ProC	Pyrroline-5-carboxylate reductase	HIMB1492_00916	-2
HIMB1492-00000000091	811	1722	-	HIMB1492_00915	HIMB1492	303	OG0001090	K15737	glutarate dioxygenase [EC:1.14.11.64]	NA	NA	NA	HIMB1492_00916	-1
HIMB1492-00000000091	1763	2086	-	HIMB1492_00916	HIMB1492	107	OG0001083	NA	NA	COG4392	AzlD2	Branched-chain amino acid transport protein	HIMB1492_00916	0
HIMB1492-00000000091	2076	2780	-	HIMB1492_00917	HIMB1492	234	OG0001073	NA	NA	COG1296	AzlC	Predicted branched-chain amino acid permease (azaleucine resistance)	HIMB1492_00916	1
HIMB1492-00000000091	2780	3565	-	HIMB1492_00918	HIMB1492	261	OG0001077	NA	NA	COG0410	LivF	ABC-type branched-chain amino acid transport system, ATPase component LivF	HIMB1492_00916	2
HIMB1492-00000000091	3565	4305	-	HIMB1492_00919	HIMB1492	246	OG0000928	K01995	branched-chain amino acid transport system ATP-binding protein	COG0411	LivG	ABC-type branched-chain amino acid transport system, ATPase component LivG	HIMB1492_00916	3
HIMB1492-00000000091	4302	4706	-	HIMB1492_00920	HIMB1492	134	OG0001109	NA	NA	COG4177	LivM	ABC-type branched-chain amino acid transport system, permease component	HIMB1492_00916	4
HIMB1493-00000000001	78500	78682	+	HIMB1493_00087	HIMB1493	60	OG0001356	NA	NA	NA	NA	NA	HIMB1493_00092	-5
HIMB1493-00000000001	78669	79721	+	HIMB1493_00088	HIMB1493	350	OG0001109	NA	NA	COG4177	LivM	ABC-type branched-chain amino acid transport system, permease component	HIMB1493_00092	-4
HIMB1493-00000000001	79718	80458	+	HIMB1493_00089	HIMB1493	246	OG0000928	K01995	branched-chain amino acid transport system ATP-binding protein	COG0411	LivG	ABC-type branched-chain amino acid transport system, ATPase component LivG	HIMB1493_00092	-3
HIMB1493-00000000001	80458	81243	+	HIMB1493_00090	HIMB1493	261	OG0001077	NA	NA	COG0410	LivF	ABC-type branched-chain amino acid transport system, ATPase component LivF	HIMB1493_00092	-2
HIMB1493-00000000001	81243	81947	+	HIMB1493_00091	HIMB1493	234	OG0001073	NA	NA	COG1296	AzlC	Predicted branched-chain amino acid permease (azaleucine resistance)	HIMB1493_00092	-1
HIMB1493-00000000001	81937	82260	+	HIMB1493_00092	HIMB1493	107	OG0001083	NA	NA	COG4392	AzlD2	Branched-chain amino acid transport protein	HIMB1493_00092	0
HIMB1493-00000000001	82301	83212	+	HIMB1493_00093	HIMB1493	303	OG0001090	K15737	glutarate dioxygenase [EC:1.14.11.64]	NA	NA	NA	HIMB1493_00092	1
HIMB1493-00000000001	83247	84014	+	HIMB1493_00094	HIMB1493	255	OG0000676	NA	NA	COG0345	ProC	Pyrroline-5-carboxylate reductase	HIMB1493_00092	2
HIMB1493-00000000001	84015	84803	+	HIMB1493_00095	HIMB1493	262	OG0000143	K01995	branched-chain amino acid transport system ATP-binding protein	COG0411	LivG	ABC-type branched-chain amino acid transport system, ATPase component LivG	HIMB1493_00092	3
HIMB1493-00000000001	84803	85510	+	HIMB1493_00096	HIMB1493	235	OG0000065	K01996	branched-chain amino acid transport system ATP-binding protein	COG0410	LivF	ABC-type branched-chain amino acid transport system, ATPase component LivF	HIMB1493_00092	4
HIMB1493-00000000001	85512	86522	+	HIMB1493_00097	HIMB1493	336	OG0000021	K01997	branched-chain amino acid transport system permease protein	COG0559	LivH	Branched-chain amino acid ABC-type transport system, permease component	HIMB1493_00092	5
HIMB1494-00000000002	345379	346389	-	HIMB1494_01468	HIMB1494	336	OG0000021	K01997	branched-chain amino acid transport system permease protein	COG0559	LivH	Branched-chain amino acid ABC-type transport system, permease component	HIMB1494_01473	-5
HIMB1494-00000000002	346391	347098	-	HIMB1494_01469	HIMB1494	235	OG0000065	K01996	branched-chain amino acid transport system ATP-binding protein	COG0410	LivF	ABC-type branched-chain amino acid transport system, ATPase component LivF	HIMB1494_01473	-4
HIMB1494-00000000002	347098	347886	-	HIMB1494_01470	HIMB1494	262	OG0000143	K01995	branched-chain amino acid transport system ATP-binding protein	COG0411	LivG	ABC-type branched-chain amino acid transport system, ATPase component LivG	HIMB1494_01473	-3
HIMB1494-00000000002	347887	348654	-	HIMB1494_01471	HIMB1494	255	OG0000676	NA	NA	COG0345	ProC	Pyrroline-5-carboxylate reductase	HIMB1494_01473	-2
HIMB1494-00000000002	348689	349600	-	HIMB1494_01472	HIMB1494	303	OG0001090	K15737	glutarate dioxygenase [EC:1.14.11.64]	NA	NA	NA	HIMB1494_01473	-1
HIMB1494-00000000002	349641	349964	-	HIMB1494_01473	HIMB1494	107	OG0001083	NA	NA	COG4392	AzlD2	Branched-chain amino acid transport protein	HIMB1494_01473	0
HIMB1494-00000000002	349954	350658	-	HIMB1494_01474	HIMB1494	234	OG0001073	NA	NA	COG1296	AzlC	Predicted branched-chain amino acid permease (azaleucine resistance)	HIMB1494_01473	1
HIMB1494-00000000002	350658	351443	-	HIMB1494_01475	HIMB1494	261	OG0001077	NA	NA	COG0410	LivF	ABC-type branched-chain amino acid transport system, ATPase component LivF	HIMB1494_01473	2
HIMB1494-00000000002	351443	352183	-	HIMB1494_01476	HIMB1494	246	OG0000928	K01995	branched-chain amino acid transport system ATP-binding protein	COG0411	LivG	ABC-type branched-chain amino acid transport system, ATPase component LivG	HIMB1494_01473	3
HIMB1494-00000000002	352180	353232	-	HIMB1494_01477	HIMB1494	350	OG0001109	NA	NA	COG4177	LivM	ABC-type branched-chain amino acid transport system, permease component	HIMB1494_01473	4
HIMB1494-00000000002	353219	353401	-	HIMB1494_01478	HIMB1494	60	OG0001356	NA	NA	NA	NA	NA	HIMB1494_01473	5
HIMB1495-00000000001	1339964	1340974	-	HIMB1495_01446	HIMB1495	336	OG0000021	K01997	branched-chain amino acid transport system permease protein	COG0559	LivH	Branched-chain amino acid ABC-type transport system, permease component	HIMB1495_01451	-5
HIMB1495-00000000001	1340976	1341683	-	HIMB1495_01447	HIMB1495	235	OG0000065	K01996	branched-chain amino acid transport system ATP-binding protein	COG0410	LivF	ABC-type branched-chain amino acid transport system, ATPase component LivF	HIMB1495_01451	-4
HIMB1495-00000000001	1341683	1342471	-	HIMB1495_01448	HIMB1495	262	OG0000143	K01995	branched-chain amino acid transport system ATP-binding protein	COG0411	LivG	ABC-type branched-chain amino acid transport system, ATPase component LivG	HIMB1495_01451	-3
HIMB1495-00000000001	1342472	1343239	-	HIMB1495_01449	HIMB1495	255	OG0000676	NA	NA	COG0345	ProC	Pyrroline-5-carboxylate reductase	HIMB1495_01451	-2
HIMB1495-00000000001	1343274	1344185	-	HIMB1495_01450	HIMB1495	303	OG0001090	K15737	glutarate dioxygenase [EC:1.14.11.64]	NA	NA	NA	HIMB1495_01451	-1
HIMB1495-00000000001	1344226	1344549	-	HIMB1495_01451	HIMB1495	107	OG0001083	NA	NA	COG4392	AzlD2	Branched-chain amino acid transport protein	HIMB1495_01451	0
HIMB1495-00000000001	1344539	1345243	-	HIMB1495_01452	HIMB1495	234	OG0001073	NA	NA	COG1296	AzlC	Predicted branched-chain amino acid permease (azaleucine resistance)	HIMB1495_01451	1
HIMB1495-00000000001	1345243	1346028	-	HIMB1495_01453	HIMB1495	261	OG0001077	NA	NA	COG0410	LivF	ABC-type branched-chain amino acid transport system, ATPase component LivF	HIMB1495_01451	2
HIMB1495-00000000001	1346028	1346768	-	HIMB1495_01454	HIMB1495	246	OG0000928	K01995	branched-chain amino acid transport system ATP-binding protein	COG0411	LivG	ABC-type branched-chain amino acid transport system, ATPase component LivG	HIMB1495_01451	3
HIMB1495-00000000001	1346765	1347817	-	HIMB1495_01455	HIMB1495	350	OG0001109	NA	NA	COG4177	LivM	ABC-type branched-chain amino acid transport system, permease component	HIMB1495_01451	4
HIMB1495-00000000001	1347804	1347986	-	HIMB1495_01456	HIMB1495	60	OG0001356	NA	NA	NA	NA	NA	HIMB1495_01451	5
HIMB1505-00000000002	79461	80402	+	HIMB1505_01351	HIMB1505	313	OG0001134	K01997	branched-chain amino acid transport system permease protein	COG0559	LivH	Branched-chain amino acid ABC-type transport system, permease component	HIMB1505_01356	-5
HIMB1505-00000000002	80402	81451	+	HIMB1505_01352	HIMB1505	349	OG0001109	NA	NA	COG4177	LivM	ABC-type branched-chain amino acid transport system, permease component	HIMB1505_01356	-4
HIMB1505-00000000002	81448	82188	+	HIMB1505_01353	HIMB1505	246	OG0000928	K01995	branched-chain amino acid transport system ATP-binding protein	COG0411	LivG	ABC-type branched-chain amino acid transport system, ATPase component LivG	HIMB1505_01356	-3
HIMB1505-00000000002	82188	82973	+	HIMB1505_01354	HIMB1505	261	OG0001077	NA	NA	COG0410	LivF	ABC-type branched-chain amino acid transport system, ATPase component LivF	HIMB1505_01356	-2
HIMB1505-00000000002	82975	83679	+	HIMB1505_01355	HIMB1505	234	OG0001073	NA	NA	NA	NA	NA	HIMB1505_01356	-1
HIMB1505-00000000002	83669	83992	+	HIMB1505_01356	HIMB1505	107	OG0001083	NA	NA	COG4392	AzlD2	Branched-chain amino acid transport protein	HIMB1505_01356	0
HIMB1505-00000000002	84003	84914	+	HIMB1505_01357	HIMB1505	303	OG0001090	K15737	glutarate dioxygenase [EC:1.14.11.64]	NA	NA	NA	HIMB1505_01356	1
HIMB1505-00000000002	85065	85709	+	HIMB1505_01358	HIMB1505	214	OG0001361	NA	NA	COG3637	LomR	Opacity protein LomR and related surface antigens	HIMB1505_01356	2
HIMB1505-00000000002	85802	86569	+	HIMB1505_01359	HIMB1505	255	OG0000676	NA	NA	COG0345	ProC	Pyrroline-5-carboxylate reductase	HIMB1505_01356	3
HIMB1505-00000000002	86571	87356	+	HIMB1505_01360	HIMB1505	261	OG0000143	K01995	branched-chain amino acid transport system ATP-binding protein	COG0411	LivG	ABC-type branched-chain amino acid transport system, ATPase component LivG	HIMB1505_01356	4
HIMB1505-00000000002	87358	87720	+	HIMB1505_01361	HIMB1505	120	OG0001605	NA	NA	COG5395	NA	Uncharacterized membrane protein, DUF2306 domain	HIMB1505_01356	5
HIMB1506-00000000001	122317	122499	+	HIMB1506_00125	HIMB1506	60	OG0001356	NA	NA	NA	NA	NA	HIMB1506_00130	-5
HIMB1506-00000000001	122486	123538	+	HIMB1506_00126	HIMB1506	350	OG0001109	NA	NA	COG4177	LivM	ABC-type branched-chain amino acid transport system, permease component	HIMB1506_00130	-4
HIMB1506-00000000001	123535	124275	+	HIMB1506_00127	HIMB1506	246	OG0000928	K01995	branched-chain amino acid transport system ATP-binding protein	COG0411	LivG	ABC-type branched-chain amino acid transport system, ATPase component LivG	HIMB1506_00130	-3
HIMB1506-00000000001	124275	125060	+	HIMB1506_00128	HIMB1506	261	OG0001077	NA	NA	COG0410	LivF	ABC-type branched-chain amino acid transport system, ATPase component LivF	HIMB1506_00130	-2
HIMB1506-00000000001	125060	125764	+	HIMB1506_00129	HIMB1506	234	OG0001073	NA	NA	COG1296	AzlC	Predicted branched-chain amino acid permease (azaleucine resistance)	HIMB1506_00130	-1
HIMB1506-00000000001	125754	126077	+	HIMB1506_00130	HIMB1506	107	OG0001083	NA	NA	COG4392	AzlD2	Branched-chain amino acid transport protein	HIMB1506_00130	0
HIMB1506-00000000001	126119	127030	+	HIMB1506_00131	HIMB1506	303	OG0001090	K15737	glutarate dioxygenase [EC:1.14.11.64]	NA	NA	NA	HIMB1506_00130	1
HIMB1506-00000000001	127065	127832	+	HIMB1506_00132	HIMB1506	255	OG0000676	NA	NA	COG0345	ProC	Pyrroline-5-carboxylate reductase	HIMB1506_00130	2
HIMB1506-00000000001	127833	128621	+	HIMB1506_00133	HIMB1506	262	OG0000143	K01995	branched-chain amino acid transport system ATP-binding protein	COG0411	LivG	ABC-type branched-chain amino acid transport system, ATPase component LivG	HIMB1506_00130	3
HIMB1506-00000000001	128621	129328	+	HIMB1506_00134	HIMB1506	235	OG0000065	K01996	branched-chain amino acid transport system ATP-binding protein	COG0410	LivF	ABC-type branched-chain amino acid transport system, ATPase component LivF	HIMB1506_00130	4
HIMB1506-00000000001	129330	130340	+	HIMB1506_00135	HIMB1506	336	OG0000021	K01997	branched-chain amino acid transport system permease protein	COG0559	LivH	Branched-chain amino acid ABC-type transport system, permease component	HIMB1506_00130	5
HIMB1507-00000000001	782876	783058	+	HIMB1507_00803	HIMB1507	60	OG0001356	NA	NA	NA	NA	NA	HIMB1507_00808	-5
HIMB1507-00000000001	783045	784097	+	HIMB1507_00804	HIMB1507	350	OG0001109	NA	NA	COG4177	LivM	ABC-type branched-chain amino acid transport system, permease component	HIMB1507_00808	-4
HIMB1507-00000000001	784094	784834	+	HIMB1507_00805	HIMB1507	246	OG0000928	K01995	branched-chain amino acid transport system ATP-binding protein	COG0411	LivG	ABC-type branched-chain amino acid transport system, ATPase component LivG	HIMB1507_00808	-3
HIMB1507-00000000001	784834	785619	+	HIMB1507_00806	HIMB1507	261	OG0001077	NA	NA	COG0410	LivF	ABC-type branched-chain amino acid transport system, ATPase component LivF	HIMB1507_00808	-2
HIMB1507-00000000001	785619	786323	+	HIMB1507_00807	HIMB1507	234	OG0001073	NA	NA	COG1296	AzlC	Predicted branched-chain amino acid permease (azaleucine resistance)	HIMB1507_00808	-1
HIMB1507-00000000001	786313	786636	+	HIMB1507_00808	HIMB1507	107	OG0001083	NA	NA	COG4392	AzlD2	Branched-chain amino acid transport protein	HIMB1507_00808	0
HIMB1507-00000000001	786677	787588	+	HIMB1507_00809	HIMB1507	303	OG0001090	K15737	glutarate dioxygenase [EC:1.14.11.64]	NA	NA	NA	HIMB1507_00808	1
HIMB1507-00000000001	787623	788390	+	HIMB1507_00810	HIMB1507	255	OG0000676	NA	NA	COG0345	ProC	Pyrroline-5-carboxylate reductase	HIMB1507_00808	2
HIMB1507-00000000001	788391	789179	+	HIMB1507_00811	HIMB1507	262	OG0000143	K01995	branched-chain amino acid transport system ATP-binding protein	COG0411	LivG	ABC-type branched-chain amino acid transport system, ATPase component LivG	HIMB1507_00808	3
HIMB1507-00000000001	789179	789886	+	HIMB1507_00812	HIMB1507	235	OG0000065	K01996	branched-chain amino acid transport system ATP-binding protein	COG0410	LivF	ABC-type branched-chain amino acid transport system, ATPase component LivF	HIMB1507_00808	4
HIMB1507-00000000001	789888	790898	+	HIMB1507_00813	HIMB1507	336	OG0000021	K01997	branched-chain amino acid transport system permease protein	COG0559	LivH	Branched-chain amino acid ABC-type transport system, permease component	HIMB1507_00808	5
HIMB1509-00000000001	1325068	1326078	-	HIMB1509_01433	HIMB1509	336	OG0000021	K01997	branched-chain amino acid transport system permease protein	COG0559	LivH	Branched-chain amino acid ABC-type transport system, permease component	HIMB1509_01438	-5
HIMB1509-00000000001	1326080	1326787	-	HIMB1509_01434	HIMB1509	235	OG0000065	K01996	branched-chain amino acid transport system ATP-binding protein	COG0410	LivF	ABC-type branched-chain amino acid transport system, ATPase component LivF	HIMB1509_01438	-4
HIMB1509-00000000001	1326787	1327575	-	HIMB1509_01435	HIMB1509	262	OG0000143	K01995	branched-chain amino acid transport system ATP-binding protein	COG0411	LivG	ABC-type branched-chain amino acid transport system, ATPase component LivG	HIMB1509_01438	-3
HIMB1509-00000000001	1327576	1328343	-	HIMB1509_01436	HIMB1509	255	OG0000676	NA	NA	COG0345	ProC	Pyrroline-5-carboxylate reductase	HIMB1509_01438	-2
HIMB1509-00000000001	1328378	1329289	-	HIMB1509_01437	HIMB1509	303	OG0001090	K15737	glutarate dioxygenase [EC:1.14.11.64]	NA	NA	NA	HIMB1509_01438	-1
HIMB1509-00000000001	1329330	1329653	-	HIMB1509_01438	HIMB1509	107	OG0001083	NA	NA	COG4392	AzlD2	Branched-chain amino acid transport protein	HIMB1509_01438	0
HIMB1509-00000000001	1329643	1330347	-	HIMB1509_01439	HIMB1509	234	OG0001073	NA	NA	COG1296	AzlC	Predicted branched-chain amino acid permease (azaleucine resistance)	HIMB1509_01438	1
HIMB1509-00000000001	1330347	1331132	-	HIMB1509_01440	HIMB1509	261	OG0001077	NA	NA	COG0410	LivF	ABC-type branched-chain amino acid transport system, ATPase component LivF	HIMB1509_01438	2
HIMB1509-00000000001	1331132	1331872	-	HIMB1509_01441	HIMB1509	246	OG0000928	K01995	branched-chain amino acid transport system ATP-binding protein	COG0411	LivG	ABC-type branched-chain amino acid transport system, ATPase component LivG	HIMB1509_01438	3
HIMB1509-00000000001	1331869	1332921	-	HIMB1509_01442	HIMB1509	350	OG0001109	NA	NA	COG4177	LivM	ABC-type branched-chain amino acid transport system, permease component	HIMB1509_01438	4
HIMB1509-00000000001	1332908	1333090	-	HIMB1509_01443	HIMB1509	60	OG0001356	NA	NA	NA	NA	NA	HIMB1509_01438	5
HIMB1513-00000000001	770422	770604	+	HIMB1513_00795	HIMB1513	60	OG0001356	NA	NA	NA	NA	NA	HIMB1513_00800	-5
HIMB1513-00000000001	770591	771643	+	HIMB1513_00796	HIMB1513	350	OG0001109	NA	NA	COG4177	LivM	ABC-type branched-chain amino acid transport system, permease component	HIMB1513_00800	-4
HIMB1513-00000000001	771640	772380	+	HIMB1513_00797	HIMB1513	246	OG0000928	K01995	branched-chain amino acid transport system ATP-binding protein	COG0411	LivG	ABC-type branched-chain amino acid transport system, ATPase component LivG	HIMB1513_00800	-3
HIMB1513-00000000001	772380	773165	+	HIMB1513_00798	HIMB1513	261	OG0001077	NA	NA	COG0410	LivF	ABC-type branched-chain amino acid transport system, ATPase component LivF	HIMB1513_00800	-2
HIMB1513-00000000001	773165	773869	+	HIMB1513_00799	HIMB1513	234	OG0001073	NA	NA	COG1296	AzlC	Predicted branched-chain amino acid permease (azaleucine resistance)	HIMB1513_00800	-1
HIMB1513-00000000001	773859	774182	+	HIMB1513_00800	HIMB1513	107	OG0001083	NA	NA	COG4392	AzlD2	Branched-chain amino acid transport protein	HIMB1513_00800	0
HIMB1513-00000000001	774223	775134	+	HIMB1513_00801	HIMB1513	303	OG0001090	K15737	glutarate dioxygenase [EC:1.14.11.64]	NA	NA	NA	HIMB1513_00800	1
HIMB1513-00000000001	775169	775936	+	HIMB1513_00802	HIMB1513	255	OG0000676	NA	NA	COG0345	ProC	Pyrroline-5-carboxylate reductase	HIMB1513_00800	2
HIMB1513-00000000001	775937	776725	+	HIMB1513_00803	HIMB1513	262	OG0000143	K01995	branched-chain amino acid transport system ATP-binding protein	COG0411	LivG	ABC-type branched-chain amino acid transport system, ATPase component LivG	HIMB1513_00800	3
HIMB1513-00000000001	776725	777432	+	HIMB1513_00804	HIMB1513	235	OG0000065	K01996	branched-chain amino acid transport system ATP-binding protein	COG0410	LivF	ABC-type branched-chain amino acid transport system, ATPase component LivF	HIMB1513_00800	4
HIMB1513-00000000001	777434	778444	+	HIMB1513_00805	HIMB1513	336	OG0000021	K01997	branched-chain amino acid transport system permease protein	COG0559	LivH	Branched-chain amino acid ABC-type transport system, permease component	HIMB1513_00800	5
HIMB1517-00000000006	11904	12797	+	HIMB1517_00755	HIMB1517	297	OG0001134	K01997	branched-chain amino acid transport system permease protein	COG0559	LivH	Branched-chain amino acid ABC-type transport system, permease component	HIMB1517_00760	-5
HIMB1517-00000000006	12802	13866	+	HIMB1517_00756	HIMB1517	354	OG0001224	NA	NA	COG4177	LivM	ABC-type branched-chain amino acid transport system, permease component	HIMB1517_00760	-4
HIMB1517-00000000006	13866	14606	+	HIMB1517_00757	HIMB1517	246	OG0000928	K01995	branched-chain amino acid transport system ATP-binding protein	COG0411	LivG	ABC-type branched-chain amino acid transport system, ATPase component LivG	HIMB1517_00760	-3
HIMB1517-00000000006	14606	15391	+	HIMB1517_00758	HIMB1517	261	OG0001077	NA	NA	COG0410	LivF	ABC-type branched-chain amino acid transport system, ATPase component LivF	HIMB1517_00760	-2
HIMB1517-00000000006	15400	16101	+	HIMB1517_00759	HIMB1517	233	OG0001073	NA	NA	COG1296	AzlC	Predicted branched-chain amino acid permease (azaleucine resistance)	HIMB1517_00760	-1
HIMB1517-00000000006	16094	16420	+	HIMB1517_00760	HIMB1517	108	OG0001083	NA	NA	COG4392	AzlD2	Branched-chain amino acid transport protein	HIMB1517_00760	0
HIMB1517-00000000006	16420	17331	+	HIMB1517_00761	HIMB1517	303	OG0001090	K15737	glutarate dioxygenase [EC:1.14.11.64]	NA	NA	NA	HIMB1517_00760	1
HIMB1517-00000000006	17328	17900	+	HIMB1517_00762	HIMB1517	190	OG0001159	K07304	peptide-methionine (S)-S-oxide reductase [EC:1.8.4.11]	COG0225	MsrA	Peptide methionine sulfoxide reductase MsrA	HIMB1517_00760	2
HIMB1517-00000000006	17897	18952	-	HIMB1517_00763	HIMB1517	351	OG0001130	K07120	uncharacterized protein	COG3180	AbrB	Uncharacterized membrane protein AbrB, regulator of aidB expression	HIMB1517_00760	3
HIMB1517-00000000006	18955	19803	-	HIMB1517_00764	HIMB1517	282	OG0001501	NA	NA	COG2513	PrpB	2-Methylisocitrate lyase and related enzymes, PEP mutase family	HIMB1517_00760	4
HIMB1517-00000000006	19796	20473	-	HIMB1517_00765	HIMB1517	225	OG0001598	NA	NA	COG1414	IclR	DNA-binding transcriptional regulator, IclR family	HIMB1517_00760	5
HIMB1518-00000000001	233951	234133	+	HIMB1518_00242	HIMB1518	60	OG0001356	NA	NA	NA	NA	NA	HIMB1518_00247	-5
HIMB1518-00000000001	234120	235172	+	HIMB1518_00243	HIMB1518	350	OG0001109	NA	NA	COG4177	LivM	ABC-type branched-chain amino acid transport system, permease component	HIMB1518_00247	-4
HIMB1518-00000000001	235169	235909	+	HIMB1518_00244	HIMB1518	246	OG0000928	K01995	branched-chain amino acid transport system ATP-binding protein	COG0411	LivG	ABC-type branched-chain amino acid transport system, ATPase component LivG	HIMB1518_00247	-3
HIMB1518-00000000001	235909	236694	+	HIMB1518_00245	HIMB1518	261	OG0001077	NA	NA	COG0410	LivF	ABC-type branched-chain amino acid transport system, ATPase component LivF	HIMB1518_00247	-2
HIMB1518-00000000001	236694	237398	+	HIMB1518_00246	HIMB1518	234	OG0001073	NA	NA	COG1296	AzlC	Predicted branched-chain amino acid permease (azaleucine resistance)	HIMB1518_00247	-1
HIMB1518-00000000001	237388	237711	+	HIMB1518_00247	HIMB1518	107	OG0001083	NA	NA	COG4392	AzlD2	Branched-chain amino acid transport protein	HIMB1518_00247	0
HIMB1518-00000000001	237752	238663	+	HIMB1518_00248	HIMB1518	303	OG0001090	K15737	glutarate dioxygenase [EC:1.14.11.64]	NA	NA	NA	HIMB1518_00247	1
HIMB1518-00000000001	238698	239465	+	HIMB1518_00249	HIMB1518	255	OG0000676	NA	NA	COG0345	ProC	Pyrroline-5-carboxylate reductase	HIMB1518_00247	2
HIMB1518-00000000001	239466	240254	+	HIMB1518_00250	HIMB1518	262	OG0000143	K01995	branched-chain amino acid transport system ATP-binding protein	COG0411	LivG	ABC-type branched-chain amino acid transport system, ATPase component LivG	HIMB1518_00247	3
HIMB1518-00000000001	240254	240961	+	HIMB1518_00251	HIMB1518	235	OG0000065	K01996	branched-chain amino acid transport system ATP-binding protein	COG0410	LivF	ABC-type branched-chain amino acid transport system, ATPase component LivF	HIMB1518_00247	4
HIMB1518-00000000001	240963	241973	+	HIMB1518_00252	HIMB1518	336	OG0000021	K01997	branched-chain amino acid transport system permease protein	COG0559	LivH	Branched-chain amino acid ABC-type transport system, permease component	HIMB1518_00247	5
HIMB1520-00000000001	1164271	1165164	+	HIMB1520_01266	HIMB1520	297	OG0001134	K01997	branched-chain amino acid transport system permease protein	COG0559	LivH	Branched-chain amino acid ABC-type transport system, permease component	HIMB1520_01271	-5
HIMB1520-00000000001	1165164	1166213	+	HIMB1520_01267	HIMB1520	349	OG0001109	NA	NA	COG4177	LivM	ABC-type branched-chain amino acid transport system, permease component	HIMB1520_01271	-4
HIMB1520-00000000001	1166210	1166950	+	HIMB1520_01268	HIMB1520	246	OG0000928	K01995	branched-chain amino acid transport system ATP-binding protein	COG0411	LivG	ABC-type branched-chain amino acid transport system, ATPase component LivG	HIMB1520_01271	-3
HIMB1520-00000000001	1166950	1167735	+	HIMB1520_01269	HIMB1520	261	OG0001077	NA	NA	COG0410	LivF	ABC-type branched-chain amino acid transport system, ATPase component LivF	HIMB1520_01271	-2
HIMB1520-00000000001	1167735	1168442	+	HIMB1520_01270	HIMB1520	235	OG0001073	NA	NA	COG1296	AzlC	Predicted branched-chain amino acid permease (azaleucine resistance)	HIMB1520_01271	-1
HIMB1520-00000000001	1168429	1168758	+	HIMB1520_01271	HIMB1520	109	OG0001083	NA	NA	COG4392	AzlD2	Branched-chain amino acid transport protein	HIMB1520_01271	0
HIMB1520-00000000001	1168767	1169678	+	HIMB1520_01272	HIMB1520	303	OG0001090	K15737	glutarate dioxygenase [EC:1.14.11.64]	NA	NA	NA	HIMB1520_01271	1
HIMB1520-00000000001	1169708	1170475	+	HIMB1520_01273	HIMB1520	255	OG0000676	NA	NA	COG0345	ProC	Pyrroline-5-carboxylate reductase	HIMB1520_01271	2
HIMB1520-00000000001	1170479	1171261	+	HIMB1520_01274	HIMB1520	260	OG0000143	K01995	branched-chain amino acid transport system ATP-binding protein	COG0411	LivG	ABC-type branched-chain amino acid transport system, ATPase component LivG	HIMB1520_01271	3
HIMB1520-00000000001	1171263	1171625	+	HIMB1520_01275	HIMB1520	120	OG0001605	NA	NA	COG5395	NA	Uncharacterized membrane protein, DUF2306 domain	HIMB1520_01271	4
HIMB1520-00000000001	1171625	1172332	+	HIMB1520_01276	HIMB1520	235	OG0000065	K01996	branched-chain amino acid transport system ATP-binding protein	COG0410	LivF	ABC-type branched-chain amino acid transport system, ATPase component LivF	HIMB1520_01271	5
HIMB1521-00000000003	77112	77294	+	HIMB1521_00354	HIMB1521	60	OG0001356	NA	NA	NA	NA	NA	HIMB1521_00359	-5
HIMB1521-00000000003	77281	78333	+	HIMB1521_00355	HIMB1521	350	OG0001109	NA	NA	COG4177	LivM	ABC-type branched-chain amino acid transport system, permease component	HIMB1521_00359	-4
HIMB1521-00000000003	78330	79070	+	HIMB1521_00356	HIMB1521	246	OG0000928	K01995	branched-chain amino acid transport system ATP-binding protein	COG0411	LivG	ABC-type branched-chain amino acid transport system, ATPase component LivG	HIMB1521_00359	-3
HIMB1521-00000000003	79070	79855	+	HIMB1521_00357	HIMB1521	261	OG0001077	NA	NA	COG0410	LivF	ABC-type branched-chain amino acid transport system, ATPase component LivF	HIMB1521_00359	-2
HIMB1521-00000000003	79855	80559	+	HIMB1521_00358	HIMB1521	234	OG0001073	NA	NA	COG1296	AzlC	Predicted branched-chain amino acid permease (azaleucine resistance)	HIMB1521_00359	-1
HIMB1521-00000000003	80549	80872	+	HIMB1521_00359	HIMB1521	107	OG0001083	NA	NA	COG4392	AzlD2	Branched-chain amino acid transport protein	HIMB1521_00359	0
HIMB1521-00000000003	80913	81824	+	HIMB1521_00360	HIMB1521	303	OG0001090	K15737	glutarate dioxygenase [EC:1.14.11.64]	NA	NA	NA	HIMB1521_00359	1
HIMB1521-00000000003	81859	82626	+	HIMB1521_00361	HIMB1521	255	OG0000676	NA	NA	COG0345	ProC	Pyrroline-5-carboxylate reductase	HIMB1521_00359	2
HIMB1521-00000000003	82627	83415	+	HIMB1521_00362	HIMB1521	262	OG0000143	K01995	branched-chain amino acid transport system ATP-binding protein	COG0411	LivG	ABC-type branched-chain amino acid transport system, ATPase component LivG	HIMB1521_00359	3
HIMB1521-00000000003	83415	84122	+	HIMB1521_00363	HIMB1521	235	OG0000065	K01996	branched-chain amino acid transport system ATP-binding protein	COG0410	LivF	ABC-type branched-chain amino acid transport system, ATPase component LivF	HIMB1521_00359	4
HIMB1521-00000000003	84124	85134	+	HIMB1521_00364	HIMB1521	336	OG0000021	K01997	branched-chain amino acid transport system permease protein	COG0559	LivH	Branched-chain amino acid ABC-type transport system, permease component	HIMB1521_00359	5
HIMB1526-00000000001	1173820	1174830	-	HIMB1526_01253	HIMB1526	336	OG0000021	K01997	branched-chain amino acid transport system permease protein	COG0559	LivH	Branched-chain amino acid ABC-type transport system, permease component	HIMB1526_01258	-5
HIMB1526-00000000001	1174832	1175539	-	HIMB1526_01254	HIMB1526	235	OG0000065	K01996	branched-chain amino acid transport system ATP-binding protein	COG0410	LivF	ABC-type branched-chain amino acid transport system, ATPase component LivF	HIMB1526_01258	-4
HIMB1526-00000000001	1175539	1176327	-	HIMB1526_01255	HIMB1526	262	OG0000143	K01995	branched-chain amino acid transport system ATP-binding protein	COG0411	LivG	ABC-type branched-chain amino acid transport system, ATPase component LivG	HIMB1526_01258	-3
HIMB1526-00000000001	1176328	1177095	-	HIMB1526_01256	HIMB1526	255	OG0000676	NA	NA	COG0345	ProC	Pyrroline-5-carboxylate reductase	HIMB1526_01258	-2
HIMB1526-00000000001	1177130	1178041	-	HIMB1526_01257	HIMB1526	303	OG0001090	K15737	glutarate dioxygenase [EC:1.14.11.64]	NA	NA	NA	HIMB1526_01258	-1
HIMB1526-00000000001	1178082	1178405	-	HIMB1526_01258	HIMB1526	107	OG0001083	NA	NA	COG4392	AzlD2	Branched-chain amino acid transport protein	HIMB1526_01258	0
HIMB1526-00000000001	1178395	1179099	-	HIMB1526_01259	HIMB1526	234	OG0001073	NA	NA	COG1296	AzlC	Predicted branched-chain amino acid permease (azaleucine resistance)	HIMB1526_01258	1
HIMB1526-00000000001	1179099	1179884	-	HIMB1526_01260	HIMB1526	261	OG0001077	NA	NA	COG0410	LivF	ABC-type branched-chain amino acid transport system, ATPase component LivF	HIMB1526_01258	2
HIMB1526-00000000001	1179884	1180624	-	HIMB1526_01261	HIMB1526	246	OG0000928	K01995	branched-chain amino acid transport system ATP-binding protein	COG0411	LivG	ABC-type branched-chain amino acid transport system, ATPase component LivG	HIMB1526_01258	3
HIMB1526-00000000001	1180621	1181673	-	HIMB1526_01262	HIMB1526	350	OG0001109	NA	NA	COG4177	LivM	ABC-type branched-chain amino acid transport system, permease component	HIMB1526_01258	4
HIMB1526-00000000001	1181660	1181842	-	HIMB1526_01263	HIMB1526	60	OG0001356	NA	NA	NA	NA	NA	HIMB1526_01258	5
HIMB1527-00000000002	632784	633794	-	HIMB1527_01303	HIMB1527	336	OG0000021	K01997	branched-chain amino acid transport system permease protein	COG0559	LivH	Branched-chain amino acid ABC-type transport system, permease component	HIMB1527_01308	-5
HIMB1527-00000000002	633796	634503	-	HIMB1527_01304	HIMB1527	235	OG0000065	K01996	branched-chain amino acid transport system ATP-binding protein	COG0410	LivF	ABC-type branched-chain amino acid transport system, ATPase component LivF	HIMB1527_01308	-4
HIMB1527-00000000002	634503	635288	-	HIMB1527_01305	HIMB1527	261	OG0000143	K01995	branched-chain amino acid transport system ATP-binding protein	COG0411	LivG	ABC-type branched-chain amino acid transport system, ATPase component LivG	HIMB1527_01308	-3
HIMB1527-00000000002	635290	636057	-	HIMB1527_01306	HIMB1527	255	OG0000676	NA	NA	COG0345	ProC	Pyrroline-5-carboxylate reductase	HIMB1527_01308	-2
HIMB1527-00000000002	636109	637020	-	HIMB1527_01307	HIMB1527	303	OG0001090	K15737	glutarate dioxygenase [EC:1.14.11.64]	NA	NA	NA	HIMB1527_01308	-1
HIMB1527-00000000002	637030	637353	-	HIMB1527_01308	HIMB1527	107	OG0001083	NA	NA	COG4392	AzlD2	Branched-chain amino acid transport protein	HIMB1527_01308	0
HIMB1527-00000000002	637343	638047	-	HIMB1527_01309	HIMB1527	234	OG0001073	NA	NA	NA	NA	NA	HIMB1527_01308	1
HIMB1527-00000000002	638049	638834	-	HIMB1527_01310	HIMB1527	261	OG0001077	NA	NA	COG0410	LivF	ABC-type branched-chain amino acid transport system, ATPase component LivF	HIMB1527_01308	2
HIMB1527-00000000002	638834	639574	-	HIMB1527_01311	HIMB1527	246	OG0000928	K01995	branched-chain amino acid transport system ATP-binding protein	COG0411	LivG	ABC-type branched-chain amino acid transport system, ATPase component LivG	HIMB1527_01308	3
HIMB1527-00000000002	639571	640620	-	HIMB1527_01312	HIMB1527	349	OG0001109	NA	NA	COG4177	LivM	ABC-type branched-chain amino acid transport system, permease component	HIMB1527_01308	4
HIMB1527-00000000002	640620	641513	-	HIMB1527_01313	HIMB1527	297	OG0001134	K01997	branched-chain amino acid transport system permease protein	COG0559	LivH	Branched-chain amino acid ABC-type transport system, permease component	HIMB1527_01308	5
HIMB1542-00000000001	123276	123458	+	HIMB1542_00131	HIMB1542	60	OG0001356	NA	NA	NA	NA	NA	HIMB1542_00136	-5
HIMB1542-00000000001	123445	124497	+	HIMB1542_00132	HIMB1542	350	OG0001109	NA	NA	COG4177	LivM	ABC-type branched-chain amino acid transport system, permease component	HIMB1542_00136	-4
HIMB1542-00000000001	124494	125234	+	HIMB1542_00133	HIMB1542	246	OG0000928	K01995	branched-chain amino acid transport system ATP-binding protein	COG0411	LivG	ABC-type branched-chain amino acid transport system, ATPase component LivG	HIMB1542_00136	-3
HIMB1542-00000000001	125234	126019	+	HIMB1542_00134	HIMB1542	261	OG0001077	NA	NA	COG0410	LivF	ABC-type branched-chain amino acid transport system, ATPase component LivF	HIMB1542_00136	-2
HIMB1542-00000000001	126019	126723	+	HIMB1542_00135	HIMB1542	234	OG0001073	NA	NA	COG1296	AzlC	Predicted branched-chain amino acid permease (azaleucine resistance)	HIMB1542_00136	-1
HIMB1542-00000000001	126713	127036	+	HIMB1542_00136	HIMB1542	107	OG0001083	NA	NA	COG4392	AzlD2	Branched-chain amino acid transport protein	HIMB1542_00136	0
HIMB1542-00000000001	127077	127988	+	HIMB1542_00137	HIMB1542	303	OG0001090	K15737	glutarate dioxygenase [EC:1.14.11.64]	NA	NA	NA	HIMB1542_00136	1
HIMB1542-00000000001	128023	128790	+	HIMB1542_00138	HIMB1542	255	OG0000676	NA	NA	COG0345	ProC	Pyrroline-5-carboxylate reductase	HIMB1542_00136	2
HIMB1542-00000000001	128791	129579	+	HIMB1542_00139	HIMB1542	262	OG0000143	K01995	branched-chain amino acid transport system ATP-binding protein	COG0411	LivG	ABC-type branched-chain amino acid transport system, ATPase component LivG	HIMB1542_00136	3
HIMB1542-00000000001	129579	130286	+	HIMB1542_00140	HIMB1542	235	OG0000065	K01996	branched-chain amino acid transport system ATP-binding protein	COG0410	LivF	ABC-type branched-chain amino acid transport system, ATPase component LivF	HIMB1542_00136	4
HIMB1542-00000000001	130288	131298	+	HIMB1542_00141	HIMB1542	336	OG0000021	K01997	branched-chain amino acid transport system permease protein	COG0559	LivH	Branched-chain amino acid ABC-type transport system, permease component	HIMB1542_00136	5
HIMB1549-00000000001	864053	864760	-	HIMB1549_00930	HIMB1549	235	OG0000065	K01996	branched-chain amino acid transport system ATP-binding protein	COG0410	LivF	ABC-type branched-chain amino acid transport system, ATPase component LivF	HIMB1549_00935	-5
HIMB1549-00000000001	864760	865545	-	HIMB1549_00931	HIMB1549	261	OG0000143	K01995	branched-chain amino acid transport system ATP-binding protein	COG0411	LivG	ABC-type branched-chain amino acid transport system, ATPase component LivG	HIMB1549_00935	-4
HIMB1549-00000000001	865547	866314	-	HIMB1549_00932	HIMB1549	255	OG0000676	NA	NA	COG0345	ProC	Pyrroline-5-carboxylate reductase	HIMB1549_00935	-3
HIMB1549-00000000001	866405	867103	-	HIMB1549_00933	HIMB1549	232	OG0001361	NA	NA	COG3637	LomR	Opacity protein LomR and related surface antigens	HIMB1549_00935	-2
HIMB1549-00000000001	867256	868170	-	HIMB1549_00934	HIMB1549	304	OG0001090	K15737	glutarate dioxygenase [EC:1.14.11.64]	NA	NA	NA	HIMB1549_00935	-1
HIMB1549-00000000001	868181	868504	-	HIMB1549_00935	HIMB1549	107	OG0001083	NA	NA	COG4392	AzlD2	Branched-chain amino acid transport protein	HIMB1549_00935	0
HIMB1549-00000000001	868494	869198	-	HIMB1549_00936	HIMB1549	234	OG0001073	NA	NA	NA	NA	NA	HIMB1549_00935	1
HIMB1549-00000000001	869200	869985	-	HIMB1549_00937	HIMB1549	261	OG0001077	NA	NA	COG0410	LivF	ABC-type branched-chain amino acid transport system, ATPase component LivF	HIMB1549_00935	2
HIMB1549-00000000001	869985	870725	-	HIMB1549_00938	HIMB1549	246	OG0000928	K01995	branched-chain amino acid transport system ATP-binding protein	COG0411	LivG	ABC-type branched-chain amino acid transport system, ATPase component LivG	HIMB1549_00935	3
HIMB1549-00000000001	870722	871771	-	HIMB1549_00939	HIMB1549	349	OG0001109	NA	NA	COG4177	LivM	ABC-type branched-chain amino acid transport system, permease component	HIMB1549_00935	4
HIMB1549-00000000001	871771	872664	-	HIMB1549_00940	HIMB1549	297	OG0001134	K01997	branched-chain amino acid transport system permease protein	COG0559	LivH	Branched-chain amino acid ABC-type transport system, permease component	HIMB1549_00935	5
HIMB1552-00000000001	724183	725193	-	HIMB1552_00788	HIMB1552	336	OG0000021	K01997	branched-chain amino acid transport system permease protein	COG0559	LivH	Branched-chain amino acid ABC-type transport system, permease component	HIMB1552_00793	-5
HIMB1552-00000000001	725195	725902	-	HIMB1552_00789	HIMB1552	235	OG0000065	K01996	branched-chain amino acid transport system ATP-binding protein	COG0410	LivF	ABC-type branched-chain amino acid transport system, ATPase component LivF	HIMB1552_00793	-4
HIMB1552-00000000001	725902	726690	-	HIMB1552_00790	HIMB1552	262	OG0000143	K01995	branched-chain amino acid transport system ATP-binding protein	COG0411	LivG	ABC-type branched-chain amino acid transport system, ATPase component LivG	HIMB1552_00793	-3
HIMB1552-00000000001	726691	727458	-	HIMB1552_00791	HIMB1552	255	OG0000676	NA	NA	COG0345	ProC	Pyrroline-5-carboxylate reductase	HIMB1552_00793	-2
HIMB1552-00000000001	727493	728404	-	HIMB1552_00792	HIMB1552	303	OG0001090	K15737	glutarate dioxygenase [EC:1.14.11.64]	NA	NA	NA	HIMB1552_00793	-1
HIMB1552-00000000001	728445	728768	-	HIMB1552_00793	HIMB1552	107	OG0001083	NA	NA	COG4392	AzlD2	Branched-chain amino acid transport protein	HIMB1552_00793	0
HIMB1552-00000000001	728758	729462	-	HIMB1552_00794	HIMB1552	234	OG0001073	NA	NA	COG1296	AzlC	Predicted branched-chain amino acid permease (azaleucine resistance)	HIMB1552_00793	1
HIMB1552-00000000001	729462	730247	-	HIMB1552_00795	HIMB1552	261	OG0001077	NA	NA	COG0410	LivF	ABC-type branched-chain amino acid transport system, ATPase component LivF	HIMB1552_00793	2
HIMB1552-00000000001	730247	730987	-	HIMB1552_00796	HIMB1552	246	OG0000928	K01995	branched-chain amino acid transport system ATP-binding protein	COG0411	LivG	ABC-type branched-chain amino acid transport system, ATPase component LivG	HIMB1552_00793	3
HIMB1552-00000000001	730984	732036	-	HIMB1552_00797	HIMB1552	350	OG0001109	NA	NA	COG4177	LivM	ABC-type branched-chain amino acid transport system, permease component	HIMB1552_00793	4
HIMB1552-00000000001	732023	732205	-	HIMB1552_00798	HIMB1552	60	OG0001356	NA	NA	NA	NA	NA	HIMB1552_00793	5
HIMB1556-00000000001	696865	697047	+	HIMB1556_00715	HIMB1556	60	OG0001356	NA	NA	NA	NA	NA	HIMB1556_00720	-5
HIMB1556-00000000001	697034	698086	+	HIMB1556_00716	HIMB1556	350	OG0001109	NA	NA	COG4177	LivM	ABC-type branched-chain amino acid transport system, permease component	HIMB1556_00720	-4
HIMB1556-00000000001	698083	698823	+	HIMB1556_00717	HIMB1556	246	OG0000928	K01995	branched-chain amino acid transport system ATP-binding protein	COG0411	LivG	ABC-type branched-chain amino acid transport system, ATPase component LivG	HIMB1556_00720	-3
HIMB1556-00000000001	698823	699608	+	HIMB1556_00718	HIMB1556	261	OG0001077	NA	NA	COG0410	LivF	ABC-type branched-chain amino acid transport system, ATPase component LivF	HIMB1556_00720	-2
HIMB1556-00000000001	699608	700312	+	HIMB1556_00719	HIMB1556	234	OG0001073	NA	NA	COG1296	AzlC	Predicted branched-chain amino acid permease (azaleucine resistance)	HIMB1556_00720	-1
HIMB1556-00000000001	700302	700625	+	HIMB1556_00720	HIMB1556	107	OG0001083	NA	NA	COG4392	AzlD2	Branched-chain amino acid transport protein	HIMB1556_00720	0
HIMB1556-00000000001	700666	701577	+	HIMB1556_00721	HIMB1556	303	OG0001090	K15737	glutarate dioxygenase [EC:1.14.11.64]	NA	NA	NA	HIMB1556_00720	1
HIMB1556-00000000001	701612	702379	+	HIMB1556_00722	HIMB1556	255	OG0000676	NA	NA	COG0345	ProC	Pyrroline-5-carboxylate reductase	HIMB1556_00720	2
HIMB1556-00000000001	702380	703168	+	HIMB1556_00723	HIMB1556	262	OG0000143	K01995	branched-chain amino acid transport system ATP-binding protein	COG0411	LivG	ABC-type branched-chain amino acid transport system, ATPase component LivG	HIMB1556_00720	3
HIMB1556-00000000001	703168	703875	+	HIMB1556_00724	HIMB1556	235	OG0000065	K01996	branched-chain amino acid transport system ATP-binding protein	COG0410	LivF	ABC-type branched-chain amino acid transport system, ATPase component LivF	HIMB1556_00720	4
HIMB1556-00000000001	703877	704887	+	HIMB1556_00725	HIMB1556	336	OG0000021	K01997	branched-chain amino acid transport system permease protein	COG0559	LivH	Branched-chain amino acid ABC-type transport system, permease component	HIMB1556_00720	5
HIMB1559-00000000001	677462	678472	-	HIMB1559_00758	HIMB1559	336	OG0000021	K01997	branched-chain amino acid transport system permease protein	COG0559	LivH	Branched-chain amino acid ABC-type transport system, permease component	HIMB1559_00763	-5
HIMB1559-00000000001	678474	679181	-	HIMB1559_00759	HIMB1559	235	OG0000065	K01996	branched-chain amino acid transport system ATP-binding protein	COG0410	LivF	ABC-type branched-chain amino acid transport system, ATPase component LivF	HIMB1559_00763	-4
HIMB1559-00000000001	679181	679969	-	HIMB1559_00760	HIMB1559	262	OG0000143	K01995	branched-chain amino acid transport system ATP-binding protein	COG0411	LivG	ABC-type branched-chain amino acid transport system, ATPase component LivG	HIMB1559_00763	-3
HIMB1559-00000000001	679970	680737	-	HIMB1559_00761	HIMB1559	255	OG0000676	NA	NA	COG0345	ProC	Pyrroline-5-carboxylate reductase	HIMB1559_00763	-2
HIMB1559-00000000001	680772	681683	-	HIMB1559_00762	HIMB1559	303	OG0001090	K15737	glutarate dioxygenase [EC:1.14.11.64]	NA	NA	NA	HIMB1559_00763	-1
HIMB1559-00000000001	681724	682047	-	HIMB1559_00763	HIMB1559	107	OG0001083	NA	NA	COG4392	AzlD2	Branched-chain amino acid transport protein	HIMB1559_00763	0
HIMB1559-00000000001	682037	682741	-	HIMB1559_00764	HIMB1559	234	OG0001073	NA	NA	COG1296	AzlC	Predicted branched-chain amino acid permease (azaleucine resistance)	HIMB1559_00763	1
HIMB1559-00000000001	682741	683526	-	HIMB1559_00765	HIMB1559	261	OG0001077	NA	NA	COG0410	LivF	ABC-type branched-chain amino acid transport system, ATPase component LivF	HIMB1559_00763	2
HIMB1559-00000000001	683526	684266	-	HIMB1559_00766	HIMB1559	246	OG0000928	K01995	branched-chain amino acid transport system ATP-binding protein	COG0411	LivG	ABC-type branched-chain amino acid transport system, ATPase component LivG	HIMB1559_00763	3
HIMB1559-00000000001	684263	685315	-	HIMB1559_00767	HIMB1559	350	OG0001109	NA	NA	COG4177	LivM	ABC-type branched-chain amino acid transport system, permease component	HIMB1559_00763	4
HIMB1559-00000000001	685302	685484	-	HIMB1559_00768	HIMB1559	60	OG0001356	NA	NA	NA	NA	NA	HIMB1559_00763	5
HIMB1564-00000000001	253485	254378	+	HIMB1564_00263	HIMB1564	297	OG0001134	K01997	branched-chain amino acid transport system permease protein	COG0559	LivH	Branched-chain amino acid ABC-type transport system, permease component	HIMB1564_00268	-5
HIMB1564-00000000001	254378	255427	+	HIMB1564_00264	HIMB1564	349	OG0001109	NA	NA	COG4177	LivM	ABC-type branched-chain amino acid transport system, permease component	HIMB1564_00268	-4
HIMB1564-00000000001	255424	256164	+	HIMB1564_00265	HIMB1564	246	OG0000928	K01995	branched-chain amino acid transport system ATP-binding protein	COG0411	LivG	ABC-type branched-chain amino acid transport system, ATPase component LivG	HIMB1564_00268	-3
HIMB1564-00000000001	256164	256949	+	HIMB1564_00266	HIMB1564	261	OG0001077	NA	NA	COG0410	LivF	ABC-type branched-chain amino acid transport system, ATPase component LivF	HIMB1564_00268	-2
HIMB1564-00000000001	256949	257656	+	HIMB1564_00267	HIMB1564	235	OG0001073	NA	NA	COG1296	AzlC	Predicted branched-chain amino acid permease (azaleucine resistance)	HIMB1564_00268	-1
HIMB1564-00000000001	257643	257972	+	HIMB1564_00268	HIMB1564	109	OG0001083	NA	NA	COG4392	AzlD2	Branched-chain amino acid transport protein	HIMB1564_00268	0
HIMB1564-00000000001	257981	258892	+	HIMB1564_00269	HIMB1564	303	OG0001090	K15737	glutarate dioxygenase [EC:1.14.11.64]	NA	NA	NA	HIMB1564_00268	1
HIMB1564-00000000001	258922	259689	+	HIMB1564_00270	HIMB1564	255	OG0000676	NA	NA	COG0345	ProC	Pyrroline-5-carboxylate reductase	HIMB1564_00268	2
HIMB1564-00000000001	259693	260475	+	HIMB1564_00271	HIMB1564	260	OG0000143	K01995	branched-chain amino acid transport system ATP-binding protein	COG0411	LivG	ABC-type branched-chain amino acid transport system, ATPase component LivG	HIMB1564_00268	3
HIMB1564-00000000001	260477	260839	+	HIMB1564_00272	HIMB1564	120	OG0001605	NA	NA	COG5395	NA	Uncharacterized membrane protein, DUF2306 domain	HIMB1564_00268	4
HIMB1564-00000000001	260839	261546	+	HIMB1564_00273	HIMB1564	235	OG0000065	K01996	branched-chain amino acid transport system ATP-binding protein	COG0410	LivF	ABC-type branched-chain amino acid transport system, ATPase component LivF	HIMB1564_00268	5
HIMB1565-00000000001	589292	590185	+	HIMB1565_00649	HIMB1565	297	OG0001134	K01997	branched-chain amino acid transport system permease protein	COG0559	LivH	Branched-chain amino acid ABC-type transport system, permease component	HIMB1565_00654	-5
HIMB1565-00000000001	590190	591254	+	HIMB1565_00650	HIMB1565	354	OG0001224	NA	NA	COG4177	LivM	ABC-type branched-chain amino acid transport system, permease component	HIMB1565_00654	-4
HIMB1565-00000000001	591254	591994	+	HIMB1565_00651	HIMB1565	246	OG0000928	K01995	branched-chain amino acid transport system ATP-binding protein	COG0411	LivG	ABC-type branched-chain amino acid transport system, ATPase component LivG	HIMB1565_00654	-3
HIMB1565-00000000001	591994	592779	+	HIMB1565_00652	HIMB1565	261	OG0001077	NA	NA	COG0410	LivF	ABC-type branched-chain amino acid transport system, ATPase component LivF	HIMB1565_00654	-2
HIMB1565-00000000001	592788	593489	+	HIMB1565_00653	HIMB1565	233	OG0001073	NA	NA	COG1296	AzlC	Predicted branched-chain amino acid permease (azaleucine resistance)	HIMB1565_00654	-1
HIMB1565-00000000001	593482	593808	+	HIMB1565_00654	HIMB1565	108	OG0001083	NA	NA	COG4392	AzlD2	Branched-chain amino acid transport protein	HIMB1565_00654	0
HIMB1565-00000000001	593808	594719	+	HIMB1565_00655	HIMB1565	303	OG0001090	K15737	glutarate dioxygenase [EC:1.14.11.64]	NA	NA	NA	HIMB1565_00654	1
HIMB1565-00000000001	594770	595288	+	HIMB1565_00656	HIMB1565	172	OG0001159	K07304	peptide-methionine (S)-S-oxide reductase [EC:1.8.4.11]	COG0225	MsrA	Peptide methionine sulfoxide reductase MsrA	HIMB1565_00654	2
HIMB1565-00000000001	595285	596340	-	HIMB1565_00657	HIMB1565	351	OG0001130	K07120	uncharacterized protein	COG3180	AbrB	Uncharacterized membrane protein AbrB, regulator of aidB expression	HIMB1565_00654	3
HIMB1565-00000000001	596343	597191	-	HIMB1565_00658	HIMB1565	282	OG0001501	NA	NA	COG2513	PrpB	2-Methylisocitrate lyase and related enzymes, PEP mutase family	HIMB1565_00654	4
HIMB1565-00000000001	597184	597861	-	HIMB1565_00659	HIMB1565	225	OG0001598	NA	NA	COG1414	IclR	DNA-binding transcriptional regulator, IclR family	HIMB1565_00654	5
HIMB1573-00000000001	748251	748433	+	HIMB1573_00798	HIMB1573	60	OG0001356	NA	NA	NA	NA	NA	HIMB1573_00803	-5
HIMB1573-00000000001	748420	749472	+	HIMB1573_00799	HIMB1573	350	OG0001109	NA	NA	COG4177	LivM	ABC-type branched-chain amino acid transport system, permease component	HIMB1573_00803	-4
HIMB1573-00000000001	749469	750209	+	HIMB1573_00800	HIMB1573	246	OG0000928	K01995	branched-chain amino acid transport system ATP-binding protein	COG0411	LivG	ABC-type branched-chain amino acid transport system, ATPase component LivG	HIMB1573_00803	-3
HIMB1573-00000000001	750209	750994	+	HIMB1573_00801	HIMB1573	261	OG0001077	NA	NA	COG0410	LivF	ABC-type branched-chain amino acid transport system, ATPase component LivF	HIMB1573_00803	-2
HIMB1573-00000000001	750994	751698	+	HIMB1573_00802	HIMB1573	234	OG0001073	NA	NA	COG1296	AzlC	Predicted branched-chain amino acid permease (azaleucine resistance)	HIMB1573_00803	-1
HIMB1573-00000000001	751688	752011	+	HIMB1573_00803	HIMB1573	107	OG0001083	NA	NA	COG4392	AzlD2	Branched-chain amino acid transport protein	HIMB1573_00803	0
HIMB1573-00000000001	752052	752963	+	HIMB1573_00804	HIMB1573	303	OG0001090	K15737	glutarate dioxygenase [EC:1.14.11.64]	NA	NA	NA	HIMB1573_00803	1
HIMB1573-00000000001	752998	753765	+	HIMB1573_00805	HIMB1573	255	OG0000676	NA	NA	COG0345	ProC	Pyrroline-5-carboxylate reductase	HIMB1573_00803	2
HIMB1573-00000000001	753766	754554	+	HIMB1573_00806	HIMB1573	262	OG0000143	K01995	branched-chain amino acid transport system ATP-binding protein	COG0411	LivG	ABC-type branched-chain amino acid transport system, ATPase component LivG	HIMB1573_00803	3
HIMB1573-00000000001	754554	755261	+	HIMB1573_00807	HIMB1573	235	OG0000065	K01996	branched-chain amino acid transport system ATP-binding protein	COG0410	LivF	ABC-type branched-chain amino acid transport system, ATPase component LivF	HIMB1573_00803	4
HIMB1573-00000000001	755263	756273	+	HIMB1573_00808	HIMB1573	336	OG0000021	K01997	branched-chain amino acid transport system permease protein	COG0559	LivH	Branched-chain amino acid ABC-type transport system, permease component	HIMB1573_00803	5
HIMB1577-00000000001	352512	353522	-	HIMB1577_00382	HIMB1577	336	OG0000021	K01997	branched-chain amino acid transport system permease protein	COG0559	LivH	Branched-chain amino acid ABC-type transport system, permease component	HIMB1577_00387	-5
HIMB1577-00000000001	353524	354231	-	HIMB1577_00383	HIMB1577	235	OG0000065	K01996	branched-chain amino acid transport system ATP-binding protein	COG0410	LivF	ABC-type branched-chain amino acid transport system, ATPase component LivF	HIMB1577_00387	-4
HIMB1577-00000000001	354231	355019	-	HIMB1577_00384	HIMB1577	262	OG0000143	K01995	branched-chain amino acid transport system ATP-binding protein	COG0411	LivG	ABC-type branched-chain amino acid transport system, ATPase component LivG	HIMB1577_00387	-3
HIMB1577-00000000001	355020	355787	-	HIMB1577_00385	HIMB1577	255	OG0000676	NA	NA	COG0345	ProC	Pyrroline-5-carboxylate reductase	HIMB1577_00387	-2
HIMB1577-00000000001	355822	356733	-	HIMB1577_00386	HIMB1577	303	OG0001090	K15737	glutarate dioxygenase [EC:1.14.11.64]	NA	NA	NA	HIMB1577_00387	-1
HIMB1577-00000000001	356774	357097	-	HIMB1577_00387	HIMB1577	107	OG0001083	NA	NA	COG4392	AzlD2	Branched-chain amino acid transport protein	HIMB1577_00387	0
HIMB1577-00000000001	357087	357791	-	HIMB1577_00388	HIMB1577	234	OG0001073	NA	NA	COG1296	AzlC	Predicted branched-chain amino acid permease (azaleucine resistance)	HIMB1577_00387	1
HIMB1577-00000000001	357791	358576	-	HIMB1577_00389	HIMB1577	261	OG0001077	NA	NA	COG0410	LivF	ABC-type branched-chain amino acid transport system, ATPase component LivF	HIMB1577_00387	2
HIMB1577-00000000001	358576	359316	-	HIMB1577_00390	HIMB1577	246	OG0000928	K01995	branched-chain amino acid transport system ATP-binding protein	COG0411	LivG	ABC-type branched-chain amino acid transport system, ATPase component LivG	HIMB1577_00387	3
HIMB1577-00000000001	359313	360365	-	HIMB1577_00391	HIMB1577	350	OG0001109	NA	NA	COG4177	LivM	ABC-type branched-chain amino acid transport system, permease component	HIMB1577_00387	4
HIMB1577-00000000001	360352	360534	-	HIMB1577_00392	HIMB1577	60	OG0001356	NA	NA	NA	NA	NA	HIMB1577_00387	5
HIMB1587-00000000001	677678	678688	-	HIMB1587_00751	HIMB1587	336	OG0000021	K01997	branched-chain amino acid transport system permease protein	COG0559	LivH	Branched-chain amino acid ABC-type transport system, permease component	HIMB1587_00756	-5
HIMB1587-00000000001	678690	679397	-	HIMB1587_00752	HIMB1587	235	OG0000065	K01996	branched-chain amino acid transport system ATP-binding protein	COG0410	LivF	ABC-type branched-chain amino acid transport system, ATPase component LivF	HIMB1587_00756	-4
HIMB1587-00000000001	679397	680185	-	HIMB1587_00753	HIMB1587	262	OG0000143	K01995	branched-chain amino acid transport system ATP-binding protein	COG0411	LivG	ABC-type branched-chain amino acid transport system, ATPase component LivG	HIMB1587_00756	-3
HIMB1587-00000000001	680186	680953	-	HIMB1587_00754	HIMB1587	255	OG0000676	NA	NA	COG0345	ProC	Pyrroline-5-carboxylate reductase	HIMB1587_00756	-2
HIMB1587-00000000001	680988	681899	-	HIMB1587_00755	HIMB1587	303	OG0001090	K15737	glutarate dioxygenase [EC:1.14.11.64]	NA	NA	NA	HIMB1587_00756	-1
HIMB1587-00000000001	681940	682263	-	HIMB1587_00756	HIMB1587	107	OG0001083	NA	NA	COG4392	AzlD2	Branched-chain amino acid transport protein	HIMB1587_00756	0
HIMB1587-00000000001	682253	682957	-	HIMB1587_00757	HIMB1587	234	OG0001073	NA	NA	COG1296	AzlC	Predicted branched-chain amino acid permease (azaleucine resistance)	HIMB1587_00756	1
HIMB1587-00000000001	682957	683742	-	HIMB1587_00758	HIMB1587	261	OG0001077	NA	NA	COG0410	LivF	ABC-type branched-chain amino acid transport system, ATPase component LivF	HIMB1587_00756	2
HIMB1587-00000000001	683742	684482	-	HIMB1587_00759	HIMB1587	246	OG0000928	K01995	branched-chain amino acid transport system ATP-binding protein	COG0411	LivG	ABC-type branched-chain amino acid transport system, ATPase component LivG	HIMB1587_00756	3
HIMB1587-00000000001	684479	685531	-	HIMB1587_00760	HIMB1587	350	OG0001109	NA	NA	COG4177	LivM	ABC-type branched-chain amino acid transport system, permease component	HIMB1587_00756	4
HIMB1587-00000000001	685518	685700	-	HIMB1587_00761	HIMB1587	60	OG0001356	NA	NA	NA	NA	NA	HIMB1587_00756	5
HIMB1593-00000000001	1320509	1321519	-	HIMB1593_01402	HIMB1593	336	OG0000021	K01997	branched-chain amino acid transport system permease protein	COG0559	LivH	Branched-chain amino acid ABC-type transport system, permease component	HIMB1593_01407	-5
HIMB1593-00000000001	1321521	1322228	-	HIMB1593_01403	HIMB1593	235	OG0000065	K01996	branched-chain amino acid transport system ATP-binding protein	COG0410	LivF	ABC-type branched-chain amino acid transport system, ATPase component LivF	HIMB1593_01407	-4
HIMB1593-00000000001	1322228	1323016	-	HIMB1593_01404	HIMB1593	262	OG0000143	K01995	branched-chain amino acid transport system ATP-binding protein	COG0411	LivG	ABC-type branched-chain amino acid transport system, ATPase component LivG	HIMB1593_01407	-3
HIMB1593-00000000001	1323017	1323784	-	HIMB1593_01405	HIMB1593	255	OG0000676	NA	NA	COG0345	ProC	Pyrroline-5-carboxylate reductase	HIMB1593_01407	-2
HIMB1593-00000000001	1323819	1324730	-	HIMB1593_01406	HIMB1593	303	OG0001090	K15737	glutarate dioxygenase [EC:1.14.11.64]	NA	NA	NA	HIMB1593_01407	-1
HIMB1593-00000000001	1324771	1325094	-	HIMB1593_01407	HIMB1593	107	OG0001083	NA	NA	COG4392	AzlD2	Branched-chain amino acid transport protein	HIMB1593_01407	0
HIMB1593-00000000001	1325084	1325788	-	HIMB1593_01408	HIMB1593	234	OG0001073	NA	NA	COG1296	AzlC	Predicted branched-chain amino acid permease (azaleucine resistance)	HIMB1593_01407	1
HIMB1593-00000000001	1325788	1326573	-	HIMB1593_01409	HIMB1593	261	OG0001077	NA	NA	COG0410	LivF	ABC-type branched-chain amino acid transport system, ATPase component LivF	HIMB1593_01407	2
HIMB1593-00000000001	1326573	1327313	-	HIMB1593_01410	HIMB1593	246	OG0000928	K01995	branched-chain amino acid transport system ATP-binding protein	COG0411	LivG	ABC-type branched-chain amino acid transport system, ATPase component LivG	HIMB1593_01407	3
HIMB1593-00000000001	1327310	1328362	-	HIMB1593_01411	HIMB1593	350	OG0001109	NA	NA	COG4177	LivM	ABC-type branched-chain amino acid transport system, permease component	HIMB1593_01407	4
HIMB1593-00000000001	1328349	1328531	-	HIMB1593_01412	HIMB1593	60	OG0001356	NA	NA	NA	NA	NA	HIMB1593_01407	5
HIMB1597-00000000001	1125936	1126118	+	HIMB1597_01185	HIMB1597	60	OG0001356	NA	NA	NA	NA	NA	HIMB1597_01190	-5
HIMB1597-00000000001	1126105	1127157	+	HIMB1597_01186	HIMB1597	350	OG0001109	NA	NA	COG4177	LivM	ABC-type branched-chain amino acid transport system, permease component	HIMB1597_01190	-4
HIMB1597-00000000001	1127154	1127894	+	HIMB1597_01187	HIMB1597	246	OG0000928	K01995	branched-chain amino acid transport system ATP-binding protein	COG0411	LivG	ABC-type branched-chain amino acid transport system, ATPase component LivG	HIMB1597_01190	-3
HIMB1597-00000000001	1127894	1128679	+	HIMB1597_01188	HIMB1597	261	OG0001077	NA	NA	COG0410	LivF	ABC-type branched-chain amino acid transport system, ATPase component LivF	HIMB1597_01190	-2
HIMB1597-00000000001	1128679	1129383	+	HIMB1597_01189	HIMB1597	234	OG0001073	NA	NA	COG1296	AzlC	Predicted branched-chain amino acid permease (azaleucine resistance)	HIMB1597_01190	-1
HIMB1597-00000000001	1129373	1129696	+	HIMB1597_01190	HIMB1597	107	OG0001083	NA	NA	COG4392	AzlD2	Branched-chain amino acid transport protein	HIMB1597_01190	0
HIMB1597-00000000001	1129737	1130648	+	HIMB1597_01191	HIMB1597	303	OG0001090	K15737	glutarate dioxygenase [EC:1.14.11.64]	NA	NA	NA	HIMB1597_01190	1
HIMB1597-00000000001	1130683	1131450	+	HIMB1597_01192	HIMB1597	255	OG0000676	NA	NA	COG0345	ProC	Pyrroline-5-carboxylate reductase	HIMB1597_01190	2
HIMB1597-00000000001	1131451	1132239	+	HIMB1597_01193	HIMB1597	262	OG0000143	K01995	branched-chain amino acid transport system ATP-binding protein	COG0411	LivG	ABC-type branched-chain amino acid transport system, ATPase component LivG	HIMB1597_01190	3
HIMB1597-00000000001	1132239	1132946	+	HIMB1597_01194	HIMB1597	235	OG0000065	K01996	branched-chain amino acid transport system ATP-binding protein	COG0410	LivF	ABC-type branched-chain amino acid transport system, ATPase component LivF	HIMB1597_01190	4
HIMB1597-00000000001	1132948	1133958	+	HIMB1597_01195	HIMB1597	336	OG0000021	K01997	branched-chain amino acid transport system permease protein	COG0559	LivH	Branched-chain amino acid ABC-type transport system, permease component	HIMB1597_01190	5
HIMB1602-00000000005	2400	2582	+	HIMB1602_00094	HIMB1602	60	OG0001356	NA	NA	NA	NA	NA	HIMB1602_00099	-5
HIMB1602-00000000005	2569	3621	+	HIMB1602_00095	HIMB1602	350	OG0001109	NA	NA	COG4177	LivM	ABC-type branched-chain amino acid transport system, permease component	HIMB1602_00099	-4
HIMB1602-00000000005	3618	4358	+	HIMB1602_00096	HIMB1602	246	OG0000928	K01995	branched-chain amino acid transport system ATP-binding protein	COG0411	LivG	ABC-type branched-chain amino acid transport system, ATPase component LivG	HIMB1602_00099	-3
HIMB1602-00000000005	4358	5143	+	HIMB1602_00097	HIMB1602	261	OG0001077	NA	NA	COG0410	LivF	ABC-type branched-chain amino acid transport system, ATPase component LivF	HIMB1602_00099	-2
HIMB1602-00000000005	5143	5847	+	HIMB1602_00098	HIMB1602	234	OG0001073	NA	NA	COG1296	AzlC	Predicted branched-chain amino acid permease (azaleucine resistance)	HIMB1602_00099	-1
HIMB1602-00000000005	5837	6160	+	HIMB1602_00099	HIMB1602	107	OG0001083	NA	NA	COG4392	AzlD2	Branched-chain amino acid transport protein	HIMB1602_00099	0
HIMB1602-00000000005	6201	7112	+	HIMB1602_00100	HIMB1602	303	OG0001090	K15737	glutarate dioxygenase [EC:1.14.11.64]	NA	NA	NA	HIMB1602_00099	1
HIMB1602-00000000005	7147	7914	+	HIMB1602_00101	HIMB1602	255	OG0000676	NA	NA	COG0345	ProC	Pyrroline-5-carboxylate reductase	HIMB1602_00099	2
HIMB1602-00000000005	7915	8703	+	HIMB1602_00102	HIMB1602	262	OG0000143	K01995	branched-chain amino acid transport system ATP-binding protein	COG0411	LivG	ABC-type branched-chain amino acid transport system, ATPase component LivG	HIMB1602_00099	3
HIMB1602-00000000005	8703	9410	+	HIMB1602_00103	HIMB1602	235	OG0000065	K01996	branched-chain amino acid transport system ATP-binding protein	COG0410	LivF	ABC-type branched-chain amino acid transport system, ATPase component LivF	HIMB1602_00099	4
HIMB1602-00000000005	9412	10422	+	HIMB1602_00104	HIMB1602	336	OG0000021	K01997	branched-chain amino acid transport system permease protein	COG0559	LivH	Branched-chain amino acid ABC-type transport system, permease component	HIMB1602_00099	5
HIMB1611-00000000001	90538	90720	+	HIMB1611_00100	HIMB1611	60	OG0001356	NA	NA	NA	NA	NA	HIMB1611_00105	-5
HIMB1611-00000000001	90707	91759	+	HIMB1611_00101	HIMB1611	350	OG0001109	NA	NA	COG4177	LivM	ABC-type branched-chain amino acid transport system, permease component	HIMB1611_00105	-4
HIMB1611-00000000001	91756	92496	+	HIMB1611_00102	HIMB1611	246	OG0000928	K01995	branched-chain amino acid transport system ATP-binding protein	COG0411	LivG	ABC-type branched-chain amino acid transport system, ATPase component LivG	HIMB1611_00105	-3
HIMB1611-00000000001	92496	93281	+	HIMB1611_00103	HIMB1611	261	OG0001077	NA	NA	COG0410	LivF	ABC-type branched-chain amino acid transport system, ATPase component LivF	HIMB1611_00105	-2
HIMB1611-00000000001	93281	93985	+	HIMB1611_00104	HIMB1611	234	OG0001073	NA	NA	COG1296	AzlC	Predicted branched-chain amino acid permease (azaleucine resistance)	HIMB1611_00105	-1
HIMB1611-00000000001	93975	94298	+	HIMB1611_00105	HIMB1611	107	OG0001083	NA	NA	COG4392	AzlD2	Branched-chain amino acid transport protein	HIMB1611_00105	0
HIMB1611-00000000001	94339	95250	+	HIMB1611_00106	HIMB1611	303	OG0001090	K15737	glutarate dioxygenase [EC:1.14.11.64]	NA	NA	NA	HIMB1611_00105	1
HIMB1611-00000000001	95285	96052	+	HIMB1611_00107	HIMB1611	255	OG0000676	NA	NA	COG0345	ProC	Pyrroline-5-carboxylate reductase	HIMB1611_00105	2
HIMB1611-00000000001	96053	96841	+	HIMB1611_00108	HIMB1611	262	OG0000143	K01995	branched-chain amino acid transport system ATP-binding protein	COG0411	LivG	ABC-type branched-chain amino acid transport system, ATPase component LivG	HIMB1611_00105	3
HIMB1611-00000000001	96841	97548	+	HIMB1611_00109	HIMB1611	235	OG0000065	K01996	branched-chain amino acid transport system ATP-binding protein	COG0410	LivF	ABC-type branched-chain amino acid transport system, ATPase component LivF	HIMB1611_00105	4
HIMB1611-00000000001	97550	98560	+	HIMB1611_00110	HIMB1611	336	OG0000021	K01997	branched-chain amino acid transport system permease protein	COG0559	LivH	Branched-chain amino acid ABC-type transport system, permease component	HIMB1611_00105	5
HIMB1623-00000000012	180684	181694	-	HIMB1623_00820	HIMB1623	336	OG0000021	K01997	branched-chain amino acid transport system permease protein	COG0559	LivH	Branched-chain amino acid ABC-type transport system, permease component	HIMB1623_00825	-5
HIMB1623-00000000012	181696	182403	-	HIMB1623_00821	HIMB1623	235	OG0000065	K01996	branched-chain amino acid transport system ATP-binding protein	COG0410	LivF	ABC-type branched-chain amino acid transport system, ATPase component LivF	HIMB1623_00825	-4
HIMB1623-00000000012	182403	183191	-	HIMB1623_00822	HIMB1623	262	OG0000143	K01995	branched-chain amino acid transport system ATP-binding protein	COG0411	LivG	ABC-type branched-chain amino acid transport system, ATPase component LivG	HIMB1623_00825	-3
HIMB1623-00000000012	183192	183959	-	HIMB1623_00823	HIMB1623	255	OG0000676	NA	NA	COG0345	ProC	Pyrroline-5-carboxylate reductase	HIMB1623_00825	-2
HIMB1623-00000000012	183994	184905	-	HIMB1623_00824	HIMB1623	303	OG0001090	K15737	glutarate dioxygenase [EC:1.14.11.64]	NA	NA	NA	HIMB1623_00825	-1
HIMB1623-00000000012	184946	185269	-	HIMB1623_00825	HIMB1623	107	OG0001083	NA	NA	COG4392	AzlD2	Branched-chain amino acid transport protein	HIMB1623_00825	0
HIMB1623-00000000012	185259	185963	-	HIMB1623_00826	HIMB1623	234	OG0001073	NA	NA	COG1296	AzlC	Predicted branched-chain amino acid permease (azaleucine resistance)	HIMB1623_00825	1
HIMB1623-00000000012	185963	186748	-	HIMB1623_00827	HIMB1623	261	OG0001077	NA	NA	COG0410	LivF	ABC-type branched-chain amino acid transport system, ATPase component LivF	HIMB1623_00825	2
HIMB1623-00000000012	186748	187488	-	HIMB1623_00828	HIMB1623	246	OG0000928	K01995	branched-chain amino acid transport system ATP-binding protein	COG0411	LivG	ABC-type branched-chain amino acid transport system, ATPase component LivG	HIMB1623_00825	3
HIMB1623-00000000012	187485	188537	-	HIMB1623_00829	HIMB1623	350	OG0001109	NA	NA	COG4177	LivM	ABC-type branched-chain amino acid transport system, permease component	HIMB1623_00825	4
HIMB1623-00000000012	188524	188706	-	HIMB1623_00830	HIMB1623	60	OG0001356	NA	NA	NA	NA	NA	HIMB1623_00825	5
HIMB1631-00000000001	682274	683284	-	HIMB1631_00750	HIMB1631	336	OG0000021	K01997	branched-chain amino acid transport system permease protein	COG0559	LivH	Branched-chain amino acid ABC-type transport system, permease component	HIMB1631_00755	-5
HIMB1631-00000000001	683286	683993	-	HIMB1631_00751	HIMB1631	235	OG0000065	K01996	branched-chain amino acid transport system ATP-binding protein	COG0410	LivF	ABC-type branched-chain amino acid transport system, ATPase component LivF	HIMB1631_00755	-4
HIMB1631-00000000001	683993	684781	-	HIMB1631_00752	HIMB1631	262	OG0000143	K01995	branched-chain amino acid transport system ATP-binding protein	COG0411	LivG	ABC-type branched-chain amino acid transport system, ATPase component LivG	HIMB1631_00755	-3
HIMB1631-00000000001	684782	685549	-	HIMB1631_00753	HIMB1631	255	OG0000676	NA	NA	COG0345	ProC	Pyrroline-5-carboxylate reductase	HIMB1631_00755	-2
HIMB1631-00000000001	685584	686495	-	HIMB1631_00754	HIMB1631	303	OG0001090	K15737	glutarate dioxygenase [EC:1.14.11.64]	NA	NA	NA	HIMB1631_00755	-1
HIMB1631-00000000001	686536	686859	-	HIMB1631_00755	HIMB1631	107	OG0001083	NA	NA	COG4392	AzlD2	Branched-chain amino acid transport protein	HIMB1631_00755	0
HIMB1631-00000000001	686849	687553	-	HIMB1631_00756	HIMB1631	234	OG0001073	NA	NA	COG1296	AzlC	Predicted branched-chain amino acid permease (azaleucine resistance)	HIMB1631_00755	1
HIMB1631-00000000001	687553	688338	-	HIMB1631_00757	HIMB1631	261	OG0001077	NA	NA	COG0410	LivF	ABC-type branched-chain amino acid transport system, ATPase component LivF	HIMB1631_00755	2
HIMB1631-00000000001	688338	689078	-	HIMB1631_00758	HIMB1631	246	OG0000928	K01995	branched-chain amino acid transport system ATP-binding protein	COG0411	LivG	ABC-type branched-chain amino acid transport system, ATPase component LivG	HIMB1631_00755	3
HIMB1631-00000000001	689075	690127	-	HIMB1631_00759	HIMB1631	350	OG0001109	NA	NA	COG4177	LivM	ABC-type branched-chain amino acid transport system, permease component	HIMB1631_00755	4
HIMB1631-00000000001	690114	690296	-	HIMB1631_00760	HIMB1631	60	OG0001356	NA	NA	NA	NA	NA	HIMB1631_00755	5
HIMB1636-00000000001	95322	95504	+	HIMB1636_00098	HIMB1636	60	OG0001356	NA	NA	NA	NA	NA	HIMB1636_00103	-5
HIMB1636-00000000001	95491	96543	+	HIMB1636_00099	HIMB1636	350	OG0001109	NA	NA	COG4177	LivM	ABC-type branched-chain amino acid transport system, permease component	HIMB1636_00103	-4
HIMB1636-00000000001	96540	97280	+	HIMB1636_00100	HIMB1636	246	OG0000928	K01995	branched-chain amino acid transport system ATP-binding protein	COG0411	LivG	ABC-type branched-chain amino acid transport system, ATPase component LivG	HIMB1636_00103	-3
HIMB1636-00000000001	97280	98065	+	HIMB1636_00101	HIMB1636	261	OG0001077	NA	NA	COG0410	LivF	ABC-type branched-chain amino acid transport system, ATPase component LivF	HIMB1636_00103	-2
HIMB1636-00000000001	98065	98769	+	HIMB1636_00102	HIMB1636	234	OG0001073	NA	NA	COG1296	AzlC	Predicted branched-chain amino acid permease (azaleucine resistance)	HIMB1636_00103	-1
HIMB1636-00000000001	98759	99082	+	HIMB1636_00103	HIMB1636	107	OG0001083	NA	NA	COG4392	AzlD2	Branched-chain amino acid transport protein	HIMB1636_00103	0
HIMB1636-00000000001	99123	100034	+	HIMB1636_00104	HIMB1636	303	OG0001090	K15737	glutarate dioxygenase [EC:1.14.11.64]	NA	NA	NA	HIMB1636_00103	1
HIMB1636-00000000001	100069	100836	+	HIMB1636_00105	HIMB1636	255	OG0000676	NA	NA	COG0345	ProC	Pyrroline-5-carboxylate reductase	HIMB1636_00103	2
HIMB1636-00000000001	100837	101625	+	HIMB1636_00106	HIMB1636	262	OG0000143	K01995	branched-chain amino acid transport system ATP-binding protein	COG0411	LivG	ABC-type branched-chain amino acid transport system, ATPase component LivG	HIMB1636_00103	3
HIMB1636-00000000001	101625	102332	+	HIMB1636_00107	HIMB1636	235	OG0000065	K01996	branched-chain amino acid transport system ATP-binding protein	COG0410	LivF	ABC-type branched-chain amino acid transport system, ATPase component LivF	HIMB1636_00103	4
HIMB1636-00000000001	102334	103344	+	HIMB1636_00108	HIMB1636	336	OG0000021	K01997	branched-chain amino acid transport system permease protein	COG0559	LivH	Branched-chain amino acid ABC-type transport system, permease component	HIMB1636_00103	5
HIMB1641-00000000001	683972	684154	+	HIMB1641_00705	HIMB1641	60	OG0001356	NA	NA	NA	NA	NA	HIMB1641_00710	-5
HIMB1641-00000000001	684141	685193	+	HIMB1641_00706	HIMB1641	350	OG0001109	NA	NA	COG4177	LivM	ABC-type branched-chain amino acid transport system, permease component	HIMB1641_00710	-4
HIMB1641-00000000001	685190	685930	+	HIMB1641_00707	HIMB1641	246	OG0000928	K01995	branched-chain amino acid transport system ATP-binding protein	COG0411	LivG	ABC-type branched-chain amino acid transport system, ATPase component LivG	HIMB1641_00710	-3
HIMB1641-00000000001	685930	686715	+	HIMB1641_00708	HIMB1641	261	OG0001077	NA	NA	COG0410	LivF	ABC-type branched-chain amino acid transport system, ATPase component LivF	HIMB1641_00710	-2
HIMB1641-00000000001	686715	687419	+	HIMB1641_00709	HIMB1641	234	OG0001073	NA	NA	COG1296	AzlC	Predicted branched-chain amino acid permease (azaleucine resistance)	HIMB1641_00710	-1
HIMB1641-00000000001	687409	687732	+	HIMB1641_00710	HIMB1641	107	OG0001083	NA	NA	COG4392	AzlD2	Branched-chain amino acid transport protein	HIMB1641_00710	0
HIMB1641-00000000001	687773	688684	+	HIMB1641_00711	HIMB1641	303	OG0001090	K15737	glutarate dioxygenase [EC:1.14.11.64]	NA	NA	NA	HIMB1641_00710	1
HIMB1641-00000000001	688719	689486	+	HIMB1641_00712	HIMB1641	255	OG0000676	NA	NA	COG0345	ProC	Pyrroline-5-carboxylate reductase	HIMB1641_00710	2
HIMB1641-00000000001	689487	690275	+	HIMB1641_00713	HIMB1641	262	OG0000143	K01995	branched-chain amino acid transport system ATP-binding protein	COG0411	LivG	ABC-type branched-chain amino acid transport system, ATPase component LivG	HIMB1641_00710	3
HIMB1641-00000000001	690275	690982	+	HIMB1641_00714	HIMB1641	235	OG0000065	K01996	branched-chain amino acid transport system ATP-binding protein	COG0410	LivF	ABC-type branched-chain amino acid transport system, ATPase component LivF	HIMB1641_00710	4
HIMB1641-00000000001	690984	691994	+	HIMB1641_00715	HIMB1641	336	OG0000021	K01997	branched-chain amino acid transport system permease protein	COG0559	LivH	Branched-chain amino acid ABC-type transport system, permease component	HIMB1641_00710	5
HIMB1662-00000000001	697586	697768	+	HIMB1662_00717	HIMB1662	60	OG0001356	NA	NA	NA	NA	NA	HIMB1662_00722	-5
HIMB1662-00000000001	697755	698807	+	HIMB1662_00718	HIMB1662	350	OG0001109	NA	NA	COG4177	LivM	ABC-type branched-chain amino acid transport system, permease component	HIMB1662_00722	-4
HIMB1662-00000000001	698804	699544	+	HIMB1662_00719	HIMB1662	246	OG0000928	K01995	branched-chain amino acid transport system ATP-binding protein	COG0411	LivG	ABC-type branched-chain amino acid transport system, ATPase component LivG	HIMB1662_00722	-3
HIMB1662-00000000001	699544	700329	+	HIMB1662_00720	HIMB1662	261	OG0001077	NA	NA	COG0410	LivF	ABC-type branched-chain amino acid transport system, ATPase component LivF	HIMB1662_00722	-2
HIMB1662-00000000001	700329	701033	+	HIMB1662_00721	HIMB1662	234	OG0001073	NA	NA	COG1296	AzlC	Predicted branched-chain amino acid permease (azaleucine resistance)	HIMB1662_00722	-1
HIMB1662-00000000001	701023	701346	+	HIMB1662_00722	HIMB1662	107	OG0001083	NA	NA	COG4392	AzlD2	Branched-chain amino acid transport protein	HIMB1662_00722	0
HIMB1662-00000000001	701387	702298	+	HIMB1662_00723	HIMB1662	303	OG0001090	K15737	glutarate dioxygenase [EC:1.14.11.64]	NA	NA	NA	HIMB1662_00722	1
HIMB1662-00000000001	702333	703100	+	HIMB1662_00724	HIMB1662	255	OG0000676	NA	NA	COG0345	ProC	Pyrroline-5-carboxylate reductase	HIMB1662_00722	2
HIMB1662-00000000001	703101	703889	+	HIMB1662_00725	HIMB1662	262	OG0000143	K01995	branched-chain amino acid transport system ATP-binding protein	COG0411	LivG	ABC-type branched-chain amino acid transport system, ATPase component LivG	HIMB1662_00722	3
HIMB1662-00000000001	703889	704596	+	HIMB1662_00726	HIMB1662	235	OG0000065	K01996	branched-chain amino acid transport system ATP-binding protein	COG0410	LivF	ABC-type branched-chain amino acid transport system, ATPase component LivF	HIMB1662_00722	4
HIMB1662-00000000001	704598	705608	+	HIMB1662_00727	HIMB1662	336	OG0000021	K01997	branched-chain amino acid transport system permease protein	COG0559	LivH	Branched-chain amino acid ABC-type transport system, permease component	HIMB1662_00722	5
HIMB1685-00000000001	1254693	1254875	+	HIMB1685_01357	HIMB1685	60	OG0001356	NA	NA	NA	NA	NA	HIMB1685_01362	-5
HIMB1685-00000000001	1254862	1255914	+	HIMB1685_01358	HIMB1685	350	OG0001109	NA	NA	COG4177	LivM	ABC-type branched-chain amino acid transport system, permease component	HIMB1685_01362	-4
HIMB1685-00000000001	1255911	1256651	+	HIMB1685_01359	HIMB1685	246	OG0000928	K01995	branched-chain amino acid transport system ATP-binding protein	COG0411	LivG	ABC-type branched-chain amino acid transport system, ATPase component LivG	HIMB1685_01362	-3
HIMB1685-00000000001	1256651	1257436	+	HIMB1685_01360	HIMB1685	261	OG0001077	NA	NA	COG0410	LivF	ABC-type branched-chain amino acid transport system, ATPase component LivF	HIMB1685_01362	-2
HIMB1685-00000000001	1257436	1258140	+	HIMB1685_01361	HIMB1685	234	OG0001073	NA	NA	COG1296	AzlC	Predicted branched-chain amino acid permease (azaleucine resistance)	HIMB1685_01362	-1
HIMB1685-00000000001	1258130	1258453	+	HIMB1685_01362	HIMB1685	107	OG0001083	NA	NA	COG4392	AzlD2	Branched-chain amino acid transport protein	HIMB1685_01362	0
HIMB1685-00000000001	1258494	1259405	+	HIMB1685_01363	HIMB1685	303	OG0001090	K15737	glutarate dioxygenase [EC:1.14.11.64]	NA	NA	NA	HIMB1685_01362	1
HIMB1685-00000000001	1259440	1260207	+	HIMB1685_01364	HIMB1685	255	OG0000676	NA	NA	COG0345	ProC	Pyrroline-5-carboxylate reductase	HIMB1685_01362	2
HIMB1685-00000000001	1260208	1260996	+	HIMB1685_01365	HIMB1685	262	OG0000143	K01995	branched-chain amino acid transport system ATP-binding protein	COG0411	LivG	ABC-type branched-chain amino acid transport system, ATPase component LivG	HIMB1685_01362	3
HIMB1685-00000000001	1260996	1261703	+	HIMB1685_01366	HIMB1685	235	OG0000065	K01996	branched-chain amino acid transport system ATP-binding protein	COG0410	LivF	ABC-type branched-chain amino acid transport system, ATPase component LivF	HIMB1685_01362	4
HIMB1685-00000000001	1261705	1262715	+	HIMB1685_01367	HIMB1685	336	OG0000021	K01997	branched-chain amino acid transport system permease protein	COG0559	LivH	Branched-chain amino acid ABC-type transport system, permease component	HIMB1685_01362	5
HIMB1695-00000000002	82991	83173	+	HIMB1695_01378	HIMB1695	60	OG0001356	NA	NA	NA	NA	NA	HIMB1695_01383	-5
HIMB1695-00000000002	83160	84212	+	HIMB1695_01379	HIMB1695	350	OG0001109	NA	NA	COG4177	LivM	ABC-type branched-chain amino acid transport system, permease component	HIMB1695_01383	-4
HIMB1695-00000000002	84209	84949	+	HIMB1695_01380	HIMB1695	246	OG0000928	K01995	branched-chain amino acid transport system ATP-binding protein	COG0411	LivG	ABC-type branched-chain amino acid transport system, ATPase component LivG	HIMB1695_01383	-3
HIMB1695-00000000002	84949	85734	+	HIMB1695_01381	HIMB1695	261	OG0001077	NA	NA	COG0410	LivF	ABC-type branched-chain amino acid transport system, ATPase component LivF	HIMB1695_01383	-2
HIMB1695-00000000002	85734	86438	+	HIMB1695_01382	HIMB1695	234	OG0001073	NA	NA	COG1296	AzlC	Predicted branched-chain amino acid permease (azaleucine resistance)	HIMB1695_01383	-1
HIMB1695-00000000002	86428	86751	+	HIMB1695_01383	HIMB1695	107	OG0001083	NA	NA	COG4392	AzlD2	Branched-chain amino acid transport protein	HIMB1695_01383	0
HIMB1695-00000000002	86792	87703	+	HIMB1695_01384	HIMB1695	303	OG0001090	K15737	glutarate dioxygenase [EC:1.14.11.64]	NA	NA	NA	HIMB1695_01383	1
HIMB1695-00000000002	87738	88505	+	HIMB1695_01385	HIMB1695	255	OG0000676	NA	NA	COG0345	ProC	Pyrroline-5-carboxylate reductase	HIMB1695_01383	2
HIMB1695-00000000002	88506	89294	+	HIMB1695_01386	HIMB1695	262	OG0000143	K01995	branched-chain amino acid transport system ATP-binding protein	COG0411	LivG	ABC-type branched-chain amino acid transport system, ATPase component LivG	HIMB1695_01383	3
HIMB1695-00000000002	89294	90001	+	HIMB1695_01387	HIMB1695	235	OG0000065	K01996	branched-chain amino acid transport system ATP-binding protein	COG0410	LivF	ABC-type branched-chain amino acid transport system, ATPase component LivF	HIMB1695_01383	4
HIMB1695-00000000002	90003	91013	+	HIMB1695_01388	HIMB1695	336	OG0000021	K01997	branched-chain amino acid transport system permease protein	COG0559	LivH	Branched-chain amino acid ABC-type transport system, permease component	HIMB1695_01383	5
HIMB1701-00000000001	1282466	1282648	+	HIMB1701_01375	HIMB1701	60	OG0001356	NA	NA	NA	NA	NA	HIMB1701_01380	-5
HIMB1701-00000000001	1282635	1283687	+	HIMB1701_01376	HIMB1701	350	OG0001109	NA	NA	COG4177	LivM	ABC-type branched-chain amino acid transport system, permease component	HIMB1701_01380	-4
HIMB1701-00000000001	1283684	1284424	+	HIMB1701_01377	HIMB1701	246	OG0000928	K01995	branched-chain amino acid transport system ATP-binding protein	COG0411	LivG	ABC-type branched-chain amino acid transport system, ATPase component LivG	HIMB1701_01380	-3
HIMB1701-00000000001	1284424	1285209	+	HIMB1701_01378	HIMB1701	261	OG0001077	NA	NA	COG0410	LivF	ABC-type branched-chain amino acid transport system, ATPase component LivF	HIMB1701_01380	-2
HIMB1701-00000000001	1285209	1285913	+	HIMB1701_01379	HIMB1701	234	OG0001073	NA	NA	COG1296	AzlC	Predicted branched-chain amino acid permease (azaleucine resistance)	HIMB1701_01380	-1
HIMB1701-00000000001	1285903	1286226	+	HIMB1701_01380	HIMB1701	107	OG0001083	NA	NA	COG4392	AzlD2	Branched-chain amino acid transport protein	HIMB1701_01380	0
HIMB1701-00000000001	1286267	1287178	+	HIMB1701_01381	HIMB1701	303	OG0001090	K15737	glutarate dioxygenase [EC:1.14.11.64]	NA	NA	NA	HIMB1701_01380	1
HIMB1701-00000000001	1287213	1287980	+	HIMB1701_01382	HIMB1701	255	OG0000676	NA	NA	COG0345	ProC	Pyrroline-5-carboxylate reductase	HIMB1701_01380	2
HIMB1701-00000000001	1287981	1288769	+	HIMB1701_01383	HIMB1701	262	OG0000143	K01995	branched-chain amino acid transport system ATP-binding protein	COG0411	LivG	ABC-type branched-chain amino acid transport system, ATPase component LivG	HIMB1701_01380	3
HIMB1701-00000000001	1288769	1289476	+	HIMB1701_01384	HIMB1701	235	OG0000065	K01996	branched-chain amino acid transport system ATP-binding protein	COG0410	LivF	ABC-type branched-chain amino acid transport system, ATPase component LivF	HIMB1701_01380	4
HIMB1701-00000000001	1289478	1290488	+	HIMB1701_01385	HIMB1701	336	OG0000021	K01997	branched-chain amino acid transport system permease protein	COG0559	LivH	Branched-chain amino acid ABC-type transport system, permease component	HIMB1701_01380	5
HIMB1702-00000000001	1342519	1343529	-	HIMB1702_01417	HIMB1702	336	OG0000021	K01997	branched-chain amino acid transport system permease protein	COG0559	LivH	Branched-chain amino acid ABC-type transport system, permease component	HIMB1702_01422	-5
HIMB1702-00000000001	1343531	1344238	-	HIMB1702_01418	HIMB1702	235	OG0000065	K01996	branched-chain amino acid transport system ATP-binding protein	COG0410	LivF	ABC-type branched-chain amino acid transport system, ATPase component LivF	HIMB1702_01422	-4
HIMB1702-00000000001	1344238	1345026	-	HIMB1702_01419	HIMB1702	262	OG0000143	K01995	branched-chain amino acid transport system ATP-binding protein	COG0411	LivG	ABC-type branched-chain amino acid transport system, ATPase component LivG	HIMB1702_01422	-3
HIMB1702-00000000001	1345027	1345794	-	HIMB1702_01420	HIMB1702	255	OG0000676	NA	NA	COG0345	ProC	Pyrroline-5-carboxylate reductase	HIMB1702_01422	-2
HIMB1702-00000000001	1345829	1346740	-	HIMB1702_01421	HIMB1702	303	OG0001090	K15737	glutarate dioxygenase [EC:1.14.11.64]	NA	NA	NA	HIMB1702_01422	-1
HIMB1702-00000000001	1346781	1347104	-	HIMB1702_01422	HIMB1702	107	OG0001083	NA	NA	COG4392	AzlD2	Branched-chain amino acid transport protein	HIMB1702_01422	0
HIMB1702-00000000001	1347094	1347798	-	HIMB1702_01423	HIMB1702	234	OG0001073	NA	NA	COG1296	AzlC	Predicted branched-chain amino acid permease (azaleucine resistance)	HIMB1702_01422	1
HIMB1702-00000000001	1347798	1348583	-	HIMB1702_01424	HIMB1702	261	OG0001077	NA	NA	COG0410	LivF	ABC-type branched-chain amino acid transport system, ATPase component LivF	HIMB1702_01422	2
HIMB1702-00000000001	1348583	1349323	-	HIMB1702_01425	HIMB1702	246	OG0000928	K01995	branched-chain amino acid transport system ATP-binding protein	COG0411	LivG	ABC-type branched-chain amino acid transport system, ATPase component LivG	HIMB1702_01422	3
HIMB1702-00000000001	1349320	1350372	-	HIMB1702_01426	HIMB1702	350	OG0001109	NA	NA	COG4177	LivM	ABC-type branched-chain amino acid transport system, permease component	HIMB1702_01422	4
HIMB1702-00000000001	1350359	1350541	-	HIMB1702_01427	HIMB1702	60	OG0001356	NA	NA	NA	NA	NA	HIMB1702_01422	5
HIMB1709-00000000002	162836	163846	-	HIMB1709_01426	HIMB1709	336	OG0000021	K01997	branched-chain amino acid transport system permease protein	COG0559	LivH	Branched-chain amino acid ABC-type transport system, permease component	HIMB1709_01431	-5
HIMB1709-00000000002	163848	164555	-	HIMB1709_01427	HIMB1709	235	OG0000065	K01996	branched-chain amino acid transport system ATP-binding protein	COG0410	LivF	ABC-type branched-chain amino acid transport system, ATPase component LivF	HIMB1709_01431	-4
HIMB1709-00000000002	164555	165343	-	HIMB1709_01428	HIMB1709	262	OG0000143	K01995	branched-chain amino acid transport system ATP-binding protein	COG0411	LivG	ABC-type branched-chain amino acid transport system, ATPase component LivG	HIMB1709_01431	-3
HIMB1709-00000000002	165344	166111	-	HIMB1709_01429	HIMB1709	255	OG0000676	NA	NA	COG0345	ProC	Pyrroline-5-carboxylate reductase	HIMB1709_01431	-2
HIMB1709-00000000002	166146	167057	-	HIMB1709_01430	HIMB1709	303	OG0001090	K15737	glutarate dioxygenase [EC:1.14.11.64]	NA	NA	NA	HIMB1709_01431	-1
HIMB1709-00000000002	167098	167421	-	HIMB1709_01431	HIMB1709	107	OG0001083	NA	NA	COG4392	AzlD2	Branched-chain amino acid transport protein	HIMB1709_01431	0
HIMB1709-00000000002	167411	168115	-	HIMB1709_01432	HIMB1709	234	OG0001073	NA	NA	COG1296	AzlC	Predicted branched-chain amino acid permease (azaleucine resistance)	HIMB1709_01431	1
HIMB1709-00000000002	168115	168900	-	HIMB1709_01433	HIMB1709	261	OG0001077	NA	NA	COG0410	LivF	ABC-type branched-chain amino acid transport system, ATPase component LivF	HIMB1709_01431	2
HIMB1709-00000000002	168900	169640	-	HIMB1709_01434	HIMB1709	246	OG0000928	K01995	branched-chain amino acid transport system ATP-binding protein	COG0411	LivG	ABC-type branched-chain amino acid transport system, ATPase component LivG	HIMB1709_01431	3
HIMB1709-00000000002	169637	170689	-	HIMB1709_01435	HIMB1709	350	OG0001109	NA	NA	COG4177	LivM	ABC-type branched-chain amino acid transport system, permease component	HIMB1709_01431	4
HIMB1709-00000000002	170676	170858	-	HIMB1709_01436	HIMB1709	60	OG0001356	NA	NA	NA	NA	NA	HIMB1709_01431	5
HIMB1710-00000000003	1334766	1335776	-	HIMB1710_01427	HIMB1710	336	OG0000021	K01997	branched-chain amino acid transport system permease protein	COG0559	LivH	Branched-chain amino acid ABC-type transport system, permease component	HIMB1710_01432	-5
HIMB1710-00000000003	1335778	1336485	-	HIMB1710_01428	HIMB1710	235	OG0000065	K01996	branched-chain amino acid transport system ATP-binding protein	COG0410	LivF	ABC-type branched-chain amino acid transport system, ATPase component LivF	HIMB1710_01432	-4
HIMB1710-00000000003	1336485	1337273	-	HIMB1710_01429	HIMB1710	262	OG0000143	K01995	branched-chain amino acid transport system ATP-binding protein	COG0411	LivG	ABC-type branched-chain amino acid transport system, ATPase component LivG	HIMB1710_01432	-3
HIMB1710-00000000003	1337274	1338041	-	HIMB1710_01430	HIMB1710	255	OG0000676	NA	NA	COG0345	ProC	Pyrroline-5-carboxylate reductase	HIMB1710_01432	-2
HIMB1710-00000000003	1338076	1338987	-	HIMB1710_01431	HIMB1710	303	OG0001090	K15737	glutarate dioxygenase [EC:1.14.11.64]	NA	NA	NA	HIMB1710_01432	-1
HIMB1710-00000000003	1339028	1339351	-	HIMB1710_01432	HIMB1710	107	OG0001083	NA	NA	COG4392	AzlD2	Branched-chain amino acid transport protein	HIMB1710_01432	0
HIMB1710-00000000003	1339341	1340045	-	HIMB1710_01433	HIMB1710	234	OG0001073	NA	NA	COG1296	AzlC	Predicted branched-chain amino acid permease (azaleucine resistance)	HIMB1710_01432	1
HIMB1710-00000000003	1340045	1340830	-	HIMB1710_01434	HIMB1710	261	OG0001077	NA	NA	COG0410	LivF	ABC-type branched-chain amino acid transport system, ATPase component LivF	HIMB1710_01432	2
HIMB1710-00000000003	1340830	1341570	-	HIMB1710_01435	HIMB1710	246	OG0000928	K01995	branched-chain amino acid transport system ATP-binding protein	COG0411	LivG	ABC-type branched-chain amino acid transport system, ATPase component LivG	HIMB1710_01432	3
HIMB1710-00000000003	1341567	1342619	-	HIMB1710_01436	HIMB1710	350	OG0001109	NA	NA	COG4177	LivM	ABC-type branched-chain amino acid transport system, permease component	HIMB1710_01432	4
HIMB1710-00000000003	1342606	1342788	-	HIMB1710_01437	HIMB1710	60	OG0001356	NA	NA	NA	NA	NA	HIMB1710_01432	5
HIMB1715-00000000003	125653	126663	-	HIMB1715_00247	HIMB1715	336	OG0000021	K01997	branched-chain amino acid transport system permease protein	COG0559	LivH	Branched-chain amino acid ABC-type transport system, permease component	HIMB1715_00252	-5
HIMB1715-00000000003	126665	127372	-	HIMB1715_00248	HIMB1715	235	OG0000065	K01996	branched-chain amino acid transport system ATP-binding protein	COG0410	LivF	ABC-type branched-chain amino acid transport system, ATPase component LivF	HIMB1715_00252	-4
HIMB1715-00000000003	127372	128160	-	HIMB1715_00249	HIMB1715	262	OG0000143	K01995	branched-chain amino acid transport system ATP-binding protein	COG0411	LivG	ABC-type branched-chain amino acid transport system, ATPase component LivG	HIMB1715_00252	-3
HIMB1715-00000000003	128161	128928	-	HIMB1715_00250	HIMB1715	255	OG0000676	NA	NA	COG0345	ProC	Pyrroline-5-carboxylate reductase	HIMB1715_00252	-2
HIMB1715-00000000003	128963	129874	-	HIMB1715_00251	HIMB1715	303	OG0001090	K15737	glutarate dioxygenase [EC:1.14.11.64]	NA	NA	NA	HIMB1715_00252	-1
HIMB1715-00000000003	129915	130238	-	HIMB1715_00252	HIMB1715	107	OG0001083	NA	NA	COG4392	AzlD2	Branched-chain amino acid transport protein	HIMB1715_00252	0
HIMB1715-00000000003	130228	130932	-	HIMB1715_00253	HIMB1715	234	OG0001073	NA	NA	COG1296	AzlC	Predicted branched-chain amino acid permease (azaleucine resistance)	HIMB1715_00252	1
HIMB1715-00000000003	130932	131717	-	HIMB1715_00254	HIMB1715	261	OG0001077	NA	NA	COG0410	LivF	ABC-type branched-chain amino acid transport system, ATPase component LivF	HIMB1715_00252	2
HIMB1715-00000000003	131717	132457	-	HIMB1715_00255	HIMB1715	246	OG0000928	K01995	branched-chain amino acid transport system ATP-binding protein	COG0411	LivG	ABC-type branched-chain amino acid transport system, ATPase component LivG	HIMB1715_00252	3
HIMB1715-00000000003	132454	133506	-	HIMB1715_00256	HIMB1715	350	OG0001109	NA	NA	COG4177	LivM	ABC-type branched-chain amino acid transport system, permease component	HIMB1715_00252	4
HIMB1715-00000000003	133493	133675	-	HIMB1715_00257	HIMB1715	60	OG0001356	NA	NA	NA	NA	NA	HIMB1715_00252	5
HIMB1723-00000000001	1022650	1022832	+	HIMB1723_01076	HIMB1723	60	OG0001356	NA	NA	NA	NA	NA	HIMB1723_01081	-5
HIMB1723-00000000001	1022819	1023871	+	HIMB1723_01077	HIMB1723	350	OG0001109	NA	NA	COG4177	LivM	ABC-type branched-chain amino acid transport system, permease component	HIMB1723_01081	-4
HIMB1723-00000000001	1023868	1024608	+	HIMB1723_01078	HIMB1723	246	OG0000928	K01995	branched-chain amino acid transport system ATP-binding protein	COG0411	LivG	ABC-type branched-chain amino acid transport system, ATPase component LivG	HIMB1723_01081	-3
HIMB1723-00000000001	1024608	1025393	+	HIMB1723_01079	HIMB1723	261	OG0001077	NA	NA	COG0410	LivF	ABC-type branched-chain amino acid transport system, ATPase component LivF	HIMB1723_01081	-2
HIMB1723-00000000001	1025393	1026097	+	HIMB1723_01080	HIMB1723	234	OG0001073	NA	NA	COG1296	AzlC	Predicted branched-chain amino acid permease (azaleucine resistance)	HIMB1723_01081	-1
HIMB1723-00000000001	1026087	1026410	+	HIMB1723_01081	HIMB1723	107	OG0001083	NA	NA	COG4392	AzlD2	Branched-chain amino acid transport protein	HIMB1723_01081	0
HIMB1723-00000000001	1026451	1027362	+	HIMB1723_01082	HIMB1723	303	OG0001090	K15737	glutarate dioxygenase [EC:1.14.11.64]	NA	NA	NA	HIMB1723_01081	1
HIMB1723-00000000001	1027397	1028164	+	HIMB1723_01083	HIMB1723	255	OG0000676	NA	NA	COG0345	ProC	Pyrroline-5-carboxylate reductase	HIMB1723_01081	2
HIMB1723-00000000001	1028165	1028953	+	HIMB1723_01084	HIMB1723	262	OG0000143	K01995	branched-chain amino acid transport system ATP-binding protein	COG0411	LivG	ABC-type branched-chain amino acid transport system, ATPase component LivG	HIMB1723_01081	3
HIMB1723-00000000001	1028953	1029660	+	HIMB1723_01085	HIMB1723	235	OG0000065	K01996	branched-chain amino acid transport system ATP-binding protein	COG0410	LivF	ABC-type branched-chain amino acid transport system, ATPase component LivF	HIMB1723_01081	4
HIMB1723-00000000001	1029662	1030672	+	HIMB1723_01086	HIMB1723	336	OG0000021	K01997	branched-chain amino acid transport system permease protein	COG0559	LivH	Branched-chain amino acid ABC-type transport system, permease component	HIMB1723_01081	5
HIMB1746-00000000001	107708	107890	+	HIMB1746_00118	HIMB1746	60	OG0001356	NA	NA	NA	NA	NA	HIMB1746_00123	-5
HIMB1746-00000000001	107877	108929	+	HIMB1746_00119	HIMB1746	350	OG0001109	NA	NA	COG4177	LivM	ABC-type branched-chain amino acid transport system, permease component	HIMB1746_00123	-4
HIMB1746-00000000001	108926	109666	+	HIMB1746_00120	HIMB1746	246	OG0000928	K01995	branched-chain amino acid transport system ATP-binding protein	COG0411	LivG	ABC-type branched-chain amino acid transport system, ATPase component LivG	HIMB1746_00123	-3
HIMB1746-00000000001	109666	110451	+	HIMB1746_00121	HIMB1746	261	OG0001077	NA	NA	COG0410	LivF	ABC-type branched-chain amino acid transport system, ATPase component LivF	HIMB1746_00123	-2
HIMB1746-00000000001	110451	111155	+	HIMB1746_00122	HIMB1746	234	OG0001073	NA	NA	COG1296	AzlC	Predicted branched-chain amino acid permease (azaleucine resistance)	HIMB1746_00123	-1
HIMB1746-00000000001	111145	111468	+	HIMB1746_00123	HIMB1746	107	OG0001083	NA	NA	COG4392	AzlD2	Branched-chain amino acid transport protein	HIMB1746_00123	0
HIMB1746-00000000001	111509	112420	+	HIMB1746_00124	HIMB1746	303	OG0001090	K15737	glutarate dioxygenase [EC:1.14.11.64]	NA	NA	NA	HIMB1746_00123	1
HIMB1746-00000000001	112455	113222	+	HIMB1746_00125	HIMB1746	255	OG0000676	NA	NA	COG0345	ProC	Pyrroline-5-carboxylate reductase	HIMB1746_00123	2
HIMB1746-00000000001	113223	114011	+	HIMB1746_00126	HIMB1746	262	OG0000143	K01995	branched-chain amino acid transport system ATP-binding protein	COG0411	LivG	ABC-type branched-chain amino acid transport system, ATPase component LivG	HIMB1746_00123	3
HIMB1746-00000000001	114011	114718	+	HIMB1746_00127	HIMB1746	235	OG0000065	K01996	branched-chain amino acid transport system ATP-binding protein	COG0410	LivF	ABC-type branched-chain amino acid transport system, ATPase component LivF	HIMB1746_00123	4
HIMB1746-00000000001	114720	115730	+	HIMB1746_00128	HIMB1746	336	OG0000021	K01997	branched-chain amino acid transport system permease protein	COG0559	LivH	Branched-chain amino acid ABC-type transport system, permease component	HIMB1746_00123	5
HIMB1748-00000000003	89395	89577	+	HIMB1748_00722	HIMB1748	60	OG0001356	NA	NA	NA	NA	NA	HIMB1748_00727	-5
HIMB1748-00000000003	89564	90616	+	HIMB1748_00723	HIMB1748	350	OG0001109	NA	NA	COG4177	LivM	ABC-type branched-chain amino acid transport system, permease component	HIMB1748_00727	-4
HIMB1748-00000000003	90613	91353	+	HIMB1748_00724	HIMB1748	246	OG0000928	K01995	branched-chain amino acid transport system ATP-binding protein	COG0411	LivG	ABC-type branched-chain amino acid transport system, ATPase component LivG	HIMB1748_00727	-3
HIMB1748-00000000003	91353	92138	+	HIMB1748_00725	HIMB1748	261	OG0001077	NA	NA	COG0410	LivF	ABC-type branched-chain amino acid transport system, ATPase component LivF	HIMB1748_00727	-2
HIMB1748-00000000003	92138	92842	+	HIMB1748_00726	HIMB1748	234	OG0001073	NA	NA	COG1296	AzlC	Predicted branched-chain amino acid permease (azaleucine resistance)	HIMB1748_00727	-1
HIMB1748-00000000003	92832	93155	+	HIMB1748_00727	HIMB1748	107	OG0001083	NA	NA	COG4392	AzlD2	Branched-chain amino acid transport protein	HIMB1748_00727	0
HIMB1748-00000000003	93196	94107	+	HIMB1748_00728	HIMB1748	303	OG0001090	K15737	glutarate dioxygenase [EC:1.14.11.64]	NA	NA	NA	HIMB1748_00727	1
HIMB1748-00000000003	94142	94909	+	HIMB1748_00729	HIMB1748	255	OG0000676	NA	NA	COG0345	ProC	Pyrroline-5-carboxylate reductase	HIMB1748_00727	2
HIMB1748-00000000003	94910	95698	+	HIMB1748_00730	HIMB1748	262	OG0000143	K01995	branched-chain amino acid transport system ATP-binding protein	COG0411	LivG	ABC-type branched-chain amino acid transport system, ATPase component LivG	HIMB1748_00727	3
HIMB1748-00000000003	95698	96405	+	HIMB1748_00731	HIMB1748	235	OG0000065	K01996	branched-chain amino acid transport system ATP-binding protein	COG0410	LivF	ABC-type branched-chain amino acid transport system, ATPase component LivF	HIMB1748_00727	4
HIMB1748-00000000003	96407	97417	+	HIMB1748_00732	HIMB1748	336	OG0000021	K01997	branched-chain amino acid transport system permease protein	COG0559	LivH	Branched-chain amino acid ABC-type transport system, permease component	HIMB1748_00727	5
HIMB1758-00000000001	749354	749536	+	HIMB1758_00773	HIMB1758	60	OG0001356	NA	NA	NA	NA	NA	HIMB1758_00778	-5
HIMB1758-00000000001	749523	750575	+	HIMB1758_00774	HIMB1758	350	OG0001109	NA	NA	COG4177	LivM	ABC-type branched-chain amino acid transport system, permease component	HIMB1758_00778	-4
HIMB1758-00000000001	750572	751312	+	HIMB1758_00775	HIMB1758	246	OG0000928	K01995	branched-chain amino acid transport system ATP-binding protein	COG0411	LivG	ABC-type branched-chain amino acid transport system, ATPase component LivG	HIMB1758_00778	-3
HIMB1758-00000000001	751312	752097	+	HIMB1758_00776	HIMB1758	261	OG0001077	NA	NA	COG0410	LivF	ABC-type branched-chain amino acid transport system, ATPase component LivF	HIMB1758_00778	-2
HIMB1758-00000000001	752097	752801	+	HIMB1758_00777	HIMB1758	234	OG0001073	NA	NA	COG1296	AzlC	Predicted branched-chain amino acid permease (azaleucine resistance)	HIMB1758_00778	-1
HIMB1758-00000000001	752791	753114	+	HIMB1758_00778	HIMB1758	107	OG0001083	NA	NA	COG4392	AzlD2	Branched-chain amino acid transport protein	HIMB1758_00778	0
HIMB1758-00000000001	753155	754066	+	HIMB1758_00779	HIMB1758	303	OG0001090	K15737	glutarate dioxygenase [EC:1.14.11.64]	NA	NA	NA	HIMB1758_00778	1
HIMB1758-00000000001	754101	754868	+	HIMB1758_00780	HIMB1758	255	OG0000676	NA	NA	COG0345	ProC	Pyrroline-5-carboxylate reductase	HIMB1758_00778	2
HIMB1758-00000000001	754869	755657	+	HIMB1758_00781	HIMB1758	262	OG0000143	K01995	branched-chain amino acid transport system ATP-binding protein	COG0411	LivG	ABC-type branched-chain amino acid transport system, ATPase component LivG	HIMB1758_00778	3
HIMB1758-00000000001	755657	756364	+	HIMB1758_00782	HIMB1758	235	OG0000065	K01996	branched-chain amino acid transport system ATP-binding protein	COG0410	LivF	ABC-type branched-chain amino acid transport system, ATPase component LivF	HIMB1758_00778	4
HIMB1758-00000000001	756366	757376	+	HIMB1758_00783	HIMB1758	336	OG0000021	K01997	branched-chain amino acid transport system permease protein	COG0559	LivH	Branched-chain amino acid ABC-type transport system, permease component	HIMB1758_00778	5
HIMB1765-00000000001	667539	668549	-	HIMB1765_00736	HIMB1765	336	OG0000021	K01997	branched-chain amino acid transport system permease protein	COG0559	LivH	Branched-chain amino acid ABC-type transport system, permease component	HIMB1765_00741	-5
HIMB1765-00000000001	668551	669258	-	HIMB1765_00737	HIMB1765	235	OG0000065	K01996	branched-chain amino acid transport system ATP-binding protein	COG0410	LivF	ABC-type branched-chain amino acid transport system, ATPase component LivF	HIMB1765_00741	-4
HIMB1765-00000000001	669258	670046	-	HIMB1765_00738	HIMB1765	262	OG0000143	K01995	branched-chain amino acid transport system ATP-binding protein	COG0411	LivG	ABC-type branched-chain amino acid transport system, ATPase component LivG	HIMB1765_00741	-3
HIMB1765-00000000001	670047	670814	-	HIMB1765_00739	HIMB1765	255	OG0000676	NA	NA	COG0345	ProC	Pyrroline-5-carboxylate reductase	HIMB1765_00741	-2
HIMB1765-00000000001	670849	671760	-	HIMB1765_00740	HIMB1765	303	OG0001090	K15737	glutarate dioxygenase [EC:1.14.11.64]	NA	NA	NA	HIMB1765_00741	-1
HIMB1765-00000000001	671801	672124	-	HIMB1765_00741	HIMB1765	107	OG0001083	NA	NA	COG4392	AzlD2	Branched-chain amino acid transport protein	HIMB1765_00741	0
HIMB1765-00000000001	672114	672818	-	HIMB1765_00742	HIMB1765	234	OG0001073	NA	NA	COG1296	AzlC	Predicted branched-chain amino acid permease (azaleucine resistance)	HIMB1765_00741	1
HIMB1765-00000000001	672818	673603	-	HIMB1765_00743	HIMB1765	261	OG0001077	NA	NA	COG0410	LivF	ABC-type branched-chain amino acid transport system, ATPase component LivF	HIMB1765_00741	2
HIMB1765-00000000001	673603	674343	-	HIMB1765_00744	HIMB1765	246	OG0000928	K01995	branched-chain amino acid transport system ATP-binding protein	COG0411	LivG	ABC-type branched-chain amino acid transport system, ATPase component LivG	HIMB1765_00741	3
HIMB1765-00000000001	674340	675392	-	HIMB1765_00745	HIMB1765	350	OG0001109	NA	NA	COG4177	LivM	ABC-type branched-chain amino acid transport system, permease component	HIMB1765_00741	4
HIMB1765-00000000001	675379	675561	-	HIMB1765_00746	HIMB1765	60	OG0001356	NA	NA	NA	NA	NA	HIMB1765_00741	5
HIMB1770-00000000001	1160922	1161104	+	HIMB1770_01243	HIMB1770	60	OG0001356	NA	NA	NA	NA	NA	HIMB1770_01248	-5
HIMB1770-00000000001	1161091	1162143	+	HIMB1770_01244	HIMB1770	350	OG0001109	NA	NA	COG4177	LivM	ABC-type branched-chain amino acid transport system, permease component	HIMB1770_01248	-4
HIMB1770-00000000001	1162140	1162880	+	HIMB1770_01245	HIMB1770	246	OG0000928	K01995	branched-chain amino acid transport system ATP-binding protein	COG0411	LivG	ABC-type branched-chain amino acid transport system, ATPase component LivG	HIMB1770_01248	-3
HIMB1770-00000000001	1162880	1163665	+	HIMB1770_01246	HIMB1770	261	OG0001077	NA	NA	COG0410	LivF	ABC-type branched-chain amino acid transport system, ATPase component LivF	HIMB1770_01248	-2
HIMB1770-00000000001	1163665	1164369	+	HIMB1770_01247	HIMB1770	234	OG0001073	NA	NA	COG1296	AzlC	Predicted branched-chain amino acid permease (azaleucine resistance)	HIMB1770_01248	-1
HIMB1770-00000000001	1164359	1164682	+	HIMB1770_01248	HIMB1770	107	OG0001083	NA	NA	COG4392	AzlD2	Branched-chain amino acid transport protein	HIMB1770_01248	0
HIMB1770-00000000001	1164723	1165634	+	HIMB1770_01249	HIMB1770	303	OG0001090	K15737	glutarate dioxygenase [EC:1.14.11.64]	NA	NA	NA	HIMB1770_01248	1
HIMB1770-00000000001	1165669	1166436	+	HIMB1770_01250	HIMB1770	255	OG0000676	NA	NA	COG0345	ProC	Pyrroline-5-carboxylate reductase	HIMB1770_01248	2
HIMB1770-00000000001	1166437	1167225	+	HIMB1770_01251	HIMB1770	262	OG0000143	K01995	branched-chain amino acid transport system ATP-binding protein	COG0411	LivG	ABC-type branched-chain amino acid transport system, ATPase component LivG	HIMB1770_01248	3
HIMB1770-00000000001	1167225	1167932	+	HIMB1770_01252	HIMB1770	235	OG0000065	K01996	branched-chain amino acid transport system ATP-binding protein	COG0410	LivF	ABC-type branched-chain amino acid transport system, ATPase component LivF	HIMB1770_01248	4
HIMB1770-00000000001	1167934	1168944	+	HIMB1770_01253	HIMB1770	336	OG0000021	K01997	branched-chain amino acid transport system permease protein	COG0559	LivH	Branched-chain amino acid ABC-type transport system, permease component	HIMB1770_01248	5
HIMB1782-00000000002	91693	91875	+	HIMB1782_01003	HIMB1782	60	OG0001356	NA	NA	NA	NA	NA	HIMB1782_01008	-5
HIMB1782-00000000002	91862	92914	+	HIMB1782_01004	HIMB1782	350	OG0001109	NA	NA	COG4177	LivM	ABC-type branched-chain amino acid transport system, permease component	HIMB1782_01008	-4
HIMB1782-00000000002	92911	93651	+	HIMB1782_01005	HIMB1782	246	OG0000928	K01995	branched-chain amino acid transport system ATP-binding protein	COG0411	LivG	ABC-type branched-chain amino acid transport system, ATPase component LivG	HIMB1782_01008	-3
HIMB1782-00000000002	93651	94436	+	HIMB1782_01006	HIMB1782	261	OG0001077	NA	NA	COG0410	LivF	ABC-type branched-chain amino acid transport system, ATPase component LivF	HIMB1782_01008	-2
HIMB1782-00000000002	94436	95140	+	HIMB1782_01007	HIMB1782	234	OG0001073	NA	NA	COG1296	AzlC	Predicted branched-chain amino acid permease (azaleucine resistance)	HIMB1782_01008	-1
HIMB1782-00000000002	95130	95453	+	HIMB1782_01008	HIMB1782	107	OG0001083	NA	NA	COG4392	AzlD2	Branched-chain amino acid transport protein	HIMB1782_01008	0
HIMB1782-00000000002	95494	96405	+	HIMB1782_01009	HIMB1782	303	OG0001090	K15737	glutarate dioxygenase [EC:1.14.11.64]	NA	NA	NA	HIMB1782_01008	1
HIMB1782-00000000002	96440	97207	+	HIMB1782_01010	HIMB1782	255	OG0000676	NA	NA	COG0345	ProC	Pyrroline-5-carboxylate reductase	HIMB1782_01008	2
HIMB1782-00000000002	97208	97996	+	HIMB1782_01011	HIMB1782	262	OG0000143	K01995	branched-chain amino acid transport system ATP-binding protein	COG0411	LivG	ABC-type branched-chain amino acid transport system, ATPase component LivG	HIMB1782_01008	3
HIMB1782-00000000002	97996	98703	+	HIMB1782_01012	HIMB1782	235	OG0000065	K01996	branched-chain amino acid transport system ATP-binding protein	COG0410	LivF	ABC-type branched-chain amino acid transport system, ATPase component LivF	HIMB1782_01008	4
HIMB1782-00000000002	98705	99715	+	HIMB1782_01013	HIMB1782	336	OG0000021	K01997	branched-chain amino acid transport system permease protein	COG0559	LivH	Branched-chain amino acid ABC-type transport system, permease component	HIMB1782_01008	5
HIMB1835-00000000139	1319	2212	+	HIMB1835_00847	HIMB1835	297	OG0001225	K01997	branched-chain amino acid transport system permease protein	COG0559	LivH	Branched-chain amino acid ABC-type transport system, permease component	HIMB1835_00852	-5
HIMB1835-00000000139	2212	3261	+	HIMB1835_00848	HIMB1835	349	OG0001109	NA	NA	COG4177	LivM	ABC-type branched-chain amino acid transport system, permease component	HIMB1835_00852	-4
HIMB1835-00000000139	3258	3998	+	HIMB1835_00849	HIMB1835	246	OG0000928	K01995	branched-chain amino acid transport system ATP-binding protein	COG0411	LivG	ABC-type branched-chain amino acid transport system, ATPase component LivG	HIMB1835_00852	-3
HIMB1835-00000000139	3998	4783	+	HIMB1835_00850	HIMB1835	261	OG0001077	NA	NA	COG0410	LivF	ABC-type branched-chain amino acid transport system, ATPase component LivF	HIMB1835_00852	-2
HIMB1835-00000000139	4783	5487	+	HIMB1835_00851	HIMB1835	234	OG0001073	NA	NA	COG1296	AzlC	Predicted branched-chain amino acid permease (azaleucine resistance)	HIMB1835_00852	-1
HIMB1835-00000000139	5477	5800	+	HIMB1835_00852	HIMB1835	107	OG0001083	NA	NA	COG4392	AzlD2	Branched-chain amino acid transport protein	HIMB1835_00852	0
HIMB1838-00000000004	11294	12187	+	HIMB1838_00049	HIMB1838	297	OG0001225	K01997	branched-chain amino acid transport system permease protein	COG0559	LivH	Branched-chain amino acid ABC-type transport system, permease component	HIMB1838_00054	-5
HIMB1838-00000000004	12187	13236	+	HIMB1838_00050	HIMB1838	349	OG0001109	NA	NA	COG4177	LivM	ABC-type branched-chain amino acid transport system, permease component	HIMB1838_00054	-4
HIMB1838-00000000004	13233	13973	+	HIMB1838_00051	HIMB1838	246	OG0000928	K01995	branched-chain amino acid transport system ATP-binding protein	COG0411	LivG	ABC-type branched-chain amino acid transport system, ATPase component LivG	HIMB1838_00054	-3
HIMB1838-00000000004	13973	14758	+	HIMB1838_00052	HIMB1838	261	OG0001077	NA	NA	COG0410	LivF	ABC-type branched-chain amino acid transport system, ATPase component LivF	HIMB1838_00054	-2
HIMB1838-00000000004	14758	15462	+	HIMB1838_00053	HIMB1838	234	OG0001073	NA	NA	COG1296	AzlC	Predicted branched-chain amino acid permease (azaleucine resistance)	HIMB1838_00054	-1
HIMB1838-00000000004	15452	15775	+	HIMB1838_00054	HIMB1838	107	OG0001083	NA	NA	COG4392	AzlD2	Branched-chain amino acid transport protein	HIMB1838_00054	0
HIMB1838-00000000004	15772	16686	+	HIMB1838_00055	HIMB1838	304	OG0001090	K15737	glutarate dioxygenase [EC:1.14.11.64]	NA	NA	NA	HIMB1838_00054	1
HIMB1838-00000000004	16713	17480	+	HIMB1838_00056	HIMB1838	255	OG0000676	NA	NA	COG0345	ProC	Pyrroline-5-carboxylate reductase	HIMB1838_00054	2
HIMB1838-00000000004	17484	18269	+	HIMB1838_00057	HIMB1838	261	OG0000143	K01995	branched-chain amino acid transport system ATP-binding protein	COG0411	LivG	ABC-type branched-chain amino acid transport system, ATPase component LivG	HIMB1838_00054	3
HIMB1838-00000000004	18272	18979	+	HIMB1838_00058	HIMB1838	235	OG0000065	K01996	branched-chain amino acid transport system ATP-binding protein	COG0410	LivF	ABC-type branched-chain amino acid transport system, ATPase component LivF	HIMB1838_00054	4
HIMB1838-00000000004	18981	19991	+	HIMB1838_00059	HIMB1838	336	OG0000021	K01997	branched-chain amino acid transport system permease protein	COG0559	LivH	Branched-chain amino acid ABC-type transport system, permease component	HIMB1838_00054	5
HIMB1863-00000000011	30242	31135	+	HIMB1863_01113	HIMB1863	297	OG0001225	K01997	branched-chain amino acid transport system permease protein	COG0559	LivH	Branched-chain amino acid ABC-type transport system, permease component	HIMB1863_01118	-5
HIMB1863-00000000011	31135	32184	+	HIMB1863_01114	HIMB1863	349	OG0001109	NA	NA	COG4177	LivM	ABC-type branched-chain amino acid transport system, permease component	HIMB1863_01118	-4
HIMB1863-00000000011	32181	32921	+	HIMB1863_01115	HIMB1863	246	OG0000928	K01995	branched-chain amino acid transport system ATP-binding protein	COG0411	LivG	ABC-type branched-chain amino acid transport system, ATPase component LivG	HIMB1863_01118	-3
HIMB1863-00000000011	32921	33706	+	HIMB1863_01116	HIMB1863	261	OG0001077	NA	NA	COG0410	LivF	ABC-type branched-chain amino acid transport system, ATPase component LivF	HIMB1863_01118	-2
HIMB1863-00000000011	33706	34410	+	HIMB1863_01117	HIMB1863	234	OG0001073	NA	NA	COG1296	AzlC	Predicted branched-chain amino acid permease (azaleucine resistance)	HIMB1863_01118	-1
HIMB1863-00000000011	34400	34723	+	HIMB1863_01118	HIMB1863	107	OG0001083	NA	NA	COG4392	AzlD2	Branched-chain amino acid transport protein	HIMB1863_01118	0
HIMB1863-00000000011	34720	35634	+	HIMB1863_01119	HIMB1863	304	OG0001090	K15737	glutarate dioxygenase [EC:1.14.11.64]	NA	NA	NA	HIMB1863_01118	1
HIMB1863-00000000011	35661	36428	+	HIMB1863_01120	HIMB1863	255	OG0000676	NA	NA	COG0345	ProC	Pyrroline-5-carboxylate reductase	HIMB1863_01118	2
HIMB1863-00000000011	36432	37217	+	HIMB1863_01121	HIMB1863	261	OG0000143	K01995	branched-chain amino acid transport system ATP-binding protein	COG0411	LivG	ABC-type branched-chain amino acid transport system, ATPase component LivG	HIMB1863_01118	3
HIMB1863-00000000011	37220	37927	+	HIMB1863_01122	HIMB1863	235	OG0000065	K01996	branched-chain amino acid transport system ATP-binding protein	COG0410	LivF	ABC-type branched-chain amino acid transport system, ATPase component LivF	HIMB1863_01118	4
HIMB1863-00000000011	37929	38939	+	HIMB1863_01123	HIMB1863	336	OG0000021	K01997	branched-chain amino acid transport system permease protein	COG0559	LivH	Branched-chain amino acid ABC-type transport system, permease component	HIMB1863_01118	5
HIMB2104-00000000004	122409	123302	+	HIMB2104_00344	HIMB2104	297	OG0001225	K01997	branched-chain amino acid transport system permease protein	COG0559	LivH	Branched-chain amino acid ABC-type transport system, permease component	HIMB2104_00349	-5
HIMB2104-00000000004	123302	124351	+	HIMB2104_00345	HIMB2104	349	OG0001109	NA	NA	COG4177	LivM	ABC-type branched-chain amino acid transport system, permease component	HIMB2104_00349	-4
HIMB2104-00000000004	124348	125088	+	HIMB2104_00346	HIMB2104	246	OG0000928	K01995	branched-chain amino acid transport system ATP-binding protein	COG0411	LivG	ABC-type branched-chain amino acid transport system, ATPase component LivG	HIMB2104_00349	-3
HIMB2104-00000000004	125088	125873	+	HIMB2104_00347	HIMB2104	261	OG0001077	NA	NA	COG0410	LivF	ABC-type branched-chain amino acid transport system, ATPase component LivF	HIMB2104_00349	-2
HIMB2104-00000000004	125873	126577	+	HIMB2104_00348	HIMB2104	234	OG0001073	NA	NA	COG1296	AzlC	Predicted branched-chain amino acid permease (azaleucine resistance)	HIMB2104_00349	-1
HIMB2104-00000000004	126567	126890	+	HIMB2104_00349	HIMB2104	107	OG0001083	NA	NA	COG4392	AzlD2	Branched-chain amino acid transport protein	HIMB2104_00349	0
HIMB2104-00000000004	126887	127801	+	HIMB2104_00350	HIMB2104	304	OG0001090	K15737	glutarate dioxygenase [EC:1.14.11.64]	NA	NA	NA	HIMB2104_00349	1
HIMB2104-00000000004	127828	128595	+	HIMB2104_00351	HIMB2104	255	OG0000676	NA	NA	COG0345	ProC	Pyrroline-5-carboxylate reductase	HIMB2104_00349	2
HIMB2104-00000000004	128599	129384	+	HIMB2104_00352	HIMB2104	261	OG0000143	K01995	branched-chain amino acid transport system ATP-binding protein	COG0411	LivG	ABC-type branched-chain amino acid transport system, ATPase component LivG	HIMB2104_00349	3
HIMB2104-00000000004	129387	130094	+	HIMB2104_00353	HIMB2104	235	OG0000065	K01996	branched-chain amino acid transport system ATP-binding protein	COG0410	LivF	ABC-type branched-chain amino acid transport system, ATPase component LivF	HIMB2104_00349	4
HIMB2104-00000000004	130096	131106	+	HIMB2104_00354	HIMB2104	336	OG0000021	K01997	branched-chain amino acid transport system permease protein	COG0559	LivH	Branched-chain amino acid ABC-type transport system, permease component	HIMB2104_00349	5
HIMB2200-00000000003	108953	109963	-	HIMB2200_00384	HIMB2200	336	OG0000021	K01997	branched-chain amino acid transport system permease protein	COG0559	LivH	Branched-chain amino acid ABC-type transport system, permease component	HIMB2200_00389	-5
HIMB2200-00000000003	109965	110672	-	HIMB2200_00385	HIMB2200	235	OG0000065	K01996	branched-chain amino acid transport system ATP-binding protein	COG0410	LivF	ABC-type branched-chain amino acid transport system, ATPase component LivF	HIMB2200_00389	-4
HIMB2200-00000000003	110675	111460	-	HIMB2200_00386	HIMB2200	261	OG0000143	K01995	branched-chain amino acid transport system ATP-binding protein	COG0411	LivG	ABC-type branched-chain amino acid transport system, ATPase component LivG	HIMB2200_00389	-3
HIMB2200-00000000003	111464	112231	-	HIMB2200_00387	HIMB2200	255	OG0000676	NA	NA	COG0345	ProC	Pyrroline-5-carboxylate reductase	HIMB2200_00389	-2
HIMB2200-00000000003	112258	113172	-	HIMB2200_00388	HIMB2200	304	OG0001090	K15737	glutarate dioxygenase [EC:1.14.11.64]	NA	NA	NA	HIMB2200_00389	-1
HIMB2200-00000000003	113169	113492	-	HIMB2200_00389	HIMB2200	107	OG0001083	NA	NA	COG4392	AzlD2	Branched-chain amino acid transport protein	HIMB2200_00389	0
HIMB2200-00000000003	113482	114186	-	HIMB2200_00390	HIMB2200	234	OG0001073	NA	NA	COG1296	AzlC	Predicted branched-chain amino acid permease (azaleucine resistance)	HIMB2200_00389	1
HIMB2200-00000000003	114186	114971	-	HIMB2200_00391	HIMB2200	261	OG0001077	NA	NA	COG0410	LivF	ABC-type branched-chain amino acid transport system, ATPase component LivF	HIMB2200_00389	2
HIMB2200-00000000003	114971	115711	-	HIMB2200_00392	HIMB2200	246	OG0000928	K01995	branched-chain amino acid transport system ATP-binding protein	COG0411	LivG	ABC-type branched-chain amino acid transport system, ATPase component LivG	HIMB2200_00389	3
HIMB2200-00000000003	115708	116757	-	HIMB2200_00393	HIMB2200	349	OG0001109	NA	NA	COG4177	LivM	ABC-type branched-chain amino acid transport system, permease component	HIMB2200_00389	4
HIMB2200-00000000003	116757	117650	-	HIMB2200_00394	HIMB2200	297	OG0001225	K01997	branched-chain amino acid transport system permease protein	COG0559	LivH	Branched-chain amino acid ABC-type transport system, permease component	HIMB2200_00389	5
HIMB2201-00000000001	732845	733855	-	HIMB2201_00808	HIMB2201	336	OG0000021	K01997	branched-chain amino acid transport system permease protein	COG0559	LivH	Branched-chain amino acid ABC-type transport system, permease component	HIMB2201_00813	-5
HIMB2201-00000000001	733857	734564	-	HIMB2201_00809	HIMB2201	235	OG0000065	K01996	branched-chain amino acid transport system ATP-binding protein	COG0410	LivF	ABC-type branched-chain amino acid transport system, ATPase component LivF	HIMB2201_00813	-4
HIMB2201-00000000001	734564	735352	-	HIMB2201_00810	HIMB2201	262	OG0000143	K01995	branched-chain amino acid transport system ATP-binding protein	COG0411	LivG	ABC-type branched-chain amino acid transport system, ATPase component LivG	HIMB2201_00813	-3
HIMB2201-00000000001	735358	736125	-	HIMB2201_00811	HIMB2201	255	OG0000676	NA	NA	COG0345	ProC	Pyrroline-5-carboxylate reductase	HIMB2201_00813	-2
HIMB2201-00000000001	736158	737069	-	HIMB2201_00812	HIMB2201	303	OG0001090	K15737	glutarate dioxygenase [EC:1.14.11.64]	NA	NA	NA	HIMB2201_00813	-1
HIMB2201-00000000001	737109	737432	-	HIMB2201_00813	HIMB2201	107	OG0001083	NA	NA	COG4392	AzlD2	Branched-chain amino acid transport protein	HIMB2201_00813	0
HIMB2201-00000000001	737422	738126	-	HIMB2201_00814	HIMB2201	234	OG0001073	NA	NA	COG1296	AzlC	Predicted branched-chain amino acid permease (azaleucine resistance)	HIMB2201_00813	1
HIMB2201-00000000001	738126	738911	-	HIMB2201_00815	HIMB2201	261	OG0001077	NA	NA	COG0410	LivF	ABC-type branched-chain amino acid transport system, ATPase component LivF	HIMB2201_00813	2
HIMB2201-00000000001	738911	739651	-	HIMB2201_00816	HIMB2201	246	OG0000928	K01995	branched-chain amino acid transport system ATP-binding protein	COG0411	LivG	ABC-type branched-chain amino acid transport system, ATPase component LivG	HIMB2201_00813	3
HIMB2201-00000000001	739648	740700	-	HIMB2201_00817	HIMB2201	350	OG0001109	NA	NA	COG4177	LivM	ABC-type branched-chain amino acid transport system, permease component	HIMB2201_00813	4
HIMB2201-00000000001	740687	740869	-	HIMB2201_00818	HIMB2201	60	OG0001356	NA	NA	NA	NA	NA	HIMB2201_00813	5
HIMB2204-00000000002	312293	313303	-	HIMB2204_01177	HIMB2204	336	OG0000021	K01997	branched-chain amino acid transport system permease protein	COG0559	LivH	Branched-chain amino acid ABC-type transport system, permease component	HIMB2204_01182	-5
HIMB2204-00000000002	313305	314012	-	HIMB2204_01178	HIMB2204	235	OG0000065	K01996	branched-chain amino acid transport system ATP-binding protein	COG0410	LivF	ABC-type branched-chain amino acid transport system, ATPase component LivF	HIMB2204_01182	-4
HIMB2204-00000000002	314015	314800	-	HIMB2204_01179	HIMB2204	261	OG0000143	K01995	branched-chain amino acid transport system ATP-binding protein	COG0411	LivG	ABC-type branched-chain amino acid transport system, ATPase component LivG	HIMB2204_01182	-3
HIMB2204-00000000002	314804	315571	-	HIMB2204_01180	HIMB2204	255	OG0000676	NA	NA	COG0345	ProC	Pyrroline-5-carboxylate reductase	HIMB2204_01182	-2
HIMB2204-00000000002	315598	316512	-	HIMB2204_01181	HIMB2204	304	OG0001090	K15737	glutarate dioxygenase [EC:1.14.11.64]	NA	NA	NA	HIMB2204_01182	-1
HIMB2204-00000000002	316509	316832	-	HIMB2204_01182	HIMB2204	107	OG0001083	NA	NA	COG4392	AzlD2	Branched-chain amino acid transport protein	HIMB2204_01182	0
HIMB2204-00000000002	316822	317526	-	HIMB2204_01183	HIMB2204	234	OG0001073	NA	NA	COG1296	AzlC	Predicted branched-chain amino acid permease (azaleucine resistance)	HIMB2204_01182	1
HIMB2204-00000000002	317526	318311	-	HIMB2204_01184	HIMB2204	261	OG0001077	NA	NA	COG0410	LivF	ABC-type branched-chain amino acid transport system, ATPase component LivF	HIMB2204_01182	2
HIMB2204-00000000002	318311	319051	-	HIMB2204_01185	HIMB2204	246	OG0000928	K01995	branched-chain amino acid transport system ATP-binding protein	COG0411	LivG	ABC-type branched-chain amino acid transport system, ATPase component LivG	HIMB2204_01182	3
HIMB2204-00000000002	319048	320097	-	HIMB2204_01186	HIMB2204	349	OG0001109	NA	NA	COG4177	LivM	ABC-type branched-chain amino acid transport system, permease component	HIMB2204_01182	4
HIMB2204-00000000002	320097	320990	-	HIMB2204_01187	HIMB2204	297	OG0001225	K01997	branched-chain amino acid transport system permease protein	COG0559	LivH	Branched-chain amino acid ABC-type transport system, permease component	HIMB2204_01182	5
HIMB2211-00000000001	95841	96023	+	HIMB2211_00102	HIMB2211	60	OG0001356	NA	NA	NA	NA	NA	HIMB2211_00107	-5
HIMB2211-00000000001	96010	97062	+	HIMB2211_00103	HIMB2211	350	OG0001109	NA	NA	COG4177	LivM	ABC-type branched-chain amino acid transport system, permease component	HIMB2211_00107	-4
HIMB2211-00000000001	97059	97799	+	HIMB2211_00104	HIMB2211	246	OG0000928	K01995	branched-chain amino acid transport system ATP-binding protein	COG0411	LivG	ABC-type branched-chain amino acid transport system, ATPase component LivG	HIMB2211_00107	-3
HIMB2211-00000000001	97799	98584	+	HIMB2211_00105	HIMB2211	261	OG0001077	NA	NA	COG0410	LivF	ABC-type branched-chain amino acid transport system, ATPase component LivF	HIMB2211_00107	-2
HIMB2211-00000000001	98584	99288	+	HIMB2211_00106	HIMB2211	234	OG0001073	NA	NA	COG1296	AzlC	Predicted branched-chain amino acid permease (azaleucine resistance)	HIMB2211_00107	-1
HIMB2211-00000000001	99278	99601	+	HIMB2211_00107	HIMB2211	107	OG0001083	NA	NA	COG4392	AzlD2	Branched-chain amino acid transport protein	HIMB2211_00107	0
HIMB2211-00000000001	99643	100554	+	HIMB2211_00108	HIMB2211	303	OG0001090	K15737	glutarate dioxygenase [EC:1.14.11.64]	NA	NA	NA	HIMB2211_00107	1
HIMB2211-00000000001	100589	101356	+	HIMB2211_00109	HIMB2211	255	OG0000676	NA	NA	COG0345	ProC	Pyrroline-5-carboxylate reductase	HIMB2211_00107	2
HIMB2211-00000000001	101357	102145	+	HIMB2211_00110	HIMB2211	262	OG0000143	K01995	branched-chain amino acid transport system ATP-binding protein	COG0411	LivG	ABC-type branched-chain amino acid transport system, ATPase component LivG	HIMB2211_00107	3
HIMB2211-00000000001	102145	102852	+	HIMB2211_00111	HIMB2211	235	OG0000065	K01996	branched-chain amino acid transport system ATP-binding protein	COG0410	LivF	ABC-type branched-chain amino acid transport system, ATPase component LivF	HIMB2211_00107	4
HIMB2211-00000000001	102854	103864	+	HIMB2211_00112	HIMB2211	336	OG0000021	K01997	branched-chain amino acid transport system permease protein	COG0559	LivH	Branched-chain amino acid ABC-type transport system, permease component	HIMB2211_00107	5
HIMB2215-00000000001	129135	130019	+	HIMB2215_00129	HIMB2215	294	OG0001225	K01997	branched-chain amino acid transport system permease protein	COG0559	LivH	Branched-chain amino acid ABC-type transport system, permease component	HIMB2215_00134	-5
HIMB2215-00000000001	130019	131068	+	HIMB2215_00130	HIMB2215	349	OG0001109	NA	NA	COG4177	LivM	ABC-type branched-chain amino acid transport system, permease component	HIMB2215_00134	-4
HIMB2215-00000000001	131065	131805	+	HIMB2215_00131	HIMB2215	246	OG0000928	K01995	branched-chain amino acid transport system ATP-binding protein	COG0411	LivG	ABC-type branched-chain amino acid transport system, ATPase component LivG	HIMB2215_00134	-3
HIMB2215-00000000001	131805	132590	+	HIMB2215_00132	HIMB2215	261	OG0001077	NA	NA	COG0410	LivF	ABC-type branched-chain amino acid transport system, ATPase component LivF	HIMB2215_00134	-2
HIMB2215-00000000001	132590	133294	+	HIMB2215_00133	HIMB2215	234	OG0001073	NA	NA	COG1296	AzlC	Predicted branched-chain amino acid permease (azaleucine resistance)	HIMB2215_00134	-1
HIMB2215-00000000001	133284	133607	+	HIMB2215_00134	HIMB2215	107	OG0001083	NA	NA	COG4392	AzlD2	Branched-chain amino acid transport protein	HIMB2215_00134	0
HIMB2215-00000000001	133604	134518	+	HIMB2215_00135	HIMB2215	304	OG0001090	K15737	glutarate dioxygenase [EC:1.14.11.64]	NA	NA	NA	HIMB2215_00134	1
HIMB2215-00000000001	134545	135312	+	HIMB2215_00136	HIMB2215	255	OG0000676	NA	NA	COG0345	ProC	Pyrroline-5-carboxylate reductase	HIMB2215_00134	2
HIMB2215-00000000001	135316	136101	+	HIMB2215_00137	HIMB2215	261	OG0000143	K01995	branched-chain amino acid transport system ATP-binding protein	COG0411	LivG	ABC-type branched-chain amino acid transport system, ATPase component LivG	HIMB2215_00134	3
HIMB2215-00000000001	136104	136811	+	HIMB2215_00138	HIMB2215	235	OG0000065	K01996	branched-chain amino acid transport system ATP-binding protein	COG0410	LivF	ABC-type branched-chain amino acid transport system, ATPase component LivF	HIMB2215_00134	4
HIMB2215-00000000001	136813	137823	+	HIMB2215_00139	HIMB2215	336	OG0000021	K01997	branched-chain amino acid transport system permease protein	COG0559	LivH	Branched-chain amino acid ABC-type transport system, permease component	HIMB2215_00134	5
HIMB2250-00000000001	243158	243340	+	HIMB2250_00247	HIMB2250	60	OG0001356	NA	NA	NA	NA	NA	HIMB2250_00252	-5
HIMB2250-00000000001	243327	244379	+	HIMB2250_00248	HIMB2250	350	OG0001109	NA	NA	COG4177	LivM	ABC-type branched-chain amino acid transport system, permease component	HIMB2250_00252	-4
HIMB2250-00000000001	244376	245116	+	HIMB2250_00249	HIMB2250	246	OG0000928	K01995	branched-chain amino acid transport system ATP-binding protein	COG0411	LivG	ABC-type branched-chain amino acid transport system, ATPase component LivG	HIMB2250_00252	-3
HIMB2250-00000000001	245116	245901	+	HIMB2250_00250	HIMB2250	261	OG0001077	NA	NA	COG0410	LivF	ABC-type branched-chain amino acid transport system, ATPase component LivF	HIMB2250_00252	-2
HIMB2250-00000000001	245901	246605	+	HIMB2250_00251	HIMB2250	234	OG0001073	NA	NA	COG1296	AzlC	Predicted branched-chain amino acid permease (azaleucine resistance)	HIMB2250_00252	-1
HIMB2250-00000000001	246595	246918	+	HIMB2250_00252	HIMB2250	107	OG0001083	NA	NA	COG4392	AzlD2	Branched-chain amino acid transport protein	HIMB2250_00252	0
HIMB2250-00000000001	246958	247869	+	HIMB2250_00253	HIMB2250	303	OG0001090	K15737	glutarate dioxygenase [EC:1.14.11.64]	NA	NA	NA	HIMB2250_00252	1
HIMB2250-00000000001	247902	248669	+	HIMB2250_00254	HIMB2250	255	OG0000676	NA	NA	COG0345	ProC	Pyrroline-5-carboxylate reductase	HIMB2250_00252	2
HIMB2250-00000000001	248675	249463	+	HIMB2250_00255	HIMB2250	262	OG0000143	K01995	branched-chain amino acid transport system ATP-binding protein	COG0411	LivG	ABC-type branched-chain amino acid transport system, ATPase component LivG	HIMB2250_00252	3
HIMB2250-00000000001	249463	250170	+	HIMB2250_00256	HIMB2250	235	OG0000065	K01996	branched-chain amino acid transport system ATP-binding protein	COG0410	LivF	ABC-type branched-chain amino acid transport system, ATPase component LivF	HIMB2250_00252	4
HIMB2250-00000000001	250172	251182	+	HIMB2250_00257	HIMB2250	336	OG0000021	K01997	branched-chain amino acid transport system permease protein	COG0559	LivH	Branched-chain amino acid ABC-type transport system, permease component	HIMB2250_00252	5
HIMB2305-00000000003	128745	129629	+	HIMB2305_00219	HIMB2305	294	OG0001225	K01997	branched-chain amino acid transport system permease protein	COG0559	LivH	Branched-chain amino acid ABC-type transport system, permease component	HIMB2305_00224	-5
HIMB2305-00000000003	129629	130678	+	HIMB2305_00220	HIMB2305	349	OG0001109	NA	NA	COG4177	LivM	ABC-type branched-chain amino acid transport system, permease component	HIMB2305_00224	-4
HIMB2305-00000000003	130675	131415	+	HIMB2305_00221	HIMB2305	246	OG0000928	K01995	branched-chain amino acid transport system ATP-binding protein	COG0411	LivG	ABC-type branched-chain amino acid transport system, ATPase component LivG	HIMB2305_00224	-3
HIMB2305-00000000003	131415	132200	+	HIMB2305_00222	HIMB2305	261	OG0001077	NA	NA	COG0410	LivF	ABC-type branched-chain amino acid transport system, ATPase component LivF	HIMB2305_00224	-2
HIMB2305-00000000003	132200	132904	+	HIMB2305_00223	HIMB2305	234	OG0001073	NA	NA	COG1296	AzlC	Predicted branched-chain amino acid permease (azaleucine resistance)	HIMB2305_00224	-1
HIMB2305-00000000003	132894	133211	+	HIMB2305_00224	HIMB2305	105	OG0001083	NA	NA	COG4392	AzlD2	Branched-chain amino acid transport protein	HIMB2305_00224	0
HIMB2305-00000000003	133217	133723	+	HIMB2305_00225	HIMB2305	168	OG0001207	NA	NA	COG1357	DotG	Type IVB secretion/DNA transfer system protein DotG/IcmE, contains pentapeptide repeats	HIMB2305_00224	1
HIMB2305-00000000003	133765	134688	+	HIMB2305_00226	HIMB2305	307	OG0001090	K15737	glutarate dioxygenase [EC:1.14.11.64]	NA	NA	NA	HIMB2305_00224	2
HIMB2305-00000000003	134723	135490	+	HIMB2305_00227	HIMB2305	255	OG0000676	NA	NA	COG0345	ProC	Pyrroline-5-carboxylate reductase	HIMB2305_00224	3
HIMB2305-00000000003	135496	136281	+	HIMB2305_00228	HIMB2305	261	OG0000143	K01995	branched-chain amino acid transport system ATP-binding protein	COG0411	LivG	ABC-type branched-chain amino acid transport system, ATPase component LivG	HIMB2305_00224	4
HIMB2305-00000000003	136281	136988	+	HIMB2305_00229	HIMB2305	235	OG0000065	K01996	branched-chain amino acid transport system ATP-binding protein	COG0410	LivF	ABC-type branched-chain amino acid transport system, ATPase component LivF	HIMB2305_00224	5
NZ_JBPPFS010000001.1	206730	207092	-	HIMB4_00224	HIMB4	120	OG0001605	NA	NA	COG5395	NA	Uncharacterized membrane protein, DUF2306 domain	HIMB4_00229	-5
NZ_JBPPFS010000001.1	207094	207879	-	HIMB4_00225	HIMB4	261	OG0000143	K01995	branched-chain amino acid transport system ATP-binding protein	COG0411	LivG	ABC-type branched-chain amino acid transport system, ATPase component LivG	HIMB4_00229	-4
NZ_JBPPFS010000001.1	207881	208648	-	HIMB4_00226	HIMB4	255	OG0000676	NA	NA	COG0345	ProC	Pyrroline-5-carboxylate reductase	HIMB4_00229	-3
NZ_JBPPFS010000001.1	208741	209385	-	HIMB4_00227	HIMB4	214	OG0001361	NA	NA	COG3637	LomR	Opacity protein LomR and related surface antigens	HIMB4_00229	-2
NZ_JBPPFS010000001.1	209536	210447	-	HIMB4_00228	HIMB4	303	OG0001090	K15737	glutarate dioxygenase [EC:1.14.11.64]	NA	NA	NA	HIMB4_00229	-1
NZ_JBPPFS010000001.1	210458	210781	-	HIMB4_00229	HIMB4	107	OG0001083	NA	NA	COG4392	AzlD2	Branched-chain amino acid transport protein	HIMB4_00229	0
NZ_JBPPFS010000001.1	210771	211475	-	HIMB4_00230	HIMB4	234	OG0001073	NA	NA	NA	NA	NA	HIMB4_00229	1
NZ_JBPPFS010000001.1	211477	212262	-	HIMB4_00231	HIMB4	261	OG0001077	NA	NA	COG0410	LivF	ABC-type branched-chain amino acid transport system, ATPase component LivF	HIMB4_00229	2
NZ_JBPPFS010000001.1	212262	213002	-	HIMB4_00232	HIMB4	246	OG0000928	K01995	branched-chain amino acid transport system ATP-binding protein	COG0411	LivG	ABC-type branched-chain amino acid transport system, ATPase component LivG	HIMB4_00229	3
NZ_JBPPFS010000001.1	212999	214048	-	HIMB4_00233	HIMB4	349	OG0001109	NA	NA	COG4177	LivM	ABC-type branched-chain amino acid transport system, permease component	HIMB4_00229	4
NZ_JBPPFS010000001.1	214048	214989	-	HIMB4_00234	HIMB4	313	OG0001134	K01997	branched-chain amino acid transport system permease protein	COG0559	LivH	Branched-chain amino acid ABC-type transport system, permease component	HIMB4_00229	5
CP003809.1	916500	917207	-	HIMB5_00992	HIMB5	235	OG0000065	K01996	branched-chain amino acid transport system ATP-binding protein	COG0410	LivF	ABC-type branched-chain amino acid transport system, ATPase component LivF	HIMB5_00997	-5
CP003809.1	917207	917569	-	HIMB5_00993	HIMB5	120	OG0001605	NA	NA	COG5395	NA	Uncharacterized membrane protein, DUF2306 domain	HIMB5_00997	-4
CP003809.1	917571	918353	-	HIMB5_00994	HIMB5	260	OG0000143	K01995	branched-chain amino acid transport system ATP-binding protein	COG0411	LivG	ABC-type branched-chain amino acid transport system, ATPase component LivG	HIMB5_00997	-3
CP003809.1	918357	919124	-	HIMB5_00995	HIMB5	255	OG0000676	NA	NA	COG0345	ProC	Pyrroline-5-carboxylate reductase	HIMB5_00997	-2
CP003809.1	919154	920065	-	HIMB5_00996	HIMB5	303	OG0001090	K15737	glutarate dioxygenase [EC:1.14.11.64]	NA	NA	NA	HIMB5_00997	-1
CP003809.1	920074	920403	-	HIMB5_00997	HIMB5	109	OG0001083	NA	NA	COG4392	AzlD2	Branched-chain amino acid transport protein	HIMB5_00997	0
CP003809.1	920390	921097	-	HIMB5_00998	HIMB5	235	OG0001073	NA	NA	COG1296	AzlC	Predicted branched-chain amino acid permease (azaleucine resistance)	HIMB5_00997	1
CP003809.1	921097	921882	-	HIMB5_00999	HIMB5	261	OG0001077	NA	NA	COG0410	LivF	ABC-type branched-chain amino acid transport system, ATPase component LivF	HIMB5_00997	2
CP003809.1	921882	922622	-	HIMB5_01000	HIMB5	246	OG0000928	K01995	branched-chain amino acid transport system ATP-binding protein	COG0411	LivG	ABC-type branched-chain amino acid transport system, ATPase component LivG	HIMB5_00997	3
CP003809.1	922619	923668	-	HIMB5_01001	HIMB5	349	OG0001109	NA	NA	COG4177	LivM	ABC-type branched-chain amino acid transport system, permease component	HIMB5_00997	4
CP003809.1	923668	924561	-	HIMB5_01002	HIMB5	297	OG0001134	K01997	branched-chain amino acid transport system permease protein	COG0559	LivH	Branched-chain amino acid ABC-type transport system, permease component	HIMB5_00997	5
CH724130.1	1217979	1218872	+	HTCC1002_01300	HTCC1002	297	OG0001134	K01997	branched-chain amino acid transport system permease protein	COG0559	LivH	Branched-chain amino acid ABC-type transport system, permease component	HTCC1002_01305	-5
CH724130.1	1218872	1219924	+	HTCC1002_01301	HTCC1002	350	OG0001224	NA	NA	COG4177	LivM	ABC-type branched-chain amino acid transport system, permease component	HTCC1002_01305	-4
CH724130.1	1219924	1220664	+	HTCC1002_01302	HTCC1002	246	OG0000928	K01995	branched-chain amino acid transport system ATP-binding protein	COG0411	LivG	ABC-type branched-chain amino acid transport system, ATPase component LivG	HTCC1002_01305	-3
CH724130.1	1220664	1221449	+	HTCC1002_01303	HTCC1002	261	OG0001077	NA	NA	COG0410	LivF	ABC-type branched-chain amino acid transport system, ATPase component LivF	HTCC1002_01305	-2
CH724130.1	1221449	1222153	+	HTCC1002_01304	HTCC1002	234	OG0001073	NA	NA	COG1296	AzlC	Predicted branched-chain amino acid permease (azaleucine resistance)	HTCC1002_01305	-1
CH724130.1	1222143	1222466	+	HTCC1002_01305	HTCC1002	107	OG0001083	NA	NA	COG4392	AzlD2	Branched-chain amino acid transport protein	HTCC1002_01305	0
CH724130.1	1222466	1223377	+	HTCC1002_01306	HTCC1002	303	OG0001090	K15737	glutarate dioxygenase [EC:1.14.11.64]	NA	NA	NA	HTCC1002_01305	1
CH724130.1	1223410	1224177	+	HTCC1002_01307	HTCC1002	255	OG0000676	NA	NA	COG0345	ProC	Pyrroline-5-carboxylate reductase	HTCC1002_01305	2
CH724130.1	1224183	1224977	+	HTCC1002_01308	HTCC1002	264	OG0000143	K01995	branched-chain amino acid transport system ATP-binding protein	COG0411	LivG	ABC-type branched-chain amino acid transport system, ATPase component LivG	HTCC1002_01305	3
CH724130.1	1224977	1225684	+	HTCC1002_01309	HTCC1002	235	OG0000065	K01996	branched-chain amino acid transport system ATP-binding protein	COG0410	LivF	ABC-type branched-chain amino acid transport system, ATPase component LivF	HTCC1002_01305	4
CH724130.1	1225686	1226696	+	HTCC1002_01310	HTCC1002	336	OG0000021	K01997	branched-chain amino acid transport system permease protein	COG0559	LivH	Branched-chain amino acid ABC-type transport system, permease component	HTCC1002_01305	5
KI421438.1	368457	369467	-	HTCC1013_01193	HTCC1013	336	OG0000021	K01997	branched-chain amino acid transport system permease protein	COG0559	LivH	Branched-chain amino acid ABC-type transport system, permease component	HTCC1013_01198	-5
KI421438.1	369469	370176	-	HTCC1013_01194	HTCC1013	235	OG0000065	K01996	branched-chain amino acid transport system ATP-binding protein	COG0410	LivF	ABC-type branched-chain amino acid transport system, ATPase component LivF	HTCC1013_01198	-4
KI421438.1	370176	370970	-	HTCC1013_01195	HTCC1013	264	OG0000143	K01995	branched-chain amino acid transport system ATP-binding protein	COG0411	LivG	ABC-type branched-chain amino acid transport system, ATPase component LivG	HTCC1013_01198	-3
KI421438.1	370976	371743	-	HTCC1013_01196	HTCC1013	255	OG0000676	NA	NA	COG0345	ProC	Pyrroline-5-carboxylate reductase	HTCC1013_01198	-2
KI421438.1	371776	372687	-	HTCC1013_01197	HTCC1013	303	OG0001090	K15737	glutarate dioxygenase [EC:1.14.11.64]	NA	NA	NA	HTCC1013_01198	-1
KI421438.1	372687	373010	-	HTCC1013_01198	HTCC1013	107	OG0001083	NA	NA	COG4392	AzlD2	Branched-chain amino acid transport protein	HTCC1013_01198	0
KI421438.1	373000	373704	-	HTCC1013_01199	HTCC1013	234	OG0001073	NA	NA	COG1296	AzlC	Predicted branched-chain amino acid permease (azaleucine resistance)	HTCC1013_01198	1
KI421438.1	373704	374489	-	HTCC1013_01200	HTCC1013	261	OG0001077	NA	NA	COG0410	LivF	ABC-type branched-chain amino acid transport system, ATPase component LivF	HTCC1013_01198	2
KI421438.1	374489	375229	-	HTCC1013_01201	HTCC1013	246	OG0000928	K01995	branched-chain amino acid transport system ATP-binding protein	COG0411	LivG	ABC-type branched-chain amino acid transport system, ATPase component LivG	HTCC1013_01198	3
KI421438.1	375229	376281	-	HTCC1013_01202	HTCC1013	350	OG0001224	NA	NA	COG4177	LivM	ABC-type branched-chain amino acid transport system, permease component	HTCC1013_01198	4
KI421438.1	376281	377174	-	HTCC1013_01203	HTCC1013	297	OG0001134	K01997	branched-chain amino acid transport system permease protein	COG0559	LivH	Branched-chain amino acid ABC-type transport system, permease component	HTCC1013_01198	5
A3QGDRAFT_scaffold_1.2	383915	384925	-	HTCC1016_01286	HTCC1016	336	OG0000021	K01997	branched-chain amino acid transport system permease protein	COG0559	LivH	Branched-chain amino acid ABC-type transport system, permease component	HTCC1016_01291	-5
A3QGDRAFT_scaffold_1.2	384927	385634	-	HTCC1016_01287	HTCC1016	235	OG0000065	K01996	branched-chain amino acid transport system ATP-binding protein	COG0410	LivF	ABC-type branched-chain amino acid transport system, ATPase component LivF	HTCC1016_01291	-4
A3QGDRAFT_scaffold_1.2	385634	386428	-	HTCC1016_01288	HTCC1016	264	OG0000143	K01995	branched-chain amino acid transport system ATP-binding protein	COG0411	LivG	ABC-type branched-chain amino acid transport system, ATPase component LivG	HTCC1016_01291	-3
A3QGDRAFT_scaffold_1.2	386434	387201	-	HTCC1016_01289	HTCC1016	255	OG0000676	NA	NA	COG0345	ProC	Pyrroline-5-carboxylate reductase	HTCC1016_01291	-2
A3QGDRAFT_scaffold_1.2	387234	388145	-	HTCC1016_01290	HTCC1016	303	OG0001090	K15737	glutarate dioxygenase [EC:1.14.11.64]	NA	NA	NA	HTCC1016_01291	-1
A3QGDRAFT_scaffold_1.2	388145	388468	-	HTCC1016_01291	HTCC1016	107	OG0001083	NA	NA	COG4392	AzlD2	Branched-chain amino acid transport protein	HTCC1016_01291	0
A3QGDRAFT_scaffold_1.2	388458	389162	-	HTCC1016_01292	HTCC1016	234	OG0001073	NA	NA	COG1296	AzlC	Predicted branched-chain amino acid permease (azaleucine resistance)	HTCC1016_01291	1
A3QGDRAFT_scaffold_1.2	389162	389947	-	HTCC1016_01293	HTCC1016	261	OG0001077	NA	NA	COG0410	LivF	ABC-type branched-chain amino acid transport system, ATPase component LivF	HTCC1016_01291	2
A3QGDRAFT_scaffold_1.2	389947	390687	-	HTCC1016_01294	HTCC1016	246	OG0000928	K01995	branched-chain amino acid transport system ATP-binding protein	COG0411	LivG	ABC-type branched-chain amino acid transport system, ATPase component LivG	HTCC1016_01291	3
A3QGDRAFT_scaffold_1.2	390687	391739	-	HTCC1016_01295	HTCC1016	350	OG0001224	NA	NA	COG4177	LivM	ABC-type branched-chain amino acid transport system, permease component	HTCC1016_01291	4
A3QGDRAFT_scaffold_1.2	391739	392632	-	HTCC1016_01296	HTCC1016	297	OG0001134	K01997	branched-chain amino acid transport system permease protein	COG0559	LivH	Branched-chain amino acid ABC-type transport system, permease component	HTCC1016_01291	5
ARVY01000001.1	1109727	1110737	-	HTCC1040_01202	HTCC1040	336	OG0000021	K01997	branched-chain amino acid transport system permease protein	COG0559	LivH	Branched-chain amino acid ABC-type transport system, permease component	HTCC1040_01207	-5
ARVY01000001.1	1110739	1111446	-	HTCC1040_01203	HTCC1040	235	OG0000065	K01996	branched-chain amino acid transport system ATP-binding protein	COG0410	LivF	ABC-type branched-chain amino acid transport system, ATPase component LivF	HTCC1040_01207	-4
ARVY01000001.1	1111446	1112240	-	HTCC1040_01204	HTCC1040	264	OG0000143	K01995	branched-chain amino acid transport system ATP-binding protein	COG0411	LivG	ABC-type branched-chain amino acid transport system, ATPase component LivG	HTCC1040_01207	-3
ARVY01000001.1	1112246	1113013	-	HTCC1040_01205	HTCC1040	255	OG0000676	NA	NA	COG0345	ProC	Pyrroline-5-carboxylate reductase	HTCC1040_01207	-2
ARVY01000001.1	1113046	1113957	-	HTCC1040_01206	HTCC1040	303	OG0001090	K15737	glutarate dioxygenase [EC:1.14.11.64]	NA	NA	NA	HTCC1040_01207	-1
ARVY01000001.1	1113957	1114280	-	HTCC1040_01207	HTCC1040	107	OG0001083	NA	NA	COG4392	AzlD2	Branched-chain amino acid transport protein	HTCC1040_01207	0
ARVY01000001.1	1114270	1114974	-	HTCC1040_01208	HTCC1040	234	OG0001073	NA	NA	COG1296	AzlC	Predicted branched-chain amino acid permease (azaleucine resistance)	HTCC1040_01207	1
ARVY01000001.1	1114974	1115759	-	HTCC1040_01209	HTCC1040	261	OG0001077	NA	NA	COG0410	LivF	ABC-type branched-chain amino acid transport system, ATPase component LivF	HTCC1040_01207	2
ARVY01000001.1	1115759	1116499	-	HTCC1040_01210	HTCC1040	246	OG0000928	K01995	branched-chain amino acid transport system ATP-binding protein	COG0411	LivG	ABC-type branched-chain amino acid transport system, ATPase component LivG	HTCC1040_01207	3
ARVY01000001.1	1116499	1117551	-	HTCC1040_01211	HTCC1040	350	OG0001224	NA	NA	COG4177	LivM	ABC-type branched-chain amino acid transport system, permease component	HTCC1040_01207	4
ARVY01000001.1	1117551	1118444	-	HTCC1040_01212	HTCC1040	297	OG0001134	K01997	branched-chain amino acid transport system permease protein	COG0559	LivH	Branched-chain amino acid ABC-type transport system, permease component	HTCC1040_01207	5
CP000084.1	1286894	1287904	-	HTCC1062_01360	HTCC1062	336	OG0000021	K01997	branched-chain amino acid transport system permease protein	COG0559	LivH	Branched-chain amino acid ABC-type transport system, permease component	HTCC1062_01365	-5
CP000084.1	1287906	1288613	-	HTCC1062_01361	HTCC1062	235	OG0000065	K01996	branched-chain amino acid transport system ATP-binding protein	COG0410	LivF	ABC-type branched-chain amino acid transport system, ATPase component LivF	HTCC1062_01365	-4
CP000084.1	1288613	1289407	-	HTCC1062_01362	HTCC1062	264	OG0000143	K01995	branched-chain amino acid transport system ATP-binding protein	COG0411	LivG	ABC-type branched-chain amino acid transport system, ATPase component LivG	HTCC1062_01365	-3
CP000084.1	1289413	1290180	-	HTCC1062_01363	HTCC1062	255	OG0000676	NA	NA	COG0345	ProC	Pyrroline-5-carboxylate reductase	HTCC1062_01365	-2
CP000084.1	1290213	1291124	-	HTCC1062_01364	HTCC1062	303	OG0001090	K15737	glutarate dioxygenase [EC:1.14.11.64]	NA	NA	NA	HTCC1062_01365	-1
CP000084.1	1291124	1291447	-	HTCC1062_01365	HTCC1062	107	OG0001083	NA	NA	COG4392	AzlD2	Branched-chain amino acid transport protein	HTCC1062_01365	0
CP000084.1	1291437	1292141	-	HTCC1062_01366	HTCC1062	234	OG0001073	NA	NA	COG1296	AzlC	Predicted branched-chain amino acid permease (azaleucine resistance)	HTCC1062_01365	1
CP000084.1	1292141	1292926	-	HTCC1062_01367	HTCC1062	261	OG0001077	NA	NA	COG0410	LivF	ABC-type branched-chain amino acid transport system, ATPase component LivF	HTCC1062_01365	2
CP000084.1	1292926	1293666	-	HTCC1062_01368	HTCC1062	246	OG0000928	K01995	branched-chain amino acid transport system ATP-binding protein	COG0411	LivG	ABC-type branched-chain amino acid transport system, ATPase component LivG	HTCC1062_01365	3
CP000084.1	1293666	1294718	-	HTCC1062_01369	HTCC1062	350	OG0001224	NA	NA	COG4177	LivM	ABC-type branched-chain amino acid transport system, permease component	HTCC1062_01365	4
CP000084.1	1294718	1295611	-	HTCC1062_01370	HTCC1062	297	OG0001134	K01997	branched-chain amino acid transport system permease protein	COG0559	LivH	Branched-chain amino acid ABC-type transport system, permease component	HTCC1062_01365	5
DS995298.1	1306787	1307797	-	HTCC7211_01420	HTCC7211	336	OG0000021	K01997	branched-chain amino acid transport system permease protein	COG0559	LivH	Branched-chain amino acid ABC-type transport system, permease component	HTCC7211_01425	-5
DS995298.1	1307799	1308506	-	HTCC7211_01421	HTCC7211	235	OG0000065	K01996	branched-chain amino acid transport system ATP-binding protein	COG0410	LivF	ABC-type branched-chain amino acid transport system, ATPase component LivF	HTCC7211_01425	-4
DS995298.1	1308506	1309294	-	HTCC7211_01422	HTCC7211	262	OG0000143	K01995	branched-chain amino acid transport system ATP-binding protein	COG0411	LivG	ABC-type branched-chain amino acid transport system, ATPase component LivG	HTCC7211_01425	-3
DS995298.1	1309300	1310067	-	HTCC7211_01423	HTCC7211	255	OG0000676	NA	NA	COG0345	ProC	Pyrroline-5-carboxylate reductase	HTCC7211_01425	-2
DS995298.1	1310100	1311011	-	HTCC7211_01424	HTCC7211	303	OG0001090	K15737	glutarate dioxygenase [EC:1.14.11.64]	NA	NA	NA	HTCC7211_01425	-1
DS995298.1	1311052	1311375	-	HTCC7211_01425	HTCC7211	107	OG0001083	NA	NA	COG4392	AzlD2	Branched-chain amino acid transport protein	HTCC7211_01425	0
DS995298.1	1311365	1312069	-	HTCC7211_01426	HTCC7211	234	OG0001073	NA	NA	COG1296	AzlC	Predicted branched-chain amino acid permease (azaleucine resistance)	HTCC7211_01425	1
DS995298.1	1312069	1312854	-	HTCC7211_01427	HTCC7211	261	OG0001077	NA	NA	COG0410	LivF	ABC-type branched-chain amino acid transport system, ATPase component LivF	HTCC7211_01425	2
DS995298.1	1312854	1313594	-	HTCC7211_01428	HTCC7211	246	OG0000928	K01995	branched-chain amino acid transport system ATP-binding protein	COG0411	LivG	ABC-type branched-chain amino acid transport system, ATPase component LivG	HTCC7211_01425	3
DS995298.1	1313591	1314640	-	HTCC7211_01429	HTCC7211	349	OG0001109	NA	NA	COG4177	LivM	ABC-type branched-chain amino acid transport system, permease component	HTCC7211_01425	4
DS995298.1	1314640	1315533	-	HTCC7211_01430	HTCC7211	297	OG0001225	K01997	branched-chain amino acid transport system permease protein	COG0559	LivH	Branched-chain amino acid ABC-type transport system, permease component	HTCC7211_01425	5
KL370779.1	749551	750444	+	HTCC7214_00777	HTCC7214	297	OG0001225	K01997	branched-chain amino acid transport system permease protein	COG0559	LivH	Branched-chain amino acid ABC-type transport system, permease component	HTCC7214_00782	-5
KL370779.1	750444	751493	+	HTCC7214_00778	HTCC7214	349	OG0001109	NA	NA	COG4177	LivM	ABC-type branched-chain amino acid transport system, permease component	HTCC7214_00782	-4
KL370779.1	751490	752230	+	HTCC7214_00779	HTCC7214	246	OG0000928	K01995	branched-chain amino acid transport system ATP-binding protein	COG0411	LivG	ABC-type branched-chain amino acid transport system, ATPase component LivG	HTCC7214_00782	-3
KL370779.1	752230	753015	+	HTCC7214_00780	HTCC7214	261	OG0001077	NA	NA	COG0410	LivF	ABC-type branched-chain amino acid transport system, ATPase component LivF	HTCC7214_00782	-2
KL370779.1	753015	753719	+	HTCC7214_00781	HTCC7214	234	OG0001073	NA	NA	COG1296	AzlC	Predicted branched-chain amino acid permease (azaleucine resistance)	HTCC7214_00782	-1
KL370779.1	753709	754032	+	HTCC7214_00782	HTCC7214	107	OG0001083	NA	NA	COG4392	AzlD2	Branched-chain amino acid transport protein	HTCC7214_00782	0
KL370779.1	754073	754984	+	HTCC7214_00783	HTCC7214	303	OG0001090	K15737	glutarate dioxygenase [EC:1.14.11.64]	NA	NA	NA	HTCC7214_00782	1
KL370779.1	755040	755807	+	HTCC7214_00784	HTCC7214	255	OG0000676	NA	NA	COG0345	ProC	Pyrroline-5-carboxylate reductase	HTCC7214_00782	2
KL370779.1	755812	756600	+	HTCC7214_00785	HTCC7214	262	OG0000143	K01995	branched-chain amino acid transport system ATP-binding protein	COG0411	LivG	ABC-type branched-chain amino acid transport system, ATPase component LivG	HTCC7214_00782	3
KL370779.1	756600	757307	+	HTCC7214_00786	HTCC7214	235	OG0000065	K01996	branched-chain amino acid transport system ATP-binding protein	COG0410	LivF	ABC-type branched-chain amino acid transport system, ATPase component LivF	HTCC7214_00782	4
KL370779.1	757309	758319	+	HTCC7214_00787	HTCC7214	336	OG0000021	K01997	branched-chain amino acid transport system permease protein	COG0559	LivH	Branched-chain amino acid ABC-type transport system, permease component	HTCC7214_00782	5
JNIU01000001.1	669769	670779	-	HTCC7217_00733	HTCC7217	336	OG0000021	K01997	branched-chain amino acid transport system permease protein	COG0559	LivH	Branched-chain amino acid ABC-type transport system, permease component	HTCC7217_00738	-5
JNIU01000001.1	670781	671488	-	HTCC7217_00734	HTCC7217	235	OG0000065	K01996	branched-chain amino acid transport system ATP-binding protein	COG0410	LivF	ABC-type branched-chain amino acid transport system, ATPase component LivF	HTCC7217_00738	-4
JNIU01000001.1	671488	672276	-	HTCC7217_00735	HTCC7217	262	OG0000143	K01995	branched-chain amino acid transport system ATP-binding protein	COG0411	LivG	ABC-type branched-chain amino acid transport system, ATPase component LivG	HTCC7217_00738	-3
JNIU01000001.1	672281	673048	-	HTCC7217_00736	HTCC7217	255	OG0000676	NA	NA	COG0345	ProC	Pyrroline-5-carboxylate reductase	HTCC7217_00738	-2
JNIU01000001.1	673104	674015	-	HTCC7217_00737	HTCC7217	303	OG0001090	K15737	glutarate dioxygenase [EC:1.14.11.64]	NA	NA	NA	HTCC7217_00738	-1
JNIU01000001.1	674056	674379	-	HTCC7217_00738	HTCC7217	107	OG0001083	NA	NA	COG4392	AzlD2	Branched-chain amino acid transport protein	HTCC7217_00738	0
JNIU01000001.1	674369	675073	-	HTCC7217_00739	HTCC7217	234	OG0001073	NA	NA	COG1296	AzlC	Predicted branched-chain amino acid permease (azaleucine resistance)	HTCC7217_00738	1
JNIU01000001.1	675073	675858	-	HTCC7217_00740	HTCC7217	261	OG0001077	NA	NA	COG0410	LivF	ABC-type branched-chain amino acid transport system, ATPase component LivF	HTCC7217_00738	2
JNIU01000001.1	675858	676598	-	HTCC7217_00741	HTCC7217	246	OG0000928	K01995	branched-chain amino acid transport system ATP-binding protein	COG0411	LivG	ABC-type branched-chain amino acid transport system, ATPase component LivG	HTCC7217_00738	3
JNIU01000001.1	676595	677644	-	HTCC7217_00742	HTCC7217	349	OG0001109	NA	NA	COG4177	LivM	ABC-type branched-chain amino acid transport system, permease component	HTCC7217_00738	4
JNIU01000001.1	677644	678537	-	HTCC7217_00743	HTCC7217	297	OG0001225	K01997	branched-chain amino acid transport system permease protein	COG0559	LivH	Branched-chain amino acid ABC-type transport system, permease component	HTCC7217_00738	5
KI421440.1	953812	954822	-	HTCC8051_01030	HTCC8051	336	OG0000021	K01997	branched-chain amino acid transport system permease protein	COG0559	LivH	Branched-chain amino acid ABC-type transport system, permease component	HTCC8051_01035	-5
KI421440.1	954824	955531	-	HTCC8051_01031	HTCC8051	235	OG0000065	K01996	branched-chain amino acid transport system ATP-binding protein	COG0410	LivF	ABC-type branched-chain amino acid transport system, ATPase component LivF	HTCC8051_01035	-4
KI421440.1	955531	956325	-	HTCC8051_01032	HTCC8051	264	OG0000143	K01995	branched-chain amino acid transport system ATP-binding protein	COG0411	LivG	ABC-type branched-chain amino acid transport system, ATPase component LivG	HTCC8051_01035	-3
KI421440.1	956332	957099	-	HTCC8051_01033	HTCC8051	255	OG0000676	NA	NA	COG0345	ProC	Pyrroline-5-carboxylate reductase	HTCC8051_01035	-2
KI421440.1	957133	958044	-	HTCC8051_01034	HTCC8051	303	OG0001090	K15737	glutarate dioxygenase [EC:1.14.11.64]	NA	NA	NA	HTCC8051_01035	-1
KI421440.1	958044	958367	-	HTCC8051_01035	HTCC8051	107	OG0001083	NA	NA	COG4392	AzlD2	Branched-chain amino acid transport protein	HTCC8051_01035	0
KI421440.1	958357	959061	-	HTCC8051_01036	HTCC8051	234	OG0001073	NA	NA	COG1296	AzlC	Predicted branched-chain amino acid permease (azaleucine resistance)	HTCC8051_01035	1
KI421440.1	959061	959846	-	HTCC8051_01037	HTCC8051	261	OG0001077	NA	NA	COG0410	LivF	ABC-type branched-chain amino acid transport system, ATPase component LivF	HTCC8051_01035	2
KI421440.1	959846	960586	-	HTCC8051_01038	HTCC8051	246	OG0000928	K01995	branched-chain amino acid transport system ATP-binding protein	COG0411	LivG	ABC-type branched-chain amino acid transport system, ATPase component LivG	HTCC8051_01035	3
KI421440.1	960583	961635	-	HTCC8051_01039	HTCC8051	350	OG0001109	NA	NA	COG4177	LivM	ABC-type branched-chain amino acid transport system, permease component	HTCC8051_01035	4
KI421440.1	961632	962525	-	HTCC8051_01040	HTCC8051	297	OG0001134	K01997	branched-chain amino acid transport system permease protein	COG0559	LivH	Branched-chain amino acid ABC-type transport system, permease component	HTCC8051_01035	5
AWZW01000001.1	477341	478234	+	HTCC9022_00507	HTCC9022	297	OG0001134	K01997	branched-chain amino acid transport system permease protein	COG0559	LivH	Branched-chain amino acid ABC-type transport system, permease component	HTCC9022_00512	-5
AWZW01000001.1	478231	479283	+	HTCC9022_00508	HTCC9022	350	OG0001109	NA	NA	COG4177	LivM	ABC-type branched-chain amino acid transport system, permease component	HTCC9022_00512	-4
AWZW01000001.1	479280	480020	+	HTCC9022_00509	HTCC9022	246	OG0000928	K01995	branched-chain amino acid transport system ATP-binding protein	COG0411	LivG	ABC-type branched-chain amino acid transport system, ATPase component LivG	HTCC9022_00512	-3
AWZW01000001.1	480020	480805	+	HTCC9022_00510	HTCC9022	261	OG0001077	NA	NA	COG0410	LivF	ABC-type branched-chain amino acid transport system, ATPase component LivF	HTCC9022_00512	-2
AWZW01000001.1	480805	481509	+	HTCC9022_00511	HTCC9022	234	OG0001073	NA	NA	COG1296	AzlC	Predicted branched-chain amino acid permease (azaleucine resistance)	HTCC9022_00512	-1
AWZW01000001.1	481499	481822	+	HTCC9022_00512	HTCC9022	107	OG0001083	NA	NA	COG4392	AzlD2	Branched-chain amino acid transport protein	HTCC9022_00512	0
AWZW01000001.1	481822	482733	+	HTCC9022_00513	HTCC9022	303	OG0001090	K15737	glutarate dioxygenase [EC:1.14.11.64]	NA	NA	NA	HTCC9022_00512	1
AWZW01000001.1	482767	483534	+	HTCC9022_00514	HTCC9022	255	OG0000676	NA	NA	COG0345	ProC	Pyrroline-5-carboxylate reductase	HTCC9022_00512	2
AWZW01000001.1	483541	484335	+	HTCC9022_00515	HTCC9022	264	OG0000143	K01995	branched-chain amino acid transport system ATP-binding protein	COG0411	LivG	ABC-type branched-chain amino acid transport system, ATPase component LivG	HTCC9022_00512	3
AWZW01000001.1	484335	485042	+	HTCC9022_00516	HTCC9022	235	OG0000065	K01996	branched-chain amino acid transport system ATP-binding protein	COG0410	LivF	ABC-type branched-chain amino acid transport system, ATPase component LivF	HTCC9022_00512	4
AWZW01000001.1	485044	486054	+	HTCC9022_00517	HTCC9022	336	OG0000021	K01997	branched-chain amino acid transport system permease protein	COG0559	LivH	Branched-chain amino acid ABC-type transport system, permease component	HTCC9022_00512	5
NZ_LANA01000001.1	745417	746310	+	HTCC9565_00792	HTCC9565	297	OG0001134	K01997	branched-chain amino acid transport system permease protein	COG0559	LivH	Branched-chain amino acid ABC-type transport system, permease component	HTCC9565_00797	-5
NZ_LANA01000001.1	746310	747359	+	HTCC9565_00793	HTCC9565	349	OG0001109	NA	NA	COG4177	LivM	ABC-type branched-chain amino acid transport system, permease component	HTCC9565_00797	-4
NZ_LANA01000001.1	747356	748096	+	HTCC9565_00794	HTCC9565	246	OG0000928	K01995	branched-chain amino acid transport system ATP-binding protein	COG0411	LivG	ABC-type branched-chain amino acid transport system, ATPase component LivG	HTCC9565_00797	-3
NZ_LANA01000001.1	748096	748881	+	HTCC9565_00795	HTCC9565	261	OG0001077	NA	NA	COG0410	LivF	ABC-type branched-chain amino acid transport system, ATPase component LivF	HTCC9565_00797	-2
NZ_LANA01000001.1	748881	749579	+	HTCC9565_00796	HTCC9565	232	OG0001073	NA	NA	COG1296	AzlC	Predicted branched-chain amino acid permease (azaleucine resistance)	HTCC9565_00797	-1
NZ_LANA01000001.1	749580	749903	+	HTCC9565_00797	HTCC9565	107	OG0001083	NA	NA	COG4392	AzlD2	Branched-chain amino acid transport protein	HTCC9565_00797	0
NZ_LANA01000001.1	749940	750857	+	HTCC9565_00798	HTCC9565	305	OG0001090	K15737	glutarate dioxygenase [EC:1.14.11.64]	NA	NA	NA	HTCC9565_00797	1
NZ_LANA01000001.1	751063	751740	+	HTCC9565_00799	HTCC9565	225	OG0001361	NA	NA	NA	NA	NA	HTCC9565_00797	2
NZ_LANA01000001.1	751830	752597	+	HTCC9565_00800	HTCC9565	255	OG0000676	NA	NA	COG0345	ProC	Pyrroline-5-carboxylate reductase	HTCC9565_00797	3
NZ_LANA01000001.1	752604	753398	+	HTCC9565_00801	HTCC9565	264	OG0000143	K01995	branched-chain amino acid transport system ATP-binding protein	COG0411	LivG	ABC-type branched-chain amino acid transport system, ATPase component LivG	HTCC9565_00797	4
NZ_LANA01000001.1	753398	754105	+	HTCC9565_00802	HTCC9565	235	OG0000065	K01996	branched-chain amino acid transport system ATP-binding protein	COG0410	LivF	ABC-type branched-chain amino acid transport system, ATPase component LivF	HTCC9565_00797	5
CP002511.1	700824	701717	+	IMCC9063_00794	IMCC9063	297	OG0001134	K01997	branched-chain amino acid transport system permease protein	COG0559	LivH	Branched-chain amino acid ABC-type transport system, permease component	IMCC9063_00799	-5
CP002511.1	701717	702784	+	IMCC9063_00795	IMCC9063	355	OG0001224	NA	NA	COG4177	LivM	ABC-type branched-chain amino acid transport system, permease component	IMCC9063_00799	-4
CP002511.1	702784	703524	+	IMCC9063_00796	IMCC9063	246	OG0000928	K01995	branched-chain amino acid transport system ATP-binding protein	COG0411	LivG	ABC-type branched-chain amino acid transport system, ATPase component LivG	IMCC9063_00799	-3
CP002511.1	703524	704309	+	IMCC9063_00797	IMCC9063	261	OG0001077	NA	NA	COG0410	LivF	ABC-type branched-chain amino acid transport system, ATPase component LivF	IMCC9063_00799	-2
CP002511.1	704321	705025	+	IMCC9063_00798	IMCC9063	234	OG0001073	NA	NA	COG1296	AzlC	Predicted branched-chain amino acid permease (azaleucine resistance)	IMCC9063_00799	-1
CP002511.1	705015	705341	+	IMCC9063_00799	IMCC9063	108	OG0001083	NA	NA	COG4541	NA	Uncharacterized membrane protein	IMCC9063_00799	0
CP002511.1	705344	706252	+	IMCC9063_00800	IMCC9063	302	OG0001090	K15737	glutarate dioxygenase [EC:1.14.11.64]	COG2175	TauD	Taurine dioxygenase, alpha-ketoglutarate-dependent	IMCC9063_00799	1
CP002511.1	706257	707315	-	IMCC9063_00801	IMCC9063	352	OG0001130	K07120	uncharacterized protein	COG3180	AbrB	Uncharacterized membrane protein AbrB, regulator of aidB expression	IMCC9063_00799	2
CP002511.1	707315	708172	-	IMCC9063_00802	IMCC9063	285	OG0001501	NA	NA	COG2513	PrpB	2-Methylisocitrate lyase and related enzymes, PEP mutase family	IMCC9063_00799	3
CP002511.1	708216	708896	-	IMCC9063_00803	IMCC9063	226	OG0001598	NA	NA	COG1414	IclR	DNA-binding transcriptional regulator, IclR family	IMCC9063_00799	4
CP002511.1	709015	710439	+	IMCC9063_00804	IMCC9063	474	OG0001579	K17724	aconitate decarboxylase [EC:4.1.1.6]	COG2079	PrpD	2-methylcitrate dehydratase PrpD	IMCC9063_00799	5
Ga0182791_11	805715	806104	+	LSUCC0261_00867	LSUCC0261	129	OG0000142	NA	NA	COG2050	PaaI	Acyl-CoA thioesterase PaaI, contains HGG motif	LSUCC0261_00872	-5
Ga0182791_11	806107	807054	-	LSUCC0261_00868	LSUCC0261	315	OG0000011	NA	NA	COG0111	SerA	Phosphoglycerate dehydrogenase or related dehydrogenase	LSUCC0261_00872	-4
Ga0182791_11	807123	808184	+	LSUCC0261_00869	LSUCC0261	353	OG0001130	K07120	uncharacterized protein	COG3180	AbrB	Uncharacterized membrane protein AbrB, regulator of aidB expression	LSUCC0261_00872	-3
Ga0182791_11	808185	808754	-	LSUCC0261_00870	LSUCC0261	189	OG0001159	K07304	peptide-methionine (S)-S-oxide reductase [EC:1.8.4.11]	COG0225	MsrA	Peptide methionine sulfoxide reductase MsrA	LSUCC0261_00872	-2
Ga0182791_11	808751	809662	-	LSUCC0261_00871	LSUCC0261	303	OG0001090	K15737	glutarate dioxygenase [EC:1.14.11.64]	COG2175	TauD	Taurine dioxygenase, alpha-ketoglutarate-dependent	LSUCC0261_00872	-1
Ga0182791_11	809666	809995	-	LSUCC0261_00872	LSUCC0261	109	OG0001083	NA	NA	NA	NA	NA	LSUCC0261_00872	0
Ga0182791_11	809985	810689	-	LSUCC0261_00873	LSUCC0261	234	OG0001073	NA	NA	COG1296	AzlC	Predicted branched-chain amino acid permease (azaleucine resistance)	LSUCC0261_00872	1
Ga0182791_11	810699	811553	-	LSUCC0261_00874	LSUCC0261	284	OG0001077	NA	NA	COG0410	LivF	ABC-type branched-chain amino acid transport system, ATPase component LivF	LSUCC0261_00872	2
Ga0182791_11	811556	812299	-	LSUCC0261_00875	LSUCC0261	247	OG0000928	K01995	branched-chain amino acid transport system ATP-binding protein	COG0411	LivG	ABC-type branched-chain amino acid transport system, ATPase component LivG	LSUCC0261_00872	3
Ga0182791_11	812292	813380	-	LSUCC0261_00876	LSUCC0261	362	OG0001224	NA	NA	COG4177	LivM	ABC-type branched-chain amino acid transport system, permease component	LSUCC0261_00872	4
Ga0182791_11	813380	814267	-	LSUCC0261_00877	LSUCC0261	295	OG0001134	K01997	branched-chain amino acid transport system permease protein	COG0559	LivH	Branched-chain amino acid ABC-type transport system, permease component	LSUCC0261_00872	5
CP024034.1	750521	751462	-	LSUCC0530_00831	LSUCC0530	313	OG0001135	K07080	uncharacterized protein	COG2358	Imp	TRAP-type uncharacterized transport system, periplasmic component	LSUCC0530_00836	-5
CP024034.1	751623	752024	+	LSUCC0530_00832	LSUCC0530	133	OG0001094	NA	NA	COG0229	MsrB	Peptide methionine sulfoxide reductase MsrB	LSUCC0530_00836	-4
CP024034.1	752029	752421	+	LSUCC0530_00833	LSUCC0530	130	OG0000142	NA	NA	COG2050	PaaI	Acyl-CoA thioesterase PaaI, contains HGG motif	LSUCC0530_00836	-3
CP024034.1	752423	752992	-	LSUCC0530_00834	LSUCC0530	189	OG0001159	K07304	peptide-methionine (S)-S-oxide reductase [EC:1.8.4.11]	COG0225	MsrA	Peptide methionine sulfoxide reductase MsrA	LSUCC0530_00836	-2
CP024034.1	752989	753906	-	LSUCC0530_00835	LSUCC0530	305	OG0001090	K15737	glutarate dioxygenase [EC:1.14.11.64]	NA	NA	NA	LSUCC0530_00836	-1
CP024034.1	753907	754236	-	LSUCC0530_00836	LSUCC0530	109	OG0001083	NA	NA	COG4392	AzlD2	Branched-chain amino acid transport protein	LSUCC0530_00836	0
CP024034.1	754240	754935	-	LSUCC0530_00837	LSUCC0530	231	OG0001073	NA	NA	COG1296	AzlC	Predicted branched-chain amino acid permease (azaleucine resistance)	LSUCC0530_00836	1
CP024034.1	754932	755549	-	LSUCC0530_00838	LSUCC0530	205	OG0000441	NA	NA	COG1280	RhtB	Threonine/homoserine/homoserine lactone efflux protein	LSUCC0530_00836	2
CP024034.1	755731	756618	+	LSUCC0530_00839	LSUCC0530	295	OG0002322	K00297	methylenetetrahydrofolate reductase (NADH) [EC:1.5.1.54]	COG0685	MetF	5,10-methylenetetrahydrofolate reductase	LSUCC0530_00836	3
CP024034.1	756615	758897	+	LSUCC0530_00840	LSUCC0530	760	OG0001302	K00549	5-methyltetrahydropteroyltriglutamate--homocysteine methyltransferase [EC:2.1.1.14]	COG0620	MetE	Methionine synthase II (cobalamin-independent)	LSUCC0530_00836	4
CP024034.1	758894	760069	+	LSUCC0530_00841	LSUCC0530	391	OG0000096	K10764	O-succinylhomoserine sulfhydrylase [EC:2.5.1.-]	COG0626	MetC	Cystathionine beta-lyase/cystathionine gamma-synthase	LSUCC0530_00836	5
Ga0255589_11	283101	283994	+	LSUCC0664_00305	LSUCC0664	297	OG0001134	K01997	branched-chain amino acid transport system permease protein	COG0559	LivH	Branched-chain amino acid ABC-type transport system, permease component	LSUCC0664_00310	-5
Ga0255589_11	283998	285062	+	LSUCC0664_00306	LSUCC0664	354	OG0001224	NA	NA	COG4177	LivM	ABC-type branched-chain amino acid transport system, permease component	LSUCC0664_00310	-4
Ga0255589_11	285062	285802	+	LSUCC0664_00307	LSUCC0664	246	OG0000928	K01995	branched-chain amino acid transport system ATP-binding protein	COG0411	LivG	ABC-type branched-chain amino acid transport system, ATPase component LivG	LSUCC0664_00310	-3
Ga0255589_11	285802	286587	+	LSUCC0664_00308	LSUCC0664	261	OG0001077	NA	NA	COG0410	LivF	ABC-type branched-chain amino acid transport system, ATPase component LivF	LSUCC0664_00310	-2
Ga0255589_11	286597	287301	+	LSUCC0664_00309	LSUCC0664	234	OG0001073	NA	NA	COG1296	AzlC	Predicted branched-chain amino acid permease (azaleucine resistance)	LSUCC0664_00310	-1
Ga0255589_11	287294	287620	+	LSUCC0664_00310	LSUCC0664	108	OG0001083	NA	NA	COG4392	AzlD2	Branched-chain amino acid transport protein	LSUCC0664_00310	0
Ga0255589_11	287622	288533	+	LSUCC0664_00311	LSUCC0664	303	OG0001090	K15737	glutarate dioxygenase [EC:1.14.11.64]	NA	NA	NA	LSUCC0664_00310	1
Ga0255589_11	288584	289099	+	LSUCC0664_00312	LSUCC0664	171	OG0001159	K07304	peptide-methionine (S)-S-oxide reductase [EC:1.8.4.11]	COG0225	MsrA	Peptide methionine sulfoxide reductase MsrA	LSUCC0664_00310	2
Ga0255589_11	289100	290041	+	LSUCC0664_00313	LSUCC0664	313	OG0000011	NA	NA	COG0111	SerA	Phosphoglycerate dehydrogenase or related dehydrogenase	LSUCC0664_00310	3
Ga0255589_11	290042	290431	-	LSUCC0664_00314	LSUCC0664	129	OG0000142	NA	NA	COG2050	PaaI	Acyl-CoA thioesterase PaaI, contains HGG motif	LSUCC0664_00310	4
Ga0255589_11	290433	290834	-	LSUCC0664_00315	LSUCC0664	133	OG0001094	NA	NA	COG0229	MsrB	Peptide methionine sulfoxide reductase MsrB	LSUCC0664_00310	5
Ga0197930_11	762096	762773	+	LSUCC0723_00834	LSUCC0723	225	OG0001598	NA	NA	COG1414	IclR	DNA-binding transcriptional regulator, IclR family	LSUCC0723_00839	-5
Ga0197930_11	762766	763611	+	LSUCC0723_00835	LSUCC0723	281	OG0001501	NA	NA	COG2513	PrpB	2-Methylisocitrate lyase and related enzymes, PEP mutase family	LSUCC0723_00839	-4
Ga0197930_11	763614	764672	+	LSUCC0723_00836	LSUCC0723	352	OG0001130	K07120	uncharacterized protein	COG3180	AbrB	Uncharacterized membrane protein AbrB, regulator of aidB expression	LSUCC0723_00839	-3
Ga0197930_11	764669	765187	-	LSUCC0723_00837	LSUCC0723	172	OG0001159	K07304	peptide-methionine (S)-S-oxide reductase [EC:1.8.4.11]	COG0225	MsrA	Peptide methionine sulfoxide reductase MsrA	LSUCC0723_00839	-2
Ga0197930_11	765238	766179	-	LSUCC0723_00838	LSUCC0723	313	OG0001090	K15737	glutarate dioxygenase [EC:1.14.11.64]	NA	NA	NA	LSUCC0723_00839	-1
Ga0197930_11	766149	766475	-	LSUCC0723_00839	LSUCC0723	108	OG0001083	NA	NA	COG4392	AzlD2	Branched-chain amino acid transport protein	LSUCC0723_00839	0
Ga0197930_11	766468	767169	-	LSUCC0723_00840	LSUCC0723	233	OG0001073	NA	NA	COG1296	AzlC	Predicted branched-chain amino acid permease (azaleucine resistance)	LSUCC0723_00839	1
Ga0197930_11	767178	767963	-	LSUCC0723_00841	LSUCC0723	261	OG0001077	NA	NA	COG0410	LivF	ABC-type branched-chain amino acid transport system, ATPase component LivF	LSUCC0723_00839	2
Ga0197930_11	767963	768703	-	LSUCC0723_00842	LSUCC0723	246	OG0000928	K01995	branched-chain amino acid transport system ATP-binding protein	COG0411	LivG	ABC-type branched-chain amino acid transport system, ATPase component LivG	LSUCC0723_00839	3
Ga0197930_11	768703	769767	-	LSUCC0723_00843	LSUCC0723	354	OG0001224	NA	NA	COG4177	LivM	ABC-type branched-chain amino acid transport system, permease component	LSUCC0723_00839	4
Ga0197930_11	769772	770665	-	LSUCC0723_00844	LSUCC0723	297	OG0001134	K01997	branched-chain amino acid transport system permease protein	COG0559	LivH	Branched-chain amino acid ABC-type transport system, permease component	LSUCC0723_00839	5
OZ249404.1	649138	651240	-	ME-17_00743	ME-17	700	OG0001153	NA	NA	COG4666	NA	TRAP-type uncharacterized transport system, fused permease components	ME-17_00748	-5
OZ249404.1	651291	652232	-	ME-17_00744	ME-17	313	OG0001135	K07080	uncharacterized protein	COG2358	Imp	TRAP-type uncharacterized transport system, periplasmic component	ME-17_00748	-4
OZ249404.1	652319	652819	+	ME-17_00745	ME-17	166	OG0001094	NA	NA	COG0229	MsrB	Peptide methionine sulfoxide reductase MsrB	ME-17_00748	-3
OZ249404.1	652821	653216	+	ME-17_00746	ME-17	131	OG0000142	NA	NA	COG2050	PaaI	Acyl-CoA thioesterase PaaI, contains HGG motif	ME-17_00748	-2
OZ249404.1	653219	653791	-	ME-17_00747	ME-17	190	OG0001159	K07304	peptide-methionine (S)-S-oxide reductase [EC:1.8.4.11]	COG0225	MsrA	Peptide methionine sulfoxide reductase MsrA	ME-17_00748	-1
OZ249404.1	653793	654122	-	ME-17_00748	ME-17	109	OG0001083	NA	NA	COG4392	AzlD2	Branched-chain amino acid transport protein	ME-17_00748	0
OZ249404.1	654126	654821	-	ME-17_00749	ME-17	231	OG0001073	NA	NA	NA	NA	NA	ME-17_00748	1
OZ249404.1	654818	655435	-	ME-17_00750	ME-17	205	OG0000441	NA	NA	COG1280	RhtB	Threonine/homoserine/homoserine lactone efflux protein	ME-17_00748	2
OZ249404.1	655616	656521	+	ME-17_00751	ME-17	301	OG0002322	K00297	methylenetetrahydrofolate reductase (NADH) [EC:1.5.1.54]	COG0685	MetF	5,10-methylenetetrahydrofolate reductase	ME-17_00748	3
OZ249404.1	656521	658800	+	ME-17_00752	ME-17	759	OG0001302	K00549	5-methyltetrahydropteroyltriglutamate--homocysteine methyltransferase [EC:2.1.1.14]	COG0620	MetE	Methionine synthase II (cobalamin-independent)	ME-17_00748	4
OZ249404.1	658797	659972	+	ME-17_00753	ME-17	391	OG0000096	K10764	O-succinylhomoserine sulfhydrylase [EC:2.5.1.-]	COG0626	MetC	Cystathionine beta-lyase/cystathionine gamma-synthase	ME-17_00748	5
OZ247825.1	680552	682654	-	ME-18_00766	ME-18	700	OG0001153	NA	NA	COG4666	NA	TRAP-type uncharacterized transport system, fused permease components	ME-18_00771	-5
OZ247825.1	682705	683646	-	ME-18_00767	ME-18	313	OG0001135	K07080	uncharacterized protein	COG2358	Imp	TRAP-type uncharacterized transport system, periplasmic component	ME-18_00771	-4
OZ247825.1	683733	684233	+	ME-18_00768	ME-18	166	OG0001094	NA	NA	COG0229	MsrB	Peptide methionine sulfoxide reductase MsrB	ME-18_00771	-3
OZ247825.1	684235	684630	+	ME-18_00769	ME-18	131	OG0000142	NA	NA	COG2050	PaaI	Acyl-CoA thioesterase PaaI, contains HGG motif	ME-18_00771	-2
OZ247825.1	684633	685205	-	ME-18_00770	ME-18	190	OG0001159	K07304	peptide-methionine (S)-S-oxide reductase [EC:1.8.4.11]	COG0225	MsrA	Peptide methionine sulfoxide reductase MsrA	ME-18_00771	-1
OZ247825.1	685207	685536	-	ME-18_00771	ME-18	109	OG0001083	NA	NA	COG4392	AzlD2	Branched-chain amino acid transport protein	ME-18_00771	0
OZ247825.1	685540	686235	-	ME-18_00772	ME-18	231	OG0001073	NA	NA	NA	NA	NA	ME-18_00771	1
OZ247825.1	686232	686849	-	ME-18_00773	ME-18	205	OG0000441	NA	NA	COG1280	RhtB	Threonine/homoserine/homoserine lactone efflux protein	ME-18_00771	2
OZ247825.1	687030	687935	+	ME-18_00774	ME-18	301	OG0002322	K00297	methylenetetrahydrofolate reductase (NADH) [EC:1.5.1.54]	COG0685	MetF	5,10-methylenetetrahydrofolate reductase	ME-18_00771	3
OZ247825.1	687935	690214	+	ME-18_00775	ME-18	759	OG0001302	K00549	5-methyltetrahydropteroyltriglutamate--homocysteine methyltransferase [EC:2.1.1.14]	COG0620	MetE	Methionine synthase II (cobalamin-independent)	ME-18_00771	4
OZ247825.1	690211	691386	+	ME-18_00776	ME-18	391	OG0000096	K10764	O-succinylhomoserine sulfhydrylase [EC:2.5.1.-]	COG0626	MetC	Cystathionine beta-lyase/cystathionine gamma-synthase	ME-18_00771	5
OZ247816.1	667102	669204	-	ME-20_00745	ME-20	700	OG0001153	NA	NA	COG4666	NA	TRAP-type uncharacterized transport system, fused permease components	ME-20_00750	-5
OZ247816.1	669255	670196	-	ME-20_00746	ME-20	313	OG0001135	K07080	uncharacterized protein	COG2358	Imp	TRAP-type uncharacterized transport system, periplasmic component	ME-20_00750	-4
OZ247816.1	670283	670783	+	ME-20_00747	ME-20	166	OG0001094	NA	NA	COG0229	MsrB	Peptide methionine sulfoxide reductase MsrB	ME-20_00750	-3
OZ247816.1	670785	671180	+	ME-20_00748	ME-20	131	OG0000142	NA	NA	COG2050	PaaI	Acyl-CoA thioesterase PaaI, contains HGG motif	ME-20_00750	-2
OZ247816.1	671183	671755	-	ME-20_00749	ME-20	190	OG0001159	K07304	peptide-methionine (S)-S-oxide reductase [EC:1.8.4.11]	COG0225	MsrA	Peptide methionine sulfoxide reductase MsrA	ME-20_00750	-1
OZ247816.1	671757	672086	-	ME-20_00750	ME-20	109	OG0001083	NA	NA	COG4392	AzlD2	Branched-chain amino acid transport protein	ME-20_00750	0
OZ247816.1	672090	672785	-	ME-20_00751	ME-20	231	OG0001073	NA	NA	NA	NA	NA	ME-20_00750	1
OZ247816.1	672782	673399	-	ME-20_00752	ME-20	205	OG0000441	NA	NA	COG1280	RhtB	Threonine/homoserine/homoserine lactone efflux protein	ME-20_00750	2
OZ247816.1	673580	674485	+	ME-20_00753	ME-20	301	OG0002322	K00297	methylenetetrahydrofolate reductase (NADH) [EC:1.5.1.54]	COG0685	MetF	5,10-methylenetetrahydrofolate reductase	ME-20_00750	3
OZ247816.1	674485	676764	+	ME-20_00754	ME-20	759	OG0001302	K00549	5-methyltetrahydropteroyltriglutamate--homocysteine methyltransferase [EC:2.1.1.14]	COG0620	MetE	Methionine synthase II (cobalamin-independent)	ME-20_00750	4
OZ247816.1	676761	677936	+	ME-20_00755	ME-20	391	OG0000096	K10764	O-succinylhomoserine sulfhydrylase [EC:2.5.1.-]	COG0626	MetC	Cystathionine beta-lyase/cystathionine gamma-synthase	ME-20_00750	5
OZ247817.1	694923	697025	-	ME-31_00774	ME-31	700	OG0001153	NA	NA	COG4666	NA	TRAP-type uncharacterized transport system, fused permease components	ME-31_00779	-5
OZ247817.1	697076	698017	-	ME-31_00775	ME-31	313	OG0001135	K07080	uncharacterized protein	COG2358	Imp	TRAP-type uncharacterized transport system, periplasmic component	ME-31_00779	-4
OZ247817.1	698104	698604	+	ME-31_00776	ME-31	166	OG0001094	NA	NA	COG0229	MsrB	Peptide methionine sulfoxide reductase MsrB	ME-31_00779	-3
OZ247817.1	698606	699001	+	ME-31_00777	ME-31	131	OG0000142	NA	NA	COG2050	PaaI	Acyl-CoA thioesterase PaaI, contains HGG motif	ME-31_00779	-2
OZ247817.1	699004	699576	-	ME-31_00778	ME-31	190	OG0001159	K07304	peptide-methionine (S)-S-oxide reductase [EC:1.8.4.11]	COG0225	MsrA	Peptide methionine sulfoxide reductase MsrA	ME-31_00779	-1
OZ247817.1	699578	699907	-	ME-31_00779	ME-31	109	OG0001083	NA	NA	COG4392	AzlD2	Branched-chain amino acid transport protein	ME-31_00779	0
OZ247817.1	699911	700606	-	ME-31_00780	ME-31	231	OG0001073	NA	NA	NA	NA	NA	ME-31_00779	1
OZ247817.1	700603	701220	-	ME-31_00781	ME-31	205	OG0000441	NA	NA	COG1280	RhtB	Threonine/homoserine/homoserine lactone efflux protein	ME-31_00779	2
OZ247817.1	701401	702306	+	ME-31_00782	ME-31	301	OG0002322	K00297	methylenetetrahydrofolate reductase (NADH) [EC:1.5.1.54]	COG0685	MetF	5,10-methylenetetrahydrofolate reductase	ME-31_00779	3
OZ247817.1	702306	704585	+	ME-31_00783	ME-31	759	OG0001302	K00549	5-methyltetrahydropteroyltriglutamate--homocysteine methyltransferase [EC:2.1.1.14]	COG0620	MetE	Methionine synthase II (cobalamin-independent)	ME-31_00779	4
OZ247817.1	704582	705757	+	ME-31_00784	ME-31	391	OG0000096	K10764	O-succinylhomoserine sulfhydrylase [EC:2.5.1.-]	COG0626	MetC	Cystathionine beta-lyase/cystathionine gamma-synthase	ME-31_00779	5
OZ247815.1	690040	692139	-	ME-33_00777	ME-33	699	OG0001153	NA	NA	COG4666	NA	TRAP-type uncharacterized transport system, fused permease components	ME-33_00782	-5
OZ247815.1	692182	693123	-	ME-33_00778	ME-33	313	OG0001135	K07080	uncharacterized protein	COG2358	Imp	TRAP-type uncharacterized transport system, periplasmic component	ME-33_00782	-4
OZ247815.1	693231	693635	+	ME-33_00779	ME-33	134	OG0001094	NA	NA	COG0229	MsrB	Peptide methionine sulfoxide reductase MsrB	ME-33_00782	-3
OZ247815.1	693637	694032	+	ME-33_00780	ME-33	131	OG0000142	NA	NA	COG2050	PaaI	Acyl-CoA thioesterase PaaI, contains HGG motif	ME-33_00782	-2
OZ247815.1	694035	694607	-	ME-33_00781	ME-33	190	OG0001159	K07304	peptide-methionine (S)-S-oxide reductase [EC:1.8.4.11]	COG0225	MsrA	Peptide methionine sulfoxide reductase MsrA	ME-33_00782	-1
OZ247815.1	694609	694938	-	ME-33_00782	ME-33	109	OG0001083	NA	NA	COG4392	AzlD2	Branched-chain amino acid transport protein	ME-33_00782	0
OZ247815.1	694942	695637	-	ME-33_00783	ME-33	231	OG0001073	NA	NA	NA	NA	NA	ME-33_00782	1
OZ247815.1	695634	696251	-	ME-33_00784	ME-33	205	OG0000441	NA	NA	COG1280	RhtB	Threonine/homoserine/homoserine lactone efflux protein	ME-33_00782	2
OZ247815.1	696431	697336	+	ME-33_00785	ME-33	301	OG0002322	K00297	methylenetetrahydrofolate reductase (NADH) [EC:1.5.1.54]	COG0685	MetF	5,10-methylenetetrahydrofolate reductase	ME-33_00782	3
OZ247815.1	697336	699615	+	ME-33_00786	ME-33	759	OG0001302	K00549	5-methyltetrahydropteroyltriglutamate--homocysteine methyltransferase [EC:2.1.1.14]	COG0620	MetE	Methionine synthase II (cobalamin-independent)	ME-33_00782	4
OZ247815.1	699612	700787	+	ME-33_00787	ME-33	391	OG0000096	K10764	O-succinylhomoserine sulfhydrylase [EC:2.5.1.-]	COG0626	MetC	Cystathionine beta-lyase/cystathionine gamma-synthase	ME-33_00782	5
NTJN01000004.1	74932	75828	-	MED-G40_00744	MED-G40	298	OG0001090	K15737	glutarate dioxygenase [EC:1.14.11.64]	NA	NA	NA	MED-G40_00749	-5
NTJN01000004.1	75850	76755	+	MED-G40_00745	MED-G40	301	OG0001445	K16842	allantoinase [EC:3.5.2.5]	COG0726	PgaB	Peptidoglycan/xylan/chitin deacetylase, PgdA/NodB/CDA1 family	MED-G40_00749	-4
NTJN01000004.1	76759	77745	+	MED-G40_00746	MED-G40	328	OG0001450	K01477	allantoicase [EC:3.5.3.4]	COG4266	Alc	Allantoicase	MED-G40_00749	-3
NTJN01000004.1	77748	78242	+	MED-G40_00747	MED-G40	164	OG0001453	K01483	ureidoglycolate lyase [EC:4.3.2.3]	COG3194	AllA	Ureidoglycolate hydrolase (allantoin degradation)	MED-G40_00749	-2
NTJN01000004.1	78281	79732	-	MED-G40_00748	MED-G40	483	OG0000917	K03457	nucleobase:cation symporter-1, NCS1 family	COG1953	FUI1	Cytosine/uracil/thiamine/allantoin permease	MED-G40_00749	-1
NTJN01000004.1	79886	80212	-	MED-G40_00749	MED-G40	108	OG0001083	NA	NA	NA	NA	NA	MED-G40_00749	0
NTJN01000004.1	80202	80906	-	MED-G40_00750	MED-G40	234	OG0001073	NA	NA	COG1296	AzlC	Predicted branched-chain amino acid permease (azaleucine resistance)	MED-G40_00749	1
NTJN01000004.1	80903	81688	-	MED-G40_00751	MED-G40	261	OG0001077	NA	NA	COG0410	LivF	ABC-type branched-chain amino acid transport system, ATPase component LivF	MED-G40_00749	2
NTJN01000004.1	81688	82428	-	MED-G40_00752	MED-G40	246	OG0000928	K01995	branched-chain amino acid transport system ATP-binding protein	COG0411	LivG	ABC-type branched-chain amino acid transport system, ATPase component LivG	MED-G40_00749	3
NTJN01000004.1	82425	83480	-	MED-G40_00753	MED-G40	351	OG0001109	NA	NA	COG4177	LivM	ABC-type branched-chain amino acid transport system, permease component	MED-G40_00749	4
NTJN01000004.1	83477	83938	-	MED-G40_00754	MED-G40	153	OG0000091	NA	NA	NA	NA	NA	MED-G40_00749	5
NZIO01000024.1	24668	25561	+	MED605_00901	MED605	297	OG0001134	K01997	branched-chain amino acid transport system permease protein	COG0559	LivH	Branched-chain amino acid ABC-type transport system, permease component	MED605_00906	-5
NZIO01000024.1	25576	26628	+	MED605_00902	MED605	350	OG0001224	NA	NA	COG4177	LivM	ABC-type branched-chain amino acid transport system, permease component	MED605_00906	-4
NZIO01000024.1	26628	27368	+	MED605_00903	MED605	246	OG0000928	K01995	branched-chain amino acid transport system ATP-binding protein	COG0411	LivG	ABC-type branched-chain amino acid transport system, ATPase component LivG	MED605_00906	-3
NZIO01000024.1	27368	28153	+	MED605_00904	MED605	261	OG0001077	NA	NA	COG0410	LivF	ABC-type branched-chain amino acid transport system, ATPase component LivF	MED605_00906	-2
NZIO01000024.1	28153	28851	+	MED605_00905	MED605	232	OG0001073	NA	NA	COG1296	AzlC	Predicted branched-chain amino acid permease (azaleucine resistance)	MED605_00906	-1
NZIO01000024.1	28848	29180	+	MED605_00906	MED605	110	OG0001083	NA	NA	COG4392	AzlD2	Branched-chain amino acid transport protein	MED605_00906	0
NZIO01000024.1	29299	29412	+	MED605_00907	MED605	37	OG0001157	NA	NA	NA	NA	NA	MED605_00906	1
NZIO01000024.1	29412	30182	+	MED605_00908	MED605	256	OG0000676	NA	NA	COG0345	ProC	Pyrroline-5-carboxylate reductase	MED605_00906	2
NZIO01000024.1	30190	30984	+	MED605_00909	MED605	264	OG0000143	K01995	branched-chain amino acid transport system ATP-binding protein	COG0411	LivG	ABC-type branched-chain amino acid transport system, ATPase component LivG	MED605_00906	3
NZIO01000024.1	30984	31691	+	MED605_00910	MED605	235	OG0000065	K01996	branched-chain amino acid transport system ATP-binding protein	COG0410	LivF	ABC-type branched-chain amino acid transport system, ATPase component LivF	MED605_00906	4
NZIO01000024.1	31693	32703	+	MED605_00911	MED605	336	OG0000021	K01997	branched-chain amino acid transport system permease protein	COG0559	LivH	Branched-chain amino acid ABC-type transport system, permease component	MED605_00906	5
OZ247814.1	757965	758270	+	MKE-138_00850	MKE-138	101	OG0001993	NA	NA	COG3411	2Fe2S	2Fe-2S ferredoxin	MKE-138_00855	-5
OZ247814.1	758274	759449	-	MKE-138_00851	MKE-138	391	OG0000096	K10764	O-succinylhomoserine sulfhydrylase [EC:2.5.1.-]	COG0626	MetC	Cystathionine beta-lyase/cystathionine gamma-synthase	MKE-138_00855	-4
OZ247814.1	759446	761725	-	MKE-138_00852	MKE-138	759	OG0001302	K00549	5-methyltetrahydropteroyltriglutamate--homocysteine methyltransferase [EC:2.1.1.14]	COG0620	MetE	Methionine synthase II (cobalamin-independent)	MKE-138_00855	-3
OZ247814.1	761725	762630	-	MKE-138_00853	MKE-138	301	OG0002322	K00297	methylenetetrahydrofolate reductase (NADH) [EC:1.5.1.54]	COG0685	MetF	5,10-methylenetetrahydrofolate reductase	MKE-138_00855	-2
OZ247814.1	762928	763623	+	MKE-138_00854	MKE-138	231	OG0001073	NA	NA	NA	NA	NA	MKE-138_00855	-1
OZ247814.1	763627	763956	+	MKE-138_00855	MKE-138	109	OG0001083	NA	NA	COG4392	AzlD2	Branched-chain amino acid transport protein	MKE-138_00855	0
OZ247814.1	763958	764530	+	MKE-138_00856	MKE-138	190	OG0001159	K07304	peptide-methionine (S)-S-oxide reductase [EC:1.8.4.11]	COG0225	MsrA	Peptide methionine sulfoxide reductase MsrA	MKE-138_00855	1
OZ247814.1	764533	764928	-	MKE-138_00857	MKE-138	131	OG0000142	NA	NA	COG2050	PaaI	Acyl-CoA thioesterase PaaI, contains HGG motif	MKE-138_00855	2
OZ247814.1	764930	765319	-	MKE-138_00858	MKE-138	129	OG0001094	NA	NA	COG0229	MsrB	Peptide methionine sulfoxide reductase MsrB	MKE-138_00855	3
OZ247814.1	765514	766455	+	MKE-138_00859	MKE-138	313	OG0001135	K07080	uncharacterized protein	COG2358	Imp	TRAP-type uncharacterized transport system, periplasmic component	MKE-138_00855	4
OZ247814.1	766506	768608	+	MKE-138_00860	MKE-138	700	OG0001153	NA	NA	COG4666	NA	TRAP-type uncharacterized transport system, fused permease components	MKE-138_00855	5
OZ249405.1	686090	688189	-	MiE-29_00775	MiE-29	699	OG0001153	NA	NA	COG4666	NA	TRAP-type uncharacterized transport system, fused permease components	MiE-29_00780	-5
OZ249405.1	688232	689173	-	MiE-29_00776	MiE-29	313	OG0001135	K07080	uncharacterized protein	COG2358	Imp	TRAP-type uncharacterized transport system, periplasmic component	MiE-29_00780	-4
OZ249405.1	689285	689689	+	MiE-29_00777	MiE-29	134	OG0001094	NA	NA	COG0229	MsrB	Peptide methionine sulfoxide reductase MsrB	MiE-29_00780	-3
OZ249405.1	689691	690086	+	MiE-29_00778	MiE-29	131	OG0000142	NA	NA	COG2050	PaaI	Acyl-CoA thioesterase PaaI, contains HGG motif	MiE-29_00780	-2
OZ249405.1	690089	690661	-	MiE-29_00779	MiE-29	190	OG0001159	K07304	peptide-methionine (S)-S-oxide reductase [EC:1.8.4.11]	COG0225	MsrA	Peptide methionine sulfoxide reductase MsrA	MiE-29_00780	-1
OZ249405.1	690663	690992	-	MiE-29_00780	MiE-29	109	OG0001083	NA	NA	COG4392	AzlD2	Branched-chain amino acid transport protein	MiE-29_00780	0
OZ249405.1	690996	691691	-	MiE-29_00781	MiE-29	231	OG0001073	NA	NA	NA	NA	NA	MiE-29_00780	1
OZ249405.1	691688	692305	-	MiE-29_00782	MiE-29	205	OG0000441	NA	NA	COG1280	RhtB	Threonine/homoserine/homoserine lactone efflux protein	MiE-29_00780	2
OZ249405.1	692486	693391	+	MiE-29_00783	MiE-29	301	OG0002322	K00297	methylenetetrahydrofolate reductase (NADH) [EC:1.5.1.54]	COG0685	MetF	5,10-methylenetetrahydrofolate reductase	MiE-29_00780	3
OZ249405.1	693391	695670	+	MiE-29_00784	MiE-29	759	OG0001302	K00549	5-methyltetrahydropteroyltriglutamate--homocysteine methyltransferase [EC:2.1.1.14]	COG0620	MetE	Methionine synthase II (cobalamin-independent)	MiE-29_00780	4
OZ249405.1	695667	696842	+	MiE-29_00785	MiE-29	391	OG0000096	K10764	O-succinylhomoserine sulfhydrylase [EC:2.5.1.-]	COG0626	MetC	Cystathionine beta-lyase/cystathionine gamma-synthase	MiE-29_00780	5
CP038852.1	1205945	1206838	+	NP1_01312	NP1	297	OG0001134	K01997	branched-chain amino acid transport system permease protein	COG0559	LivH	Branched-chain amino acid ABC-type transport system, permease component	NP1_01317	-5
CP038852.1	1206838	1207890	+	NP1_01313	NP1	350	OG0001224	NA	NA	COG4177	LivM	ABC-type branched-chain amino acid transport system, permease component	NP1_01317	-4
CP038852.1	1207890	1208630	+	NP1_01314	NP1	246	OG0000928	K01995	branched-chain amino acid transport system ATP-binding protein	COG0411	LivG	ABC-type branched-chain amino acid transport system, ATPase component LivG	NP1_01317	-3
CP038852.1	1208630	1209415	+	NP1_01315	NP1	261	OG0001077	NA	NA	COG0410	LivF	ABC-type branched-chain amino acid transport system, ATPase component LivF	NP1_01317	-2
CP038852.1	1209415	1210119	+	NP1_01316	NP1	234	OG0001073	NA	NA	COG1296	AzlC	Predicted branched-chain amino acid permease (azaleucine resistance)	NP1_01317	-1
CP038852.1	1210109	1210432	+	NP1_01317	NP1	107	OG0001083	NA	NA	NA	NA	NA	NP1_01317	0
CP038852.1	1210432	1211343	+	NP1_01318	NP1	303	OG0001090	K15737	glutarate dioxygenase [EC:1.14.11.64]	NA	NA	NA	NP1_01317	1
CP038852.1	1211376	1211522	+	NP1_01319	NP1	48	OG0000676	NA	NA	COG0345	ProC	Pyrroline-5-carboxylate reductase	NP1_01317	2
CP038852.1	1211591	1212142	+	NP1_01320	NP1	183	OG0000676	NA	NA	COG0345	ProC	Pyrroline-5-carboxylate reductase	NP1_01317	3
CP038852.1	1212149	1212943	+	NP1_01321	NP1	264	OG0000143	K01995	branched-chain amino acid transport system ATP-binding protein	COG0411	LivG	ABC-type branched-chain amino acid transport system, ATPase component LivG	NP1_01317	4
CP038852.1	1212943	1213650	+	NP1_01322	NP1	235	OG0000065	K01996	branched-chain amino acid transport system ATP-binding protein	COG0410	LivF	ABC-type branched-chain amino acid transport system, ATPase component LivF	NP1_01317	5
CAJQSQ010000002.1	34837	35847	-	RIS-SAG-41_00035	RIS-SAG-41	336	OG0000021	K01997	branched-chain amino acid transport system permease protein	COG0559	LivH	Branched-chain amino acid ABC-type transport system, permease component	RIS-SAG-41_00040	-5
CAJQSQ010000002.1	35849	36556	-	RIS-SAG-41_00036	RIS-SAG-41	235	OG0000065	K01996	branched-chain amino acid transport system ATP-binding protein	COG0410	LivF	ABC-type branched-chain amino acid transport system, ATPase component LivF	RIS-SAG-41_00040	-4
CAJQSQ010000002.1	36556	37350	-	RIS-SAG-41_00037	RIS-SAG-41	264	OG0000143	K01995	branched-chain amino acid transport system ATP-binding protein	COG0411	LivG	ABC-type branched-chain amino acid transport system, ATPase component LivG	RIS-SAG-41_00040	-3
CAJQSQ010000002.1	37357	38124	-	RIS-SAG-41_00038	RIS-SAG-41	255	OG0000676	NA	NA	COG0345	ProC	Pyrroline-5-carboxylate reductase	RIS-SAG-41_00040	-2
CAJQSQ010000002.1	38157	39068	-	RIS-SAG-41_00039	RIS-SAG-41	303	OG0001090	K15737	glutarate dioxygenase [EC:1.14.11.64]	NA	NA	NA	RIS-SAG-41_00040	-1
CAJQSQ010000002.1	39068	39391	-	RIS-SAG-41_00040	RIS-SAG-41	107	OG0001083	NA	NA	NA	NA	NA	RIS-SAG-41_00040	0
CAJQSQ010000002.1	39381	40085	-	RIS-SAG-41_00041	RIS-SAG-41	234	OG0001073	NA	NA	COG1296	AzlC	Predicted branched-chain amino acid permease (azaleucine resistance)	RIS-SAG-41_00040	1
CAJQSQ010000002.1	40085	40870	-	RIS-SAG-41_00042	RIS-SAG-41	261	OG0001077	NA	NA	COG0410	LivF	ABC-type branched-chain amino acid transport system, ATPase component LivF	RIS-SAG-41_00040	2
CAJQSQ010000002.1	40870	41610	-	RIS-SAG-41_00043	RIS-SAG-41	246	OG0000928	K01995	branched-chain amino acid transport system ATP-binding protein	COG0411	LivG	ABC-type branched-chain amino acid transport system, ATPase component LivG	RIS-SAG-41_00040	3
CAJQSQ010000002.1	41610	42662	-	RIS-SAG-41_00044	RIS-SAG-41	350	OG0001224	NA	NA	COG4177	LivM	ABC-type branched-chain amino acid transport system, permease component	RIS-SAG-41_00040	4
CAJQSQ010000002.1	42662	43624	-	RIS-SAG-41_00045	RIS-SAG-41	320	OG0001267	NA	NA	COG1506	DAP2	Dipeptidyl aminopeptidase/acylaminoacyl peptidase	RIS-SAG-41_00040	5
JACWDC010000004.1	86514	86765	+	SAG-MED05_00650	SAG-MED05	83	NA	NA	NA	NA	NA	NA	SAG-MED05_00655	-5
JACWDC010000004.1	86762	87826	+	SAG-MED05_00651	SAG-MED05	354	OG0001109	NA	NA	COG4177	LivM	ABC-type branched-chain amino acid transport system, permease component	SAG-MED05_00655	-4
JACWDC010000004.1	87823	88557	+	SAG-MED05_00652	SAG-MED05	244	OG0000928	K01995	branched-chain amino acid transport system ATP-binding protein	COG0411	LivG	ABC-type branched-chain amino acid transport system, ATPase component LivG	SAG-MED05_00655	-3
JACWDC010000004.1	88557	89342	+	SAG-MED05_00653	SAG-MED05	261	OG0001077	NA	NA	COG0410	LivF	ABC-type branched-chain amino acid transport system, ATPase component LivF	SAG-MED05_00655	-2
JACWDC010000004.1	89339	90043	+	SAG-MED05_00654	SAG-MED05	234	OG0001073	NA	NA	COG1296	AzlC	Predicted branched-chain amino acid permease (azaleucine resistance)	SAG-MED05_00655	-1
JACWDC010000004.1	90033	90353	+	SAG-MED05_00655	SAG-MED05	106	OG0001083	NA	NA	COG4392	AzlD2	Branched-chain amino acid transport protein	SAG-MED05_00655	0
JACWDC010000004.1	90506	91957	+	SAG-MED05_00656	SAG-MED05	483	OG0000917	K03457	nucleobase:cation symporter-1, NCS1 family	COG1953	FUI1	Cytosine/uracil/thiamine/allantoin permease	SAG-MED05_00655	1
JACWDC010000004.1	91996	92490	-	SAG-MED05_00657	SAG-MED05	164	OG0001453	K01483	ureidoglycolate lyase [EC:4.3.2.3]	COG3194	AllA	Ureidoglycolate hydrolase (allantoin degradation)	SAG-MED05_00655	2
JACWDC010000004.1	92490	93479	-	SAG-MED05_00658	SAG-MED05	329	OG0001450	K01477	allantoicase [EC:3.5.3.4]	COG4266	Alc	Allantoicase	SAG-MED05_00655	3
JACWDC010000004.1	93483	94388	-	SAG-MED05_00659	SAG-MED05	301	OG0001445	K16842	allantoinase [EC:3.5.2.5]	COG0726	PgaB	Peptidoglycan/xylan/chitin deacetylase, PgdA/NodB/CDA1 family	SAG-MED05_00655	4
JACWDC010000004.1	94410	95306	+	SAG-MED05_00660	SAG-MED05	298	OG0001090	K15737	glutarate dioxygenase [EC:1.14.11.64]	NA	NA	NA	SAG-MED05_00655	5
JACWDD010000007.1	531	1583	-	SAG-MED06_01148	SAG-MED06	350	OG0001109	NA	NA	COG4177	LivM	ABC-type branched-chain amino acid transport system, permease component	SAG-MED06_01151	-3
JACWDD010000007.1	1889	2674	+	SAG-MED06_01149	SAG-MED06	261	OG0001077	NA	NA	COG0410	LivF	ABC-type branched-chain amino acid transport system, ATPase component LivF	SAG-MED06_01151	-2
JACWDD010000007.1	2674	3378	+	SAG-MED06_01150	SAG-MED06	234	OG0001073	NA	NA	COG1296	AzlC	Predicted branched-chain amino acid permease (azaleucine resistance)	SAG-MED06_01151	-1
JACWDD010000007.1	3368	3691	+	SAG-MED06_01151	SAG-MED06	107	OG0001083	NA	NA	COG4392	AzlD2	Branched-chain amino acid transport protein	SAG-MED06_01151	0
JACWDD010000007.1	3732	4643	+	SAG-MED06_01152	SAG-MED06	303	OG0001090	K15737	glutarate dioxygenase [EC:1.14.11.64]	NA	NA	NA	SAG-MED06_01151	1
JACWDD010000007.1	4677	5444	+	SAG-MED06_01153	SAG-MED06	255	OG0000676	NA	NA	COG0345	ProC	Pyrroline-5-carboxylate reductase	SAG-MED06_01151	2
JACWDD010000007.1	5450	6232	+	SAG-MED06_01154	SAG-MED06	260	OG0000143	K01995	branched-chain amino acid transport system ATP-binding protein	COG0411	LivG	ABC-type branched-chain amino acid transport system, ATPase component LivG	SAG-MED06_01151	3
JACWDD010000007.1	6238	6945	+	SAG-MED06_01155	SAG-MED06	235	OG0000065	K01996	branched-chain amino acid transport system ATP-binding protein	COG0410	LivF	ABC-type branched-chain amino acid transport system, ATPase component LivF	SAG-MED06_01151	4
JACWDD010000007.1	6947	7957	+	SAG-MED06_01156	SAG-MED06	336	OG0000021	K01997	branched-chain amino acid transport system permease protein	COG0559	LivH	Branched-chain amino acid ABC-type transport system, permease component	SAG-MED06_01151	5
JACWDF010000011.1	7742	8752	-	SAG-MED08_00294	SAG-MED08	336	OG0000021	K01997	branched-chain amino acid transport system permease protein	COG0559	LivH	Branched-chain amino acid ABC-type transport system, permease component	SAG-MED08_00299	-5
JACWDF010000011.1	8754	9461	-	SAG-MED08_00295	SAG-MED08	235	OG0000065	K01996	branched-chain amino acid transport system ATP-binding protein	COG0410	LivF	ABC-type branched-chain amino acid transport system, ATPase component LivF	SAG-MED08_00299	-4
JACWDF010000011.1	9461	10249	-	SAG-MED08_00296	SAG-MED08	262	OG0000143	K01995	branched-chain amino acid transport system ATP-binding protein	COG0411	LivG	ABC-type branched-chain amino acid transport system, ATPase component LivG	SAG-MED08_00299	-3
JACWDF010000011.1	10255	11022	-	SAG-MED08_00297	SAG-MED08	255	OG0000676	NA	NA	COG0345	ProC	Pyrroline-5-carboxylate reductase	SAG-MED08_00299	-2
JACWDF010000011.1	11057	11968	-	SAG-MED08_00298	SAG-MED08	303	OG0001090	K15737	glutarate dioxygenase [EC:1.14.11.64]	NA	NA	NA	SAG-MED08_00299	-1
JACWDF010000011.1	12165	12488	-	SAG-MED08_00299	SAG-MED08	107	OG0001083	NA	NA	COG4392	AzlD2	Branched-chain amino acid transport protein	SAG-MED08_00299	0
JACWDF010000011.1	12478	13182	-	SAG-MED08_00300	SAG-MED08	234	OG0001073	NA	NA	COG1296	AzlC	Predicted branched-chain amino acid permease (azaleucine resistance)	SAG-MED08_00299	1
JACWDF010000011.1	13182	13967	-	SAG-MED08_00301	SAG-MED08	261	OG0001077	NA	NA	COG0410	LivF	ABC-type branched-chain amino acid transport system, ATPase component LivF	SAG-MED08_00299	2
JACWDF010000011.1	13967	14707	-	SAG-MED08_00302	SAG-MED08	246	OG0000928	K01995	branched-chain amino acid transport system ATP-binding protein	COG0411	LivG	ABC-type branched-chain amino acid transport system, ATPase component LivG	SAG-MED08_00299	3
JACWDF010000011.1	14704	15762	-	SAG-MED08_00303	SAG-MED08	352	OG0001109	NA	NA	COG4177	LivM	ABC-type branched-chain amino acid transport system, permease component	SAG-MED08_00299	4
JACWDF010000011.1	15759	16652	-	SAG-MED08_00304	SAG-MED08	297	OG0001225	K01997	branched-chain amino acid transport system permease protein	COG0559	LivH	Branched-chain amino acid ABC-type transport system, permease component	SAG-MED08_00299	5
JACWDI010000002.1	23102	24112	-	SAG-MED11_00506	SAG-MED11	336	OG0000021	K01997	branched-chain amino acid transport system permease protein	COG0559	LivH	Branched-chain amino acid ABC-type transport system, permease component	SAG-MED11_00511	-5
JACWDI010000002.1	24113	24820	-	SAG-MED11_00507	SAG-MED11	235	OG0000065	K01996	branched-chain amino acid transport system ATP-binding protein	COG0410	LivF	ABC-type branched-chain amino acid transport system, ATPase component LivF	SAG-MED11_00511	-4
JACWDI010000002.1	24820	25608	-	SAG-MED11_00508	SAG-MED11	262	OG0000143	K01995	branched-chain amino acid transport system ATP-binding protein	COG0411	LivG	ABC-type branched-chain amino acid transport system, ATPase component LivG	SAG-MED11_00511	-3
JACWDI010000002.1	25612	26379	-	SAG-MED11_00509	SAG-MED11	255	OG0000676	NA	NA	COG0345	ProC	Pyrroline-5-carboxylate reductase	SAG-MED11_00511	-2
JACWDI010000002.1	26414	27325	-	SAG-MED11_00510	SAG-MED11	303	OG0003812	K15737	glutarate dioxygenase [EC:1.14.11.64]	NA	NA	NA	SAG-MED11_00511	-1
JACWDI010000002.1	27367	27690	-	SAG-MED11_00511	SAG-MED11	107	OG0001083	NA	NA	COG4392	AzlD2	Branched-chain amino acid transport protein	SAG-MED11_00511	0
JACWDI010000002.1	27680	28384	-	SAG-MED11_00512	SAG-MED11	234	OG0001073	NA	NA	COG1296	AzlC	Predicted branched-chain amino acid permease (azaleucine resistance)	SAG-MED11_00511	1
JACWDI010000002.1	28384	29169	-	SAG-MED11_00513	SAG-MED11	261	OG0001077	NA	NA	COG0410	LivF	ABC-type branched-chain amino acid transport system, ATPase component LivF	SAG-MED11_00511	2
JACWDI010000002.1	29169	29909	-	SAG-MED11_00514	SAG-MED11	246	OG0000928	K01995	branched-chain amino acid transport system ATP-binding protein	COG0411	LivG	ABC-type branched-chain amino acid transport system, ATPase component LivG	SAG-MED11_00511	3
JACWDI010000002.1	29906	30955	-	SAG-MED11_00515	SAG-MED11	349	OG0001109	NA	NA	COG4177	LivM	ABC-type branched-chain amino acid transport system, permease component	SAG-MED11_00511	4
JACWDI010000002.1	30955	31557	-	SAG-MED11_00516	SAG-MED11	200	OG0001459	NA	NA	NA	NA	NA	SAG-MED11_00511	5
JACWDK010000011.1	24466	25173	-	SAG-MED13_00249	SAG-MED13	235	OG0000065	K01996	branched-chain amino acid transport system ATP-binding protein	COG0410	LivF	ABC-type branched-chain amino acid transport system, ATPase component LivF	SAG-MED13_00254	-5
JACWDK010000011.1	25173	25961	-	SAG-MED13_00250	SAG-MED13	262	OG0000143	K01995	branched-chain amino acid transport system ATP-binding protein	COG0411	LivG	ABC-type branched-chain amino acid transport system, ATPase component LivG	SAG-MED13_00254	-4
JACWDK010000011.1	25975	26736	-	SAG-MED13_00251	SAG-MED13	253	OG0000676	NA	NA	COG0345	ProC	Pyrroline-5-carboxylate reductase	SAG-MED13_00254	-3
JACWDK010000011.1	26830	27486	-	SAG-MED13_00252	SAG-MED13	218	OG0001361	NA	NA	COG3637	LomR	Opacity protein LomR and related surface antigens	SAG-MED13_00254	-2
JACWDK010000011.1	27747	28655	-	SAG-MED13_00253	SAG-MED13	302	OG0001090	K15737	glutarate dioxygenase [EC:1.14.11.64]	NA	NA	NA	SAG-MED13_00254	-1
JACWDK010000011.1	28692	29015	-	SAG-MED13_00254	SAG-MED13	107	OG0001083	NA	NA	COG4392	AzlD2	Branched-chain amino acid transport protein	SAG-MED13_00254	0
JACWDK010000011.1	29005	29712	-	SAG-MED13_00255	SAG-MED13	235	OG0001073	NA	NA	COG1296	AzlC	Predicted branched-chain amino acid permease (azaleucine resistance)	SAG-MED13_00254	1
JACWDK010000011.1	29712	30497	-	SAG-MED13_00256	SAG-MED13	261	OG0001077	NA	NA	COG0410	LivF	ABC-type branched-chain amino acid transport system, ATPase component LivF	SAG-MED13_00254	2
JACWDK010000011.1	30497	31237	-	SAG-MED13_00257	SAG-MED13	246	OG0000928	K01995	branched-chain amino acid transport system ATP-binding protein	COG0411	LivG	ABC-type branched-chain amino acid transport system, ATPase component LivG	SAG-MED13_00254	3
JACWDK010000011.1	31234	32286	-	SAG-MED13_00258	SAG-MED13	350	OG0001109	NA	NA	COG4177	LivM	ABC-type branched-chain amino acid transport system, permease component	SAG-MED13_00254	4
JACWDK010000011.1	32289	33155	-	SAG-MED13_00259	SAG-MED13	288	OG0001225	K01997	branched-chain amino acid transport system permease protein	COG0559	LivH	Branched-chain amino acid ABC-type transport system, permease component	SAG-MED13_00254	5
JACWDT010000001.1	442666	443559	+	SAG-MED22_00479	SAG-MED22	297	OG0001225	K01997	branched-chain amino acid transport system permease protein	COG0559	LivH	Branched-chain amino acid ABC-type transport system, permease component	SAG-MED22_00484	-5
JACWDT010000001.1	443562	444614	+	SAG-MED22_00480	SAG-MED22	350	OG0001109	NA	NA	COG4177	LivM	ABC-type branched-chain amino acid transport system, permease component	SAG-MED22_00484	-4
JACWDT010000001.1	444611	445351	+	SAG-MED22_00481	SAG-MED22	246	OG0000928	K01995	branched-chain amino acid transport system ATP-binding protein	COG0411	LivG	ABC-type branched-chain amino acid transport system, ATPase component LivG	SAG-MED22_00484	-3
JACWDT010000001.1	445351	446136	+	SAG-MED22_00482	SAG-MED22	261	OG0001077	NA	NA	COG0410	LivF	ABC-type branched-chain amino acid transport system, ATPase component LivF	SAG-MED22_00484	-2
JACWDT010000001.1	446136	446840	+	SAG-MED22_00483	SAG-MED22	234	OG0001073	NA	NA	COG1296	AzlC	Predicted branched-chain amino acid permease (azaleucine resistance)	SAG-MED22_00484	-1
JACWDT010000001.1	446830	447153	+	SAG-MED22_00484	SAG-MED22	107	OG0001083	NA	NA	COG4392	AzlD2	Branched-chain amino acid transport protein	SAG-MED22_00484	0
JACWDT010000001.1	447194	448105	+	SAG-MED22_00485	SAG-MED22	303	OG0001090	K15737	glutarate dioxygenase [EC:1.14.11.64]	NA	NA	NA	SAG-MED22_00484	1
JACWDT010000001.1	448140	448907	+	SAG-MED22_00486	SAG-MED22	255	OG0000676	NA	NA	COG0345	ProC	Pyrroline-5-carboxylate reductase	SAG-MED22_00484	2
JACWDT010000001.1	448913	449701	+	SAG-MED22_00487	SAG-MED22	262	OG0000143	K01995	branched-chain amino acid transport system ATP-binding protein	COG0411	LivG	ABC-type branched-chain amino acid transport system, ATPase component LivG	SAG-MED22_00484	3
JACWDT010000001.1	449701	450408	+	SAG-MED22_00488	SAG-MED22	235	OG0000065	K01996	branched-chain amino acid transport system ATP-binding protein	COG0410	LivF	ABC-type branched-chain amino acid transport system, ATPase component LivF	SAG-MED22_00484	4
JACWDT010000001.1	450410	451420	+	SAG-MED22_00489	SAG-MED22	336	OG0000021	K01997	branched-chain amino acid transport system permease protein	COG0559	LivH	Branched-chain amino acid ABC-type transport system, permease component	SAG-MED22_00484	5
JACWEO010000003.1	23281	24174	+	SAG-MED47_00667	SAG-MED47	297	OG0001225	K01997	branched-chain amino acid transport system permease protein	COG0559	LivH	Branched-chain amino acid ABC-type transport system, permease component	SAG-MED47_00672	-5
JACWEO010000003.1	24171	25229	+	SAG-MED47_00668	SAG-MED47	352	OG0001109	NA	NA	COG4177	LivM	ABC-type branched-chain amino acid transport system, permease component	SAG-MED47_00672	-4
JACWEO010000003.1	25226	25966	+	SAG-MED47_00669	SAG-MED47	246	OG0000928	K01995	branched-chain amino acid transport system ATP-binding protein	COG0411	LivG	ABC-type branched-chain amino acid transport system, ATPase component LivG	SAG-MED47_00672	-3
JACWEO010000003.1	25966	26751	+	SAG-MED47_00670	SAG-MED47	261	OG0001077	NA	NA	COG0410	LivF	ABC-type branched-chain amino acid transport system, ATPase component LivF	SAG-MED47_00672	-2
JACWEO010000003.1	26751	27455	+	SAG-MED47_00671	SAG-MED47	234	OG0001073	NA	NA	COG1296	AzlC	Predicted branched-chain amino acid permease (azaleucine resistance)	SAG-MED47_00672	-1
JACWEO010000003.1	27445	27768	+	SAG-MED47_00672	SAG-MED47	107	OG0001083	NA	NA	COG4392	AzlD2	Branched-chain amino acid transport protein	SAG-MED47_00672	0
JACWEO010000003.1	27810	28721	+	SAG-MED47_00673	SAG-MED47	303	OG0001090	K15737	glutarate dioxygenase [EC:1.14.11.64]	NA	NA	NA	SAG-MED47_00672	1
JACWEO010000003.1	28756	29523	+	SAG-MED47_00674	SAG-MED47	255	OG0000676	NA	NA	COG0345	ProC	Pyrroline-5-carboxylate reductase	SAG-MED47_00672	2
JACWEO010000003.1	29527	30315	+	SAG-MED47_00675	SAG-MED47	262	OG0000143	K01995	branched-chain amino acid transport system ATP-binding protein	COG0411	LivG	ABC-type branched-chain amino acid transport system, ATPase component LivG	SAG-MED47_00672	3
JACWEO010000003.1	30315	31022	+	SAG-MED47_00676	SAG-MED47	235	OG0000065	K01996	branched-chain amino acid transport system ATP-binding protein	COG0410	LivF	ABC-type branched-chain amino acid transport system, ATPase component LivF	SAG-MED47_00672	4
JACWEO010000003.1	31023	32033	+	SAG-MED47_00677	SAG-MED47	336	OG0000021	K01997	branched-chain amino acid transport system permease protein	COG0559	LivH	Branched-chain amino acid ABC-type transport system, permease component	SAG-MED47_00672	5
JACWEQ010000009.1	43589	44482	+	SAG-MED49_01254	SAG-MED49	297	OG0001134	K01997	branched-chain amino acid transport system permease protein	COG0559	LivH	Branched-chain amino acid ABC-type transport system, permease component	SAG-MED49_01259	-5
JACWEQ010000009.1	44479	45531	+	SAG-MED49_01255	SAG-MED49	350	OG0001109	NA	NA	COG4177	LivM	ABC-type branched-chain amino acid transport system, permease component	SAG-MED49_01259	-4
JACWEQ010000009.1	45528	46268	+	SAG-MED49_01256	SAG-MED49	246	OG0000928	K01995	branched-chain amino acid transport system ATP-binding protein	COG0411	LivG	ABC-type branched-chain amino acid transport system, ATPase component LivG	SAG-MED49_01259	-3
JACWEQ010000009.1	46268	47053	+	SAG-MED49_01257	SAG-MED49	261	OG0001077	NA	NA	COG0410	LivF	ABC-type branched-chain amino acid transport system, ATPase component LivF	SAG-MED49_01259	-2
JACWEQ010000009.1	47053	47757	+	SAG-MED49_01258	SAG-MED49	234	OG0001073	NA	NA	COG1296	AzlC	Predicted branched-chain amino acid permease (azaleucine resistance)	SAG-MED49_01259	-1
JACWEQ010000009.1	47747	48070	+	SAG-MED49_01259	SAG-MED49	107	OG0001083	NA	NA	COG4392	AzlD2	Branched-chain amino acid transport protein	SAG-MED49_01259	0
JACWEQ010000009.1	48039	48227	-	SAG-MED49_01260	SAG-MED49	62	OG0003310	NA	NA	NA	NA	NA	SAG-MED49_01259	1
JACWER010000005.1	39962	40855	+	SAG-MED50_01062	SAG-MED50	297	OG0001134	K01997	branched-chain amino acid transport system permease protein	COG0559	LivH	Branched-chain amino acid ABC-type transport system, permease component	SAG-MED50_01067	-5
JACWER010000005.1	40852	41904	+	SAG-MED50_01063	SAG-MED50	350	OG0001109	NA	NA	COG4177	LivM	ABC-type branched-chain amino acid transport system, permease component	SAG-MED50_01067	-4
JACWER010000005.1	41901	42641	+	SAG-MED50_01064	SAG-MED50	246	OG0000928	K01995	branched-chain amino acid transport system ATP-binding protein	COG0411	LivG	ABC-type branched-chain amino acid transport system, ATPase component LivG	SAG-MED50_01067	-3
JACWER010000005.1	42641	43426	+	SAG-MED50_01065	SAG-MED50	261	OG0001077	NA	NA	COG0410	LivF	ABC-type branched-chain amino acid transport system, ATPase component LivF	SAG-MED50_01067	-2
JACWER010000005.1	43426	44130	+	SAG-MED50_01066	SAG-MED50	234	OG0001073	NA	NA	COG1296	AzlC	Predicted branched-chain amino acid permease (azaleucine resistance)	SAG-MED50_01067	-1
JACWER010000005.1	44120	44443	+	SAG-MED50_01067	SAG-MED50	107	OG0001083	NA	NA	COG4392	AzlD2	Branched-chain amino acid transport protein	SAG-MED50_01067	0
JACWER010000005.1	44484	45395	+	SAG-MED50_01068	SAG-MED50	303	OG0001090	K15737	glutarate dioxygenase [EC:1.14.11.64]	NA	NA	NA	SAG-MED50_01067	1
JACWER010000005.1	45429	46196	+	SAG-MED50_01069	SAG-MED50	255	OG0000676	NA	NA	COG0345	ProC	Pyrroline-5-carboxylate reductase	SAG-MED50_01067	2
JACWER010000005.1	46202	46984	+	SAG-MED50_01070	SAG-MED50	260	OG0000143	K01995	branched-chain amino acid transport system ATP-binding protein	COG0411	LivG	ABC-type branched-chain amino acid transport system, ATPase component LivG	SAG-MED50_01067	3
JACWER010000005.1	46990	47697	+	SAG-MED50_01071	SAG-MED50	235	OG0000065	K01996	branched-chain amino acid transport system ATP-binding protein	COG0410	LivF	ABC-type branched-chain amino acid transport system, ATPase component LivF	SAG-MED50_01067	4
JACWER010000005.1	47699	48709	+	SAG-MED50_01072	SAG-MED50	336	OG0000021	K01997	branched-chain amino acid transport system permease protein	COG0559	LivH	Branched-chain amino acid ABC-type transport system, permease component	SAG-MED50_01067	5
CP159810.1	273120	274013	+	Uisw_090_00299	Uisw_090	297	OG0001134	K01997	branched-chain amino acid transport system permease protein	COG0559	LivH	Branched-chain amino acid ABC-type transport system, permease component	Uisw_090_00304	-5
CP159810.1	274013	275065	+	Uisw_090_00300	Uisw_090	350	OG0001224	NA	NA	COG4177	LivM	ABC-type branched-chain amino acid transport system, permease component	Uisw_090_00304	-4
CP159810.1	275065	275805	+	Uisw_090_00301	Uisw_090	246	OG0000928	K01995	branched-chain amino acid transport system ATP-binding protein	COG0411	LivG	ABC-type branched-chain amino acid transport system, ATPase component LivG	Uisw_090_00304	-3
CP159810.1	275805	276590	+	Uisw_090_00302	Uisw_090	261	OG0001077	NA	NA	COG0410	LivF	ABC-type branched-chain amino acid transport system, ATPase component LivF	Uisw_090_00304	-2
CP159810.1	276590	277294	+	Uisw_090_00303	Uisw_090	234	OG0001073	NA	NA	COG1296	AzlC	Predicted branched-chain amino acid permease (azaleucine resistance)	Uisw_090_00304	-1
CP159810.1	277284	277607	+	Uisw_090_00304	Uisw_090	107	OG0001083	NA	NA	NA	NA	NA	Uisw_090_00304	0
CP159810.1	277607	278518	+	Uisw_090_00305	Uisw_090	303	OG0001090	K15737	glutarate dioxygenase [EC:1.14.11.64]	NA	NA	NA	Uisw_090_00304	1
CP159810.1	278551	279318	+	Uisw_090_00306	Uisw_090	255	OG0000676	NA	NA	COG0345	ProC	Pyrroline-5-carboxylate reductase	Uisw_090_00304	2
CP159810.1	279328	280122	+	Uisw_090_00307	Uisw_090	264	OG0000143	K01995	branched-chain amino acid transport system ATP-binding protein	COG0411	LivG	ABC-type branched-chain amino acid transport system, ATPase component LivG	Uisw_090_00304	3
CP159810.1	280122	280829	+	Uisw_090_00308	Uisw_090	235	OG0000065	K01996	branched-chain amino acid transport system ATP-binding protein	COG0410	LivF	ABC-type branched-chain amino acid transport system, ATPase component LivF	Uisw_090_00304	4
CP159810.1	280831	281841	+	Uisw_090_00309	Uisw_090	336	OG0000021	K01997	branched-chain amino acid transport system permease protein	COG0559	LivH	Branched-chain amino acid ABC-type transport system, permease component	Uisw_090_00304	5
CP159824.1	269720	270613	+	Uisw_092_00290	Uisw_092	297	OG0001134	K01997	branched-chain amino acid transport system permease protein	COG0559	LivH	Branched-chain amino acid ABC-type transport system, permease component	Uisw_092_00295	-5
CP159824.1	270613	271665	+	Uisw_092_00291	Uisw_092	350	OG0001224	NA	NA	COG4177	LivM	ABC-type branched-chain amino acid transport system, permease component	Uisw_092_00295	-4
CP159824.1	271665	272405	+	Uisw_092_00292	Uisw_092	246	OG0000928	K01995	branched-chain amino acid transport system ATP-binding protein	COG0411	LivG	ABC-type branched-chain amino acid transport system, ATPase component LivG	Uisw_092_00295	-3
CP159824.1	272405	273190	+	Uisw_092_00293	Uisw_092	261	OG0001077	NA	NA	COG0410	LivF	ABC-type branched-chain amino acid transport system, ATPase component LivF	Uisw_092_00295	-2
CP159824.1	273190	273894	+	Uisw_092_00294	Uisw_092	234	OG0001073	NA	NA	COG1296	AzlC	Predicted branched-chain amino acid permease (azaleucine resistance)	Uisw_092_00295	-1
CP159824.1	273884	274207	+	Uisw_092_00295	Uisw_092	107	OG0001083	NA	NA	COG4392	AzlD2	Branched-chain amino acid transport protein	Uisw_092_00295	0
CP159824.1	274244	275161	+	Uisw_092_00296	Uisw_092	305	OG0001090	K15737	glutarate dioxygenase [EC:1.14.11.64]	NA	NA	NA	Uisw_092_00295	1
CP159824.1	275379	276089	+	Uisw_092_00297	Uisw_092	236	OG0001361	NA	NA	NA	NA	NA	Uisw_092_00295	2
CP159824.1	276181	276948	+	Uisw_092_00298	Uisw_092	255	OG0000676	NA	NA	COG0345	ProC	Pyrroline-5-carboxylate reductase	Uisw_092_00295	3
CP159824.1	276955	277743	+	Uisw_092_00299	Uisw_092	262	OG0000143	K01995	branched-chain amino acid transport system ATP-binding protein	COG0411	LivG	ABC-type branched-chain amino acid transport system, ATPase component LivG	Uisw_092_00295	4
CP159824.1	277743	278450	+	Uisw_092_00300	Uisw_092	235	OG0000065	K01996	branched-chain amino acid transport system ATP-binding protein	COG0410	LivF	ABC-type branched-chain amino acid transport system, ATPase component LivF	Uisw_092_00295	5
CP159823.1	977100	978110	-	Uisw_094_01093	Uisw_094	336	OG0000021	K01997	branched-chain amino acid transport system permease protein	COG0559	LivH	Branched-chain amino acid ABC-type transport system, permease component	Uisw_094_01098	-5
CP159823.1	978112	978819	-	Uisw_094_01094	Uisw_094	235	OG0000065	K01996	branched-chain amino acid transport system ATP-binding protein	COG0410	LivF	ABC-type branched-chain amino acid transport system, ATPase component LivF	Uisw_094_01098	-4
CP159823.1	978819	979613	-	Uisw_094_01095	Uisw_094	264	OG0000143	K01995	branched-chain amino acid transport system ATP-binding protein	COG0411	LivG	ABC-type branched-chain amino acid transport system, ATPase component LivG	Uisw_094_01098	-3
CP159823.1	979620	980387	-	Uisw_094_01096	Uisw_094	255	OG0000676	NA	NA	COG0345	ProC	Pyrroline-5-carboxylate reductase	Uisw_094_01098	-2
CP159823.1	980420	981331	-	Uisw_094_01097	Uisw_094	303	OG0001090	K15737	glutarate dioxygenase [EC:1.14.11.64]	NA	NA	NA	Uisw_094_01098	-1
CP159823.1	981331	981654	-	Uisw_094_01098	Uisw_094	107	OG0001083	NA	NA	NA	NA	NA	Uisw_094_01098	0
CP159823.1	981644	982348	-	Uisw_094_01099	Uisw_094	234	OG0001073	NA	NA	COG1296	AzlC	Predicted branched-chain amino acid permease (azaleucine resistance)	Uisw_094_01098	1
CP159823.1	982348	983133	-	Uisw_094_01100	Uisw_094	261	OG0001077	NA	NA	COG0410	LivF	ABC-type branched-chain amino acid transport system, ATPase component LivF	Uisw_094_01098	2
CP159823.1	983133	983873	-	Uisw_094_01101	Uisw_094	246	OG0000928	K01995	branched-chain amino acid transport system ATP-binding protein	COG0411	LivG	ABC-type branched-chain amino acid transport system, ATPase component LivG	Uisw_094_01098	3
CP159823.1	983873	984925	-	Uisw_094_01102	Uisw_094	350	OG0001224	NA	NA	COG4177	LivM	ABC-type branched-chain amino acid transport system, permease component	Uisw_094_01098	4
CP159823.1	984925	985818	-	Uisw_094_01103	Uisw_094	297	OG0001134	K01997	branched-chain amino acid transport system permease protein	COG0559	LivH	Branched-chain amino acid ABC-type transport system, permease component	Uisw_094_01098	5
CP159821.1	1035609	1036619	-	Uisw_101_01125	Uisw_101	336	OG0000021	K01997	branched-chain amino acid transport system permease protein	COG0559	LivH	Branched-chain amino acid ABC-type transport system, permease component	Uisw_101_01130	-5
CP159821.1	1036621	1037328	-	Uisw_101_01126	Uisw_101	235	OG0000065	K01996	branched-chain amino acid transport system ATP-binding protein	COG0410	LivF	ABC-type branched-chain amino acid transport system, ATPase component LivF	Uisw_101_01130	-4
CP159821.1	1037328	1038122	-	Uisw_101_01127	Uisw_101	264	OG0000143	K01995	branched-chain amino acid transport system ATP-binding protein	COG0411	LivG	ABC-type branched-chain amino acid transport system, ATPase component LivG	Uisw_101_01130	-3
CP159821.1	1038129	1038896	-	Uisw_101_01128	Uisw_101	255	OG0000676	NA	NA	COG0345	ProC	Pyrroline-5-carboxylate reductase	Uisw_101_01130	-2
CP159821.1	1038929	1039840	-	Uisw_101_01129	Uisw_101	303	OG0001090	K15737	glutarate dioxygenase [EC:1.14.11.64]	NA	NA	NA	Uisw_101_01130	-1
CP159821.1	1039840	1040163	-	Uisw_101_01130	Uisw_101	107	OG0001083	NA	NA	NA	NA	NA	Uisw_101_01130	0
CP159821.1	1040153	1040857	-	Uisw_101_01131	Uisw_101	234	OG0001073	NA	NA	COG1296	AzlC	Predicted branched-chain amino acid permease (azaleucine resistance)	Uisw_101_01130	1
CP159821.1	1040857	1041642	-	Uisw_101_01132	Uisw_101	261	OG0001077	NA	NA	COG0410	LivF	ABC-type branched-chain amino acid transport system, ATPase component LivF	Uisw_101_01130	2
CP159821.1	1041642	1042382	-	Uisw_101_01133	Uisw_101	246	OG0000928	K01995	branched-chain amino acid transport system ATP-binding protein	COG0411	LivG	ABC-type branched-chain amino acid transport system, ATPase component LivG	Uisw_101_01130	3
CP159821.1	1042382	1043434	-	Uisw_101_01134	Uisw_101	350	OG0001224	NA	NA	COG4177	LivM	ABC-type branched-chain amino acid transport system, permease component	Uisw_101_01130	4
CP159821.1	1043434	1044327	-	Uisw_101_01135	Uisw_101	297	OG0001134	K01997	branched-chain amino acid transport system permease protein	COG0559	LivH	Branched-chain amino acid ABC-type transport system, permease component	Uisw_101_01130	5
CP159820.1	1032001	1032966	-	Uisw_104_01137	Uisw_104	321	OG0000021	K01997	branched-chain amino acid transport system permease protein	COG0559	LivH	Branched-chain amino acid ABC-type transport system, permease component	Uisw_104_01142	-5
CP159820.1	1033013	1033720	-	Uisw_104_01138	Uisw_104	235	OG0000065	K01996	branched-chain amino acid transport system ATP-binding protein	COG0410	LivF	ABC-type branched-chain amino acid transport system, ATPase component LivF	Uisw_104_01142	-4
CP159820.1	1033720	1034514	-	Uisw_104_01139	Uisw_104	264	OG0000143	K01995	branched-chain amino acid transport system ATP-binding protein	COG0411	LivG	ABC-type branched-chain amino acid transport system, ATPase component LivG	Uisw_104_01142	-3
CP159820.1	1034521	1035288	-	Uisw_104_01140	Uisw_104	255	OG0000676	NA	NA	COG0345	ProC	Pyrroline-5-carboxylate reductase	Uisw_104_01142	-2
CP159820.1	1035321	1036232	-	Uisw_104_01141	Uisw_104	303	OG0001090	K15737	glutarate dioxygenase [EC:1.14.11.64]	NA	NA	NA	Uisw_104_01142	-1
CP159820.1	1036232	1036555	-	Uisw_104_01142	Uisw_104	107	OG0001083	NA	NA	NA	NA	NA	Uisw_104_01142	0
CP159820.1	1036545	1037249	-	Uisw_104_01143	Uisw_104	234	OG0001073	NA	NA	COG1296	AzlC	Predicted branched-chain amino acid permease (azaleucine resistance)	Uisw_104_01142	1
CP159820.1	1037249	1038034	-	Uisw_104_01144	Uisw_104	261	OG0001077	NA	NA	COG0410	LivF	ABC-type branched-chain amino acid transport system, ATPase component LivF	Uisw_104_01142	2
CP159820.1	1038034	1038774	-	Uisw_104_01145	Uisw_104	246	OG0000928	K01995	branched-chain amino acid transport system ATP-binding protein	COG0411	LivG	ABC-type branched-chain amino acid transport system, ATPase component LivG	Uisw_104_01142	3
CP159820.1	1038774	1039826	-	Uisw_104_01146	Uisw_104	350	OG0001224	NA	NA	COG4177	LivM	ABC-type branched-chain amino acid transport system, permease component	Uisw_104_01142	4
CP159820.1	1039826	1040719	-	Uisw_104_01147	Uisw_104	297	OG0001134	K01997	branched-chain amino acid transport system permease protein	COG0559	LivH	Branched-chain amino acid ABC-type transport system, permease component	Uisw_104_01142	5
CP159819.1	932077	933042	-	Uisw_106_01050	Uisw_106	321	OG0000021	K01997	branched-chain amino acid transport system permease protein	COG0559	LivH	Branched-chain amino acid ABC-type transport system, permease component	Uisw_106_01055	-5
CP159819.1	933089	933796	-	Uisw_106_01051	Uisw_106	235	OG0000065	K01996	branched-chain amino acid transport system ATP-binding protein	COG0410	LivF	ABC-type branched-chain amino acid transport system, ATPase component LivF	Uisw_106_01055	-4
CP159819.1	933796	934590	-	Uisw_106_01052	Uisw_106	264	OG0000143	K01995	branched-chain amino acid transport system ATP-binding protein	COG0411	LivG	ABC-type branched-chain amino acid transport system, ATPase component LivG	Uisw_106_01055	-3
CP159819.1	934597	935364	-	Uisw_106_01053	Uisw_106	255	OG0000676	NA	NA	COG0345	ProC	Pyrroline-5-carboxylate reductase	Uisw_106_01055	-2
CP159819.1	935397	936308	-	Uisw_106_01054	Uisw_106	303	OG0001090	K15737	glutarate dioxygenase [EC:1.14.11.64]	NA	NA	NA	Uisw_106_01055	-1
CP159819.1	936308	936631	-	Uisw_106_01055	Uisw_106	107	OG0001083	NA	NA	NA	NA	NA	Uisw_106_01055	0
CP159819.1	936621	937325	-	Uisw_106_01056	Uisw_106	234	OG0001073	NA	NA	COG1296	AzlC	Predicted branched-chain amino acid permease (azaleucine resistance)	Uisw_106_01055	1
CP159819.1	937325	938110	-	Uisw_106_01057	Uisw_106	261	OG0001077	NA	NA	COG0410	LivF	ABC-type branched-chain amino acid transport system, ATPase component LivF	Uisw_106_01055	2
CP159819.1	938110	938850	-	Uisw_106_01058	Uisw_106	246	OG0000928	K01995	branched-chain amino acid transport system ATP-binding protein	COG0411	LivG	ABC-type branched-chain amino acid transport system, ATPase component LivG	Uisw_106_01055	3
CP159819.1	938850	939902	-	Uisw_106_01059	Uisw_106	350	OG0001224	NA	NA	COG4177	LivM	ABC-type branched-chain amino acid transport system, permease component	Uisw_106_01055	4
CP159819.1	939902	940795	-	Uisw_106_01060	Uisw_106	297	OG0001134	K01997	branched-chain amino acid transport system permease protein	COG0559	LivH	Branched-chain amino acid ABC-type transport system, permease component	Uisw_106_01055	5
CP159809.1	243490	244383	+	Uisw_113_00253	Uisw_113	297	OG0001134	K01997	branched-chain amino acid transport system permease protein	COG0559	LivH	Branched-chain amino acid ABC-type transport system, permease component	Uisw_113_00258	-5
CP159809.1	244383	245435	+	Uisw_113_00254	Uisw_113	350	OG0001224	NA	NA	COG4177	LivM	ABC-type branched-chain amino acid transport system, permease component	Uisw_113_00258	-4
CP159809.1	245435	246175	+	Uisw_113_00255	Uisw_113	246	OG0000928	K01995	branched-chain amino acid transport system ATP-binding protein	COG0411	LivG	ABC-type branched-chain amino acid transport system, ATPase component LivG	Uisw_113_00258	-3
CP159809.1	246175	246960	+	Uisw_113_00256	Uisw_113	261	OG0001077	NA	NA	COG0410	LivF	ABC-type branched-chain amino acid transport system, ATPase component LivF	Uisw_113_00258	-2
CP159809.1	246960	247664	+	Uisw_113_00257	Uisw_113	234	OG0001073	NA	NA	COG1296	AzlC	Predicted branched-chain amino acid permease (azaleucine resistance)	Uisw_113_00258	-1
CP159809.1	247654	247977	+	Uisw_113_00258	Uisw_113	107	OG0001083	NA	NA	NA	NA	NA	Uisw_113_00258	0
CP159809.1	247977	248891	+	Uisw_113_00259	Uisw_113	304	OG0001090	K15737	glutarate dioxygenase [EC:1.14.11.64]	COG2175	TauD	Taurine dioxygenase, alpha-ketoglutarate-dependent	Uisw_113_00258	1
CP159809.1	249110	249823	+	Uisw_113_00260	Uisw_113	237	OG0001361	NA	NA	NA	NA	NA	Uisw_113_00258	2
CP159809.1	249946	250713	+	Uisw_113_00261	Uisw_113	255	OG0000676	NA	NA	COG0345	ProC	Pyrroline-5-carboxylate reductase	Uisw_113_00258	3
CP159809.1	250719	251513	+	Uisw_113_00262	Uisw_113	264	OG0000143	K01995	branched-chain amino acid transport system ATP-binding protein	COG0411	LivG	ABC-type branched-chain amino acid transport system, ATPase component LivG	Uisw_113_00258	4
CP159809.1	251513	252220	+	Uisw_113_00263	Uisw_113	235	OG0000065	K01996	branched-chain amino acid transport system ATP-binding protein	COG0410	LivF	ABC-type branched-chain amino acid transport system, ATPase component LivF	Uisw_113_00258	5
CP159818.1	944603	945613	-	Uisw_114_01140	Uisw_114	336	OG0000021	K01997	branched-chain amino acid transport system permease protein	COG0559	LivH	Branched-chain amino acid ABC-type transport system, permease component	Uisw_114_01145	-5
CP159818.1	945615	946322	-	Uisw_114_01141	Uisw_114	235	OG0000065	K01996	branched-chain amino acid transport system ATP-binding protein	COG0410	LivF	ABC-type branched-chain amino acid transport system, ATPase component LivF	Uisw_114_01145	-4
CP159818.1	946322	947116	-	Uisw_114_01142	Uisw_114	264	OG0000143	K01995	branched-chain amino acid transport system ATP-binding protein	COG0411	LivG	ABC-type branched-chain amino acid transport system, ATPase component LivG	Uisw_114_01145	-3
CP159818.1	947123	947890	-	Uisw_114_01143	Uisw_114	255	OG0000676	NA	NA	COG0345	ProC	Pyrroline-5-carboxylate reductase	Uisw_114_01145	-2
CP159818.1	947923	948834	-	Uisw_114_01144	Uisw_114	303	OG0001090	K15737	glutarate dioxygenase [EC:1.14.11.64]	NA	NA	NA	Uisw_114_01145	-1
CP159818.1	948834	949157	-	Uisw_114_01145	Uisw_114	107	OG0001083	NA	NA	NA	NA	NA	Uisw_114_01145	0
CP159818.1	949147	949851	-	Uisw_114_01146	Uisw_114	234	OG0001073	NA	NA	COG1296	AzlC	Predicted branched-chain amino acid permease (azaleucine resistance)	Uisw_114_01145	1
CP159818.1	949851	950636	-	Uisw_114_01147	Uisw_114	261	OG0001077	NA	NA	COG0410	LivF	ABC-type branched-chain amino acid transport system, ATPase component LivF	Uisw_114_01145	2
CP159818.1	950636	951376	-	Uisw_114_01148	Uisw_114	246	OG0000928	K01995	branched-chain amino acid transport system ATP-binding protein	COG0411	LivG	ABC-type branched-chain amino acid transport system, ATPase component LivG	Uisw_114_01145	3
CP159818.1	951376	952428	-	Uisw_114_01149	Uisw_114	350	OG0001224	NA	NA	COG4177	LivM	ABC-type branched-chain amino acid transport system, permease component	Uisw_114_01145	4
CP159818.1	952428	953321	-	Uisw_114_01150	Uisw_114	297	OG0001134	K01997	branched-chain amino acid transport system permease protein	COG0559	LivH	Branched-chain amino acid ABC-type transport system, permease component	Uisw_114_01145	5
CP159817.1	857530	858351	+	Uisw_116_00985	Uisw_116	273	OG0001024	NA	NA	COG0697	EamA	Amino acid export permease, drug/metabolite transporter (DMT) superfamily	Uisw_116_00990	-5
CP159817.1	858558	859721	+	Uisw_116_00986	Uisw_116	387	OG0001185	NA	NA	COG2814	AraJ	Predicted arabinose efflux permease AraJ, MFS family	Uisw_116_00990	-4
CP159817.1	859723	860484	+	Uisw_116_00987	Uisw_116	253	OG0001148	K07090	uncharacterized protein	COG0730	TauE	Sulfite exporter TauE/SafE/YfcA and related permeases, UPF0721 family	Uisw_116_00990	-3
CP159817.1	860506	861273	-	Uisw_116_00988	Uisw_116	255	OG0000676	NA	NA	COG0345	ProC	Pyrroline-5-carboxylate reductase	Uisw_116_00990	-2
CP159817.1	861306	862217	-	Uisw_116_00989	Uisw_116	303	OG0001090	K15737	glutarate dioxygenase [EC:1.14.11.64]	NA	NA	NA	Uisw_116_00990	-1
CP159817.1	862217	862540	-	Uisw_116_00990	Uisw_116	107	OG0001083	NA	NA	COG4392	AzlD2	Branched-chain amino acid transport protein	Uisw_116_00990	0
CP159817.1	862530	863234	-	Uisw_116_00991	Uisw_116	234	OG0001073	NA	NA	COG1296	AzlC	Predicted branched-chain amino acid permease (azaleucine resistance)	Uisw_116_00990	1
CP159817.1	863234	864019	-	Uisw_116_00992	Uisw_116	261	OG0001077	NA	NA	COG0410	LivF	ABC-type branched-chain amino acid transport system, ATPase component LivF	Uisw_116_00990	2
CP159817.1	864019	864759	-	Uisw_116_00993	Uisw_116	246	OG0000928	K01995	branched-chain amino acid transport system ATP-binding protein	COG0411	LivG	ABC-type branched-chain amino acid transport system, ATPase component LivG	Uisw_116_00990	3
CP159817.1	864759	865811	-	Uisw_116_00994	Uisw_116	350	OG0001224	NA	NA	COG4177	LivM	ABC-type branched-chain amino acid transport system, permease component	Uisw_116_00990	4
CP159817.1	865811	866704	-	Uisw_116_00995	Uisw_116	297	OG0001134	K01997	branched-chain amino acid transport system permease protein	COG0559	LivH	Branched-chain amino acid ABC-type transport system, permease component	Uisw_116_00990	5
CP159816.1	918830	919651	+	Uisw_121_01010	Uisw_121	273	OG0001024	NA	NA	COG0697	EamA	Amino acid export permease, drug/metabolite transporter (DMT) superfamily	Uisw_121_01015	-5
CP159816.1	919858	921021	+	Uisw_121_01011	Uisw_121	387	OG0001185	NA	NA	COG2814	AraJ	Predicted arabinose efflux permease AraJ, MFS family	Uisw_121_01015	-4
CP159816.1	921023	921784	+	Uisw_121_01012	Uisw_121	253	OG0001148	K07090	uncharacterized protein	COG0730	TauE	Sulfite exporter TauE/SafE/YfcA and related permeases, UPF0721 family	Uisw_121_01015	-3
CP159816.1	921806	922573	-	Uisw_121_01013	Uisw_121	255	OG0000676	NA	NA	COG0345	ProC	Pyrroline-5-carboxylate reductase	Uisw_121_01015	-2
CP159816.1	922606	923517	-	Uisw_121_01014	Uisw_121	303	OG0001090	K15737	glutarate dioxygenase [EC:1.14.11.64]	NA	NA	NA	Uisw_121_01015	-1
CP159816.1	923517	923840	-	Uisw_121_01015	Uisw_121	107	OG0001083	NA	NA	COG4392	AzlD2	Branched-chain amino acid transport protein	Uisw_121_01015	0
CP159816.1	923830	924534	-	Uisw_121_01016	Uisw_121	234	OG0001073	NA	NA	COG1296	AzlC	Predicted branched-chain amino acid permease (azaleucine resistance)	Uisw_121_01015	1
CP159816.1	924534	925319	-	Uisw_121_01017	Uisw_121	261	OG0001077	NA	NA	COG0410	LivF	ABC-type branched-chain amino acid transport system, ATPase component LivF	Uisw_121_01015	2
CP159816.1	925319	926059	-	Uisw_121_01018	Uisw_121	246	OG0000928	K01995	branched-chain amino acid transport system ATP-binding protein	COG0411	LivG	ABC-type branched-chain amino acid transport system, ATPase component LivG	Uisw_121_01015	3
CP159816.1	926059	927111	-	Uisw_121_01019	Uisw_121	350	OG0001224	NA	NA	COG4177	LivM	ABC-type branched-chain amino acid transport system, permease component	Uisw_121_01015	4
CP159816.1	927111	928004	-	Uisw_121_01020	Uisw_121	297	OG0001134	K01997	branched-chain amino acid transport system permease protein	COG0559	LivH	Branched-chain amino acid ABC-type transport system, permease component	Uisw_121_01015	5
CP159815.1	917275	918285	-	Uisw_127_01018	Uisw_127	336	OG0000021	K01997	branched-chain amino acid transport system permease protein	COG0559	LivH	Branched-chain amino acid ABC-type transport system, permease component	Uisw_127_01023	-5
CP159815.1	918287	918994	-	Uisw_127_01019	Uisw_127	235	OG0000065	K01996	branched-chain amino acid transport system ATP-binding protein	COG0410	LivF	ABC-type branched-chain amino acid transport system, ATPase component LivF	Uisw_127_01023	-4
CP159815.1	918994	919782	-	Uisw_127_01020	Uisw_127	262	OG0000143	K01995	branched-chain amino acid transport system ATP-binding protein	COG0411	LivG	ABC-type branched-chain amino acid transport system, ATPase component LivG	Uisw_127_01023	-3
CP159815.1	919789	920556	-	Uisw_127_01021	Uisw_127	255	OG0000676	NA	NA	COG0345	ProC	Pyrroline-5-carboxylate reductase	Uisw_127_01023	-2
CP159815.1	920589	921500	-	Uisw_127_01022	Uisw_127	303	OG0001090	K15737	glutarate dioxygenase [EC:1.14.11.64]	NA	NA	NA	Uisw_127_01023	-1
CP159815.1	921500	921823	-	Uisw_127_01023	Uisw_127	107	OG0001083	NA	NA	NA	NA	NA	Uisw_127_01023	0
CP159815.1	921813	922517	-	Uisw_127_01024	Uisw_127	234	OG0001073	NA	NA	COG1296	AzlC	Predicted branched-chain amino acid permease (azaleucine resistance)	Uisw_127_01023	1
CP159815.1	922517	923302	-	Uisw_127_01025	Uisw_127	261	OG0001077	NA	NA	COG0410	LivF	ABC-type branched-chain amino acid transport system, ATPase component LivF	Uisw_127_01023	2
CP159815.1	923302	924042	-	Uisw_127_01026	Uisw_127	246	OG0000928	K01995	branched-chain amino acid transport system ATP-binding protein	COG0411	LivG	ABC-type branched-chain amino acid transport system, ATPase component LivG	Uisw_127_01023	3
CP159815.1	924042	925094	-	Uisw_127_01027	Uisw_127	350	OG0001224	NA	NA	COG4177	LivM	ABC-type branched-chain amino acid transport system, permease component	Uisw_127_01023	4
CP159815.1	925094	925987	-	Uisw_127_01028	Uisw_127	297	OG0001134	K01997	branched-chain amino acid transport system permease protein	COG0559	LivH	Branched-chain amino acid ABC-type transport system, permease component	Uisw_127_01023	5
CP159814.1	983842	984549	-	Uisw_130_01081	Uisw_130	235	OG0000065	K01996	branched-chain amino acid transport system ATP-binding protein	COG0410	LivF	ABC-type branched-chain amino acid transport system, ATPase component LivF	Uisw_130_01086	-5
CP159814.1	984549	985343	-	Uisw_130_01082	Uisw_130	264	OG0000143	K01995	branched-chain amino acid transport system ATP-binding protein	COG0411	LivG	ABC-type branched-chain amino acid transport system, ATPase component LivG	Uisw_130_01086	-4
CP159814.1	985350	986117	-	Uisw_130_01083	Uisw_130	255	OG0000676	NA	NA	COG0345	ProC	Pyrroline-5-carboxylate reductase	Uisw_130_01086	-3
CP159814.1	986219	986866	-	Uisw_130_01084	Uisw_130	215	OG0001361	NA	NA	COG3637	LomR	Opacity protein LomR and related surface antigens	Uisw_130_01086	-2
CP159814.1	987181	988098	-	Uisw_130_01085	Uisw_130	305	OG0001090	K15737	glutarate dioxygenase [EC:1.14.11.64]	NA	NA	NA	Uisw_130_01086	-1
CP159814.1	988098	988421	-	Uisw_130_01086	Uisw_130	107	OG0001083	NA	NA	COG4392	AzlD2	Branched-chain amino acid transport protein	Uisw_130_01086	0
CP159814.1	988411	989115	-	Uisw_130_01087	Uisw_130	234	OG0001073	NA	NA	COG1296	AzlC	Predicted branched-chain amino acid permease (azaleucine resistance)	Uisw_130_01086	1
CP159814.1	989115	989900	-	Uisw_130_01088	Uisw_130	261	OG0001077	NA	NA	COG0410	LivF	ABC-type branched-chain amino acid transport system, ATPase component LivF	Uisw_130_01086	2
CP159814.1	989900	990640	-	Uisw_130_01089	Uisw_130	246	OG0000928	K01995	branched-chain amino acid transport system ATP-binding protein	COG0411	LivG	ABC-type branched-chain amino acid transport system, ATPase component LivG	Uisw_130_01086	3
CP159814.1	990640	991692	-	Uisw_130_01090	Uisw_130	350	OG0001224	NA	NA	COG4177	LivM	ABC-type branched-chain amino acid transport system, permease component	Uisw_130_01086	4
CP159814.1	991692	992585	-	Uisw_130_01091	Uisw_130	297	OG0001134	K01997	branched-chain amino acid transport system permease protein	COG0559	LivH	Branched-chain amino acid ABC-type transport system, permease component	Uisw_130_01086	5
CP159813.1	896679	897464	-	Uisw_134_02_01004	Uisw_134_02	261	OG0000143	K01995	branched-chain amino acid transport system ATP-binding protein	COG0411	LivG	ABC-type branched-chain amino acid transport system, ATPase component LivG	Uisw_134_02_01009	-5
CP159813.1	897466	898152	-	Uisw_134_02_01005	Uisw_134_02	228	OG0000028	NA	NA	COG4122	TrmR	tRNA 5-hydroxyU34 O-methylase TrmR/YrrM	Uisw_134_02_01009	-4
CP159813.1	898152	898922	-	Uisw_134_02_01006	Uisw_134_02	256	OG0000676	NA	NA	COG0345	ProC	Pyrroline-5-carboxylate reductase	Uisw_134_02_01009	-3
CP159813.1	899015	899650	-	Uisw_134_02_01007	Uisw_134_02	211	OG0001361	NA	NA	NA	NA	NA	Uisw_134_02_01009	-2
CP159813.1	899867	900778	-	Uisw_134_02_01008	Uisw_134_02	303	OG0001090	K15737	glutarate dioxygenase [EC:1.14.11.64]	NA	NA	NA	Uisw_134_02_01009	-1
CP159813.1	900778	901101	-	Uisw_134_02_01009	Uisw_134_02	107	OG0001083	NA	NA	NA	NA	NA	Uisw_134_02_01009	0
CP159813.1	901091	901795	-	Uisw_134_02_01010	Uisw_134_02	234	OG0001073	NA	NA	COG1296	AzlC	Predicted branched-chain amino acid permease (azaleucine resistance)	Uisw_134_02_01009	1
CP159813.1	901795	902580	-	Uisw_134_02_01011	Uisw_134_02	261	OG0001077	NA	NA	COG0410	LivF	ABC-type branched-chain amino acid transport system, ATPase component LivF	Uisw_134_02_01009	2
CP159813.1	902580	903320	-	Uisw_134_02_01012	Uisw_134_02	246	OG0000928	K01995	branched-chain amino acid transport system ATP-binding protein	COG0411	LivG	ABC-type branched-chain amino acid transport system, ATPase component LivG	Uisw_134_02_01009	3
CP159813.1	903320	904372	-	Uisw_134_02_01013	Uisw_134_02	350	OG0001224	NA	NA	COG4177	LivM	ABC-type branched-chain amino acid transport system, permease component	Uisw_134_02_01009	4
CP159813.1	904372	905265	-	Uisw_134_02_01014	Uisw_134_02	297	OG0001134	K01997	branched-chain amino acid transport system permease protein	COG0559	LivH	Branched-chain amino acid ABC-type transport system, permease component	Uisw_134_02_01009	5
CP159812.1	975417	976427	-	Uisw_136_01066	Uisw_136	336	OG0000021	K01997	branched-chain amino acid transport system permease protein	COG0559	LivH	Branched-chain amino acid ABC-type transport system, permease component	Uisw_136_01071	-5
CP159812.1	976429	977136	-	Uisw_136_01067	Uisw_136	235	OG0000065	K01996	branched-chain amino acid transport system ATP-binding protein	COG0410	LivF	ABC-type branched-chain amino acid transport system, ATPase component LivF	Uisw_136_01071	-4
CP159812.1	977136	977930	-	Uisw_136_01068	Uisw_136	264	OG0000143	K01995	branched-chain amino acid transport system ATP-binding protein	COG0411	LivG	ABC-type branched-chain amino acid transport system, ATPase component LivG	Uisw_136_01071	-3
CP159812.1	977937	978704	-	Uisw_136_01069	Uisw_136	255	OG0000676	NA	NA	COG0345	ProC	Pyrroline-5-carboxylate reductase	Uisw_136_01071	-2
CP159812.1	978737	979648	-	Uisw_136_01070	Uisw_136	303	OG0001090	K15737	glutarate dioxygenase [EC:1.14.11.64]	NA	NA	NA	Uisw_136_01071	-1
CP159812.1	979648	979971	-	Uisw_136_01071	Uisw_136	107	OG0001083	NA	NA	NA	NA	NA	Uisw_136_01071	0
CP159812.1	979961	980665	-	Uisw_136_01072	Uisw_136	234	OG0001073	NA	NA	COG1296	AzlC	Predicted branched-chain amino acid permease (azaleucine resistance)	Uisw_136_01071	1
CP159812.1	980665	981450	-	Uisw_136_01073	Uisw_136	261	OG0001077	NA	NA	COG0410	LivF	ABC-type branched-chain amino acid transport system, ATPase component LivF	Uisw_136_01071	2
CP159812.1	981450	982190	-	Uisw_136_01074	Uisw_136	246	OG0000928	K01995	branched-chain amino acid transport system ATP-binding protein	COG0411	LivG	ABC-type branched-chain amino acid transport system, ATPase component LivG	Uisw_136_01071	3
CP159812.1	982190	983242	-	Uisw_136_01075	Uisw_136	350	OG0001224	NA	NA	COG4177	LivM	ABC-type branched-chain amino acid transport system, permease component	Uisw_136_01071	4
CP159812.1	983242	984135	-	Uisw_136_01076	Uisw_136	297	OG0001134	K01997	branched-chain amino acid transport system permease protein	COG0559	LivH	Branched-chain amino acid ABC-type transport system, permease component	Uisw_136_01071	5
CP159811.1	960328	961116	-	Uisw_137_01058	Uisw_137	262	OG0000143	K01995	branched-chain amino acid transport system ATP-binding protein	COG0411	LivG	ABC-type branched-chain amino acid transport system, ATPase component LivG	Uisw_137_01063	-5
CP159811.1	961122	961889	-	Uisw_137_01059	Uisw_137	255	OG0000676	NA	NA	COG0345	ProC	Pyrroline-5-carboxylate reductase	Uisw_137_01063	-4
CP159811.1	961980	962702	-	Uisw_137_01060	Uisw_137	240	OG0001361	NA	NA	NA	NA	NA	Uisw_137_01063	-3
CP159811.1	962745	962939	+	Uisw_137_01061	Uisw_137	64	NA	NA	NA	NA	NA	NA	Uisw_137_01063	-2
CP159811.1	962925	963833	-	Uisw_137_01062	Uisw_137	302	OG0001090	K15737	glutarate dioxygenase [EC:1.14.11.64]	NA	NA	NA	Uisw_137_01063	-1
CP159811.1	963833	964156	-	Uisw_137_01063	Uisw_137	107	OG0001083	NA	NA	COG4392	AzlD2	Branched-chain amino acid transport protein	Uisw_137_01063	0
CP159811.1	964146	964850	-	Uisw_137_01064	Uisw_137	234	OG0001073	NA	NA	COG1296	AzlC	Predicted branched-chain amino acid permease (azaleucine resistance)	Uisw_137_01063	1
CP159811.1	964850	965635	-	Uisw_137_01065	Uisw_137	261	OG0001077	NA	NA	COG0410	LivF	ABC-type branched-chain amino acid transport system, ATPase component LivF	Uisw_137_01063	2
CP159811.1	965635	966375	-	Uisw_137_01066	Uisw_137	246	OG0000928	K01995	branched-chain amino acid transport system ATP-binding protein	COG0411	LivG	ABC-type branched-chain amino acid transport system, ATPase component LivG	Uisw_137_01063	3
CP159811.1	966375	967427	-	Uisw_137_01067	Uisw_137	350	OG0001224	NA	NA	COG4177	LivM	ABC-type branched-chain amino acid transport system, permease component	Uisw_137_01063	4
CP159811.1	967427	968320	-	Uisw_137_01068	Uisw_137	297	OG0001134	K01997	branched-chain amino acid transport system permease protein	COG0559	LivH	Branched-chain amino acid ABC-type transport system, permease component	Uisw_137_01063	5
